date,true_value,inference_time_s,total_time_s,cpu_percent,ram_mb,ram_percent,pred_h1,pred_h2,pred_h3,pred_h4
2025-08-24T16:29:14.429000,0.0,,0.3567373009864241,4.204774762415708,593.92,72.0,1.4944635649438713,-0.010046204555471571,-0.10219372977115114,-0.02775226953619821
2025-08-24T16:29:15.429000,0.0,0.024094545049592853,0.042552665108814836,29.37536337156656,593.92,72.1,1.4944635649438713,-0.010046204555471571,-0.10219372977115114,-0.02775226953619821
2025-08-24T16:29:16.430000,0.0,0.014741503866389394,0.04117165110073984,24.288557132507353,593.92,72.1,1.4944635649438713,-0.010046204555471571,-0.10219372977115114,-0.02775226953619821
2025-08-24T16:29:17.439000,0.0,0.014088097959756851,0.04151809494942427,24.08588354591269,593.92,72.1,1.4944635649438713,-0.010046204555471571,-0.10219372977115114,-0.02775226953619821
2025-08-24T16:29:18.429000,0.0,0.01436487608589232,0.040340969106182456,37.18304327424127,593.92,72.1,1.4944635649438713,-0.010046204555471571,-0.10219372977115114,-0.02775226953619821
2025-08-24T16:29:19.440000,0.0,0.014181154081597924,0.040316303027793765,31.004826983721124,593.92,72.1,1.4944635649438713,-0.010046204555471571,-0.10219372977115114,-0.02775226953619821
2025-08-24T16:29:20.439000,0.0,0.01448024483397603,0.04262936906889081,29.322507635051366,593.92,72.1,1.4944635649438713,-0.010046204555471571,-0.10219372977115114,-0.02775226953619821
2025-08-24T16:29:21.439000,0.0,0.014100599102675915,0.04008432198315859,24.94740962364608,593.92,72.1,1.4944635649438713,-0.010046204555471571,-0.10219372977115114,-0.02775226953619821
2025-08-24T16:29:22.440000,0.0,0.014250634936615825,0.0385154748801142,32.45448755054559,593.92,72.1,1.4944635649438713,-0.010046204555471571,-0.10219372977115114,-0.02775226953619821
2025-08-24T16:29:23.450000,0.0,0.014099302934482694,0.03968421183526516,25.198938160876715,593.92,72.1,1.4944635649438713,-0.010046204555471571,-0.10219372977115114,-0.02775226953619821
2025-08-24T16:29:24.441000,0.0,0.014088986907154322,0.03866204898804426,32.33144731637385,593.92,72.1,1.4944635649438713,-0.010046204555471571,-0.10219372977115114,-0.02775226953619821
2025-08-24T16:29:25.450000,0.0,0.014320967951789498,0.037162240128964186,26.90903445351187,593.92,72.1,1.4944635649438713,-0.010046204555471571,-0.10219372977115114,-0.02775226953619821
2025-08-24T16:29:26.450000,0.0,0.012980602914467454,0.03470328589901328,28.815715114412598,593.92,72.1,1.4944635649438713,-0.010046204555471571,-0.10219372977115114,-0.02775226953619821
2025-08-24T16:29:27.461000,0.0,0.010299518937245011,0.034477694192901254,21.753194857051923,593.92,72.1,1.4944635649438713,-0.010046204555471571,-0.10219372977115114,-0.02775226953619821
2025-08-24T16:29:28.461000,0.0,0.01036003790795803,0.034426731057465076,29.047195864481694,593.92,72.1,1.4944635649438713,-0.010046204555471571,-0.10219372977115114,-0.02775226953619821
2025-08-24T16:29:29.460000,0.0,0.010316019179299474,0.0346065079793334,28.896298944615022,593.92,72.1,1.4944635649438713,-0.010046204555471571,-0.10219372977115114,-0.02775226953619821
2025-08-24T16:29:30.461000,0.0,0.010414852062240243,0.038409162079915404,32.544318394637855,593.92,72.2,1.4944635649438713,-0.010046204555471571,-0.10219372977115114,-0.02775226953619821
2025-08-24T16:29:31.431000,0.0,0.011632273904979229,0.03523158002644777,28.383626259432447,593.92,72.2,1.4944635649438713,-0.010046204555471571,-0.10219372977115114,-0.02775226953619821
2025-08-24T16:29:32.452000,0.0,0.010930258082225919,0.034886118955910206,28.664696157914378,593.92,72.2,1.4944635649438713,-0.010046204555471571,-0.10219372977115114,-0.02775226953619821
2025-08-24T16:29:33.461000,0.0,0.010324241127818823,0.04147502197884023,30.138621762219774,593.92,72.2,1.4944635649438713,-0.010046204555471571,-0.10219372977115114,-0.02775226953619821
2025-08-24T16:29:34.451000,0.0,0.015510353026911616,0.045404470060020685,22.02426322073724,593.92,72.2,1.4944635649438713,-0.010046204555471571,-0.10219372977115114,-0.02775226953619821
2025-08-24T16:29:35.451000,0.0,0.014244541991502047,0.03833464300259948,32.60758160484789,593.92,72.3,1.4944635649438713,-0.010046204555471571,-0.10219372977115114,-0.02775226953619821
2025-08-24T16:29:36.451000,0.0,0.014119747094810009,0.03932902915403247,25.426511193132047,593.92,72.3,1.4944635649438713,-0.010046204555471571,-0.10219372977115114,-0.02775226953619821
2025-08-24T16:29:37.442000,0.0,0.014455041149631143,0.04353438504040241,34.45552288398989,593.92,72.6,1.4944635649438713,-0.010046204555471571,-0.10219372977115114,-0.02775226953619821
2025-08-24T16:29:38.441000,0.0,0.014121060958132148,0.03844258701428771,26.012817494002554,593.92,72.8,1.4944635649438713,-0.010046204555471571,-0.10219372977115114,-0.02775226953619821
2025-08-24T16:29:39.453000,0.0,0.013986340025439858,0.03907160391099751,31.992543813850943,593.92,72.8,1.4944635649438713,-0.010046204555471571,-0.10219372977115114,-0.02775226953619821
2025-08-24T16:29:40.448000,0.0,0.014527264051139355,0.03560132021084428,35.11105747194352,593.92,72.8,1.4944635649438713,-0.010046204555471571,-0.10219372977115114,-0.02775226953619821
2025-08-24T16:29:41.448000,0.0,0.011176812928169966,0.03583328193053603,27.907016776708055,593.92,72.8,1.4944635649438713,-0.010046204555471571,-0.10219372977115114,-0.02775226953619821
2025-08-24T16:29:42.447000,0.0,0.011639293050393462,0.036318798083812,27.533950812257146,593.92,72.8,1.4944635649438713,-0.010046204555471571,-0.10219372977115114,-0.02775226953619821
2025-08-24T16:29:43.447000,0.0,0.012087384006008506,0.034780323039740324,28.75188936162146,593.92,72.8,1.4944635649438713,-0.010046204555471571,-0.10219372977115114,-0.02775226953619821
2025-08-24T16:29:44.457000,0.0,0.010280241956934333,0.038591309916228056,32.39071186527357,593.92,72.8,1.4944635649438713,-0.010046204555471571,-0.10219372977115114,-0.02775226953619821
2025-08-24T16:29:45.427000,0.0,0.011409460101276636,0.03849308704957366,32.47336329222424,593.92,72.8,1.4944635649438713,-0.010046204555471571,-0.10219372977115114,-0.02775226953619821
2025-08-24T16:29:46.429000,0.0,0.011621608166024089,0.03751246095634997,33.32226060706962,593.92,72.8,1.4944635649438713,-0.010046204555471571,-0.10219372977115114,-0.02775226953619821
2025-08-24T16:29:47.436000,0.0,0.011240683030337095,0.03750064689666033,33.33275832399942,593.92,72.8,1.4944635649438713,-0.010046204555471571,-0.10219372977115114,-0.02775226953619821
2025-08-24T16:29:48.437000,0.0,0.011473885970190167,0.03730462794192135,26.806325519634022,593.92,72.8,1.4944635649438713,-0.010046204555471571,-0.10219372977115114,-0.02775226953619821
2025-08-24T16:29:49.438000,0.0,0.01141077489592135,0.03693672199733555,27.073328274018426,593.92,72.8,1.4944635649438713,-0.010046204555471571,-0.10219372977115114,-0.02775226953619821
2025-08-24T16:29:50.438000,0.0,0.011637126095592976,0.0368727040477097,33.90041583016517,593.92,72.8,1.4944635649438713,-0.010046204555471571,-0.10219372977115114,-0.02775226953619821
2025-08-24T16:29:51.437000,0.0,0.011721644084900618,0.037035149056464434,33.751720509998684,593.92,72.8,1.4944635649438713,-0.010046204555471571,-0.10219372977115114,-0.02775226953619821
2025-08-24T16:29:52.437000,0.0,0.011604552157223225,0.03737453604117036,33.445231229708526,593.92,72.8,1.4944635649438713,-0.010046204555471571,-0.10219372977115114,-0.02775226953619821
2025-08-24T16:29:53.439000,0.0,0.011518051847815514,0.036190724931657314,27.631389033747787,593.92,72.8,1.4944635649438713,-0.010046204555471571,-0.10219372977115114,-0.02775226953619821
2025-08-24T16:29:54.458000,0.0,0.01085588801652193,0.03630663314834237,27.543176364334272,593.92,72.8,1.4944635649438713,-0.010046204555471571,-0.10219372977115114,-0.02775226953619821
2025-08-24T16:29:55.457000,0.0,0.01105042384006083,0.03572082007303834,34.99359749983745,593.92,72.8,1.4944635649438713,-0.010046204555471571,-0.10219372977115114,-0.02775226953619821
2025-08-24T16:29:56.459000,0.0,0.010897462023422122,0.0384723839815706,25.992670495257276,593.92,72.8,1.4944635649438713,-0.010046204555471571,-0.10219372977115114,-0.02775226953619821
2025-08-24T16:29:57.429000,0.0,0.012260438175871968,0.0375439808703959,26.635428018462914,593.92,72.8,1.4944635649438713,-0.010046204555471571,-0.10219372977115114,-0.02775226953619821
2025-08-24T16:29:58.438000,0.0,0.011589552043005824,0.03860951284877956,38.850529036070746,593.92,72.8,1.4944635649438713,-0.010046204555471571,-0.10219372977115114,-0.02775226953619821
2025-08-24T16:29:59.429000,0.0,0.011115646921098232,0.03615566994994879,34.57272404937692,593.92,72.8,1.4944635649438713,-0.010046204555471571,-0.10219372977115114,-0.02775226953619821
2025-08-24T16:30:00.447000,0.0,0.01163092302158475,0.03590567107312381,27.850753658479892,593.92,72.8,1.4944635649438713,-0.010046204555471571,-0.10219372977115114,-0.02775226953619821
2025-08-24T16:30:01.449000,0.0,0.011616719188168645,0.036775464890524745,33.990052980189034,593.92,72.8,1.4944635649438713,-0.010046204555471571,-0.10219372977115114,-0.02775226953619821
2025-08-24T16:30:02.458000,0.0,0.011147164972499013,0.036407205974683166,27.467089913336345,593.92,72.8,1.4944635649438713,-0.010046204555471571,-0.10219372977115114,-0.02775226953619821
2025-08-24T16:30:03.458000,0.0,0.011092239059507847,0.036280910950154066,27.562703741751893,593.92,72.8,1.4944635649438713,-0.010046204555471571,-0.10219372977115114,-0.02775226953619821
2025-08-24T16:30:04.458000,0.0,0.011123128002509475,0.03642653999850154,27.45251127450491,593.92,72.8,1.4944635649438713,-0.010046204555471571,-0.10219372977115114,-0.02775226953619821
2025-08-24T16:30:05.459000,0.0,0.011095312889665365,0.036145892925560474,27.665660440576122,593.92,72.8,1.4944635649438713,-0.010046204555471571,-0.10219372977115114,-0.02775226953619821
2025-08-24T16:30:06.459000,0.0,0.010988998925313354,0.03829584806226194,32.640614146153645,593.92,72.8,1.4944635649438713,-0.010046204555471571,-0.10219372977115114,-0.02775226953619821
2025-08-24T16:30:07.429000,0.0,0.01114448020234704,0.037932311883196235,39.54412282117049,593.92,72.8,1.4944635649438713,-0.010046204555471571,-0.10219372977115114,-0.02775226953619821
2025-08-24T16:30:08.428000,0.0,0.010972034884616733,0.03622376290149987,27.60618775910145,593.92,72.8,1.4944635649438713,-0.010046204555471571,-0.10219372977115114,-0.02775226953619821
2025-08-24T16:30:09.449000,0.0,0.011403664015233517,0.037238074000924826,33.56779408003146,593.92,72.8,1.4944635649438713,-0.010046204555471571,-0.10219372977115114,-0.02775226953619821
2025-08-24T16:30:10.450000,0.0,0.012044403003528714,0.036270095966756344,27.570922363057043,593.92,72.9,1.4944635649438713,-0.010046204555471571,-0.10219372977115114,-0.02775226953619821
2025-08-24T16:30:11.460000,0.0,0.011266942135989666,0.03594980086199939,27.81656576732321,593.92,72.9,1.4944635649438713,-0.010046204555471571,-0.10219372977115114,-0.02775226953619821
2025-08-24T16:30:12.460000,0.0,0.010814887937158346,0.03613537410274148,34.592142216263795,593.92,72.9,1.4944635649438713,-0.010046204555471571,-0.10219372977115114,-0.02775226953619821
2025-08-24T16:30:41.438000,0.0,,0.3491919571533799,4.295631583923064,389.12,50.4,1.4923990347919045,-0.030620217495248007,-0.10332138128407366,-0.032608277528954656,1.2703248142528205,0.07762155513050475,0.14918473026134274
2025-08-24T16:30:42.438000,0.0,0.02216638601385057,0.04455747501924634,33.66438514193501,389.12,50.4,1.4923990347919045,-0.030620217495248007,-0.10332138128407366,-0.032608277528954656,1.2703248142528205,0.07762155513050475,0.14918473026134274
2025-08-24T16:30:43.448000,0.0,0.0193763030692935,0.04613300715573132,37.93379421576675,389.12,50.4,1.4923990347919045,-0.030620217495248007,-0.10332138128407366,-0.032608277528954656,1.2703248142528205,0.07762155513050475,0.14918473026134274
2025-08-24T16:30:44.416000,0.0,0.019117082003504038,0.04557006387040019,32.916346228216064,389.12,50.4,1.4923990347919045,-0.030620217495248007,-0.10332138128407366,-0.032608277528954656,1.2703248142528205,0.07762155513050475,0.14918473026134274
2025-08-24T16:30:45.417000,0.0,0.018806323874741793,0.045690749073401093,38.30096979125193,389.12,50.4,1.4923990347919045,-0.030620217495248007,-0.10332138128407366,-0.032608277528954656,1.2703248142528205,0.07762155513050475,0.14918473026134274
2025-08-24T16:30:46.418000,0.0,0.019121821969747543,0.04539862088859081,33.04065124975933,389.12,50.4,1.4923990347919045,-0.030620217495248007,-0.10332138128407366,-0.032608277528954656,1.2703248142528205,0.07762155513050475,0.14918473026134274
2025-08-24T16:30:47.417000,0.0,0.018695786828175187,0.044251160928979516,33.89741576288538,389.12,50.4,1.4923990347919045,-0.030620217495248007,-0.10332138128407366,-0.032608277528954656,1.2703248142528205,0.07762155513050475,0.14918473026134274
2025-08-24T16:30:48.447000,0.0,0.01974543184041977,0.04652545019052923,26.867015684555906,389.12,50.4,1.4923990347919045,-0.030620217495248007,-0.10332138128407366,-0.032608277528954656,1.2703248142528205,0.07762155513050475,0.14918473026134274
2025-08-24T16:30:49.447000,0.0,0.01904080412350595,0.043372757034376264,28.81993411231147,389.12,50.4,1.4923990347919045,-0.030620217495248007,-0.10332138128407366,-0.032608277528954656,1.2703248142528205,0.07762155513050475,0.14918473026134274
2025-08-24T16:30:50.448000,0.0,0.018726417096331716,0.045823859982192516,32.734038568181894,389.12,50.4,1.4923990347919045,-0.030620217495248007,-0.10332138128407366,-0.032608277528954656,1.2703248142528205,0.07762155513050475,0.14918473026134274
2025-08-24T16:30:51.418000,0.0,0.01973543199710548,0.04559330502524972,27.416305953423723,389.12,50.4,1.4923990347919045,-0.030620217495248007,-0.10332138128407366,-0.032608277528954656,1.2703248142528205,0.07762155513050475,0.14918473026134274
2025-08-24T16:30:52.418000,0.0,0.018587639089673758,0.044972307048738,27.794882718498435,389.12,50.4,1.4923990347919045,-0.030620217495248007,-0.10332138128407366,-0.032608277528954656,1.2703248142528205,0.07762155513050475,0.14918473026134274
2025-08-24T16:30:53.418000,0.0,0.018339528935030103,0.05582160409539938,26.871316657910892,389.12,50.4,1.4923990347919045,-0.030620217495248007,-0.10332138128407366,-0.032608277528954656,1.2703248142528205,0.07762155513050475,0.14918473026134274
2025-08-24T16:30:54.418000,0.0,0.028467013034969568,0.0628170978743583,27.858657263985933,389.12,50.4,1.4923990347919045,-0.030620217495248007,-0.10332138128407366,-0.032608277528954656,1.2703248142528205,0.07762155513050475,0.14918473026134274
2025-08-24T16:30:55.418000,0.0,0.030371655011549592,0.054346182150766253,27.600834881808957,389.12,50.4,1.4923990347919045,-0.030620217495248007,-0.10332138128407366,-0.032608277528954656,1.2703248142528205,0.07762155513050475,0.14918473026134274
2025-08-24T16:30:56.418000,0.0,0.020940502174198627,0.044420828111469746,28.139952656065304,389.12,50.4,1.4923990347919045,-0.030620217495248007,-0.10332138128407366,-0.032608277528954656,1.2703248142528205,0.07762155513050475,0.14918473026134274
2025-08-24T16:30:57.428000,0.0,0.01931897015310824,0.04652165388688445,32.24304973437011,399.36,50.5,1.4923990347919045,-0.030620217495248007,-0.10332138128407366,-0.032608277528954656,1.2703248142528205,0.07762155513050475,0.14918473026134274
2025-08-24T16:30:58.419000,0.0,0.01884282403625548,0.04564263788051903,32.86400763966876,399.36,50.5,1.4923990347919045,-0.030620217495248007,-0.10332138128407366,-0.032608277528954656,1.2703248142528205,0.07762155513050475,0.14918473026134274
2025-08-24T16:30:59.419000,0.0,0.018807898042723536,0.04650407982990146,32.25523449741669,399.36,50.5,1.4923990347919045,-0.030620217495248007,-0.10332138128407366,-0.032608277528954656,1.2703248142528205,0.07762155513050475,0.14918473026134274
2025-08-24T16:31:00.420000,0.0,0.018924786942079663,0.056014213943853974,26.778917249531382,399.36,50.5,1.4923990347919045,-0.030620217495248007,-0.10332138128407366,-0.032608277528954656,1.2703248142528205,0.07762155513050475,0.14918473026134274
2025-08-24T16:31:01.420000,0.0,0.02904062205925584,0.05967358988709748,29.32620617112135,399.36,50.5,1.4923990347919045,-0.030620217495248007,-0.10332138128407366,-0.032608277528954656,1.2703248142528205,0.07762155513050475,0.14918473026134274
2025-08-24T16:31:02.420000,0.0,0.02661251905374229,0.05158811807632446,33.92254001998761,399.36,50.5,1.4923990347919045,-0.030620217495248007,-0.10332138128407366,-0.032608277528954656,1.2703248142528205,0.07762155513050475,0.14918473026134274
2025-08-24T16:31:03.419000,0.0,0.024801007006317377,0.04919697786681354,25.408064767393395,399.36,50.5,1.4923990347919045,-0.030620217495248007,-0.10332138128407366,-0.032608277528954656,1.2703248142528205,0.07762155513050475,0.14918473026134274
2025-08-24T16:31:04.449000,0.0,0.02474971115589142,0.04913657112047076,25.43930053514165,399.36,50.5,1.4923990347919045,-0.030620217495248007,-0.10332138128407366,-0.032608277528954656,1.2703248142528205,0.07762155513050475,0.14918473026134274
2025-08-24T16:31:05.450000,0.0,0.02454508189111948,0.04919971898198128,25.406649181428403,399.36,50.5,1.4923990347919045,-0.030620217495248007,-0.10332138128407366,-0.032608277528954656,1.2703248142528205,0.07762155513050475,0.14918473026134274
2025-08-24T16:31:06.449000,0.0,0.02478737710043788,0.0489617760758847,30.636143543386858,378.88,49.2,1.4923990347919045,-0.030620217495248007,-0.10332138128407366,-0.032608277528954656,1.2703248142528205,0.07762155513050475,0.14918473026134274
2025-08-24T16:31:07.449000,0.0,0.024574395967647433,0.051428786013275385,29.166544969830145,378.88,49.2,1.4923990347919045,-0.030620217495248007,-0.10332138128407366,-0.032608277528954656,1.2703248142528205,0.07762155513050475,0.14918473026134274
2025-08-24T16:31:08.420000,0.0,0.024567821994423866,0.051195082953199744,34.182970298138486,378.88,49.2,1.4923990347919045,-0.030620217495248007,-0.10332138128407366,-0.032608277528954656,1.2703248142528205,0.07762155513050475,0.14918473026134274
2025-08-24T16:31:09.421000,0.0,0.024487249087542295,0.05048658489249647,34.66267333641931,378.88,49.2,1.4923990347919045,-0.030620217495248007,-0.10332138128407366,-0.032608277528954656,1.2703248142528205,0.07762155513050475,0.14918473026134274
2025-08-24T16:31:10.430000,0.0,0.02448389702476561,0.05017834505997598,24.911144409126038,378.88,49.2,1.4923990347919045,-0.030620217495248007,-0.10332138128407366,-0.032608277528954656,1.2703248142528205,0.07762155513050475,0.14918473026134274
2025-08-24T16:31:11.429000,0.0,0.024509618990123272,0.050231271889060736,29.86187575168137,378.88,49.2,1.4923990347919045,-0.030620217495248007,-0.10332138128407366,-0.032608277528954656,1.2703248142528205,0.07762155513050475,0.14918473026134274
2025-08-24T16:31:12.430000,0.0,0.024295361014083028,0.0456492870580405,32.85922073860217,378.88,49.2,1.4923990347919045,-0.030620217495248007,-0.10332138128407366,-0.032608277528954656,1.2703248142528205,0.07762155513050475,0.14918473026134274
2025-08-24T16:31:13.430000,0.0,0.02039826288819313,0.04379623779095709,28.54126434253021,378.88,49.2,1.4923990347919045,-0.030620217495248007,-0.10332138128407366,-0.032608277528954656,1.2703248142528205,0.07762155513050475,0.14918473026134274
2025-08-24T16:31:14.440000,0.0,0.019204878015443683,0.04375142278149724,28.570499438216256,378.88,49.2,1.4923990347919045,-0.030620217495248007,-0.10332138128407366,-0.032608277528954656,1.2703248142528205,0.07762155513050475,0.14918473026134274
2025-08-24T16:31:15.451000,0.0,0.019074360141530633,0.04746996588073671,31.598927283170163,378.88,49.2,1.4923990347919045,-0.030620217495248007,-0.10332138128407366,-0.032608277528954656,1.2703248142528205,0.07762155513050475,0.14918473026134274
2025-08-24T16:31:16.422000,0.0,0.019705894868820906,0.0453268988057971,33.09293244231668,378.88,49.2,1.4923990347919045,-0.030620217495248007,-0.10332138128407366,-0.032608277528954656,1.2703248142528205,0.07762155513050475,0.14918473026134274
2025-08-24T16:31:17.432000,0.0,0.01939826598390937,0.044504049932584167,33.70479770430543,378.88,49.2,1.4923990347919045,-0.030620217495248007,-0.10332138128407366,-0.032608277528954656,1.2703248142528205,0.07762155513050475,0.14918473026134274
2025-08-24T16:31:18.431000,0.0,0.0189049169421196,0.044890085933730006,27.845792094168814,378.88,49.2,1.4923990347919045,-0.030620217495248007,-0.10332138128407366,-0.032608277528954656,1.2703248142528205,0.07762155513050475,0.14918473026134274
2025-08-24T16:31:19.430000,0.0,0.018865694059059024,0.04451958695426583,28.07752913979458,378.88,49.2,1.4923990347919045,-0.030620217495248007,-0.10332138128407366,-0.032608277528954656,1.2703248142528205,0.07762155513050475,0.14918473026134274
2025-08-24T16:31:20.431000,0.0,0.018627732060849667,0.04483819706365466,33.453619865011284,378.88,49.2,1.4923990347919045,-0.030620217495248007,-0.10332138128407366,-0.032608277528954656,1.2703248142528205,0.07762155513050475,0.14918473026134274
2025-08-24T16:31:21.440000,0.0,0.020273967878893018,0.04357986897230148,28.68296829424828,378.88,49.2,1.4923990347919045,-0.030620217495248007,-0.10332138128407366,-0.032608277528954656,1.2703248142528205,0.07762155513050475,0.14918473026134274
2025-08-24T16:31:22.451000,0.0,0.019047694047912955,0.04353062715381384,34.458497340271784,378.88,49.2,1.4923990347919045,-0.030620217495248007,-0.10332138128407366,-0.032608277528954656,1.2703248142528205,0.07762155513050475,0.14918473026134274
2025-08-24T16:31:23.450000,0.0,0.019112118985503912,0.04888096218928695,30.68679364762417,378.88,49.2,1.4923990347919045,-0.030620217495248007,-0.10332138128407366,-0.032608277528954656,1.2703248142528205,0.07762155513050475,0.14918473026134274
2025-08-24T16:31:24.452000,0.0,0.02399699087254703,0.05257809697650373,28.528989945573375,378.88,49.2,1.4923990347919045,-0.030620217495248007,-0.10332138128407366,-0.032608277528954656,1.2703248142528205,0.07762155513050475,0.14918473026134274
2025-08-24T16:31:25.451000,0.0,0.021875295089557767,0.04374501598067582,28.57468381202813,378.88,49.2,1.4923990347919045,-0.030620217495248007,-0.10332138128407366,-0.032608277528954656,1.2703248142528205,0.07762155513050475,0.14918473026134274
2025-08-24T16:31:26.452000,0.0,0.019075730815529823,0.04636169201694429,32.354298015086655,378.88,49.2,1.4923990347919045,-0.030620217495248007,-0.10332138128407366,-0.032608277528954656,1.2703248142528205,0.07762155513050475,0.14918473026134274
2025-08-24T16:31:27.422000,0.0,0.019386821892112494,0.04460369795560837,33.62949864589336,378.88,49.2,1.4923990347919045,-0.030620217495248007,-0.10332138128407366,-0.032608277528954656,1.2703248142528205,0.07762155513050475,0.14918473026134274
2025-08-24T16:31:28.432000,0.0,0.01895625004544854,0.044419698882848024,28.140668024264475,378.88,49.2,1.4923990347919045,-0.030620217495248007,-0.10332138128407366,-0.032608277528954656,1.2703248142528205,0.07762155513050475,0.14918473026134274
2025-08-24T16:31:29.441000,0.0,0.019188673933967948,0.043414165964350104,34.55093439389793,378.88,49.2,1.4923990347919045,-0.030620217495248007,-0.10332138128407366,-0.032608277528954656,1.2703248142528205,0.07762155513050475,0.14918473026134274
2025-08-24T16:31:30.442000,0.0,0.018860712880268693,0.043295592069625854,28.87129936899622,378.88,49.2,1.4923990347919045,-0.030620217495248007,-0.10332138128407366,-0.032608277528954656,1.2703248142528205,0.07762155513050475,0.14918473026134274
2025-08-24T16:31:31.451000,0.0,0.018795787123963237,0.04779502097517252,26.153351844940907,378.88,49.2,1.4923990347919045,-0.030620217495248007,-0.10332138128407366,-0.032608277528954656,1.2703248142528205,0.07762155513050475,0.14918473026134274
2025-08-24T16:31:32.422000,0.0,0.01995433820411563,0.047444800147786736,31.615688027509627,378.88,49.2,1.4923990347919045,-0.030620217495248007,-0.10332138128407366,-0.032608277528954656,1.2703248142528205,0.07762155513050475,0.14918473026134274
2025-08-24T16:31:33.421000,0.0,0.018553974106907845,0.04748470685444772,31.589117831091095,378.88,49.2,1.4923990347919045,-0.030620217495248007,-0.10332138128407366,-0.032608277528954656,1.2703248142528205,0.07762155513050475,0.14918473026134274
2025-08-24T16:31:34.421000,0.0,0.019868393894284964,0.044419570127502084,33.76889951195752,378.88,49.2,1.4923990347919045,-0.030620217495248007,-0.10332138128407366,-0.032608277528954656,1.2703248142528205,0.07762155513050475,0.14918473026134274
2025-08-24T16:31:35.453000,0.0,0.019507525954395533,0.0495970519259572,25.203110899940718,378.88,49.2,1.4923990347919045,-0.030620217495248007,-0.10332138128407366,-0.032608277528954656,1.2703248142528205,0.07762155513050475,0.14918473026134274
2025-08-24T16:31:36.442000,0.0,0.024603342171758413,0.05059119709767401,24.707855747842896,378.88,49.2,1.4923990347919045,-0.030620217495248007,-0.10332138128407366,-0.032608277528954656,1.2703248142528205,0.07762155513050475,0.14918473026134274
2025-08-24T16:31:37.452000,0.0,0.024589212145656347,0.04928420088253915,30.435717190078282,378.88,49.2,1.4923990347919045,-0.030620217495248007,-0.10332138128407366,-0.032608277528954656,1.2703248142528205,0.07762155513050475,0.14918473026134274
2025-08-24T16:31:38.452000,0.0,0.024489711970090866,0.04944368195720017,30.337546489729668,378.88,49.2,1.4923990347919045,-0.030620217495248007,-0.10332138128407366,-0.032608277528954656,1.2703248142528205,0.07762155513050475,0.14918473026134274
2025-08-24T16:31:39.453000,0.0,0.02470158110372722,0.04971668100915849,25.142466766229845,378.88,49.2,1.4923990347919045,-0.030620217495248007,-0.10332138128407366,-0.032608277528954656,1.2703248142528205,0.07762155513050475,0.14918473026134274
2025-08-24T16:32:00.170000,0.0,,0.35662365006282926,5.608153019710403,389.12,50.0,1.4667523025168538,-0.00941504885024148,-0.11736264526958934,-0.03304149425512167,1.3136691175670216,0.0993010310397876,0.17688505486030245,-0.08071444729425123,1.1695703629639405,0.16500149011947216
2025-08-24T16:32:01.170000,0.0,0.0294061959721148,0.05409185215830803,27.730608957703833,389.12,50.0,1.4667523025168538,-0.00941504885024148,-0.11736264526958934,-0.03304149425512167,1.3136691175670216,0.0993010310397876,0.17688505486030245,-0.08071444729425123,1.1695703629639405,0.16500149011947216
2025-08-24T16:32:02.150000,0.0,0.026685520075261593,0.05744898901320994,30.461806727314354,389.12,50.0,1.4667523025168538,-0.00941504885024148,-0.11736264526958934,-0.03304149425512167,1.3136691175670216,0.0993010310397876,0.17688505486030245,-0.08071444729425123,1.1695703629639405,0.16500149011947216
2025-08-24T16:32:03.150000,0.0,0.026293650968000293,0.05360201979056001,37.312026819411514,389.12,50.0,1.4667523025168538,-0.00941504885024148,-0.11736264526958934,-0.03304149425512167,1.3136691175670216,0.0993010310397876,0.17688505486030245,-0.08071444729425123,1.1695703629639405,0.16500149011947216
2025-08-24T16:32:04.149000,0.0,0.02631711307913065,0.05426222109235823,32.250799262738994,389.12,50.0,1.4667523025168538,-0.00941504885024148,-0.11736264526958934,-0.03304149425512167,1.3136691175670216,0.0993010310397876,0.17688505486030245,-0.08071444729425123,1.1695703629639405,0.16500149011947216
2025-08-24T16:32:05.149000,0.0,0.027109796879813075,0.05540308798663318,36.09907087638385,389.12,50.0,1.4667523025168538,-0.00941504885024148,-0.11736264526958934,-0.03304149425512167,1.3136691175670216,0.0993010310397876,0.17688505486030245,-0.08071444729425123,1.1695703629639405,0.16500149011947216
2025-08-24T16:32:06.150000,0.0,0.028385551180690527,0.0563911038916558,35.466587138329494,389.12,50.0,1.4667523025168538,-0.00941504885024148,-0.11736264526958934,-0.03304149425512167,1.3136691175670216,0.0993010310397876,0.17688505486030245,-0.08071444729425123,1.1695703629639405,0.16500149011947216
2025-08-24T16:32:07.150000,0.0,0.026298705954104662,0.057220156071707606,30.58362856974609,389.12,50.0,1.4667523025168538,-0.00941504885024148,-0.11736264526958934,-0.03304149425512167,1.3136691175670216,0.0993010310397876,0.17688505486030245,-0.08071444729425123,1.1695703629639405,0.16500149011947216
2025-08-24T16:32:08.151000,0.0,0.030051267938688397,0.05364029807969928,37.28540055889374,389.12,50.0,1.4667523025168538,-0.00941504885024148,-0.11736264526958934,-0.03304149425512167,1.3136691175670216,0.0993010310397876,0.17688505486030245,-0.08071444729425123,1.1695703629639405,0.16500149011947216
2025-08-24T16:32:09.149000,0.0,0.026273596100509167,0.05088830692693591,29.47631962198453,389.12,50.0,1.4667523025168538,-0.00941504885024148,-0.11736264526958934,-0.03304149425512167,1.3136691175670216,0.0993010310397876,0.17688505486030245,-0.08071444729425123,1.1695703629639405,0.16500149011947216
2025-08-24T16:32:10.161000,0.0,0.025652209063991904,0.05119675095193088,34.181856611234934,389.12,50.0,1.4667523025168538,-0.00941504885024148,-0.11736264526958934,-0.03304149425512167,1.3136691175670216,0.0993010310397876,0.17688505486030245,-0.08071444729425123,1.1695703629639405,0.16500149011947216
2025-08-24T16:32:11.160000,0.0,0.025843855924904346,0.06826087785884738,29.29935949748087,389.12,50.0,1.4667523025168538,-0.00941504885024148,-0.11736264526958934,-0.03304149425512167,1.3136691175670216,0.0993010310397876,0.17688505486030245,-0.08071444729425123,1.1695703629639405,0.16500149011947216
2025-08-24T16:32:12.150000,0.0,0.04079278698191047,0.07579485210590065,26.38701632672361,389.12,50.0,1.4667523025168538,-0.00941504885024148,-0.11736264526958934,-0.03304149425512167,1.3136691175670216,0.0993010310397876,0.17688505486030245,-0.08071444729425123,1.1695703629639405,0.16500149011947216
2025-08-24T16:32:13.151000,0.0,0.041688153985887766,0.07651244197040796,26.13953951141076,389.12,50.0,1.4667523025168538,-0.00941504885024148,-0.11736264526958934,-0.03304149425512167,1.3136691175670216,0.0993010310397876,0.17688505486030245,-0.08071444729425123,1.1695703629639405,0.16500149011947216
2025-08-24T16:32:14.149000,0.0,0.04162119096145034,0.06236610212363303,32.06870289945732,389.12,50.0,1.4667523025168538,-0.00941504885024148,-0.11736264526958934,-0.03304149425512167,1.3136691175670216,0.0993010310397876,0.17688505486030245,-0.08071444729425123,1.1695703629639405,0.16500149011947216
2025-08-24T16:32:15.150000,0.0,0.03306699893437326,0.05209048907272518,38.39472494120172,389.12,50.0,1.4667523025168538,-0.00941504885024148,-0.11736264526958934,-0.03304149425512167,1.3136691175670216,0.0993010310397876,0.17688505486030245,-0.08071444729425123,1.1695703629639405,0.16500149011947216
2025-08-24T16:32:16.140000,0.0,0.026451317127794027,0.05138912005349994,34.05390086808502,389.12,50.0,1.4667523025168538,-0.00941504885024148,-0.11736264526958934,-0.03304149425512167,1.3136691175670216,0.0993010310397876,0.17688505486030245,-0.08071444729425123,1.1695703629639405,0.16500149011947216
2025-08-24T16:32:17.181000,0.0,0.026339707197621465,0.05403798213228583,32.384628939622125,389.12,50.0,1.4667523025168538,-0.00941504885024148,-0.11736264526958934,-0.03304149425512167,1.3136691175670216,0.0993010310397876,0.17688505486030245,-0.08071444729425123,1.1695703629639405,0.16500149011947216
2025-08-24T16:32:18.151000,0.0,0.02719688811339438,0.053991555934771895,32.41247579740453,389.12,50.0,1.4667523025168538,-0.00941504885024148,-0.11736264526958934,-0.03304149425512167,1.3136691175670216,0.0993010310397876,0.17688505486030245,-0.08071444729425123,1.1695703629639405,0.16500149011947216
2025-08-24T16:32:19.152000,0.0,0.02586211496964097,0.052781542064622045,33.15552997404716,389.12,50.0,1.4667523025168538,-0.00941504885024148,-0.11736264526958934,-0.03304149425512167,1.3136691175670216,0.0993010310397876,0.17688505486030245,-0.08071444729425123,1.1695703629639405,0.16500149011947216
2025-08-24T16:32:20.160000,0.0,0.027468535816296935,0.05189906386658549,33.71929799155242,389.12,50.0,1.4667523025168538,-0.00941504885024148,-0.11736264526958934,-0.03304149425512167,1.3136691175670216,0.0993010310397876,0.17688505486030245,-0.08071444729425123,1.1695703629639405,0.16500149011947216
2025-08-24T16:32:21.161000,0.0,0.025867985794320703,0.05385107593610883,37.13946221562834,389.12,50.0,1.4667523025168538,-0.00941504885024148,-0.11736264526958934,-0.03304149425512167,1.3136691175670216,0.0993010310397876,0.17688505486030245,-0.08071444729425123,1.1695703629639405,0.16500149011947216
2025-08-24T16:32:22.150000,0.0,0.027072036871686578,0.052798911929130554,33.14462241852537,389.12,50.0,1.4667523025168538,-0.00941504885024148,-0.11736264526958934,-0.03304149425512167,1.3136691175670216,0.0993010310397876,0.17688505486030245,-0.08071444729425123,1.1695703629639405,0.16500149011947216
2025-08-24T16:32:23.171000,0.0,0.02804671903140843,0.0535017610527575,37.38194707325203,389.12,50.0,1.4667523025168538,-0.00941504885024148,-0.11736264526958934,-0.03304149425512167,1.3136691175670216,0.0993010310397876,0.17688505486030245,-0.08071444729425123,1.1695703629639405,0.16500149011947216
2025-08-24T16:32:24.151000,0.0,0.026729519944638014,0.050526013132184744,29.687677831927857,389.12,50.0,1.4667523025168538,-0.00941504885024148,-0.11736264526958934,-0.03304149425512167,1.3136691175670216,0.0993010310397876,0.17688505486030245,-0.08071444729425123,1.1695703629639405,0.16500149011947216
2025-08-24T16:32:25.182000,0.0,0.02575096790678799,0.05101599311456084,34.30296840581404,389.12,50.0,1.4667523025168538,-0.00941504885024148,-0.11736264526958934,-0.03304149425512167,1.3136691175670216,0.0993010310397876,0.17688505486030245,-0.08071444729425123,1.1695703629639405,0.16500149011947216
2025-08-24T16:32:26.182000,0.0,0.026340798940509558,0.050891160033643246,29.47466709362469,389.12,50.0,1.4667523025168538,-0.00941504885024148,-0.11736264526958934,-0.03304149425512167,1.3136691175670216,0.0993010310397876,0.17688505486030245,-0.08071444729425123,1.1695703629639405,0.16500149011947216
2025-08-24T16:32:27.182000,0.0,0.02629063301719725,0.05085110408253968,29.497884599816487,389.12,50.0,1.4667523025168538,-0.00941504885024148,-0.11736264526958934,-0.03304149425512167,1.3136691175670216,0.0993010310397876,0.17688505486030245,-0.08071444729425123,1.1695703629639405,0.16500149011947216
2025-08-24T16:32:28.182000,0.0,0.026146226096898317,0.051522823981940746,33.96552954110977,389.12,50.0,1.4667523025168538,-0.00941504885024148,-0.11736264526958934,-0.03304149425512167,1.3136691175670216,0.0993010310397876,0.17688505486030245,-0.08071444729425123,1.1695703629639405,0.16500149011947216
2025-08-24T16:32:29.162000,0.0,0.026489279931411147,0.05091265984810889,34.37259033845213,389.12,50.0,1.4667523025168538,-0.00941504885024148,-0.11736264526958934,-0.03304149425512167,1.3136691175670216,0.0993010310397876,0.17688505486030245,-0.08071444729425123,1.1695703629639405,0.16500149011947216
2025-08-24T16:32:30.183000,0.0,0.026362336007878184,0.05085143796168268,39.33025456442415,389.12,50.0,1.4667523025168538,-0.00941504885024148,-0.11736264526958934,-0.03304149425512167,1.3136691175670216,0.0993010310397876,0.17688505486030245,-0.08071444729425123,1.1695703629639405,0.16500149011947216
2025-08-24T16:32:31.181000,0.0,0.026254225056618452,0.051902471110224724,33.71708441942101,389.12,50.0,1.4667523025168538,-0.00941504885024148,-0.11736264526958934,-0.03304149425512167,1.3136691175670216,0.0993010310397876,0.17688505486030245,-0.08071444729425123,1.1695703629639405,0.16500149011947216
2025-08-24T16:32:32.162000,0.0,0.026162947062402964,0.05186684196814895,28.920210737356083,389.12,50.0,1.4667523025168538,-0.00941504885024148,-0.11736264526958934,-0.03304149425512167,1.3136691175670216,0.0993010310397876,0.17688505486030245,-0.08071444729425123,1.1695703629639405,0.16500149011947216
2025-08-24T16:32:33.162000,0.0,0.02614467008970678,0.05258783884346485,38.031606622080155,389.12,50.0,1.4667523025168538,-0.00941504885024148,-0.11736264526958934,-0.03304149425512167,1.3136691175670216,0.0993010310397876,0.17688505486030245,-0.08071444729425123,1.1695703629639405,0.16500149011947216
2025-08-24T16:32:34.172000,0.0,0.028040403965860605,0.05215454404242337,38.34756945383644,389.12,50.0,1.4667523025168538,-0.00941504885024148,-0.11736264526958934,-0.03304149425512167,1.3136691175670216,0.0993010310397876,0.17688505486030245,-0.08071444729425123,1.1695703629639405,0.16500149011947216
2025-08-24T16:32:35.183000,0.0,0.027533851098269224,0.05625249398872256,31.109731780973927,389.12,50.0,1.4667523025168538,-0.00941504885024148,-0.11736264526958934,-0.03304149425512167,1.3136691175670216,0.0993010310397876,0.17688505486030245,-0.08071444729425123,1.1695703629639405,0.16500149011947216
2025-08-24T16:32:36.153000,0.0,0.029783917125314474,0.0542329631280154,32.268198141214164,389.12,50.0,1.4667523025168538,-0.00941504885024148,-0.11736264526958934,-0.03304149425512167,1.3136691175670216,0.0993010310397876,0.17688505486030245,-0.08071444729425123,1.1695703629639405,0.16500149011947216
2025-08-24T16:32:37.154000,0.0,0.026910964166745543,0.053742132149636745,32.562906047853765,389.12,50.0,1.4667523025168538,-0.00941504885024148,-0.11736264526958934,-0.03304149425512167,1.3136691175670216,0.0993010310397876,0.17688505486030245,-0.08071444729425123,1.1695703629639405,0.16500149011947216
2025-08-24T16:32:38.154000,0.0,0.026761724147945642,0.053595816949382424,32.651801942915014,389.12,50.0,1.4667523025168538,-0.00941504885024148,-0.11736264526958934,-0.03304149425512167,1.3136691175670216,0.0993010310397876,0.17688505486030245,-0.08071444729425123,1.1695703629639405,0.16500149011947216
2025-08-24T16:32:39.153000,0.0,0.026343299075961113,0.055317959981039166,31.635295310959382,389.12,50.0,1.4667523025168538,-0.00941504885024148,-0.11736264526958934,-0.03304149425512167,1.3136691175670216,0.0993010310397876,0.17688505486030245,-0.08071444729425123,1.1695703629639405,0.16500149011947216
2025-08-24T16:32:40.148000,0.0,0.027810665080323815,0.051733083091676235,33.82748321608497,389.12,50.0,1.4667523025168538,-0.00941504885024148,-0.11736264526958934,-0.03304149425512167,1.3136691175670216,0.0993010310397876,0.17688505486030245,-0.08071444729425123,1.1695703629639405,0.16500149011947216
2025-08-24T16:32:41.157000,0.0,0.025495487032458186,0.0519144160207361,33.70932650578142,389.12,50.0,1.4667523025168538,-0.00941504885024148,-0.11736264526958934,-0.03304149425512167,1.3136691175670216,0.0993010310397876,0.17688505486030245,-0.08071444729425123,1.1695703629639405,0.16500149011947216
2025-08-24T16:32:42.158000,0.0,0.02647865004837513,0.05082738306373358,34.430259724478724,389.12,50.0,1.4667523025168538,-0.00941504885024148,-0.11736264526958934,-0.03304149425512167,1.3136691175670216,0.0993010310397876,0.17688505486030245,-0.08071444729425123,1.1695703629639405,0.16500149011947216
2025-08-24T16:32:43.179000,0.0,0.026196595979854465,0.05095969699323177,34.3408635304944,389.12,50.0,1.4667523025168538,-0.00941504885024148,-0.11736264526958934,-0.03304149425512167,1.3136691175670216,0.0993010310397876,0.17688505486030245,-0.08071444729425123,1.1695703629639405,0.16500149011947216
2025-08-24T16:32:44.178000,0.0,0.026397187961265445,0.05105873406864703,29.377931657750473,389.12,50.0,1.4667523025168538,-0.00941504885024148,-0.11736264526958934,-0.03304149425512167,1.3136691175670216,0.0993010310397876,0.17688505486030245,-0.08071444729425123,1.1695703629639405,0.16500149011947216
2025-08-24T16:32:45.178000,0.0,0.026454427978023887,0.052905393997207284,33.07791262441755,389.12,50.0,1.4667523025168538,-0.00941504885024148,-0.11736264526958934,-0.03304149425512167,1.3136691175670216,0.0993010310397876,0.17688505486030245,-0.08071444729425123,1.1695703629639405,0.16500149011947216
2025-08-24T16:32:46.178000,0.0,0.026189447147771716,0.05420970497652888,32.28204250065007,389.12,50.0,1.4667523025168538,-0.00941504885024148,-0.11736264526958934,-0.03304149425512167,1.3136691175670216,0.0993010310397876,0.17688505486030245,-0.08071444729425123,1.1695703629639405,0.16500149011947216
2025-08-24T16:32:47.149000,0.0,0.02681353804655373,0.05410900106653571,36.96242696368828,389.12,50.0,1.4667523025168538,-0.00941504885024148,-0.11736264526958934,-0.03304149425512167,1.3136691175670216,0.0993010310397876,0.17688505486030245,-0.08071444729425123,1.1695703629639405,0.16500149011947216
2025-08-24T16:32:48.149000,0.0,0.026652649976313114,0.05164036084897816,29.04704721926143,389.12,50.0,1.4667523025168538,-0.00941504885024148,-0.11736264526958934,-0.03304149425512167,1.3136691175670216,0.0993010310397876,0.17688505486030245,-0.08071444729425123,1.1695703629639405,0.16500149011947216
2025-08-24T16:32:49.158000,0.0,0.025764060206711292,0.05213126679882407,28.773519081907363,389.12,50.0,1.4667523025168538,-0.00941504885024148,-0.11736264526958934,-0.03304149425512167,1.3136691175670216,0.0993010310397876,0.17688505486030245,-0.08071444729425123,1.1695703629639405,0.16500149011947216
2025-08-24T16:32:50.159000,0.0,0.026032411959022284,0.052739079808816314,33.1822247628117,389.12,50.0,1.4667523025168538,-0.00941504885024148,-0.11736264526958934,-0.03304149425512167,1.3136691175670216,0.0993010310397876,0.17688505486030245,-0.08071444729425123,1.1695703629639405,0.16500149011947216
2025-08-24T16:32:51.159000,0.0,0.02642326196655631,0.05256150593049824,38.05066016648277,389.12,50.0,1.4667523025168538,-0.00941504885024148,-0.11736264526958934,-0.03304149425512167,1.3136691175670216,0.0993010310397876,0.17688505486030245,-0.08071444729425123,1.1695703629639405,0.16500149011947216
2025-08-24T16:32:52.161000,0.0,0.026202299166470766,0.05222024908289313,33.51190449555498,389.12,50.0,1.4667523025168538,-0.00941504885024148,-0.11736264526958934,-0.03304149425512167,1.3136691175670216,0.0993010310397876,0.17688505486030245,-0.08071444729425123,1.1695703629639405,0.16500149011947216
2025-08-24T16:32:53.159000,0.0,0.02567522693425417,0.052267747931182384,33.48145021101963,389.12,50.0,1.4667523025168538,-0.00941504885024148,-0.11736264526958934,-0.03304149425512167,1.3136691175670216,0.0993010310397876,0.17688505486030245,-0.08071444729425123,1.1695703629639405,0.16500149011947216
2025-08-24T16:32:54.159000,0.0,0.02648022398352623,0.052490914007648826,33.33910321593947,389.12,50.0,1.4667523025168538,-0.00941504885024148,-0.11736264526958934,-0.03304149425512167,1.3136691175670216,0.0993010310397876,0.17688505486030245,-0.08071444729425123,1.1695703629639405,0.16500149011947216
2025-08-24T16:32:55.159000,0.0,0.025922726839780807,0.05087978998199105,29.48125376561073,389.12,50.0,1.4667523025168538,-0.00941504885024148,-0.11736264526958934,-0.03304149425512167,1.3136691175670216,0.0993010310397876,0.17688505486030245,-0.08071444729425123,1.1695703629639405,0.16500149011947216
2025-08-24T16:32:56.169000,0.0,0.025678708916530013,0.051310973009094596,34.10576524615561,389.12,50.0,1.4667523025168538,-0.00941504885024148,-0.11736264526958934,-0.03304149425512167,1.3136691175670216,0.0993010310397876,0.17688505486030245,-0.08071444729425123,1.1695703629639405,0.16500149011947216
2025-08-24T16:32:57.180000,0.0,0.02621718915179372,0.06833286001347005,32.927057341906476,389.12,50.0,1.4667523025168538,-0.00941504885024148,-0.11736264526958934,-0.03304149425512167,1.3136691175670216,0.0993010310397876,0.17688505486030245,-0.08071444729425123,1.1695703629639405,0.16500149011947216
2025-08-24T16:32:58.149000,0.0,0.04080534284003079,0.053194745909422636,32.8979858834145,389.12,50.0,1.4667523025168538,-0.00941504885024148,-0.11736264526958934,-0.03304149425512167,1.3136691175670216,0.0993010310397876,0.17688505486030245,-0.08071444729425123,1.1695703629639405,0.16500149011947216
2025-08-24T16:33:20.261000,0.0,,0.3658682790119201,6.833060266256481,399.36,50.5,1.4749696610553538,-0.032104000538368614,-0.10774440350816844,-0.02525366060557984,1.2959848048517693,0.11593813828595505,0.18429018932050117,-0.0722016972638998,1.1620050681409901,0.16282268274628175,-0.069318801022317,0.16917888795705882,1.161605023219918
2025-08-24T16:33:21.261000,0.0,0.03739248402416706,0.06059268396347761,37.13319583856344,399.36,50.5,1.4749696610553538,-0.032104000538368614,-0.10774440350816844,-0.02525366060557984,1.2959848048517693,0.11593813828595505,0.18429018932050117,-0.0722016972638998,1.1620050681409901,0.16282268274628175,-0.069318801022317,0.16917888795705882,1.161605023219918
2025-08-24T16:33:22.263000,0.0,0.0341439398471266,0.06072579394094646,32.9349337440516,399.36,50.5,1.4749696610553538,-0.032104000538368614,-0.10774440350816844,-0.02525366060557984,1.2959848048517693,0.11593813828595505,0.18429018932050117,-0.0722016972638998,1.1620050681409901,0.16282268274628175,-0.069318801022317,0.16917888795705882,1.161605023219918
2025-08-24T16:33:23.263000,0.0,0.03403090313076973,0.06070485012605786,37.06458372482123,399.36,50.5,1.4749696610553538,-0.032104000538368614,-0.10774440350816844,-0.02525366060557984,1.2959848048517693,0.11593813828595505,0.18429018932050117,-0.0722016972638998,1.1620050681409901,0.16282268274628175,-0.069318801022317,0.16917888795705882,1.161605023219918
2025-08-24T16:33:24.262000,0.0,0.03431779099628329,0.05991051904857159,33.38311922115932,399.36,50.5,1.4749696610553538,-0.032104000538368614,-0.10774440350816844,-0.02525366060557984,1.2959848048517693,0.11593813828595505,0.18429018932050117,-0.0722016972638998,1.1620050681409901,0.16282268274628175,-0.069318801022317,0.16917888795705882,1.161605023219918
2025-08-24T16:33:25.252000,0.0,0.03345312690362334,0.06171347596682608,32.40783262759493,399.36,50.5,1.4749696610553538,-0.032104000538368614,-0.10774440350816844,-0.02525366060557984,1.2959848048517693,0.11593813828595505,0.18429018932050117,-0.0722016972638998,1.1620050681409901,0.16282268274628175,-0.069318801022317,0.16917888795705882,1.161605023219918
2025-08-24T16:33:26.241000,0.0,0.033860755851492286,0.06315671186894178,31.66725975459673,399.36,50.5,1.4749696610553538,-0.032104000538368614,-0.10774440350816844,-0.02525366060557984,1.2959848048517693,0.11593813828595505,0.18429018932050117,-0.0722016972638998,1.1620050681409901,0.16282268274628175,-0.069318801022317,0.16917888795705882,1.161605023219918
2025-08-24T16:33:27.242000,0.0,0.033969587879255414,0.06154582882300019,32.496109618603185,399.36,50.6,1.4749696610553538,-0.032104000538368614,-0.10774440350816844,-0.02525366060557984,1.2959848048517693,0.11593813828595505,0.18429018932050117,-0.0722016972638998,1.1620050681409901,0.16282268274628175,-0.069318801022317,0.16917888795705882,1.161605023219918
2025-08-24T16:33:28.242000,0.0,0.03370164497755468,0.06817167694680393,33.00490908791532,399.36,50.6,1.4749696610553538,-0.032104000538368614,-0.10774440350816844,-0.02525366060557984,1.2959848048517693,0.11593813828595505,0.18429018932050117,-0.0722016972638998,1.1620050681409901,0.16282268274628175,-0.069318801022317,0.16917888795705882,1.161605023219918
2025-08-24T16:33:29.281000,0.0,0.04345220513641834,0.08763775904662907,28.52651673429744,399.36,50.6,1.4749696610553538,-0.032104000538368614,-0.10774440350816844,-0.02525366060557984,1.2959848048517693,0.11593813828595505,0.18429018932050117,-0.0722016972638998,1.1620050681409901,0.16282268274628175,-0.069318801022317,0.16917888795705882,1.161605023219918
2025-08-24T16:33:30.253000,0.0,0.054029001854360104,0.08790861000306904,28.438625066563517,399.36,50.6,1.4749696610553538,-0.032104000538368614,-0.10774440350816844,-0.02525366060557984,1.2959848048517693,0.11593813828595505,0.18429018932050117,-0.0722016972638998,1.1620050681409901,0.16282268274628175,-0.069318801022317,0.16917888795705882,1.161605023219918
2025-08-24T16:33:31.253000,0.0,0.05393502116203308,0.07506056083366275,29.9757952113639,399.36,50.6,1.4749696610553538,-0.032104000538368614,-0.10774440350816844,-0.02525366060557984,1.2959848048517693,0.11593813828595505,0.18429018932050117,-0.0722016972638998,1.1620050681409901,0.16282268274628175,-0.069318801022317,0.16917888795705882,1.161605023219918
2025-08-24T16:33:32.262000,0.0,0.04425877588801086,0.069865319179371,28.62650630515602,399.36,50.6,1.4749696610553538,-0.032104000538368614,-0.10774440350816844,-0.02525366060557984,1.2959848048517693,0.11593813828595505,0.18429018932050117,-0.0722016972638998,1.1620050681409901,0.16282268274628175,-0.069318801022317,0.16917888795705882,1.161605023219918
2025-08-24T16:33:33.272000,0.0,0.04454847890883684,0.07201409013941884,31.2438856846488,399.36,50.6,1.4749696610553538,-0.032104000538368614,-0.10774440350816844,-0.02525366060557984,1.2959848048517693,0.11593813828595505,0.18429018932050117,-0.0722016972638998,1.1620050681409901,0.16282268274628175,-0.069318801022317,0.16917888795705882,1.161605023219918
2025-08-24T16:33:34.253000,0.0,0.04529362404718995,0.0687509709969163,29.090498228595322,399.36,50.6,1.4749696610553538,-0.032104000538368614,-0.10774440350816844,-0.02525366060557984,1.2959848048517693,0.11593813828595505,0.18429018932050117,-0.0722016972638998,1.1620050681409901,0.16282268274628175,-0.069318801022317,0.16917888795705882,1.161605023219918
2025-08-24T16:33:35.253000,0.0,0.04210339393466711,0.07036831812001765,31.974616704104292,399.36,50.6,1.4749696610553538,-0.032104000538368614,-0.10774440350816844,-0.02525366060557984,1.2959848048517693,0.11593813828595505,0.18429018932050117,-0.0722016972638998,1.1620050681409901,0.16282268274628175,-0.069318801022317,0.16917888795705882,1.161605023219918
2025-08-24T16:33:36.262000,0.0,0.04504499607719481,0.06903254496864974,32.59332248321144,399.36,50.6,1.4749696610553538,-0.032104000538368614,-0.10774440350816844,-0.02525366060557984,1.2959848048517693,0.11593813828595505,0.18429018932050117,-0.0722016972638998,1.1620050681409901,0.16282268274628175,-0.069318801022317,0.16917888795705882,1.161605023219918
2025-08-24T16:33:37.284000,0.0,0.04436214594170451,0.06930282106623054,32.46621083216428,399.36,50.6,1.4749696610553538,-0.032104000538368614,-0.10774440350816844,-0.02525366060557984,1.2959848048517693,0.11593813828595505,0.18429018932050117,-0.0722016972638998,1.1620050681409901,0.16282268274628175,-0.069318801022317,0.16917888795705882,1.161605023219918
2025-08-24T16:33:38.285000,0.0,0.04462173790670931,0.06925891409628093,28.877149260811148,399.36,50.6,1.4749696610553538,-0.032104000538368614,-0.10774440350816844,-0.02525366060557984,1.2959848048517693,0.11593813828595505,0.18429018932050117,-0.0722016972638998,1.1620050681409901,0.16282268274628175,-0.069318801022317,0.16917888795705882,1.161605023219918
2025-08-24T16:33:39.282000,0.0,0.044419830897822976,0.07210177392698824,31.205889639808216,399.36,50.6,1.4749696610553538,-0.032104000538368614,-0.10774440350816844,-0.02525366060557984,1.2959848048517693,0.11593813828595505,0.18429018932050117,-0.0722016972638998,1.1620050681409901,0.16282268274628175,-0.069318801022317,0.16917888795705882,1.161605023219918
2025-08-24T16:33:40.251000,0.0,0.04537438414990902,0.07170320209115744,31.379351749724304,399.36,50.6,1.4749696610553538,-0.032104000538368614,-0.10774440350816844,-0.02525366060557984,1.2959848048517693,0.11593813828595505,0.18429018932050117,-0.0722016972638998,1.1620050681409901,0.16282268274628175,-0.069318801022317,0.16917888795705882,1.161605023219918
2025-08-24T16:33:41.250000,0.0,0.03745491080917418,0.06136332987807691,36.66684980216322,399.36,50.6,1.4749696610553538,-0.032104000538368614,-0.10774440350816844,-0.02525366060557984,1.2959848048517693,0.11593813828595505,0.18429018932050117,-0.0722016972638998,1.1620050681409901,0.16282268274628175,-0.069318801022317,0.16917888795705882,1.161605023219918
2025-08-24T16:33:42.252000,0.0,0.033915644977241755,0.06172379199415445,36.4527182680721,399.36,50.6,1.4749696610553538,-0.032104000538368614,-0.10774440350816844,-0.02525366060557984,1.2959848048517693,0.11593813828595505,0.18429018932050117,-0.0722016972638998,1.1620050681409901,0.16282268274628175,-0.069318801022317,0.16917888795705882,1.161605023219918
2025-08-24T16:33:43.252000,0.0,0.03501575207337737,0.0601692961063236,33.23954457545678,399.36,50.6,1.4749696610553538,-0.032104000538368614,-0.10774440350816844,-0.02525366060557984,1.2959848048517693,0.11593813828595505,0.18429018932050117,-0.0722016972638998,1.1620050681409901,0.16282268274628175,-0.069318801022317,0.16917888795705882,1.161605023219918
2025-08-24T16:33:44.261000,0.0,0.03480960405431688,0.0619843271560967,36.29949865122783,399.36,50.6,1.4749696610553538,-0.032104000538368614,-0.10774440350816844,-0.02525366060557984,1.2959848048517693,0.11593813828595505,0.18429018932050117,-0.0722016972638998,1.1620050681409901,0.16282268274628175,-0.069318801022317,0.16917888795705882,1.161605023219918
2025-08-24T16:33:45.263000,0.0,0.036547728115692735,0.05984100210480392,33.42190019641141,399.36,50.6,1.4749696610553538,-0.032104000538368614,-0.10774440350816844,-0.02525366060557984,1.2959848048517693,0.11593813828595505,0.18429018932050117,-0.0722016972638998,1.1620050681409901,0.16282268274628175,-0.069318801022317,0.16917888795705882,1.161605023219918
2025-08-24T16:33:46.261000,0.0,0.03338829381391406,0.060421776957809925,33.100648486331686,399.36,50.6,1.4749696610553538,-0.032104000538368614,-0.10774440350816844,-0.02525366060557984,1.2959848048517693,0.11593813828595505,0.18429018932050117,-0.0722016972638998,1.1620050681409901,0.16282268274628175,-0.069318801022317,0.16917888795705882,1.161605023219918
2025-08-24T16:33:47.261000,0.0,0.03463130886666477,0.06932846992276609,32.45419958794073,399.36,50.6,1.4749696610553538,-0.032104000538368614,-0.10774440350816844,-0.02525366060557984,1.2959848048517693,0.11593813828595505,0.18429018932050117,-0.0722016972638998,1.1620050681409901,0.16282268274628175,-0.069318801022317,0.16917888795705882,1.161605023219918
2025-08-24T16:33:48.263000,0.0,0.03946707001887262,0.05925991106778383,33.74962877876018,399.36,50.6,1.4749696610553538,-0.032104000538368614,-0.10774440350816844,-0.02525366060557984,1.2959848048517693,0.11593813828595505,0.18429018932050117,-0.0722016972638998,1.1620050681409901,0.16282268274628175,-0.069318801022317,0.16917888795705882,1.161605023219918
2025-08-24T16:33:49.273000,0.0,0.0345039579551667,0.061000182991847396,32.7867868899222,399.36,50.6,1.4749696610553538,-0.032104000538368614,-0.10774440350816844,-0.02525366060557984,1.2959848048517693,0.11593813828595505,0.18429018932050117,-0.0722016972638998,1.1620050681409901,0.16282268274628175,-0.069318801022317,0.16917888795705882,1.161605023219918
2025-08-24T16:33:50.254000,0.0,0.034063460072502494,0.061757605988532305,36.43275939837752,399.36,50.6,1.4749696610553538,-0.032104000538368614,-0.10774440350816844,-0.02525366060557984,1.2959848048517693,0.11593813828595505,0.18429018932050117,-0.0722016972638998,1.1620050681409901,0.16282268274628175,-0.069318801022317,0.16917888795705882,1.161605023219918
2025-08-24T16:33:51.252000,0.0,0.03512030793353915,0.06136512593366206,36.66577662420718,399.36,50.6,1.4749696610553538,-0.032104000538368614,-0.10774440350816844,-0.02525366060557984,1.2959848048517693,0.11593813828595505,0.18429018932050117,-0.0722016972638998,1.1620050681409901,0.16282268274628175,-0.069318801022317,0.16917888795705882,1.161605023219918
2025-08-24T16:33:52.252000,0.0,0.034337829099968076,0.05993300094269216,37.54192122219014,399.36,50.6,1.4749696610553538,-0.032104000538368614,-0.10774440350816844,-0.02525366060557984,1.2959848048517693,0.11593813828595505,0.18429018932050117,-0.0722016972638998,1.1620050681409901,0.16282268274628175,-0.069318801022317,0.16917888795705882,1.161605023219918
2025-08-24T16:33:53.273000,0.0,0.03530208393931389,0.058405933203175664,29.962709334894345,399.36,50.6,1.4749696610553538,-0.032104000538368614,-0.10774440350816844,-0.02525366060557984,1.2959848048517693,0.11593813828595505,0.18429018932050117,-0.0722016972638998,1.1620050681409901,0.16282268274628175,-0.069318801022317,0.16917888795705882,1.161605023219918
2025-08-24T16:33:54.273000,0.0,0.03357427613809705,0.0592020230833441,33.78262930617116,399.36,50.6,1.4749696610553538,-0.032104000538368614,-0.10774440350816844,-0.02525366060557984,1.2959848048517693,0.11593813828595505,0.18429018932050117,-0.0722016972638998,1.1620050681409901,0.16282268274628175,-0.069318801022317,0.16917888795705882,1.161605023219918
2025-08-24T16:33:55.273000,0.0,0.034522105008363724,0.05882424581795931,33.99958592226181,399.36,50.6,1.4749696610553538,-0.032104000538368614,-0.10774440350816844,-0.02525366060557984,1.2959848048517693,0.11593813828595505,0.18429018932050117,-0.0722016972638998,1.1620050681409901,0.16282268274628175,-0.069318801022317,0.16917888795705882,1.161605023219918
2025-08-24T16:33:56.272000,0.0,0.03405890287831426,0.07008981890976429,32.10166661861121,399.36,50.6,1.4749696610553538,-0.032104000538368614,-0.10774440350816844,-0.02525366060557984,1.2959848048517693,0.11593813828595505,0.18429018932050117,-0.0722016972638998,1.1620050681409901,0.16282268274628175,-0.069318801022317,0.16917888795705882,1.161605023219918
2025-08-24T16:33:57.284000,0.0,0.045196235878393054,0.07664192700758576,29.357299429296695,399.36,50.6,1.4749696610553538,-0.032104000538368614,-0.10774440350816844,-0.02525366060557984,1.2959848048517693,0.11593813828595505,0.18429018932050117,-0.0722016972638998,1.1620050681409901,0.16282268274628175,-0.069318801022317,0.16917888795705882,1.161605023219918
2025-08-24T16:33:58.273000,0.0,0.044857200933620334,0.06524216779507697,30.655020634536196,399.36,50.6,1.4749696610553538,-0.032104000538368614,-0.10774440350816844,-0.02525366060557984,1.2959848048517693,0.11593813828595505,0.18429018932050117,-0.0722016972638998,1.1620050681409901,0.16282268274628175,-0.069318801022317,0.16917888795705882,1.161605023219918
2025-08-24T16:33:59.272000,0.0,0.04042303003370762,0.058309487998485565,34.2997352343739,399.36,50.6,1.4749696610553538,-0.032104000538368614,-0.10774440350816844,-0.02525366060557984,1.2959848048517693,0.11593813828595505,0.18429018932050117,-0.0722016972638998,1.1620050681409901,0.16282268274628175,-0.069318801022317,0.16917888795705882,1.161605023219918
2025-08-24T16:34:00.284000,0.0,0.03367073810659349,0.061170589877292514,32.69545060807708,399.36,50.6,1.4749696610553538,-0.032104000538368614,-0.10774440350816844,-0.02525366060557984,1.2959848048517693,0.11593813828595505,0.18429018932050117,-0.0722016972638998,1.1620050681409901,0.16282268274628175,-0.069318801022317,0.16917888795705882,1.161605023219918
2025-08-24T16:34:01.252000,0.0,0.03417634801007807,0.060612720903009176,37.12092060015562,399.36,50.6,1.4749696610553538,-0.032104000538368614,-0.10774440350816844,-0.02525366060557984,1.2959848048517693,0.11593813828595505,0.18429018932050117,-0.0722016972638998,1.1620050681409901,0.16282268274628175,-0.069318801022317,0.16917888795705882,1.161605023219918
2025-08-24T16:34:02.264000,0.0,0.03469877201132476,0.06054883194155991,37.16008926764492,399.36,50.6,1.4749696610553538,-0.032104000538368614,-0.10774440350816844,-0.02525366060557984,1.2959848048517693,0.11593813828595505,0.18429018932050117,-0.0722016972638998,1.1620050681409901,0.16282268274628175,-0.069318801022317,0.16917888795705882,1.161605023219918
2025-08-24T16:34:03.263000,0.0,0.034472587052732706,0.06133947800844908,36.681107714840266,399.36,50.6,1.4749696610553538,-0.032104000538368614,-0.10774440350816844,-0.02525366060557984,1.2959848048517693,0.11593813828595505,0.18429018932050117,-0.0722016972638998,1.1620050681409901,0.16282268274628175,-0.069318801022317,0.16917888795705882,1.161605023219918
2025-08-24T16:34:04.265000,0.0,0.034775733947753906,0.06062459200620651,37.11365182910674,399.36,50.6,1.4749696610553538,-0.032104000538368614,-0.10774440350816844,-0.02525366060557984,1.2959848048517693,0.11593813828595505,0.18429018932050117,-0.0722016972638998,1.1620050681409901,0.16282268274628175,-0.069318801022317,0.16917888795705882,1.161605023219918
2025-08-24T16:34:05.263000,0.0,0.034114847891032696,0.06055805506184697,33.02615973973204,399.36,50.6,1.4749696610553538,-0.032104000538368614,-0.10774440350816844,-0.02525366060557984,1.2959848048517693,0.11593813828595505,0.18429018932050117,-0.0722016972638998,1.1620050681409901,0.16282268274628175,-0.069318801022317,0.16917888795705882,1.161605023219918
2025-08-24T16:34:06.263000,0.0,0.0339388120919466,0.06012018700130284,37.42503329125103,399.36,50.6,1.4749696610553538,-0.032104000538368614,-0.10774440350816844,-0.02525366060557984,1.2959848048517693,0.11593813828595505,0.18429018932050117,-0.0722016972638998,1.1620050681409901,0.16282268274628175,-0.069318801022317,0.16917888795705882,1.161605023219918
2025-08-24T16:34:07.263000,0.0,0.034099515061825514,0.058580931974574924,38.40840225923039,399.36,50.6,1.4749696610553538,-0.032104000538368614,-0.10774440350816844,-0.02525366060557984,1.2959848048517693,0.11593813828595505,0.18429018932050117,-0.0722016972638998,1.1620050681409901,0.16282268274628175,-0.069318801022317,0.16917888795705882,1.161605023219918
2025-08-24T16:34:08.274000,0.0,0.03398375608958304,0.05866821017116308,34.09001219169793,399.36,50.6,1.4749696610553538,-0.032104000538368614,-0.10774440350816844,-0.02525366060557984,1.2959848048517693,0.11593813828595505,0.18429018932050117,-0.0722016972638998,1.1620050681409901,0.16282268274628175,-0.069318801022317,0.16917888795705882,1.161605023219918
2025-08-24T16:34:09.274000,0.0,0.033954847836866975,0.05893433792516589,38.1780822388642,399.36,50.6,1.4749696610553538,-0.032104000538368614,-0.10774440350816844,-0.02525366060557984,1.2959848048517693,0.11593813828595505,0.18429018932050117,-0.0722016972638998,1.1620050681409901,0.16282268274628175,-0.069318801022317,0.16917888795705882,1.161605023219918
2025-08-24T16:34:10.273000,0.0,0.034271477023139596,0.0583604509010911,34.269783202832755,399.36,50.6,1.4749696610553538,-0.032104000538368614,-0.10774440350816844,-0.02525366060557984,1.2959848048517693,0.11593813828595505,0.18429018932050117,-0.0722016972638998,1.1620050681409901,0.16282268274628175,-0.069318801022317,0.16917888795705882,1.161605023219918
2025-08-24T16:34:11.275000,0.0,0.03354075690731406,0.059047930873930454,33.870788872687726,399.36,50.6,1.4749696610553538,-0.032104000538368614,-0.10774440350816844,-0.02525366060557984,1.2959848048517693,0.11593813828595505,0.18429018932050117,-0.0722016972638998,1.1620050681409901,0.16282268274628175,-0.069318801022317,0.16917888795705882,1.161605023219918
2025-08-24T16:34:12.284000,0.0,0.034169754944741726,0.0630176579579711,39.67142037660907,399.36,50.6,1.4749696610553538,-0.032104000538368614,-0.10774440350816844,-0.02525366060557984,1.2959848048517693,0.11593813828595505,0.18429018932050117,-0.0722016972638998,1.1620050681409901,0.16282268274628175,-0.069318801022317,0.16917888795705882,1.161605023219918
2025-08-24T16:34:13.254000,0.0,0.035320325987413526,0.06284806621260941,31.82277706420012,399.36,50.6,1.4749696610553538,-0.032104000538368614,-0.10774440350816844,-0.02525366060557984,1.2959848048517693,0.11593813828595505,0.18429018932050117,-0.0722016972638998,1.1620050681409901,0.16282268274628175,-0.069318801022317,0.16917888795705882,1.161605023219918
2025-08-24T16:34:14.255000,0.0,0.03488751198165119,0.06185386492870748,32.334276965637464,399.36,50.6,1.4749696610553538,-0.032104000538368614,-0.10774440350816844,-0.02525366060557984,1.2959848048517693,0.11593813828595505,0.18429018932050117,-0.0722016972638998,1.1620050681409901,0.16282268274628175,-0.069318801022317,0.16917888795705882,1.161605023219918
2025-08-24T16:34:15.255000,0.0,0.03402907098643482,0.06173445889726281,36.44641971745975,399.36,50.6,1.4749696610553538,-0.032104000538368614,-0.10774440350816844,-0.02525366060557984,1.2959848048517693,0.11593813828595505,0.18429018932050117,-0.0722016972638998,1.1620050681409901,0.16282268274628175,-0.069318801022317,0.16917888795705882,1.161605023219918
2025-08-24T16:34:16.254000,0.0,0.03396905190311372,0.06232149386778474,32.091656920852444,399.36,50.6,1.4749696610553538,-0.032104000538368614,-0.10774440350816844,-0.02525366060557984,1.2959848048517693,0.11593813828595505,0.18429018932050117,-0.0722016972638998,1.1620050681409901,0.16282268274628175,-0.069318801022317,0.16917888795705882,1.161605023219918
2025-08-24T16:34:17.256000,0.0,0.03445217991247773,0.08012141613289714,31.202643695829007,399.36,50.6,1.4749696610553538,-0.032104000538368614,-0.10774440350816844,-0.02525366060557984,1.2959848048517693,0.11593813828595505,0.18429018932050117,-0.0722016972638998,1.1620050681409901,0.16282268274628175,-0.069318801022317,0.16917888795705882,1.161605023219918
2025-08-24T16:34:18.265000,0.0,0.05300191417336464,0.06481028185226023,30.859301068295046,399.36,50.6,1.4749696610553538,-0.032104000538368614,-0.10774440350816844,-0.02525366060557984,1.2959848048517693,0.11593813828595505,0.18429018932050117,-0.0722016972638998,1.1620050681409901,0.16282268274628175,-0.069318801022317,0.16917888795705882,1.161605023219918
2025-08-24T16:34:42.190000,0.0,,0.38910997100174427,7.0674107705857345,399.36,51.1,1.4751938604260189,-0.0707624455521628,-0.11468015050280121,-0.033511706471593114,1.2873512841588768,0.08140691735884051,0.1760852119067055,-0.07129180518171353,1.1955324365453657,0.15067841025963394,-0.09052236012311145,0.17532706292757574,1.1767793412848377,-0.06810147629624091,-0.13697984286625942,0.43778921448055264
2025-08-24T16:34:43.190000,0.0,0.05553007195703685,0.08240246400237083,33.372788463229256,399.36,51.1,1.4751938604260189,-0.0707624455521628,-0.11468015050280121,-0.033511706471593114,1.2873512841588768,0.08140691735884051,0.1760852119067055,-0.07129180518171353,1.1955324365453657,0.15067841025963394,-0.09052236012311145,0.17532706292757574,1.1767793412848377,-0.06810147629624091,-0.13697984286625942,0.43778921448055264
2025-08-24T16:34:44.158000,0.0,0.05459268810227513,0.08263829699717462,30.2523175191457,399.36,51.1,1.4751938604260189,-0.0707624455521628,-0.11468015050280121,-0.033511706471593114,1.2873512841588768,0.08140691735884051,0.1760852119067055,-0.07129180518171353,1.1955324365453657,0.15067841025963394,-0.09052236012311145,0.17532706292757574,1.1767793412848377,-0.06810147629624091,-0.13697984286625942,0.43778921448055264
2025-08-24T16:34:45.160000,0.0,0.05466226115822792,0.08299940708093345,30.120697098019257,399.36,51.1,1.4751938604260189,-0.0707624455521628,-0.11468015050280121,-0.033511706471593114,1.2873512841588768,0.08140691735884051,0.1760852119067055,-0.07129180518171353,1.1955324365453657,0.15067841025963394,-0.09052236012311145,0.17532706292757574,1.1767793412848377,-0.06810147629624091,-0.13697984286625942,0.43778921448055264
2025-08-24T16:34:46.159000,0.0,0.05534781399182975,0.08031649002805352,34.23954407170241,399.36,51.1,1.4751938604260189,-0.0707624455521628,-0.11468015050280121,-0.033511706471593114,1.2873512841588768,0.08140691735884051,0.1760852119067055,-0.07129180518171353,1.1955324365453657,0.15067841025963394,-0.09052236012311145,0.17532706292757574,1.1767793412848377,-0.06810147629624091,-0.13697984286625942,0.43778921448055264
2025-08-24T16:34:47.161000,0.0,0.05244443495757878,0.0704391710460186,35.49161585627918,399.36,51.1,1.4751938604260189,-0.0707624455521628,-0.11468015050280121,-0.033511706471593114,1.2873512841588768,0.08140691735884051,0.1760852119067055,-0.07129180518171353,1.1955324365453657,0.15067841025963394,-0.09052236012311145,0.17532706292757574,1.1767793412848377,-0.06810147629624091,-0.13697984286625942,0.43778921448055264
2025-08-24T16:34:48.160000,0.0,0.04210582212544978,0.07218084996566176,34.6352252874454,399.36,51.1,1.4751938604260189,-0.0707624455521628,-0.11468015050280121,-0.033511706471593114,1.2873512841588768,0.08140691735884051,0.1760852119067055,-0.07129180518171353,1.1955324365453657,0.15067841025963394,-0.09052236012311145,0.17532706292757574,1.1767793412848377,-0.06810147629624091,-0.13697984286625942,0.43778921448055264
2025-08-24T16:34:49.170000,0.0,0.04206826607696712,0.06764988391660154,33.259480574627894,399.36,51.1,1.4751938604260189,-0.0707624455521628,-0.11468015050280121,-0.033511706471593114,1.2873512841588768,0.08140691735884051,0.1760852119067055,-0.07129180518171353,1.1955324365453657,0.15067841025963394,-0.09052236012311145,0.17532706292757574,1.1767793412848377,-0.06810147629624091,-0.13697984286625942,0.43778921448055264
2025-08-24T16:34:50.180000,0.0,0.04261096799746156,0.06706229294650257,33.5508957588862,399.36,51.1,1.4751938604260189,-0.0707624455521628,-0.11468015050280121,-0.033511706471593114,1.2873512841588768,0.08140691735884051,0.1760852119067055,-0.07129180518171353,1.1955324365453657,0.15067841025963394,-0.09052236012311145,0.17532706292757574,1.1767793412848377,-0.06810147629624091,-0.13697984286625942,0.43778921448055264
2025-08-24T16:34:51.191000,0.0,0.04233961715362966,0.06672246102243662,37.46864191893823,399.36,51.1,1.4751938604260189,-0.0707624455521628,-0.11468015050280121,-0.033511706471593114,1.2873512841588768,0.08140691735884051,0.1760852119067055,-0.07129180518171353,1.1955324365453657,0.15067841025963394,-0.09052236012311145,0.17532706292757574,1.1767793412848377,-0.06810147629624091,-0.13697984286625942,0.43778921448055264
2025-08-24T16:34:52.191000,0.0,0.04206724790856242,0.06550335511565208,34.34938555479209,399.36,51.1,1.4751938604260189,-0.0707624455521628,-0.11468015050280121,-0.033511706471593114,1.2873512841588768,0.08140691735884051,0.1760852119067055,-0.07129180518171353,1.1955324365453657,0.15067841025963394,-0.09052236012311145,0.17532706292757574,1.1767793412848377,-0.06810147629624091,-0.13697984286625942,0.43778921448055264
2025-08-24T16:34:53.189000,0.0,0.040832844097167253,0.06658490584231913,33.79144224260466,399.36,51.1,1.4751938604260189,-0.0707624455521628,-0.11468015050280121,-0.033511706471593114,1.2873512841588768,0.08140691735884051,0.1760852119067055,-0.07129180518171353,1.1955324365453657,0.15067841025963394,-0.09052236012311145,0.17532706292757574,1.1767793412848377,-0.06810147629624091,-0.13697984286625942,0.43778921448055264
2025-08-24T16:34:54.190000,0.0,0.04189260094426572,0.06603281619027257,34.07396700326479,399.36,51.1,1.4751938604260189,-0.0707624455521628,-0.11468015050280121,-0.033511706471593114,1.2873512841588768,0.08140691735884051,0.1760852119067055,-0.07129180518171353,1.1955324365453657,0.15067841025963394,-0.09052236012311145,0.17532706292757574,1.1767793412848377,-0.06810147629624091,-0.13697984286625942,0.43778921448055264
2025-08-24T16:34:55.192000,0.0,0.04129823204129934,0.06972437701188028,35.85546557947758,399.36,51.1,1.4751938604260189,-0.0707624455521628,-0.11468015050280121,-0.033511706471593114,1.2873512841588768,0.08140691735884051,0.1760852119067055,-0.07129180518171353,1.1955324365453657,0.15067841025963394,-0.09052236012311145,0.17532706292757574,1.1767793412848377,-0.06810147629624091,-0.13697984286625942,0.43778921448055264
2025-08-24T16:34:56.160000,0.0,0.041843211045488715,0.07036635698750615,35.52834205192514,399.36,51.1,1.4751938604260189,-0.0707624455521628,-0.11468015050280121,-0.033511706471593114,1.2873512841588768,0.08140691735884051,0.1760852119067055,-0.07129180518171353,1.1955324365453657,0.15067841025963394,-0.09052236012311145,0.17532706292757574,1.1767793412848377,-0.06810147629624091,-0.13697984286625942,0.43778921448055264
2025-08-24T16:34:57.160000,0.0,0.04318417003378272,0.07213179511018097,34.65877975421592,399.36,51.1,1.4751938604260189,-0.0707624455521628,-0.11468015050280121,-0.033511706471593114,1.2873512841588768,0.08140691735884051,0.1760852119067055,-0.07129180518171353,1.1955324365453657,0.15067841025963394,-0.09052236012311145,0.17532706292757574,1.1767793412848377,-0.06810147629624091,-0.13697984286625942,0.43778921448055264
2025-08-24T16:34:58.160000,0.0,0.0446207020431757,0.07007254310883582,35.677312240788325,399.36,51.1,1.4751938604260189,-0.0707624455521628,-0.11468015050280121,-0.033511706471593114,1.2873512841588768,0.08140691735884051,0.1760852119067055,-0.07129180518171353,1.1955324365453657,0.15067841025963394,-0.09052236012311145,0.17532706292757574,1.1767793412848377,-0.06810147629624091,-0.13697984286625942,0.43778921448055264
2025-08-24T16:34:59.161000,0.0,0.04359755804762244,0.06981287710368633,35.81001247501985,399.36,51.1,1.4751938604260189,-0.0707624455521628,-0.11468015050280121,-0.033511706471593114,1.2873512841588768,0.08140691735884051,0.1760852119067055,-0.07129180518171353,1.1955324365453657,0.15067841025963394,-0.09052236012311145,0.17532706292757574,1.1767793412848377,-0.06810147629624091,-0.13697984286625942,0.43778921448055264
2025-08-24T16:35:00.160000,0.0,0.04216495202854276,0.06836573383770883,36.568026987534644,399.36,51.1,1.4751938604260189,-0.0707624455521628,-0.11468015050280121,-0.033511706471593114,1.2873512841588768,0.08140691735884051,0.1760852119067055,-0.07129180518171353,1.1955324365453657,0.15067841025963394,-0.09052236012311145,0.17532706292757574,1.1767793412848377,-0.06810147629624091,-0.13697984286625942,0.43778921448055264
2025-08-24T16:35:01.170000,0.0,0.042182432021945715,0.08089363598264754,33.99525768120908,399.36,51.1,1.4751938604260189,-0.0707624455521628,-0.11468015050280121,-0.033511706471593114,1.2873512841588768,0.08140691735884051,0.1760852119067055,-0.07129180518171353,1.1955324365453657,0.15067841025963394,-0.09052236012311145,0.17532706292757574,1.1767793412848377,-0.06810147629624091,-0.13697984286625942,0.43778921448055264
2025-08-24T16:35:02.171000,0.0,0.05462864995934069,0.06838577101007104,32.90158123198821,399.36,51.1,1.4751938604260189,-0.0707624455521628,-0.11468015050280121,-0.033511706471593114,1.2873512841588768,0.08140691735884051,0.1760852119067055,-0.07129180518171353,1.1955324365453657,0.15067841025963394,-0.09052236012311145,0.17532706292757574,1.1767793412848377,-0.06810147629624091,-0.13697984286625942,0.43778921448055264
2025-08-24T16:35:03.171000,0.0,0.041883174097165465,0.09178389608860016,32.685472374195605,399.36,51.1,1.4751938604260189,-0.0707624455521628,-0.11468015050280121,-0.033511706471593114,1.2873512841588768,0.08140691735884051,0.1760852119067055,-0.07129180518171353,1.1955324365453657,0.15067841025963394,-0.09052236012311145,0.17532706292757574,1.1767793412848377,-0.06810147629624091,-0.13697984286625942,0.43778921448055264
2025-08-24T16:35:04.172000,0.0,0.06545722507871687,0.08677022787742317,31.692898212562042,399.36,51.1,1.4751938604260189,-0.0707624455521628,-0.11468015050280121,-0.033511706471593114,1.2873512841588768,0.08140691735884051,0.1760852119067055,-0.07129180518171353,1.1955324365453657,0.15067841025963394,-0.09052236012311145,0.17532706292757574,1.1767793412848377,-0.06810147629624091,-0.13697984286625942,0.43778921448055264
2025-08-24T16:35:05.181000,0.0,0.0551285189576447,0.07760816579684615,35.43441558970255,399.36,51.1,1.4751938604260189,-0.0707624455521628,-0.11468015050280121,-0.033511706471593114,1.2873512841588768,0.08140691735884051,0.1760852119067055,-0.07129180518171353,1.1955324365453657,0.15067841025963394,-0.09052236012311145,0.17532706292757574,1.1767793412848377,-0.06810147629624091,-0.13697984286625942,0.43778921448055264
2025-08-24T16:35:06.161000,0.0,0.05059870099648833,0.06800410500727594,33.08623795224219,399.36,51.1,1.4751938604260189,-0.0707624455521628,-0.11468015050280121,-0.033511706471593114,1.2873512841588768,0.08140691735884051,0.1760852119067055,-0.07129180518171353,1.1955324365453657,0.15067841025963394,-0.09052236012311145,0.17532706292757574,1.1767793412848377,-0.06810147629624091,-0.13697984286625942,0.43778921448055264
2025-08-24T16:35:07.172000,0.0,0.041921840980648994,0.06865526991896331,36.4138106652381,399.36,51.1,1.4751938604260189,-0.0707624455521628,-0.11468015050280121,-0.033511706471593114,1.2873512841588768,0.08140691735884051,0.1760852119067055,-0.07129180518171353,1.1955324365453657,0.15067841025963394,-0.09052236012311145,0.17532706292757574,1.1767793412848377,-0.06810147629624091,-0.13697984286625942,0.43778921448055264
2025-08-24T16:35:08.172000,0.0,0.04189576697535813,0.06842023390345275,36.53889876389083,399.36,51.1,1.4751938604260189,-0.0707624455521628,-0.11468015050280121,-0.033511706471593114,1.2873512841588768,0.08140691735884051,0.1760852119067055,-0.07129180518171353,1.1955324365453657,0.15067841025963394,-0.09052236012311145,0.17532706292757574,1.1767793412848377,-0.06810147629624091,-0.13697984286625942,0.43778921448055264
2025-08-24T16:35:09.172000,0.0,0.042389858048409224,0.06606752006337047,30.272061038187104,399.36,51.1,1.4751938604260189,-0.0707624455521628,-0.11468015050280121,-0.033511706471593114,1.2873512841588768,0.08140691735884051,0.1760852119067055,-0.07129180518171353,1.1955324365453657,0.15067841025963394,-0.09052236012311145,0.17532706292757574,1.1767793412848377,-0.06810147629624091,-0.13697984286625942,0.43778921448055264
2025-08-24T16:35:10.192000,0.0,0.041500658029690385,0.069630156038329,35.90398388054491,399.36,51.1,1.4751938604260189,-0.0707624455521628,-0.11468015050280121,-0.033511706471593114,1.2873512841588768,0.08140691735884051,0.1760852119067055,-0.07129180518171353,1.1955324365453657,0.15067841025963394,-0.09052236012311145,0.17532706292757574,1.1767793412848377,-0.06810147629624091,-0.13697984286625942,0.43778921448055264
2025-08-24T16:35:11.162000,0.0,0.04209343297407031,0.0681656610686332,33.007821896344026,399.36,51.1,1.4751938604260189,-0.0707624455521628,-0.11468015050280121,-0.033511706471593114,1.2873512841588768,0.08140691735884051,0.1760852119067055,-0.07129180518171353,1.1955324365453657,0.15067841025963394,-0.09052236012311145,0.17532706292757574,1.1767793412848377,-0.06810147629624091,-0.13697984286625942,0.43778921448055264
2025-08-24T16:35:12.173000,0.0,0.0417852490209043,0.09130337997339666,32.85749115612307,399.36,51.1,1.4751938604260189,-0.0707624455521628,-0.11468015050280121,-0.033511706471593114,1.2873512841588768,0.08140691735884051,0.1760852119067055,-0.07129180518171353,1.1955324365453657,0.15067841025963394,-0.09052236012311145,0.17532706292757574,1.1767793412848377,-0.06810147629624091,-0.13697984286625942,0.43778921448055264
2025-08-24T16:35:13.182000,0.0,0.06557902181521058,0.08632524800486863,31.856265270676992,399.36,51.1,1.4751938604260189,-0.0707624455521628,-0.11468015050280121,-0.033511706471593114,1.2873512841588768,0.08140691735884051,0.1760852119067055,-0.07129180518171353,1.1955324365453657,0.15067841025963394,-0.09052236012311145,0.17532706292757574,1.1767793412848377,-0.06810147629624091,-0.13697984286625942,0.43778921448055264
2025-08-24T16:35:14.182000,0.0,0.05361433909274638,0.06723081204108894,37.185331012691634,399.36,51.1,1.4751938604260189,-0.0707624455521628,-0.11468015050280121,-0.033511706471593114,1.2873512841588768,0.08140691735884051,0.1760852119067055,-0.07129180518171353,1.1955324365453657,0.15067841025963394,-0.09052236012311145,0.17532706292757574,1.1767793412848377,-0.06810147629624091,-0.13697984286625942,0.43778921448055264
2025-08-24T16:35:15.184000,0.0,0.04217676701955497,0.06717907194979489,33.49257342646077,399.36,51.1,1.4751938604260189,-0.0707624455521628,-0.11468015050280121,-0.033511706471593114,1.2873512841588768,0.08140691735884051,0.1760852119067055,-0.07129180518171353,1.1955324365453657,0.15067841025963394,-0.09052236012311145,0.17532706292757574,1.1767793412848377,-0.06810147629624091,-0.13697984286625942,0.43778921448055264
2025-08-24T16:35:16.181000,0.0,0.042117377975955606,0.06635533389635384,33.90835171614789,399.36,51.1,1.4751938604260189,-0.0707624455521628,-0.11468015050280121,-0.033511706471593114,1.2873512841588768,0.08140691735884051,0.1760852119067055,-0.07129180518171353,1.1955324365453657,0.15067841025963394,-0.09052236012311145,0.17532706292757574,1.1767793412848377,-0.06810147629624091,-0.13697984286625942,0.43778921448055264
2025-08-24T16:35:17.192000,0.0,0.04166721296496689,0.06650140695273876,37.593189596374216,399.36,51.1,1.4751938604260189,-0.0707624455521628,-0.11468015050280121,-0.033511706471593114,1.2873512841588768,0.08140691735884051,0.1760852119067055,-0.07129180518171353,1.1955324365453657,0.15067841025963394,-0.09052236012311145,0.17532706292757574,1.1767793412848377,-0.06810147629624091,-0.13697984286625942,0.43778921448055264
2025-08-24T16:35:18.192000,0.0,0.04168856400065124,0.06802488397806883,36.751257095946606,399.36,51.1,1.4751938604260189,-0.0707624455521628,-0.11468015050280121,-0.033511706471593114,1.2873512841588768,0.08140691735884051,0.1760852119067055,-0.07129180518171353,1.1955324365453657,0.15067841025963394,-0.09052236012311145,0.17532706292757574,1.1767793412848377,-0.06810147629624091,-0.13697984286625942,0.43778921448055264
2025-08-24T16:35:19.193000,0.0,0.04145511984825134,0.06936323107220232,36.04215030579559,399.36,51.1,1.4751938604260189,-0.0707624455521628,-0.11468015050280121,-0.033511706471593114,1.2873512841588768,0.08140691735884051,0.1760852119067055,-0.07129180518171353,1.1955324365453657,0.15067841025963394,-0.09052236012311145,0.17532706292757574,1.1767793412848377,-0.06810147629624091,-0.13697984286625942,0.43778921448055264
2025-08-24T16:35:20.161000,0.0,0.04176010098308325,0.06825445708818734,36.627644649928904,399.36,51.1,1.4751938604260189,-0.0707624455521628,-0.11468015050280121,-0.033511706471593114,1.2873512841588768,0.08140691735884051,0.1760852119067055,-0.07129180518171353,1.1955324365453657,0.15067841025963394,-0.09052236012311145,0.17532706292757574,1.1767793412848377,-0.06810147629624091,-0.13697984286625942,0.43778921448055264
2025-08-24T16:35:21.172000,0.0,0.04168069385923445,0.06916402815841138,36.14595717696061,399.36,51.1,1.4751938604260189,-0.0707624455521628,-0.11468015050280121,-0.033511706471593114,1.2873512841588768,0.08140691735884051,0.1760852119067055,-0.07129180518171353,1.1955324365453657,0.15067841025963394,-0.09052236012311145,0.17532706292757574,1.1767793412848377,-0.06810147629624091,-0.13697984286625942,0.43778921448055264
2025-08-24T16:35:22.172000,0.0,0.04270137590356171,0.06802812521345913,36.74950606319708,399.36,51.1,1.4751938604260189,-0.0707624455521628,-0.11468015050280121,-0.033511706471593114,1.2873512841588768,0.08140691735884051,0.1760852119067055,-0.07129180518171353,1.1955324365453657,0.15067841025963394,-0.09052236012311145,0.17532706292757574,1.1767793412848377,-0.06810147629624091,-0.13697984286625942,0.43778921448055264
2025-08-24T16:35:23.183000,0.0,0.04290941194631159,0.0668554799631238,37.39409247198566,399.36,51.1,1.4751938604260189,-0.0707624455521628,-0.11468015050280121,-0.033511706471593114,1.2873512841588768,0.08140691735884051,0.1760852119067055,-0.07129180518171353,1.1955324365453657,0.15067841025963394,-0.09052236012311145,0.17532706292757574,1.1767793412848377,-0.06810147629624091,-0.13697984286625942,0.43778921448055264
2025-08-24T16:35:24.194000,0.0,0.04215537803247571,0.06643046298995614,33.87000328960799,399.36,51.1,1.4751938604260189,-0.0707624455521628,-0.11468015050280121,-0.033511706471593114,1.2873512841588768,0.08140691735884051,0.1760852119067055,-0.07129180518171353,1.1955324365453657,0.15067841025963394,-0.09052236012311145,0.17532706292757574,1.1767793412848377,-0.06810147629624091,-0.13697984286625942,0.43778921448055264
2025-08-24T16:35:25.193000,0.0,0.04160939692519605,0.06688075792044401,33.641963248627164,399.36,51.1,1.4751938604260189,-0.0707624455521628,-0.11468015050280121,-0.033511706471593114,1.2873512841588768,0.08140691735884051,0.1760852119067055,-0.07129180518171353,1.1955324365453657,0.15067841025963394,-0.09052236012311145,0.17532706292757574,1.1767793412848377,-0.06810147629624091,-0.13697984286625942,0.43778921448055264
2025-08-24T16:35:26.192000,0.0,0.042279172921553254,0.06569552095606923,34.24891023399567,399.36,51.1,1.4751938604260189,-0.0707624455521628,-0.11468015050280121,-0.033511706471593114,1.2873512841588768,0.08140691735884051,0.1760852119067055,-0.07129180518171353,1.1955324365453657,0.15067841025963394,-0.09052236012311145,0.17532706292757574,1.1767793412848377,-0.06810147629624091,-0.13697984286625942,0.43778921448055264
2025-08-24T16:35:27.193000,0.0,0.04115663981065154,0.0697806179523468,35.82656722397165,399.36,51.1,1.4751938604260189,-0.0707624455521628,-0.11468015050280121,-0.033511706471593114,1.2873512841588768,0.08140691735884051,0.1760852119067055,-0.07129180518171353,1.1955324365453657,0.15067841025963394,-0.09052236012311145,0.17532706292757574,1.1767793412848377,-0.06810147629624091,-0.13697984286625942,0.43778921448055264
2025-08-24T16:35:28.163000,0.0,0.04230813588947058,0.07072659698314965,35.34738141855816,399.36,51.1,1.4751938604260189,-0.0707624455521628,-0.11468015050280121,-0.033511706471593114,1.2873512841588768,0.08140691735884051,0.1760852119067055,-0.07129180518171353,1.1955324365453657,0.15067841025963394,-0.09052236012311145,0.17532706292757574,1.1767793412848377,-0.06810147629624091,-0.13697984286625942,0.43778921448055264
2025-08-24T16:35:29.164000,0.0,0.043561872793361545,0.07060881983488798,35.40634167014771,399.36,51.1,1.4751938604260189,-0.0707624455521628,-0.11468015050280121,-0.033511706471593114,1.2873512841588768,0.08140691735884051,0.1760852119067055,-0.07129180518171353,1.1955324365453657,0.15067841025963394,-0.09052236012311145,0.17532706292757574,1.1767793412848377,-0.06810147629624091,-0.13697984286625942,0.43778921448055264
2025-08-24T16:35:30.164000,0.0,0.042713728034868836,0.06913737999275327,36.15988919831901,399.36,51.1,1.4751938604260189,-0.0707624455521628,-0.11468015050280121,-0.033511706471593114,1.2873512841588768,0.08140691735884051,0.1760852119067055,-0.07129180518171353,1.1955324365453657,0.15067841025963394,-0.09052236012311145,0.17532706292757574,1.1767793412848377,-0.06810147629624091,-0.13697984286625942,0.43778921448055264
2025-08-24T16:35:31.162000,0.0,0.04151461995206773,0.0678618848323822,36.83953085262674,399.36,51.1,1.4751938604260189,-0.0707624455521628,-0.11468015050280121,-0.033511706471593114,1.2873512841588768,0.08140691735884051,0.1760852119067055,-0.07129180518171353,1.1955324365453657,0.15067841025963394,-0.09052236012311145,0.17532706292757574,1.1767793412848377,-0.06810147629624091,-0.13697984286625942,0.43778921448055264
2025-08-24T16:35:32.184000,0.0,0.04204445192590356,0.06853404897265136,36.478218308649254,399.36,51.1,1.4751938604260189,-0.0707624455521628,-0.11468015050280121,-0.033511706471593114,1.2873512841588768,0.08140691735884051,0.1760852119067055,-0.07129180518171353,1.1955324365453657,0.15067841025963394,-0.09052236012311145,0.17532706292757574,1.1767793412848377,-0.06810147629624091,-0.13697984286625942,0.43778921448055264
2025-08-24T16:35:33.183000,0.0,0.043074523098766804,0.08099276619032025,33.95364955850401,399.36,51.1,1.4751938604260189,-0.0707624455521628,-0.11468015050280121,-0.033511706471593114,1.2873512841588768,0.08140691735884051,0.1760852119067055,-0.07129180518171353,1.1955324365453657,0.15067841025963394,-0.09052236012311145,0.17532706292757574,1.1767793412848377,-0.06810147629624091,-0.13697984286625942,0.43778921448055264
2025-08-24T16:35:34.185000,0.0,0.055481852032244205,0.06700870208442211,33.57772841451687,399.36,51.1,1.4751938604260189,-0.0707624455521628,-0.11468015050280121,-0.033511706471593114,1.2873512841588768,0.08140691735884051,0.1760852119067055,-0.07129180518171353,1.1955324365453657,0.15067841025963394,-0.09052236012311145,0.17532706292757574,1.1767793412848377,-0.06810147629624091,-0.13697984286625942,0.43778921448055264
2025-08-24T16:35:35.194000,0.0,0.04203554498963058,0.06649322295561433,37.59781657250621,399.36,51.1,1.4751938604260189,-0.0707624455521628,-0.11468015050280121,-0.033511706471593114,1.2873512841588768,0.08140691735884051,0.1760852119067055,-0.07129180518171353,1.1955324365453657,0.15067841025963394,-0.09052236012311145,0.17532706292757574,1.1767793412848377,-0.06810147629624091,-0.13697984286625942,0.43778921448055264
2025-08-24T16:35:36.194000,0.0,0.041652824031189084,0.06626568688079715,33.954224364223926,399.36,51.1,1.4751938604260189,-0.0707624455521628,-0.11468015050280121,-0.033511706471593114,1.2873512841588768,0.08140691735884051,0.1760852119067055,-0.07129180518171353,1.1955324365453657,0.15067841025963394,-0.09052236012311145,0.17532706292757574,1.1767793412848377,-0.06810147629624091,-0.13697984286625942,0.43778921448055264
2025-08-24T16:35:37.194000,0.0,0.04131860309280455,0.067066719988361,33.548681080429596,399.36,51.1,1.4751938604260189,-0.0707624455521628,-0.11468015050280121,-0.033511706471593114,1.2873512841588768,0.08140691735884051,0.1760852119067055,-0.07129180518171353,1.1955324365453657,0.15067841025963394,-0.09052236012311145,0.17532706292757574,1.1767793412848377,-0.06810147629624091,-0.13697984286625942,0.43778921448055264
2025-08-24T16:35:38.194000,0.0,0.04207834089174867,0.06638277904130518,37.660369693839826,399.36,51.1,1.4751938604260189,-0.0707624455521628,-0.11468015050280121,-0.033511706471593114,1.2873512841588768,0.08140691735884051,0.1760852119067055,-0.07129180518171353,1.1955324365453657,0.15067841025963394,-0.09052236012311145,0.17532706292757574,1.1767793412848377,-0.06810147629624091,-0.13697984286625942,0.43778921448055264
2025-08-24T16:35:39.195000,0.0,0.041491732001304626,0.06622696411795914,33.974077325852406,399.36,51.1,1.4751938604260189,-0.0707624455521628,-0.11468015050280121,-0.033511706471593114,1.2873512841588768,0.08140691735884051,0.1760852119067055,-0.07129180518171353,1.1955324365453657,0.15067841025963394,-0.09052236012311145,0.17532706292757574,1.1767793412848377,-0.06810147629624091,-0.13697984286625942,0.43778921448055264
2025-08-24T16:35:40.193000,0.0,0.04125212202779949,0.06649111094884574,33.8391097380071,399.36,51.1,1.4751938604260189,-0.0707624455521628,-0.11468015050280121,-0.033511706471593114,1.2873512841588768,0.08140691735884051,0.1760852119067055,-0.07129180518171353,1.1955324365453657,0.15067841025963394,-0.09052236012311145,0.17532706292757574,1.1767793412848377,-0.06810147629624091,-0.13697984286625942,0.43778921448055264
2025-08-24T16:36:03.625000,0.0,,0.3523415301460773,4.966771868404018,389.12,50.0,0.22239923711200538,0.07668483663031002,0.03925070706206788,0.2156775290734488
2025-08-24T16:36:04.625000,0.0,0.014623895986005664,0.048194765113294125,25.93642685178626,389.12,50.0,0.22239923711200538,0.07668483663031002,0.03925070706206788,0.2156775290734488
2025-08-24T16:36:05.624000,0.0,0.01170944212935865,0.04592645796947181,27.217426626519213,389.12,50.0,0.22239923711200538,0.07668483663031002,0.03925070706206788,0.2156775290734488
2025-08-24T16:36:06.635000,0.0,0.010909814853221178,0.0463189750444144,26.986780229947144,389.12,50.0,0.22239923711200538,0.07668483663031002,0.03925070706206788,0.2156775290734488
2025-08-24T16:36:07.635000,0.0,0.010629112832248211,0.04579231096431613,27.297159144776206,389.12,50.0,0.22239923711200538,0.07668483663031002,0.03925070706206788,0.2156775290734488
2025-08-24T16:36:08.636000,0.0,0.011453184066340327,0.04824832105077803,31.08916470733399,389.12,50.0,0.22239923711200538,0.07668483663031002,0.03925070706206788,0.2156775290734488
2025-08-24T16:36:09.624000,0.0,0.01239003287628293,0.04813509900122881,31.1622917813416,389.12,50.0,0.22239923711200538,0.07668483663031002,0.03925070706206788,0.2156775290734488
2025-08-24T16:36:10.627000,0.0,0.011789219919592142,0.04785010009072721,26.123247341801342,389.12,50.0,0.22239923711200538,0.07668483663031002,0.03925070706206788,0.2156775290734488
2025-08-24T16:36:11.626000,0.0,0.011628313921391964,0.048448653891682625,30.96061251471681,389.12,50.0,0.22239923711200538,0.07668483663031002,0.03925070706206788,0.2156775290734488
2025-08-24T16:36:12.627000,0.0,0.012546718120574951,0.0476170820184052,31.501300298498442,389.12,50.0,0.22239923711200538,0.07668483663031002,0.03925070706206788,0.2156775290734488
2025-08-24T16:36:13.627000,0.0,0.012588607147336006,0.04795748880133033,26.064750912589457,389.12,50.0,0.22239923711200538,0.07668483663031002,0.03925070706206788,0.2156775290734488
2025-08-24T16:36:14.626000,0.0,0.011833033990114927,0.04779791506007314,31.382121963160735,389.12,50.0,0.22239923711200538,0.07668483663031002,0.03925070706206788,0.2156775290734488
2025-08-24T16:36:15.626000,0.0,0.011991052888333797,0.046203383011743426,27.054295995649326,389.12,50.0,0.22239923711200538,0.07668483663031002,0.03925070706206788,0.2156775290734488
2025-08-24T16:36:16.625000,0.0,0.01188007090240717,0.045277165016159415,27.607735589316345,389.12,50.0,0.22239923711200538,0.07668483663031002,0.03925070706206788,0.2156775290734488
2025-08-24T16:36:17.626000,0.0,0.01124533312395215,0.047550582094118,31.545355155295095,389.12,50.0,0.22239923711200538,0.07668483663031002,0.03925070706206788,0.2156775290734488
2025-08-24T16:36:18.627000,0.0,0.011890719877555966,0.044102482963353395,28.34307540096314,389.12,50.0,0.22239923711200538,0.07668483663031002,0.03925070706206788,0.2156775290734488
2025-08-24T16:36:19.635000,0.0,0.011195295955985785,0.0432643189560622,28.89216865448584,389.12,50.0,0.22239923711200538,0.07668483663031002,0.03925070706206788,0.2156775290734488
2025-08-24T16:36:20.636000,0.0,0.010678816121071577,0.044543426018208265,28.062502410322093,389.12,50.0,0.22239923711200538,0.07668483663031002,0.03925070706206788,0.2156775290734488
2025-08-24T16:36:21.627000,0.0,0.011329851811751723,0.0466821959707886,32.13216449668911,389.12,50.0,0.22239923711200538,0.07668483663031002,0.03925070706206788,0.2156775290734488
2025-08-24T16:36:22.636000,0.0,0.01163873914629221,0.04628997505642474,27.00368705051886,389.12,50.0,0.22239923711200538,0.07668483663031002,0.03925070706206788,0.2156775290734488
2025-08-24T16:36:23.638000,0.0,0.011049222899600863,0.04636291996575892,32.35344109274793,389.12,50.0,0.22239923711200538,0.07668483663031002,0.03925070706206788,0.2156775290734488
2025-08-24T16:36:24.637000,0.0,0.010857946006581187,0.04571292200125754,32.813478866189044,389.12,50.0,0.22239923711200538,0.07668483663031002,0.03925070706206788,0.2156775290734488
2025-08-24T16:36:25.639000,0.0,0.010809927014634013,0.04445825982838869,28.116260169089873,389.12,50.0,0.22239923711200538,0.07668483663031002,0.03925070706206788,0.2156775290734488
2025-08-24T16:36:26.647000,0.0,0.011642720084637403,0.04322661482729018,28.917369657427194,389.12,50.0,0.22239923711200538,0.07668483663031002,0.03925070706206788,0.2156775290734488
2025-08-24T16:36:27.658000,0.0,0.012197606964036822,0.044385778019204736,28.162173916589367,389.12,50.0,0.22239923711200538,0.07668483663031002,0.03925070706206788,0.2156775290734488
2025-08-24T16:36:28.658000,0.0,0.012854791013523936,0.04362272494472563,34.385747380537616,389.12,50.0,0.22239923711200538,0.07668483663031002,0.03925070706206788,0.2156775290734488
2025-08-24T16:36:29.659000,0.0,0.011657961877062917,0.0429676529020071,23.273321497933416,389.12,50.0,0.22239923711200538,0.07668483663031002,0.03925070706206788,0.2156775290734488
2025-08-24T16:36:30.658000,0.0,0.011685608886182308,0.043342597084119916,28.83998846617234,389.12,50.0,0.22239923711200538,0.07668483663031002,0.03925070706206788,0.2156775290734488
2025-08-24T16:36:31.657000,0.0,0.012045459821820259,0.04639525292441249,32.33089390511189,389.12,50.0,0.22239923711200538,0.07668483663031002,0.03925070706206788,0.2156775290734488
2025-08-24T16:36:32.636000,0.0,0.010721279075369239,0.0464515860658139,32.29168532318295,389.12,50.0,0.22239923711200538,0.07668483663031002,0.03925070706206788,0.2156775290734488
2025-08-24T16:36:33.638000,0.0,0.010543706128373742,0.04320567101240158,23.145109810074302,389.12,50.0,0.22239923711200538,0.07668483663031002,0.03925070706206788,0.2156775290734488
2025-08-24T16:36:34.658000,0.0,0.011912626912817359,0.04363659489899874,28.6456815178448,389.12,50.0,0.22239923711200538,0.07668483663031002,0.03925070706206788,0.2156775290734488
2025-08-24T16:36:35.659000,0.0,0.011279185069724917,0.04273880203254521,29.247427175149976,389.12,50.0,0.22239923711200538,0.07668483663031002,0.03925070706206788,0.2156775290734488
2025-08-24T16:36:36.659000,0.0,0.011382203083485365,0.043964334996417165,28.43213709707847,389.12,50.0,0.22239923711200538,0.07668483663031002,0.03925070706206788,0.2156775290734488
2025-08-24T16:36:37.658000,0.0,0.012360495980829,0.04322617081925273,28.917666689164008,389.12,50.0,0.22239923711200538,0.07668483663031002,0.03925070706206788,0.2156775290734488
2025-08-24T16:36:38.658000,0.0,0.011101296171545982,0.04389646486379206,22.780877756395988,389.12,50.0,0.22239923711200538,0.07668483663031002,0.03925070706206788,0.2156775290734488
2025-08-24T16:36:39.658000,0.0,0.011546517023816705,0.04348376300185919,28.746362175383222,389.12,50.0,0.22239923711200538,0.07668483663031002,0.03925070706206788,0.2156775290734488
2025-08-24T16:36:40.650000,0.0,0.010683094151318073,0.0487875419203192,25.62129492077184,389.12,50.0,0.22239923711200538,0.07668483663031002,0.03925070706206788,0.2156775290734488
2025-08-24T16:36:41.650000,0.0,0.016440185951068997,0.05114536685869098,29.3281697273645,389.12,50.0,0.22239923711200538,0.07668483663031002,0.03925070706206788,0.2156775290734488
2025-08-24T16:36:42.640000,0.0,0.014103211928158998,0.04793624812737107,31.291560324335947,389.12,50.0,0.22239923711200538,0.07668483663031002,0.03925070706206788,0.2156775290734488
2025-08-24T16:36:43.640000,0.0,0.014688174007460475,0.04809898813255131,25.98807269199136,389.12,50.0,0.22239923711200538,0.07668483663031002,0.03925070706206788,0.2156775290734488
2025-08-24T16:36:44.641000,0.0,0.014270916115492582,0.046964159002527595,26.61604139302789,389.12,50.0,0.22239923711200538,0.07668483663031002,0.03925070706206788,0.2156775290734488
2025-08-24T16:36:45.640000,0.0,0.013019031146541238,0.04502627602778375,27.761567472928412,389.12,50.0,0.22239923711200538,0.07668483663031002,0.03925070706206788,0.2156775290734488
2025-08-24T16:36:46.641000,0.0,0.011932868044823408,0.04395731701515615,28.436676414282232,389.12,50.0,0.22239923711200538,0.07668483663031002,0.03925070706206788,0.2156775290734488
2025-08-24T16:36:47.652000,0.0,0.011613517068326473,0.04315068991854787,34.761900744377414,389.12,50.0,0.22239923711200538,0.07668483663031002,0.03925070706206788,0.2156775290734488
2025-08-24T16:36:48.661000,0.0,0.01162234996445477,0.04664403083734214,21.438970475926396,389.12,50.0,0.22239923711200538,0.07668483663031002,0.03925070706206788,0.2156775290734488
2025-08-24T16:36:49.631000,0.0,0.010517260991036892,0.04365818784572184,28.63151362161973,389.12,50.0,0.22239923711200538,0.07668483663031002,0.03925070706206788,0.2156775290734488
2025-08-24T16:36:50.663000,0.0,0.011961885960772634,0.04313987516798079,28.97551268131139,389.12,50.0,0.22239923711200538,0.07668483663031002,0.03925070706206788,0.2156775290734488
2025-08-24T16:36:51.661000,0.0,0.011740183923393488,0.04309515282511711,29.005582253590173,389.12,50.0,0.22239923711200538,0.07668483663031002,0.03925070706206788,0.2156775290734488
2025-08-24T16:36:52.662000,0.0,0.011717165121808648,0.04391694697551429,34.15537971791006,389.12,50.0,0.22239923711200538,0.07668483663031002,0.03925070706206788,0.2156775290734488
2025-08-24T16:36:53.652000,0.0,0.011649479856714606,0.044015242950990796,22.719402028827314,389.12,50.0,0.22239923711200538,0.07668483663031002,0.03925070706206788,0.2156775290734488
2025-08-24T16:36:54.651000,0.0,0.011451906058937311,0.04509857203811407,27.71706383394152,389.12,50.0,0.22239923711200538,0.07668483663031002,0.03925070706206788,0.2156775290734488
2025-08-24T16:36:55.653000,0.0,0.01138768414966762,0.04332170798443258,28.853894690606346,389.12,50.0,0.22239923711200538,0.07668483663031002,0.03925070706206788,0.2156775290734488
2025-08-24T16:36:56.661000,0.0,0.011728571960702538,0.0431380420923233,34.772092734058106,389.12,50.0,0.22239923711200538,0.07668483663031002,0.03925070706206788,0.2156775290734488
2025-08-24T16:36:57.661000,0.0,0.011470776051282883,0.04341452312655747,28.792208458818003,389.12,50.0,0.22239923711200538,0.07668483663031002,0.03925070706206788,0.2156775290734488
2025-08-24T16:36:58.661000,0.0,0.011774813057854772,0.043341690208762884,28.84059190998719,389.12,50.0,0.22239923711200538,0.07668483663031002,0.03925070706206788,0.2156775290734488
2025-08-24T16:37:21.694000,0.0,,0.3568423930555582,4.904125838343267,389.12,50.4,0.2599068172009208,0.05211247526365314,0.06703152531376558,0.3254084382146078,0.17870098546442997,0.4057112520112676,0.6320177049007459
2025-08-24T16:37:22.694000,0.0,0.02134502213448286,0.05300745414569974,33.01422466338118,389.12,50.4,0.2599068172009208,0.05211247526365314,0.06703152531376558,0.3254084382146078,0.17870098546442997,0.4057112520112676,0.6320177049007459
2025-08-24T16:37:23.694000,0.0,0.01910808519460261,0.05114195984788239,29.330123531863872,389.12,50.4,0.2599068172009208,0.05211247526365314,0.06703152531376558,0.3254084382146078,0.17870098546442997,0.4057112520112676,0.6320177049007459
2025-08-24T16:37:24.704000,0.0,0.019694583024829626,0.05264888098463416,33.23907303007548,389.12,50.4,0.2599068172009208,0.05211247526365314,0.06703152531376558,0.3254084382146078,0.17870098546442997,0.4057112520112676,0.6320177049007459
2025-08-24T16:37:25.694000,0.0,0.01859553111717105,0.050592740066349506,34.58994309667801,389.12,50.4,0.2599068172009208,0.05211247526365314,0.06703152531376558,0.3254084382146078,0.17870098546442997,0.4057112520112676,0.6320177049007459
2025-08-24T16:37:26.703000,0.0,0.01940684299916029,0.05603464785963297,31.23067721213783,389.12,50.4,0.2599068172009208,0.05211247526365314,0.06703152531376558,0.3254084382146078,0.17870098546442997,0.4057112520112676,0.6320177049007459
2025-08-24T16:37:27.706000,0.0,0.024423679104074836,0.05672707105986774,26.442401695955102,389.12,50.4,0.2599068172009208,0.05211247526365314,0.06703152531376558,0.3254084382146078,0.17870098546442997,0.4057112520112676,0.6320177049007459
2025-08-24T16:37:28.704000,0.0,0.024709454970434308,0.06087435386143625,28.747738398725375,389.12,50.4,0.2599068172009208,0.05211247526365314,0.06703152531376558,0.3254084382146078,0.17870098546442997,0.4057112520112676,0.6320177049007459
2025-08-24T16:37:29.684000,0.0,0.02503543603233993,0.06096500181593001,32.80570721606059,389.12,50.4,0.2599068172009208,0.05211247526365314,0.06703152531376558,0.3254084382146078,0.17870098546442997,0.4057112520112676,0.6320177049007459
2025-08-24T16:37:30.683000,0.0,0.024831342976540327,0.05868984293192625,29.81776594682269,399.36,50.4,0.2599068172009208,0.05211247526365314,0.06703152531376558,0.3254084382146078,0.17870098546442997,0.4057112520112676,0.6320177049007459
2025-08-24T16:37:31.694000,0.0,0.02459360403008759,0.06081639090552926,28.775137326356898,399.36,50.4,0.2599068172009208,0.05211247526365314,0.06703152531376558,0.3254084382146078,0.17870098546442997,0.4057112520112676,0.6320177049007459
2025-08-24T16:37:32.684000,0.0,0.024768029805272818,0.06017759698443115,29.080589583076215,399.36,50.4,0.2599068172009208,0.05211247526365314,0.06703152531376558,0.3254084382146078,0.17870098546442997,0.4057112520112676,0.6320177049007459
2025-08-24T16:37:33.685000,0.0,0.025010398821905255,0.05780473491176963,30.27433656898658,399.36,50.4,0.2599068172009208,0.05211247526365314,0.06703152531376558,0.3254084382146078,0.17870098546442997,0.4057112520112676,0.6320177049007459
2025-08-24T16:37:34.695000,0.0,0.02463334403000772,0.06181370303966105,24.26646400778699,399.36,50.4,0.2599068172009208,0.05211247526365314,0.06703152531376558,0.3254084382146078,0.17870098546442997,0.4057112520112676,0.6320177049007459
2025-08-24T16:37:35.705000,0.0,0.03002343699336052,0.06358095607720315,23.59196986875431,399.36,50.4,0.2599068172009208,0.05211247526365314,0.06703152531376558,0.3254084382146078,0.17870098546442997,0.4057112520112676,0.6320177049007459
2025-08-24T16:37:36.715000,0.0,0.03055378794670105,0.06411776994355023,27.293525672223478,399.36,50.4,0.2599068172009208,0.05211247526365314,0.06703152531376558,0.3254084382146078,0.17870098546442997,0.4057112520112676,0.6320177049007459
2025-08-24T16:37:37.686000,0.0,0.02819848107174039,0.06039083702489734,28.977906023699163,399.36,50.4,0.2599068172009208,0.05211247526365314,0.06703152531376558,0.3254084382146078,0.17870098546442997,0.4057112520112676,0.6320177049007459
2025-08-24T16:37:38.687000,0.0,0.02511984296143055,0.06023317202925682,29.053757938399567,399.36,50.4,0.2599068172009208,0.05211247526365314,0.06703152531376558,0.3254084382146078,0.17870098546442997,0.4057112520112676,0.6320177049007459
2025-08-24T16:37:39.682000,0.0,0.024719104170799255,0.0593569150660187,29.48266428694281,399.36,50.4,0.2599068172009208,0.05211247526365314,0.06703152531376558,0.3254084382146078,0.17870098546442997,0.4057112520112676,0.6320177049007459
2025-08-24T16:37:40.711000,0.0,0.019917119992896914,0.051211811834946275,29.290117772720308,399.36,50.4,0.2599068172009208,0.05211247526365314,0.06703152531376558,0.3254084382146078,0.17870098546442997,0.4057112520112676,0.6320177049007459
2025-08-24T16:37:41.711000,0.0,0.019540471956133842,0.05127331195399165,29.25498554386317,399.36,50.4,0.2599068172009208,0.05211247526365314,0.06703152531376558,0.3254084382146078,0.17870098546442997,0.4057112520112676,0.6320177049007459
2025-08-24T16:37:42.702000,0.0,0.018979048123583198,0.05115079414099455,34.21256755420496,399.36,50.4,0.2599068172009208,0.05211247526365314,0.06703152531376558,0.3254084382146078,0.17870098546442997,0.4057112520112676,0.6320177049007459
2025-08-24T16:37:43.700000,0.0,0.018808198161423206,0.05068792519159615,29.59284670520912,399.36,50.4,0.2599068172009208,0.05211247526365314,0.06703152531376558,0.3254084382146078,0.17870098546442997,0.4057112520112676,0.6320177049007459
2025-08-24T16:37:44.710000,0.0,0.019286677008494735,0.05078844400122762,29.534277521157286,399.36,50.4,0.2599068172009208,0.05211247526365314,0.06703152531376558,0.3254084382146078,0.17870098546442997,0.4057112520112676,0.6320177049007459
2025-08-24T16:37:45.711000,0.0,0.019273102981969714,0.050879128044471145,29.481637316758462,399.36,50.4,0.2599068172009208,0.05211247526365314,0.06703152531376558,0.3254084382146078,0.17870098546442997,0.4057112520112676,0.6320177049007459
2025-08-24T16:37:46.711000,0.0,0.019202307099476457,0.050854275934398174,34.412052238389954,399.36,50.4,0.2599068172009208,0.05211247526365314,0.06703152531376558,0.3254084382146078,0.17870098546442997,0.4057112520112676,0.6320177049007459
2025-08-24T16:37:47.712000,0.0,0.019205454969778657,0.050359888933598995,29.785609773243372,399.36,50.4,0.2599068172009208,0.05211247526365314,0.06703152531376558,0.3254084382146078,0.17870098546442997,0.4057112520112676,0.6320177049007459
2025-08-24T16:37:48.710000,0.0,0.01879364112392068,0.05820223409682512,25.77220657036242,399.36,50.4,0.2599068172009208,0.05211247526365314,0.06703152531376558,0.3254084382146078,0.17870098546442997,0.4057112520112676,0.6320177049007459
2025-08-24T16:37:49.701000,0.0,0.02592208096757531,0.0574884950183332,26.092177217747913,399.36,50.4,0.2599068172009208,0.05211247526365314,0.06703152531376558,0.3254084382146078,0.17870098546442997,0.4057112520112676,0.6320177049007459
2025-08-24T16:37:50.701000,0.0,0.024468992836773396,0.056489350041374564,30.979290763981123,399.36,50.4,0.2599068172009208,0.05211247526365314,0.06703152531376558,0.3254084382146078,0.17870098546442997,0.4057112520112676,0.6320177049007459
2025-08-24T16:37:51.712000,0.0,0.024815566139295697,0.05649879504926503,22.124365641958562,399.36,50.4,0.2599068172009208,0.05211247526365314,0.06703152531376558,0.3254084382146078,0.17870098546442997,0.4057112520112676,0.6320177049007459
2025-08-24T16:37:52.712000,0.0,0.02498073293827474,0.060494947945699096,28.928035471173985,399.36,50.4,0.2599068172009208,0.05211247526365314,0.06703152531376558,0.3254084382146078,0.17870098546442997,0.4057112520112676,0.6320177049007459
2025-08-24T16:37:53.682000,0.0,0.025125453947111964,0.06037650420330465,28.984785109572115,399.36,50.4,0.2599068172009208,0.05211247526365314,0.06703152531376558,0.3254084382146078,0.17870098546442997,0.4057112520112676,0.6320177049007459
2025-08-24T16:37:54.682000,0.0,0.025228732032701373,0.05668042413890362,30.87485717663964,399.36,50.4,0.2599068172009208,0.05211247526365314,0.06703152531376558,0.3254084382146078,0.17870098546442997,0.4057112520112676,0.6320177049007459
2025-08-24T16:37:55.712000,0.0,0.02490480593405664,0.0563640920445323,31.04813608311764,399.36,50.4,0.2599068172009208,0.05211247526365314,0.06703152531376558,0.3254084382146078,0.17870098546442997,0.4057112520112676,0.6320177049007459
2025-08-24T16:37:56.712000,0.0,0.024788769893348217,0.06103150197304785,28.67371674340796,399.36,50.4,0.2599068172009208,0.05211247526365314,0.06703152531376558,0.3254084382146078,0.17870098546442997,0.4057112520112676,0.6320177049007459
2025-08-24T16:37:57.682000,0.0,0.0257055819965899,0.06034587509930134,24.856711374748702,399.36,50.4,0.2599068172009208,0.05211247526365314,0.06703152531376558,0.3254084382146078,0.17870098546442997,0.4057112520112676,0.6320177049007459
2025-08-24T16:37:58.683000,0.0,0.02452306798659265,0.06051192921586335,28.919917488619685,399.36,50.4,0.2599068172009208,0.05211247526365314,0.06703152531376558,0.3254084382146078,0.17870098546442997,0.4057112520112676,0.6320177049007459
2025-08-24T16:37:59.683000,0.0,0.025090120965614915,0.06020731991156936,29.066233185106206,399.36,50.4,0.2599068172009208,0.05211247526365314,0.06703152531376558,0.3254084382146078,0.17870098546442997,0.4057112520112676,0.6320177049007459
2025-08-24T16:38:00.693000,0.0,0.02444914192892611,0.059469971107319,29.426615944406166,399.36,50.4,0.2599068172009208,0.05211247526365314,0.06703152531376558,0.3254084382146078,0.17870098546442997,0.4057112520112676,0.6320177049007459
2025-08-24T16:38:01.692000,0.0,0.024888751097023487,0.05901685985736549,29.65254342961382,399.36,50.4,0.2599068172009208,0.05211247526365314,0.06703152531376558,0.3254084382146078,0.17870098546442997,0.4057112520112676,0.6320177049007459
2025-08-24T16:38:02.693000,0.0,0.02483804803341627,0.05945741501636803,29.4328301948244,399.36,50.4,0.2599068172009208,0.05211247526365314,0.06703152531376558,0.3254084382146078,0.17870098546442997,0.4057112520112676,0.6320177049007459
2025-08-24T16:38:03.692000,0.0,0.025226194877177477,0.05927328602410853,29.524261558372526,399.36,50.4,0.2599068172009208,0.05211247526365314,0.06703152531376558,0.3254084382146078,0.17870098546442997,0.4057112520112676,0.6320177049007459
2025-08-24T16:38:04.692000,0.0,0.024435807950794697,0.05943517410196364,29.443844094706634,389.12,50.4,0.2599068172009208,0.05211247526365314,0.06703152531376558,0.3254084382146078,0.17870098546442997,0.4057112520112676,0.6320177049007459
2025-08-24T16:38:05.693000,0.0,0.024912287946790457,0.059678895864635706,25.134513269185277,389.12,50.4,0.2599068172009208,0.05211247526365314,0.06703152531376558,0.3254084382146078,0.17870098546442997,0.4057112520112676,0.6320177049007459
2025-08-24T16:38:06.692000,0.0,0.024731345009058714,0.05879956600256264,29.76212443343098,389.12,50.4,0.2599068172009208,0.05211247526365314,0.06703152531376558,0.3254084382146078,0.17870098546442997,0.4057112520112676,0.6320177049007459
2025-08-24T16:38:07.693000,0.0,0.024419698165729642,0.05946915480308235,29.42701986928548,389.12,50.4,0.2599068172009208,0.05211247526365314,0.06703152531376558,0.3254084382146078,0.17870098546442997,0.4057112520112676,0.6320177049007459
2025-08-24T16:38:08.692000,0.0,0.024768585106357932,0.05915200896561146,29.584794001118308,389.12,50.4,0.2599068172009208,0.05211247526365314,0.06703152531376558,0.3254084382146078,0.17870098546442997,0.4057112520112676,0.6320177049007459
2025-08-24T16:38:09.693000,0.0,0.02480651088990271,0.05913995299488306,29.59082500710362,389.12,50.4,0.2599068172009208,0.05211247526365314,0.06703152531376558,0.3254084382146078,0.17870098546442997,0.4057112520112676,0.6320177049007459
2025-08-24T16:38:10.694000,0.0,0.02521986118517816,0.05940128513611853,25.25197891868342,389.12,50.4,0.2599068172009208,0.05211247526365314,0.06703152531376558,0.3254084382146078,0.17870098546442997,0.4057112520112676,0.6320177049007459
2025-08-24T16:38:11.693000,0.0,0.024731992976740003,0.059686989057809114,29.319622712162225,389.12,50.4,0.2599068172009208,0.05211247526365314,0.06703152531376558,0.3254084382146078,0.17870098546442997,0.4057112520112676,0.6320177049007459
2025-08-24T16:38:12.693000,0.0,0.024581308010965586,0.059669266222044826,33.51809275745806,389.12,50.4,0.2599068172009208,0.05211247526365314,0.06703152531376558,0.3254084382146078,0.17870098546442997,0.4057112520112676,0.6320177049007459
2025-08-24T16:38:13.694000,0.0,0.02469725185073912,0.05892584286630154,29.69834481571405,389.12,50.4,0.2599068172009208,0.05211247526365314,0.06703152531376558,0.3254084382146078,0.17870098546442997,0.4057112520112676,0.6320177049007459
2025-08-24T16:38:14.694000,0.0,0.02319740504026413,0.054136211052536964,27.707886659156678,389.12,50.4,0.2599068172009208,0.05211247526365314,0.06703152531376558,0.3254084382146078,0.17870098546442997,0.4057112520112676,0.6320177049007459
2025-08-24T16:38:15.704000,0.0,0.019938175100833178,0.05246684513986111,28.589483434756012,389.12,50.4,0.2599068172009208,0.05211247526365314,0.06703152531376558,0.3254084382146078,0.17870098546442997,0.4057112520112676,0.6320177049007459
2025-08-24T16:38:16.704000,0.0,0.018834030022844672,0.052680566906929016,28.473497687487388,389.12,50.4,0.2599068172009208,0.05211247526365314,0.06703152531376558,0.3254084382146078,0.17870098546442997,0.4057112520112676,0.6320177049007459
2025-08-24T16:38:41.712000,0.0,,0.365333094028756,6.158763158267001,399.36,50.6,0.23780399476261188,0.02602784656774617,0.06569404896059237,0.23169764751315447,0.2435596432025213,0.34550065839414257,0.648300941881032,0.3345666508662628,0.037320076070098115,0.0315021908906538
2025-08-24T16:38:42.712000,0.0,0.03166102501563728,0.063914641039446,35.20320169851804,399.36,50.7,0.23780399476261188,0.02602784656774617,0.06569404896059237,0.23169764751315447,0.2435596432025213,0.34550065839414257,0.648300941881032,0.3345666508662628,0.037320076070098115,0.0315021908906538
2025-08-24T16:38:43.682000,0.0,0.028051333967596292,0.07307816692627966,27.36795522002593,399.36,50.7,0.23780399476261188,0.02602784656774617,0.06569404896059237,0.23169764751315447,0.2435596432025213,0.34550065839414257,0.648300941881032,0.3345666508662628,0.037320076070098115,0.0315021908906538
2025-08-24T16:38:44.682000,0.0,0.03714700695127249,0.07647847011685371,32.68893841861856,399.36,50.7,0.23780399476261188,0.02602784656774617,0.06569404896059237,0.23169764751315447,0.2435596432025213,0.34550065839414257,0.648300941881032,0.3345666508662628,0.037320076070098115,0.0315021908906538
2025-08-24T16:38:45.683000,0.0,0.03214822802692652,0.06237399810925126,32.064643290893414,399.36,50.7,0.23780399476261188,0.02602784656774617,0.06569404896059237,0.23169764751315447,0.2435596432025213,0.34550065839414257,0.648300941881032,0.3345666508662628,0.037320076070098115,0.0315021908906538
2025-08-24T16:38:46.683000,0.0,0.027293483959510922,0.06295740394853055,31.76751064314942,399.36,50.7,0.23780399476261188,0.02602784656774617,0.06569404896059237,0.23169764751315447,0.2435596432025213,0.34550065839414257,0.648300941881032,0.3345666508662628,0.037320076070098115,0.0315021908906538
2025-08-24T16:38:47.683000,0.0,0.027677223784849048,0.0595227109733969,29.40054260603407,399.36,50.7,0.23780399476261188,0.02602784656774617,0.06569404896059237,0.23169764751315447,0.2435596432025213,0.34550065839414257,0.648300941881032,0.3345666508662628,0.037320076070098115,0.0315021908906538
2025-08-24T16:38:48.703000,0.0,0.02635663514956832,0.05996230314485729,33.35428919680477,399.36,50.7,0.23780399476261188,0.02602784656774617,0.06569404896059237,0.23169764751315447,0.2435596432025213,0.34550065839414257,0.648300941881032,0.3345666508662628,0.037320076070098115,0.0315021908906538
2025-08-24T16:38:49.713000,0.0,0.02790151908993721,0.061504631070420146,36.58261111141117,399.36,50.7,0.23780399476261188,0.02602784656774617,0.06569404896059237,0.23169764751315447,0.2435596432025213,0.34550065839414257,0.648300941881032,0.3345666508662628,0.037320076070098115,0.0315021908906538
2025-08-24T16:38:50.693000,0.0,0.02696763281710446,0.05981784104369581,29.255485812697003,399.36,50.7,0.23780399476261188,0.02602784656774617,0.06569404896059237,0.23169764751315447,0.2435596432025213,0.34550065839414257,0.648300941881032,0.3345666508662628,0.037320076070098115,0.0315021908906538
2025-08-24T16:38:51.704000,0.0,0.02675337507389486,0.05959010007791221,29.367294193363264,399.36,50.7,0.23780399476261188,0.02602784656774617,0.06569404896059237,0.23169764751315447,0.2435596432025213,0.34550065839414257,0.648300941881032,0.3345666508662628,0.037320076070098115,0.0315021908906538
2025-08-24T16:38:52.703000,0.0,0.026517393998801708,0.05871199211105704,34.064591033070194,399.36,50.7,0.23780399476261188,0.02602784656774617,0.06569404896059237,0.23169764751315447,0.2435596432025213,0.34550065839414257,0.648300941881032,0.3345666508662628,0.037320076070098115,0.0315021908906538
2025-08-24T16:38:53.703000,0.0,0.02626887708902359,0.0599406361579895,33.36634590811598,399.36,50.7,0.23780399476261188,0.02602784656774617,0.06569404896059237,0.23169764751315447,0.2435596432025213,0.34550065839414257,0.648300941881032,0.3345666508662628,0.037320076070098115,0.0315021908906538
2025-08-24T16:38:54.703000,0.0,0.026790875010192394,0.05928119411692023,33.73751203552688,399.36,50.7,0.23780399476261188,0.02602784656774617,0.06569404896059237,0.23169764751315447,0.2435596432025213,0.34550065839414257,0.648300941881032,0.3345666508662628,0.037320076070098115,0.0315021908906538
2025-08-24T16:38:55.704000,0.0,0.026565283071249723,0.0633381069637835,27.629496426229643,399.36,50.7,0.23780399476261188,0.02602784656774617,0.06569404896059237,0.23169764751315447,0.2435596432025213,0.34550065839414257,0.648300941881032,0.3345666508662628,0.037320076070098115,0.0315021908906538
2025-08-24T16:38:56.684000,0.0,0.027363114058971405,0.06251344201155007,31.993119169961542,399.36,50.7,0.23780399476261188,0.02602784656774617,0.06569404896059237,0.23169764751315447,0.2435596432025213,0.34550065839414257,0.648300941881032,0.3345666508662628,0.037320076070098115,0.0315021908906538
2025-08-24T16:38:57.683000,0.0,0.026611467823386192,0.06431715888902545,31.095900915817122,399.36,50.7,0.23780399476261188,0.02602784656774617,0.06569404896059237,0.23169764751315447,0.2435596432025213,0.34550065839414257,0.648300941881032,0.3345666508662628,0.037320076070098115,0.0315021908906538
2025-08-24T16:38:58.684000,0.0,0.02799068600870669,0.06339634722098708,27.60411406511884,399.36,50.7,0.23780399476261188,0.02602784656774617,0.06569404896059237,0.23169764751315447,0.2435596432025213,0.34550065839414257,0.648300941881032,0.3345666508662628,0.037320076070098115,0.0315021908906538
2025-08-24T16:38:59.684000,0.0,0.028166259173303843,0.06195972301065922,36.31391314665688,399.36,50.7,0.23780399476261188,0.02602784656774617,0.06569404896059237,0.23169764751315447,0.2435596432025213,0.34550065839414257,0.648300941881032,0.3345666508662628,0.037320076070098115,0.0315021908906538
2025-08-24T16:39:00.694000,0.0,0.02739528100937605,0.0638498270418495,31.32349910187186,399.36,50.7,0.23780399476261188,0.02602784656774617,0.06569404896059237,0.23169764751315447,0.2435596432025213,0.34550065839414257,0.648300941881032,0.3345666508662628,0.037320076070098115,0.0315021908906538
2025-08-24T16:39:01.695000,0.0,0.02911155205219984,0.059847598895430565,37.59549324495601,389.12,50.3,0.23780399476261188,0.02602784656774617,0.06569404896059237,0.23169764751315447,0.2435596432025213,0.34550065839414257,0.648300941881032,0.3345666508662628,0.037320076070098115,0.0315021908906538
2025-08-24T16:39:02.704000,0.0,0.02603641408495605,0.05906163901090622,29.630061564611427,389.12,50.4,0.23780399476261188,0.02602784656774617,0.06569404896059237,0.23169764751315447,0.2435596432025213,0.34550065839414257,0.648300941881032,0.3345666508662628,0.037320076070098115,0.0315021908906538
2025-08-24T16:39:03.705000,0.0,0.026547987014055252,0.05931143509224057,29.505271576693836,389.12,50.4,0.23780399476261188,0.02602784656774617,0.06569404896059237,0.23169764751315447,0.2435596432025213,0.34550065839414257,0.648300941881032,0.3345666508662628,0.037320076070098115,0.0315021908906538
2025-08-24T16:39:04.704000,0.0,0.026193266035988927,0.05941743403673172,33.66015433725405,389.12,50.4,0.23780399476261188,0.02602784656774617,0.06569404896059237,0.23169764751315447,0.2435596432025213,0.34550065839414257,0.648300941881032,0.3345666508662628,0.037320076070098115,0.0315021908906538
2025-08-24T16:39:05.704000,0.0,0.026258802972733974,0.0601973389275372,29.071052494638955,389.12,50.4,0.23780399476261188,0.02602784656774617,0.06569404896059237,0.23169764751315447,0.2435596432025213,0.34550065839414257,0.648300941881032,0.3345666508662628,0.037320076070098115,0.0315021908906538
2025-08-24T16:39:06.704000,0.0,0.027034336933866143,0.05933200800791383,29.49504085158534,389.12,50.4,0.23780399476261188,0.02602784656774617,0.06569404896059237,0.23169764751315447,0.2435596432025213,0.34550065839414257,0.648300941881032,0.3345666508662628,0.037320076070098115,0.0315021908906538
2025-08-24T16:39:07.705000,0.0,0.025960063096135855,0.06180605595000088,32.35928857227094,389.12,50.4,0.23780399476261188,0.02602784656774617,0.06569404896059237,0.23169764751315447,0.2435596432025213,0.34550065839414257,0.648300941881032,0.3345666508662628,0.037320076070098115,0.0315021908906538
2025-08-24T16:39:08.695000,0.0,0.02700065216049552,0.06725988979451358,33.45232956631353,399.36,51.0,0.23780399476261188,0.02602784656774617,0.06569404896059237,0.23169764751315447,0.2435596432025213,0.34550065839414257,0.648300941881032,0.3345666508662628,0.037320076070098115,0.0315021908906538
2025-08-24T16:39:09.695000,0.0,0.02783696400001645,0.06382299400866032,31.336668407135775,399.36,51.0,0.23780399476261188,0.02602784656774617,0.06569404896059237,0.23169764751315447,0.2435596432025213,0.34550065839414257,0.648300941881032,0.3345666508662628,0.037320076070098115,0.0315021908906538
2025-08-24T16:39:10.695000,0.0,0.029104440938681364,0.06219655508175492,32.156121787952415,399.36,51.0,0.23780399476261188,0.02602784656774617,0.06569404896059237,0.23169764751315447,0.2435596432025213,0.34550065839414257,0.648300941881032,0.3345666508662628,0.037320076070098115,0.0315021908906538
2025-08-24T16:39:11.694000,0.0,0.02731976192444563,0.05966800800524652,33.518799552084005,399.36,51.0,0.23780399476261188,0.02602784656774617,0.06569404896059237,0.23169764751315447,0.2435596432025213,0.34550065839414257,0.648300941881032,0.3345666508662628,0.037320076070098115,0.0315021908906538
2025-08-24T16:39:12.705000,0.0,0.026890448993071914,0.05896289902739227,33.91963477017753,399.36,51.0,0.23780399476261188,0.02602784656774617,0.06569404896059237,0.23169764751315447,0.2435596432025213,0.34550065839414257,0.648300941881032,0.3345666508662628,0.037320076070098115,0.0315021908906538
2025-08-24T16:39:13.716000,0.0,0.027161837089806795,0.05878288112580776,34.0235109558441,399.36,51.0,0.23780399476261188,0.02602784656774617,0.06569404896059237,0.23169764751315447,0.2435596432025213,0.34550065839414257,0.648300941881032,0.3345666508662628,0.037320076070098115,0.0315021908906538
2025-08-24T16:39:14.716000,0.0,0.027103021973744035,0.06320542213506997,31.64285487605798,399.36,51.0,0.23780399476261188,0.02602784656774617,0.06569404896059237,0.23169764751315447,0.2435596432025213,0.34550065839414257,0.648300941881032,0.3345666508662628,0.037320076070098115,0.0315021908906538
2025-08-24T16:39:15.685000,0.0,0.02734976215288043,0.05878939898684621,34.0197388384177,399.36,51.0,0.23780399476261188,0.02602784656774617,0.06569404896059237,0.23169764751315447,0.2435596432025213,0.34550065839414257,0.648300941881032,0.3345666508662628,0.037320076070098115,0.0315021908906538
2025-08-24T16:39:16.715000,0.0,0.026988928904756904,0.058112291153520346,34.41612712733053,399.36,51.0,0.23780399476261188,0.02602784656774617,0.06569404896059237,0.23169764751315447,0.2435596432025213,0.34550065839414257,0.648300941881032,0.3345666508662628,0.037320076070098115,0.0315021908906538
2025-08-24T16:39:17.717000,0.0,0.026413060957565904,0.05871138093061745,29.806827437222715,399.36,51.0,0.23780399476261188,0.02602784656774617,0.06569404896059237,0.23169764751315447,0.2435596432025213,0.34550065839414257,0.648300941881032,0.3345666508662628,0.037320076070098115,0.0315021908906538
2025-08-24T16:39:18.715000,0.0,0.027032965794205666,0.062383590964600444,32.059712643585165,399.36,51.0,0.23780399476261188,0.02602784656774617,0.06569404896059237,0.23169764751315447,0.2435596432025213,0.34550065839414257,0.648300941881032,0.3345666508662628,0.037320076070098115,0.0315021908906538
2025-08-24T16:39:19.695000,0.0,0.027324613882228732,0.060002413811162114,37.49849142871372,399.36,51.0,0.23780399476261188,0.02602784656774617,0.06569404896059237,0.23169764751315447,0.2435596432025213,0.34550065839414257,0.648300941881032,0.3345666508662628,0.037320076070098115,0.0315021908906538
2025-08-24T16:39:20.706000,0.0,0.02710126293823123,0.05927208298817277,29.524860807561033,399.36,51.0,0.23780399476261188,0.02602784656774617,0.06569404896059237,0.23169764751315447,0.2435596432025213,0.34550065839414257,0.648300941881032,0.3345666508662628,0.037320076070098115,0.0315021908906538
2025-08-24T16:39:21.707000,0.0,0.026218358194455504,0.05979095189832151,33.44987722224559,399.36,51.0,0.23780399476261188,0.02602784656774617,0.06569404896059237,0.23169764751315447,0.2435596432025213,0.34550065839414257,0.648300941881032,0.3345666508662628,0.037320076070098115,0.0315021908906538
2025-08-24T16:39:22.706000,0.0,0.026811597170308232,0.05993622913956642,33.36879928403226,399.36,51.0,0.23780399476261188,0.02602784656774617,0.06569404896059237,0.23169764751315447,0.2435596432025213,0.34550065839414257,0.648300941881032,0.3345666508662628,0.037320076070098115,0.0315021908906538
2025-08-24T16:39:23.706000,0.0,0.02628611703403294,0.05945887905545533,29.43210547860884,399.36,51.0,0.23780399476261188,0.02602784656774617,0.06569404896059237,0.23169764751315447,0.2435596432025213,0.34550065839414257,0.648300941881032,0.3345666508662628,0.037320076070098115,0.0315021908906538
2025-08-24T16:39:24.706000,0.0,0.026168766198679805,0.059827562887221575,29.250731862483832,399.36,51.0,0.23780399476261188,0.02602784656774617,0.06569404896059237,0.23169764751315447,0.2435596432025213,0.34550065839414257,0.648300941881032,0.3345666508662628,0.037320076070098115,0.0315021908906538
2025-08-24T16:39:25.706000,0.0,0.025752193061634898,0.05945141613483429,33.640914380644816,399.36,51.0,0.23780399476261188,0.02602784656774617,0.06569404896059237,0.23169764751315447,0.2435596432025213,0.34550065839414257,0.648300941881032,0.3345666508662628,0.037320076070098115,0.0315021908906538
2025-08-24T16:39:26.705000,0.0,0.026935615111142397,0.0598820629529655,33.39898295706449,399.36,51.0,0.23780399476261188,0.02602784656774617,0.06569404896059237,0.23169764751315447,0.2435596432025213,0.34550065839414257,0.648300941881032,0.3345666508662628,0.037320076070098115,0.0315021908906538
2025-08-24T16:39:27.707000,0.0,0.02660285704769194,0.06057567102834582,33.016555426421355,399.36,51.0,0.23780399476261188,0.02602784656774617,0.06569404896059237,0.23169764751315447,0.2435596432025213,0.34550065839414257,0.648300941881032,0.3345666508662628,0.037320076070098115,0.0315021908906538
2025-08-24T16:39:28.707000,0.0,0.026891578920185566,0.05965441605076194,29.335632059676414,399.36,51.0,0.23780399476261188,0.02602784656774617,0.06569404896059237,0.23169764751315447,0.2435596432025213,0.34550065839414257,0.648300941881032,0.3345666508662628,0.037320076070098115,0.0315021908906538
2025-08-24T16:39:29.707000,0.0,0.026380283059552312,0.059069435112178326,33.8584582060394,399.36,51.0,0.23780399476261188,0.02602784656774617,0.06569404896059237,0.23169764751315447,0.2435596432025213,0.34550065839414257,0.648300941881032,0.3345666508662628,0.037320076070098115,0.0315021908906538
2025-08-24T16:39:30.717000,0.0,0.027440224075689912,0.06335540302097797,31.567946925344547,399.36,51.0,0.23780399476261188,0.02602784656774617,0.06569404896059237,0.23169764751315447,0.2435596432025213,0.34550065839414257,0.648300941881032,0.3345666508662628,0.037320076070098115,0.0315021908906538
2025-08-24T16:39:31.686000,0.0,0.027104059932753444,0.06262968410737813,31.933739224534047,399.36,51.0,0.23780399476261188,0.02602784656774617,0.06569404896059237,0.23169764751315447,0.2435596432025213,0.34550065839414257,0.648300941881032,0.3345666508662628,0.037320076070098115,0.0315021908906538
2025-08-24T16:39:32.698000,0.0,0.028094482142478228,0.062100850977003574,36.23138756718648,399.36,51.0,0.23780399476261188,0.02602784656774617,0.06569404896059237,0.23169764751315447,0.2435596432025213,0.34550065839414257,0.648300941881032,0.3345666508662628,0.037320076070098115,0.0315021908906538
2025-08-24T16:39:33.695000,0.0,0.02719468902796507,0.0626597199589014,35.90823580883819,399.36,51.0,0.23780399476261188,0.02602784656774617,0.06569404896059237,0.23169764751315447,0.2435596432025213,0.34550065839414257,0.648300941881032,0.3345666508662628,0.037320076070098115,0.0315021908906538
2025-08-24T16:39:34.697000,0.0,0.02715678117237985,0.06056354194879532,28.8952717045443,399.36,51.0,0.23780399476261188,0.02602784656774617,0.06569404896059237,0.23169764751315447,0.2435596432025213,0.34550065839414257,0.648300941881032,0.3345666508662628,0.037320076070098115,0.0315021908906538
2025-08-24T16:39:35.707000,0.0,0.0269976700656116,0.06083905999548733,32.873617707906625,399.36,51.0,0.23780399476261188,0.02602784656774617,0.06569404896059237,0.23169764751315447,0.2435596432025213,0.34550065839414257,0.648300941881032,0.3345666508662628,0.037320076070098115,0.0315021908906538
2025-08-24T16:39:36.707000,0.0,0.02727628080174327,0.060614431044086814,32.99544292588168,399.36,51.0,0.23780399476261188,0.02602784656774617,0.06569404896059237,0.23169764751315447,0.2435596432025213,0.34550065839414257,0.648300941881032,0.3345666508662628,0.037320076070098115,0.0315021908906538
2025-08-24T16:40:04.405000,0.0,,0.37106228386983275,6.737413390354235,378.88,49.2,0.3174537632494006,0.053291387016163164,0.05330644925981217,0.21530444098337295,0.27558360471580406,0.329198660405547,0.546420273491073,0.31968473326583385,0.06466140204287807,-0.02220114615083398,0.5040546469961089,0.12516437721199272,0.21709029837430213
2025-08-24T16:40:05.405000,0.0,0.037771765142679214,0.06645176303572953,33.859146803828594,378.88,49.2,0.3174537632494006,0.053291387016163164,0.05330644925981217,0.21530444098337295,0.27558360471580406,0.329198660405547,0.546420273491073,0.31968473326583385,0.06466140204287807,-0.02220114615083398,0.5040546469961089,0.12516437721199272,0.21709029837430213
2025-08-24T16:40:06.405000,0.0,0.03457670193165541,0.06654517096467316,30.054772885950538,378.88,49.2,0.3174537632494006,0.053291387016163164,0.05330644925981217,0.21530444098337295,0.27558360471580406,0.329198660405547,0.546420273491073,0.31968473326583385,0.06466140204287807,-0.02220114615083398,0.5040546469961089,0.12516437721199272,0.21709029837430213
2025-08-24T16:40:07.405000,0.0,0.035071552032604814,0.0679174258839339,36.80940447113404,378.88,49.2,0.3174537632494006,0.053291387016163164,0.05330644925981217,0.21530444098337295,0.27558360471580406,0.329198660405547,0.546420273491073,0.31968473326583385,0.06466140204287807,-0.02220114615083398,0.5040546469961089,0.12516437721199272,0.21709029837430213
2025-08-24T16:40:08.395000,0.0,0.03489932999946177,0.06589580303989351,34.14481493818112,378.88,49.2,0.3174537632494006,0.053291387016163164,0.05330644925981217,0.21530444098337295,0.27558360471580406,0.329198660405547,0.546420273491073,0.31968473326583385,0.06466140204287807,-0.02220114615083398,0.5040546469961089,0.12516437721199272,0.21709029837430213
2025-08-24T16:40:09.404000,0.0,0.034729829989373684,0.06493330607190728,30.80083428657086,378.88,49.2,0.3174537632494006,0.053291387016163164,0.05330644925981217,0.21530444098337295,0.27558360471580406,0.329198660405547,0.546420273491073,0.31968473326583385,0.06466140204287807,-0.02220114615083398,0.5040546469961089,0.12516437721199272,0.21709029837430213
2025-08-24T16:40:10.404000,0.0,0.03399066696874797,0.06625728285871446,33.95853109156084,378.88,49.2,0.3174537632494006,0.053291387016163164,0.05330644925981217,0.21530444098337295,0.27558360471580406,0.329198660405547,0.546420273491073,0.31968473326583385,0.06466140204287807,-0.02220114615083398,0.5040546469961089,0.12516437721199272,0.21709029837430213
2025-08-24T16:40:11.404000,0.0,0.03478381200693548,0.06656563421711326,33.80122530886353,378.88,49.2,0.3174537632494006,0.053291387016163164,0.05330644925981217,0.21530444098337295,0.27558360471580406,0.329198660405547,0.546420273491073,0.31968473326583385,0.06466140204287807,-0.02220114615083398,0.5040546469961089,0.12516437721199272,0.21709029837430213
2025-08-24T16:40:12.405000,0.0,0.034835551865398884,0.07938203611411154,34.64259843432222,378.88,49.2,0.3174537632494006,0.053291387016163164,0.05330644925981217,0.21530444098337295,0.27558360471580406,0.329198660405547,0.546420273491073,0.31968473326583385,0.06466140204287807,-0.02220114615083398,0.5040546469961089,0.12516437721199272,0.21709029837430213
2025-08-24T16:40:13.404000,0.0,0.047242881963029504,0.09413021104410291,29.21485004120012,378.88,49.2,0.3174537632494006,0.053291387016163164,0.05330644925981217,0.21530444098337295,0.27558360471580406,0.329198660405547,0.546420273491073,0.31968473326583385,0.06466140204287807,-0.02220114615083398,0.5040546469961089,0.12516437721199272,0.21709029837430213
2025-08-24T16:40:14.375000,0.0,0.04983107699081302,0.06863907189108431,36.42240390381453,378.88,49.2,0.3174537632494006,0.053291387016163164,0.05330644925981217,0.21530444098337295,0.27558360471580406,0.329198660405547,0.546420273491073,0.31968473326583385,0.06466140204287807,-0.02220114615083398,0.5040546469961089,0.12516437721199272,0.21709029837430213
2025-08-24T16:40:15.396000,0.0,0.03491368191316724,0.06818573991768062,32.998101989013826,378.88,49.2,0.3174537632494006,0.053291387016163164,0.05330644925981217,0.21530444098337295,0.27558360471580406,0.329198660405547,0.546420273491073,0.31968473326583385,0.06466140204287807,-0.02220114615083398,0.5040546469961089,0.12516437721199272,0.21709029837430213
2025-08-24T16:40:16.394000,0.0,0.0344658310059458,0.0655049888882786,34.34852884010875,378.88,49.2,0.3174537632494006,0.053291387016163164,0.05330644925981217,0.21530444098337295,0.27558360471580406,0.329198660405547,0.546420273491073,0.31968473326583385,0.06466140204287807,-0.02220114615083398,0.5040546469961089,0.12516437721199272,0.21709029837430213
2025-08-24T16:40:17.404000,0.0,0.03395483293570578,0.06624248693697155,33.96611606899403,378.88,49.2,0.3174537632494006,0.053291387016163164,0.05330644925981217,0.21530444098337295,0.27558360471580406,0.329198660405547,0.546420273491073,0.31968473326583385,0.06466140204287807,-0.02220114615083398,0.5040546469961089,0.12516437721199272,0.21709029837430213
2025-08-24T16:40:18.405000,0.0,0.0348324968945235,0.07050682511180639,31.911804232172596,378.88,49.2,0.3174537632494006,0.053291387016163164,0.05330644925981217,0.21530444098337295,0.27558360471580406,0.329198660405547,0.546420273491073,0.31968473326583385,0.06466140204287807,-0.02220114615083398,0.5040546469961089,0.12516437721199272,0.21709029837430213
2025-08-24T16:40:19.376000,0.0,0.03498140396550298,0.0699421230237931,32.16945529712659,378.88,49.2,0.3174537632494006,0.053291387016163164,0.05330644925981217,0.21530444098337295,0.27558360471580406,0.329198660405547,0.546420273491073,0.31968473326583385,0.06466140204287807,-0.02220114615083398,0.5040546469961089,0.12516437721199272,0.21709029837430213
2025-08-24T16:40:20.376000,0.0,0.0347308861091733,0.0684462389908731,36.52501637574721,378.88,49.2,0.3174537632494006,0.053291387016163164,0.05330644925981217,0.21530444098337295,0.27558360471580406,0.329198660405547,0.546420273491073,0.31968473326583385,0.06466140204287807,-0.02220114615083398,0.5040546469961089,0.12516437721199272,0.21709029837430213
2025-08-24T16:40:21.395000,0.0,0.03443196113221347,0.06570958183147013,34.241581475449436,378.88,49.2,0.3174537632494006,0.053291387016163164,0.05330644925981217,0.21530444098337295,0.27558360471580406,0.329198660405547,0.546420273491073,0.31968473326583385,0.06466140204287807,-0.02220114615083398,0.5040546469961089,0.12516437721199272,0.21709029837430213
2025-08-24T16:40:22.406000,0.0,0.034442238975316286,0.0663655789103359,30.136104179881084,378.88,49.2,0.3174537632494006,0.053291387016163164,0.05330644925981217,0.21530444098337295,0.27558360471580406,0.329198660405547,0.546420273491073,0.31968473326583385,0.06466140204287807,-0.02220114615083398,0.5040546469961089,0.12516437721199272,0.21709029837430213
2025-08-24T16:40:23.406000,0.0,0.03485542302951217,0.0657899510115385,34.19975186796206,378.88,49.2,0.3174537632494006,0.053291387016163164,0.05330644925981217,0.21530444098337295,0.27558360471580406,0.329198660405547,0.546420273491073,0.31968473326583385,0.06466140204287807,-0.02220114615083398,0.5040546469961089,0.12516437721199272,0.21709029837430213
2025-08-24T16:40:24.406000,0.0,0.03456966392695904,0.0661060989368707,34.036193879004685,378.88,49.2,0.3174537632494006,0.053291387016163164,0.05330644925981217,0.21530444098337295,0.27558360471580406,0.329198660405547,0.546420273491073,0.31968473326583385,0.06466140204287807,-0.02220114615083398,0.5040546469961089,0.12516437721199272,0.21709029837430213
2025-08-24T16:40:25.407000,0.0,0.034762850031256676,0.06643741205334663,33.86646063506041,378.88,49.2,0.3174537632494006,0.053291387016163164,0.05330644925981217,0.21530444098337295,0.27558360471580406,0.329198660405547,0.546420273491073,0.31968473326583385,0.06466140204287807,-0.02220114615083398,0.5040546469961089,0.12516437721199272,0.21709029837430213
2025-08-24T16:40:26.405000,0.0,0.035282902885228395,0.06652393005788326,30.064369291768813,378.88,49.2,0.3174537632494006,0.053291387016163164,0.05330644925981217,0.21530444098337295,0.27558360471580406,0.329198660405547,0.546420273491073,0.31968473326583385,0.06466140204287807,-0.02220114615083398,0.5040546469961089,0.12516437721199272,0.21709029837430213
2025-08-24T16:40:27.406000,0.0,0.035209143999964,0.06562761892564595,38.09371787253799,378.88,49.2,0.3174537632494006,0.053291387016163164,0.05330644925981217,0.21530444098337295,0.27558360471580406,0.329198660405547,0.546420273491073,0.31968473326583385,0.06466140204287807,-0.02220114615083398,0.5040546469961089,0.12516437721199272,0.21709029837430213
2025-08-24T16:40:28.406000,0.0,0.03433083207346499,0.07050486211664975,31.912692720076368,378.88,49.2,0.3174537632494006,0.053291387016163164,0.05330644925981217,0.21530444098337295,0.27558360471580406,0.329198660405547,0.546420273491073,0.31968473326583385,0.06466140204287807,-0.02220114615083398,0.5040546469961089,0.12516437721199272,0.21709029837430213
2025-08-24T16:40:29.376000,0.0,0.034491979982703924,0.06945288390852511,32.39606296209993,378.88,49.2,0.3174537632494006,0.053291387016163164,0.05330644925981217,0.21530444098337295,0.27558360471580406,0.329198660405547,0.546420273491073,0.31968473326583385,0.06466140204287807,-0.02220114615083398,0.5040546469961089,0.12516437721199272,0.21709029837430213
2025-08-24T16:40:30.386000,0.0,0.0348954051733017,0.06964130885899067,32.308410580791694,378.88,49.2,0.3174537632494006,0.053291387016163164,0.05330644925981217,0.21530444098337295,0.27558360471580406,0.329198660405547,0.546420273491073,0.31968473326583385,0.06466140204287807,-0.02220114615083398,0.5040546469961089,0.12516437721199272,0.21709029837430213
2025-08-24T16:40:31.386000,0.0,0.034222443122416735,0.07172343204729259,34.85611227236805,378.88,49.2,0.3174537632494006,0.053291387016163164,0.05330644925981217,0.21530444098337295,0.27558360471580406,0.329198660405547,0.546420273491073,0.31968473326583385,0.06466140204287807,-0.02220114615083398,0.5040546469961089,0.12516437721199272,0.21709029837430213
2025-08-24T16:40:32.397000,0.0,0.0385731509886682,0.06836296198889613,32.91255870928257,378.88,49.2,0.3174537632494006,0.053291387016163164,0.05330644925981217,0.21530444098337295,0.27558360471580406,0.329198660405547,0.546420273491073,0.31968473326583385,0.06466140204287807,-0.02220114615083398,0.5040546469961089,0.12516437721199272,0.21709029837430213
2025-08-24T16:40:33.396000,0.0,0.035407810006290674,0.06819814792834222,36.65788699462651,378.88,49.2,0.3174537632494006,0.053291387016163164,0.05330644925981217,0.21530444098337295,0.27558360471580406,0.329198660405547,0.546420273491073,0.31968473326583385,0.06466140204287807,-0.02220114615083398,0.5040546469961089,0.12516437721199272,0.21709029837430213
2025-08-24T16:40:34.396000,0.0,0.03524910705164075,0.06962491990998387,32.31601562930283,378.88,49.2,0.3174537632494006,0.053291387016163164,0.05330644925981217,0.21530444098337295,0.27558360471580406,0.329198660405547,0.546420273491073,0.31968473326583385,0.06466140204287807,-0.02220114615083398,0.5040546469961089,0.12516437721199272,0.21709029837430213
2025-08-24T16:40:35.397000,0.0,0.037273693131282926,0.06656296807341278,33.802579198668774,378.88,49.2,0.3174537632494006,0.053291387016163164,0.05330644925981217,0.21530444098337295,0.27558360471580406,0.329198660405547,0.546420273491073,0.31968473326583385,0.06466140204287807,-0.02220114615083398,0.5040546469961089,0.12516437721199272,0.21709029837430213
2025-08-24T16:40:36.407000,0.0,0.035117015009745955,0.06577284098602831,30.40768758072793,378.88,49.2,0.3174537632494006,0.053291387016163164,0.05330644925981217,0.21530444098337295,0.27558360471580406,0.329198660405547,0.546420273491073,0.31968473326583385,0.06466140204287807,-0.02220114615083398,0.5040546469961089,0.12516437721199272,0.21709029837430213
2025-08-24T16:40:37.407000,0.0,0.03443968412466347,0.06697987392544746,33.59218027947289,378.88,49.2,0.3174537632494006,0.053291387016163164,0.05330644925981217,0.21530444098337295,0.27558360471580406,0.329198660405547,0.546420273491073,0.31968473326583385,0.06466140204287807,-0.02220114615083398,0.5040546469961089,0.12516437721199272,0.21709029837430213
2025-08-24T16:40:38.408000,0.0,0.03522649500519037,0.06600452493876219,34.088571989382636,378.88,49.2,0.3174537632494006,0.053291387016163164,0.05330644925981217,0.21530444098337295,0.27558360471580406,0.329198660405547,0.546420273491073,0.31968473326583385,0.06466140204287807,-0.02220114615083398,0.5040546469961089,0.12516437721199272,0.21709029837430213
2025-08-24T16:40:39.407000,0.0,0.034459998132660985,0.06605041399598122,30.27990104833629,378.88,49.2,0.3174537632494006,0.053291387016163164,0.05330644925981217,0.21530444098337295,0.27558360471580406,0.329198660405547,0.546420273491073,0.31968473326583385,0.06466140204287807,-0.02220114615083398,0.5040546469961089,0.12516437721199272,0.21709029837430213
2025-08-24T16:40:40.408000,0.0,0.034714905079454184,0.06664735591039062,33.75977890293487,378.88,49.2,0.3174537632494006,0.053291387016163164,0.05330644925981217,0.21530444098337295,0.27558360471580406,0.329198660405547,0.546420273491073,0.31968473326583385,0.06466140204287807,-0.02220114615083398,0.5040546469961089,0.12516437721199272,0.21709029837430213
2025-08-24T16:40:41.404000,0.0,0.03506675618700683,0.07698104390874505,32.4755273904,378.88,49.2,0.3174537632494006,0.053291387016163164,0.05330644925981217,0.21530444098337295,0.27558360471580406,0.329198660405547,0.546420273491073,0.31968473326583385,0.06466140204287807,-0.02220114615083398,0.5040546469961089,0.12516437721199272,0.21709029837430213
2025-08-24T16:40:42.403000,0.0,0.045732405968010426,0.08167280699126422,30.60994340830416,378.88,49.2,0.3174537632494006,0.053291387016163164,0.05330644925981217,0.21530444098337295,0.27558360471580406,0.329198660405547,0.546420273491073,0.31968473326583385,0.06466140204287807,-0.02220114615083398,0.5040546469961089,0.12516437721199272,0.21709029837430213
2025-08-24T16:40:43.373000,0.0,0.04544605500996113,0.08155888202600181,30.65270069791934,378.88,49.2,0.3174537632494006,0.053291387016163164,0.05330644925981217,0.21530444098337295,0.27558360471580406,0.329198660405547,0.546420273491073,0.31968473326583385,0.06466140204287807,-0.02220114615083398,0.5040546469961089,0.12516437721199272,0.21709029837430213
2025-08-24T16:40:44.374000,0.0,0.04565953486599028,0.0742242019623518,33.681736332685716,378.88,49.2,0.3174537632494006,0.053291387016163164,0.05330644925981217,0.21530444098337295,0.27558360471580406,0.329198660405547,0.546420273491073,0.31968473326583385,0.06466140204287807,-0.02220114615083398,0.5040546469961089,0.12516437721199272,0.21709029837430213
2025-08-24T16:40:45.373000,0.0,0.037964968010783195,0.07088986109010875,35.26597402726144,378.88,49.2,0.3174537632494006,0.053291387016163164,0.05330644925981217,0.21530444098337295,0.27558360471580406,0.329198660405547,0.546420273491073,0.31968473326583385,0.06466140204287807,-0.02220114615083398,0.5040546469961089,0.12516437721199272,0.21709029837430213
2025-08-24T16:40:46.373000,0.0,0.035279033007100224,0.07066610199399292,35.377641180951954,378.88,49.2,0.3174537632494006,0.053291387016163164,0.05330644925981217,0.21530444098337295,0.27558360471580406,0.329198660405547,0.546420273491073,0.31968473326583385,0.06466140204287807,-0.02220114615083398,0.5040546469961089,0.12516437721199272,0.21709029837430213
2025-08-24T16:40:47.374000,0.0,0.03480620100162923,0.07070482498966157,31.822439279483266,378.88,49.2,0.3174537632494006,0.053291387016163164,0.05330644925981217,0.21530444098337295,0.27558360471580406,0.329198660405547,0.546420273491073,0.31968473326583385,0.06466140204287807,-0.02220114615083398,0.5040546469961089,0.12516437721199272,0.21709029837430213
2025-08-24T16:40:48.384000,0.0,0.03596990113146603,0.07111656409688294,31.638198900256132,378.88,49.2,0.3174537632494006,0.053291387016163164,0.05330644925981217,0.21530444098337295,0.27558360471580406,0.329198660405547,0.546420273491073,0.31968473326583385,0.06466140204287807,-0.02220114615083398,0.5040546469961089,0.12516437721199272,0.21709029837430213
2025-08-24T16:40:49.384000,0.0,0.03586823493242264,0.06819111108779907,32.99550284644903,378.88,49.2,0.3174537632494006,0.053291387016163164,0.05330644925981217,0.21530444098337295,0.27558360471580406,0.329198660405547,0.546420273491073,0.31968473326583385,0.06466140204287807,-0.02220114615083398,0.5040546469961089,0.12516437721199272,0.21709029837430213
2025-08-24T16:40:50.393000,0.0,0.03514977404847741,0.06931327399797738,28.85450195381507,378.88,49.2,0.3174537632494006,0.053291387016163164,0.05330644925981217,0.21530444098337295,0.27558360471580406,0.329198660405547,0.546420273491073,0.31968473326583385,0.06466140204287807,-0.02220114615083398,0.5040546469961089,0.12516437721199272,0.21709029837430213
2025-08-24T16:40:51.394000,0.0,0.03644850989803672,0.07875411305576563,28.569936384234,378.88,49.2,0.3174537632494006,0.053291387016163164,0.05330644925981217,0.21530444098337295,0.27558360471580406,0.329198660405547,0.546420273491073,0.31968473326583385,0.06466140204287807,-0.02220114615083398,0.5040546469961089,0.12516437721199272,0.21709029837430213
2025-08-24T16:40:52.394000,0.0,0.04530425905250013,0.07533227209933102,33.18630820936352,378.88,49.2,0.3174537632494006,0.053291387016163164,0.05330644925981217,0.21530444098337295,0.27558360471580406,0.329198660405547,0.546420273491073,0.31968473326583385,0.06466140204287807,-0.02220114615083398,0.5040546469961089,0.12516437721199272,0.21709029837430213
2025-08-24T16:40:53.395000,0.0,0.042355712968856096,0.06793672195635736,33.11905454380621,378.88,49.2,0.3174537632494006,0.053291387016163164,0.05330644925981217,0.21530444098337295,0.27558360471580406,0.329198660405547,0.546420273491073,0.31968473326583385,0.06466140204287807,-0.02220114615083398,0.5040546469961089,0.12516437721199272,0.21709029837430213
2025-08-24T16:40:54.395000,0.0,0.03565014316700399,0.06662331894040108,37.524398960616914,378.88,49.2,0.3174537632494006,0.053291387016163164,0.05330644925981217,0.21530444098337295,0.27558360471580406,0.329198660405547,0.546420273491073,0.31968473326583385,0.06466140204287807,-0.02220114615083398,0.5040546469961089,0.12516437721199272,0.21709029837430213
2025-08-24T16:40:55.405000,0.0,0.035269551910459995,0.06671491195447743,29.97830532047538,378.88,49.2,0.3174537632494006,0.053291387016163164,0.05330644925981217,0.21530444098337295,0.27558360471580406,0.329198660405547,0.546420273491073,0.31968473326583385,0.06466140204287807,-0.02220114615083398,0.5040546469961089,0.12516437721199272,0.21709029837430213
2025-08-24T16:40:56.404000,0.0,0.035137939965352416,0.07203822815790772,34.7037963582341,378.88,49.2,0.3174537632494006,0.053291387016163164,0.05330644925981217,0.21530444098337295,0.27558360471580406,0.329198660405547,0.546420273491073,0.31968473326583385,0.06466140204287807,-0.02220114615083398,0.5040546469961089,0.12516437721199272,0.21709029837430213
2025-08-24T16:40:57.376000,0.0,0.0357114200014621,0.06685031903907657,29.91758347227754,378.88,49.2,0.3174537632494006,0.053291387016163164,0.05330644925981217,0.21530444098337295,0.27558360471580406,0.329198660405547,0.546420273491073,0.31968473326583385,0.06466140204287807,-0.02220114615083398,0.5040546469961089,0.12516437721199272,0.21709029837430213
2025-08-24T16:40:58.384000,0.0,0.03456796100363135,0.06935293995775282,36.04749851301099,378.88,49.2,0.3174537632494006,0.053291387016163164,0.05330644925981217,0.21530444098337295,0.27558360471580406,0.329198660405547,0.546420273491073,0.31968473326583385,0.06466140204287807,-0.02220114615083398,0.5040546469961089,0.12516437721199272,0.21709029837430213
2025-08-24T16:40:59.375000,0.0,0.03417933313176036,0.07111417478881776,31.63926188670046,378.88,49.2,0.3174537632494006,0.053291387016163164,0.05330644925981217,0.21530444098337295,0.27558360471580406,0.329198660405547,0.546420273491073,0.31968473326583385,0.06466140204287807,-0.02220114615083398,0.5040546469961089,0.12516437721199272,0.21709029837430213
2025-08-24T16:41:28.887000,0.0,,0.3791164120193571,7.253708657328121,389.12,49.6,0.22562200022505605,0.02450535002331425,0.03481368320428042,0.28456935352023444,0.18885677372993814,0.37337413314925166,0.5091135736466591,0.3071336772711422,0.11359132647123053,0.006237132504725862,0.38867410013622294,0.2672783550748466,0.3086607207301979,0.14281302505779,-0.05447611763879657,-0.09002325826761562
2025-08-24T16:41:29.887000,0.0,0.04511729790829122,0.07445392408408225,33.57781380571342,389.12,49.6,0.22562200022505605,0.02450535002331425,0.03481368320428042,0.28456935352023444,0.18885677372993814,0.37337413314925166,0.5091135736466591,0.3071336772711422,0.11359132647123053,0.006237132504725862,0.38867410013622294,0.2672783550748466,0.3086607207301979,0.14281302505779,-0.05447611763879657,-0.09002325826761562
2025-08-24T16:41:30.888000,0.0,0.042629010044038296,0.07407048088498414,33.75163722619764,389.12,49.6,0.22562200022505605,0.02450535002331425,0.03481368320428042,0.28456935352023444,0.18885677372993814,0.37337413314925166,0.5091135736466591,0.3071336772711422,0.11359132647123053,0.006237132504725862,0.38867410013622294,0.2672783550748466,0.3086607207301979,0.14281302505779,-0.05447611763879657,-0.09002325826761562
2025-08-24T16:41:31.887000,0.0,0.04196040006354451,0.07776509807445109,35.36290788660973,389.12,49.6,0.22562200022505605,0.02450535002331425,0.03481368320428042,0.28456935352023444,0.18885677372993814,0.37337413314925166,0.5091135736466591,0.3071336772711422,0.11359132647123053,0.006237132504725862,0.38867410013622294,0.2672783550748466,0.3086607207301979,0.14281302505779,-0.05447611763879657,-0.09002325826761562
2025-08-24T16:41:32.857000,0.0,0.04163945699110627,0.07872185506857932,38.108858046936845,389.12,49.6,0.22562200022505605,0.02450535002331425,0.03481368320428042,0.28456935352023444,0.18885677372993814,0.37337413314925166,0.5091135736466591,0.3071336772711422,0.11359132647123053,0.006237132504725862,0.38867410013622294,0.2672783550748466,0.3086607207301979,0.14281302505779,-0.05447611763879657,-0.09002325826761562
2025-08-24T16:41:33.859000,0.0,0.0443060218822211,0.07692247093655169,35.75028163445608,389.12,49.6,0.22562200022505605,0.02450535002331425,0.03481368320428042,0.28456935352023444,0.18885677372993814,0.37337413314925166,0.5091135736466591,0.3071336772711422,0.11359132647123053,0.006237132504725862,0.38867410013622294,0.2672783550748466,0.3086607207301979,0.14281302505779,-0.05447611763879657,-0.09002325826761562
2025-08-24T16:41:34.857000,0.0,0.041808936977759004,0.07747361809015274,35.495954207275155,389.12,49.6,0.22562200022505605,0.02450535002331425,0.03481368320428042,0.28456935352023444,0.18885677372993814,0.37337413314925166,0.5091135736466591,0.3071336772711422,0.11359132647123053,0.006237132504725862,0.38867410013622294,0.2672783550748466,0.3086607207301979,0.14281302505779,-0.05447611763879657,-0.09002325826761562
2025-08-24T16:41:35.858000,0.0,0.04289487889036536,0.07753595104441047,35.46741818417763,389.12,49.6,0.22562200022505605,0.02450535002331425,0.03481368320428042,0.28456935352023444,0.18885677372993814,0.37337413314925166,0.5091135736466591,0.3071336772711422,0.11359132647123053,0.006237132504725862,0.38867410013622294,0.2672783550748466,0.3086607207301979,0.14281302505779,-0.05447611763879657,-0.09002325826761562
2025-08-24T16:41:36.868000,0.0,0.04236965789459646,0.07774689397774637,32.15562541592371,389.12,49.6,0.22562200022505605,0.02450535002331425,0.03481368320428042,0.28456935352023444,0.18885677372993814,0.37337413314925166,0.5091135736466591,0.3071336772711422,0.11359132647123053,0.006237132504725862,0.38867410013622294,0.2672783550748466,0.3086607207301979,0.14281302505779,-0.05447611763879657,-0.09002325826761562
2025-08-24T16:41:37.867000,0.0,0.04350435803644359,0.07834041095338762,38.294412340842364,389.12,49.6,0.22562200022505605,0.02450535002331425,0.03481368320428042,0.28456935352023444,0.18885677372993814,0.37337413314925166,0.5091135736466591,0.3071336772711422,0.11359132647123053,0.006237132504725862,0.38867410013622294,0.2672783550748466,0.3086607207301979,0.14281302505779,-0.05447611763879657,-0.09002325826761562
2025-08-24T16:41:38.858000,0.0,0.04236304690130055,0.07763365400023758,32.20252907318184,389.12,49.6,0.22562200022505605,0.02450535002331425,0.03481368320428042,0.28456935352023444,0.18885677372993814,0.37337413314925166,0.5091135736466591,0.3071336772711422,0.11359132647123053,0.006237132504725862,0.38867410013622294,0.2672783550748466,0.3086607207301979,0.14281302505779,-0.05447611763879657,-0.09002325826761562
2025-08-24T16:41:39.857000,0.0,0.04189304891042411,0.07753450702875853,35.468078735317434,389.12,49.6,0.22562200022505605,0.02450535002331425,0.03481368320428042,0.28456935352023444,0.18885677372993814,0.37337413314925166,0.5091135736466591,0.3071336772711422,0.11359132647123053,0.006237132504725862,0.38867410013622294,0.2672783550748466,0.3086607207301979,0.14281302505779,-0.05447611763879657,-0.09002325826761562
2025-08-24T16:41:40.866000,0.0,0.042594786966219544,0.0752931060269475,36.523928220144846,389.12,49.6,0.22562200022505605,0.02450535002331425,0.03481368320428042,0.28456935352023444,0.18885677372993814,0.37337413314925166,0.5091135736466591,0.3071336772711422,0.11359132647123053,0.006237132504725862,0.38867410013622294,0.2672783550748466,0.3086607207301979,0.14281302505779,-0.05447611763879657,-0.09002325826761562
2025-08-24T16:41:41.875000,0.0,0.04234645492397249,0.07516106986440718,36.588090150407226,389.12,49.6,0.22562200022505605,0.02450535002331425,0.03481368320428042,0.28456935352023444,0.18885677372993814,0.37337413314925166,0.5091135736466591,0.3071336772711422,0.11359132647123053,0.006237132504725862,0.38867410013622294,0.2672783550748466,0.3086607207301979,0.14281302505779,-0.05447611763879657,-0.09002325826761562
2025-08-24T16:41:42.876000,0.0,0.04263497213833034,0.07588408584706485,32.94498407793277,389.12,49.6,0.22562200022505605,0.02450535002331425,0.03481368320428042,0.28456935352023444,0.18885677372993814,0.37337413314925166,0.5091135736466591,0.3071336772711422,0.11359132647123053,0.006237132504725862,0.38867410013622294,0.2672783550748466,0.3086607207301979,0.14281302505779,-0.05447611763879657,-0.09002325826761562
2025-08-24T16:41:43.874000,0.0,0.042950619012117386,0.09655561111867428,28.48099626877224,389.12,49.6,0.22562200022505605,0.02450535002331425,0.03481368320428042,0.28456935352023444,0.18885677372993814,0.37337413314925166,0.5091135736466591,0.3071336772711422,0.11359132647123053,0.006237132504725862,0.38867410013622294,0.2672783550748466,0.3086607207301979,0.14281302505779,-0.05447611763879657,-0.09002325826761562
2025-08-24T16:41:44.885000,0.0,0.06442888197489083,0.10170803894288838,29.496193527874432,389.12,49.6,0.22562200022505605,0.02450535002331425,0.03481368320428042,0.28456935352023444,0.18885677372993814,0.37337413314925166,0.5091135736466591,0.3071336772711422,0.11359132647123053,0.006237132504725862,0.38867410013622294,0.2672783550748466,0.3086607207301979,0.14281302505779,-0.05447611763879657,-0.09002325826761562
2025-08-24T16:41:45.886000,0.0,0.060895523987710476,0.0904287239536643,30.410691202599367,389.12,49.6,0.22562200022505605,0.02450535002331425,0.03481368320428042,0.28456935352023444,0.18885677372993814,0.37337413314925166,0.5091135736466591,0.3071336772711422,0.11359132647123053,0.006237132504725862,0.38867410013622294,0.2672783550748466,0.3086607207301979,0.14281302505779,-0.05447611763879657,-0.09002325826761562
2025-08-24T16:41:46.856000,0.0,0.055027264868840575,0.07865059492178261,34.96477048565035,389.12,49.6,0.22562200022505605,0.02450535002331425,0.03481368320428042,0.28456935352023444,0.18885677372993814,0.37337413314925166,0.5091135736466591,0.3071336772711422,0.11359132647123053,0.006237132504725862,0.38867410013622294,0.2672783550748466,0.3086607207301979,0.14281302505779,-0.05447611763879657,-0.09002325826761562
2025-08-24T16:41:47.856000,0.0,0.042930155992507935,0.07844376284629107,38.24395836133484,389.12,49.6,0.22562200022505605,0.02450535002331425,0.03481368320428042,0.28456935352023444,0.18885677372993814,0.37337413314925166,0.5091135736466591,0.3071336772711422,0.11359132647123053,0.006237132504725862,0.38867410013622294,0.2672783550748466,0.3086607207301979,0.14281302505779,-0.05447611763879657,-0.09002325826761562
2025-08-24T16:41:48.857000,0.0,0.04253402794711292,0.0805122940801084,37.26139013024613,389.12,49.6,0.22562200022505605,0.02450535002331425,0.03481368320428042,0.28456935352023444,0.18885677372993814,0.37337413314925166,0.5091135736466591,0.3071336772711422,0.11359132647123053,0.006237132504725862,0.38867410013622294,0.2672783550748466,0.3086607207301979,0.14281302505779,-0.05447611763879657,-0.09002325826761562
2025-08-24T16:41:49.856000,0.0,0.04515522299334407,0.07826904091052711,31.941109421001524,389.12,49.6,0.22562200022505605,0.02450535002331425,0.03481368320428042,0.28456935352023444,0.18885677372993814,0.37337413314925166,0.5091135736466591,0.3071336772711422,0.11359132647123053,0.006237132504725862,0.38867410013622294,0.2672783550748466,0.3086607207301979,0.14281302505779,-0.05447611763879657,-0.09002325826761562
2025-08-24T16:41:50.856000,0.0,0.042779416078701615,0.07929651904851198,37.83268214036788,389.12,49.6,0.22562200022505605,0.02450535002331425,0.03481368320428042,0.28456935352023444,0.18885677372993814,0.37337413314925166,0.5091135736466591,0.3071336772711422,0.11359132647123053,0.006237132504725862,0.38867410013622294,0.2672783550748466,0.3086607207301979,0.14281302505779,-0.05447611763879657,-0.09002325826761562
2025-08-24T16:41:51.856000,0.0,0.04295271192677319,0.07930657500401139,37.82788501266431,389.12,49.6,0.22562200022505605,0.02450535002331425,0.03481368320428042,0.28456935352023444,0.18885677372993814,0.37337413314925166,0.5091135736466591,0.3071336772711422,0.11359132647123053,0.006237132504725862,0.38867410013622294,0.2672783550748466,0.3086607207301979,0.14281302505779,-0.05447611763879657,-0.09002325826761562
2025-08-24T16:41:52.857000,0.0,0.043244303902611136,0.07817037496715784,35.17956772185574,389.12,49.6,0.22562200022505605,0.02450535002331425,0.03481368320428042,0.28456935352023444,0.18885677372993814,0.37337413314925166,0.5091135736466591,0.3071336772711422,0.11359132647123053,0.006237132504725862,0.38867410013622294,0.2672783550748466,0.3086607207301979,0.14281302505779,-0.05447611763879657,-0.09002325826761562
2025-08-24T16:41:53.855000,0.0,0.042554583167657256,0.07688610116019845,35.767192750093244,389.12,49.6,0.22562200022505605,0.02450535002331425,0.03481368320428042,0.28456935352023444,0.18885677372993814,0.37337413314925166,0.5091135736466591,0.3071336772711422,0.11359132647123053,0.006237132504725862,0.38867410013622294,0.2672783550748466,0.3086607207301979,0.14281302505779,-0.05447611763879657,-0.09002325826761562
2025-08-24T16:41:54.866000,0.0,0.04239417612552643,0.07839417108334601,35.07913869101727,389.12,49.6,0.22562200022505605,0.02450535002331425,0.03481368320428042,0.28456935352023444,0.18885677372993814,0.37337413314925166,0.5091135736466591,0.3071336772711422,0.11359132647123053,0.006237132504725862,0.38867410013622294,0.2672783550748466,0.3086607207301979,0.14281302505779,-0.05447611763879657,-0.09002325826761562
2025-08-24T16:41:55.866000,0.0,0.04342652508057654,0.07743380311876535,38.74276968417432,389.12,49.6,0.22562200022505605,0.02450535002331425,0.03481368320428042,0.28456935352023444,0.18885677372993814,0.37337413314925166,0.5091135736466591,0.3071336772711422,0.11359132647123053,0.006237132504725862,0.38867410013622294,0.2672783550748466,0.3086607207301979,0.14281302505779,-0.05447611763879657,-0.09002325826761562
2025-08-24T16:41:56.867000,0.0,0.042852601036429405,0.07865046593360603,34.96482782850186,389.12,49.6,0.22562200022505605,0.02450535002331425,0.03481368320428042,0.28456935352023444,0.18885677372993814,0.37337413314925166,0.5091135736466591,0.3071336772711422,0.11359132647123053,0.006237132504725862,0.38867410013622294,0.2672783550748466,0.3086607207301979,0.14281302505779,-0.05447611763879657,-0.09002325826761562
2025-08-24T16:41:57.865000,0.0,0.0430981928948313,0.0778254319448024,35.33549292666207,389.12,49.6,0.22562200022505605,0.02450535002331425,0.03481368320428042,0.28456935352023444,0.18885677372993814,0.37337413314925166,0.5091135736466591,0.3071336772711422,0.11359132647123053,0.006237132504725862,0.38867410013622294,0.2672783550748466,0.3086607207301979,0.14281302505779,-0.05447611763879657,-0.09002325826761562
2025-08-24T16:41:58.866000,0.0,0.042867545038461685,0.07743900711648166,35.51181894498608,389.12,49.9,0.22562200022505605,0.02450535002331425,0.03481368320428042,0.28456935352023444,0.18885677372993814,0.37337413314925166,0.5091135736466591,0.3071336772711422,0.11359132647123053,0.006237132504725862,0.38867410013622294,0.2672783550748466,0.3086607207301979,0.14281302505779,-0.05447611763879657,-0.09002325826761562
2025-08-24T16:41:59.876000,0.0,0.04338163696229458,0.07699293410405517,32.47051212025912,389.12,49.9,0.22562200022505605,0.02450535002331425,0.03481368320428042,0.28456935352023444,0.18885677372993814,0.37337413314925166,0.5091135736466591,0.3071336772711422,0.11359132647123053,0.006237132504725862,0.38867410013622294,0.2672783550748466,0.3086607207301979,0.14281302505779,-0.05447611763879657,-0.09002325826761562
2025-08-24T16:42:00.876000,0.0,0.0434703400824219,0.07719063712283969,35.626082417530625,389.12,49.9,0.22562200022505605,0.02450535002331425,0.03481368320428042,0.28456935352023444,0.18885677372993814,0.37337413314925166,0.5091135736466591,0.3071336772711422,0.11359132647123053,0.006237132504725862,0.38867410013622294,0.2672783550748466,0.3086607207301979,0.14281302505779,-0.05447611763879657,-0.09002325826761562
2025-08-24T16:42:01.877000,0.0,0.04377195006236434,0.09982100804336369,30.053793873698226,389.12,49.9,0.22562200022505605,0.02450535002331425,0.03481368320428042,0.28456935352023444,0.18885677372993814,0.37337413314925166,0.5091135736466591,0.3071336772711422,0.11359132647123053,0.006237132504725862,0.38867410013622294,0.2672783550748466,0.3086607207301979,0.14281302505779,-0.05447611763879657,-0.09002325826761562
2025-08-24T16:42:02.877000,0.0,0.06633007992058992,0.08736749412491918,31.47623755887974,389.12,49.9,0.22562200022505605,0.02450535002331425,0.03481368320428042,0.28456935352023444,0.18885677372993814,0.37337413314925166,0.5091135736466591,0.3071336772711422,0.11359132647123053,0.006237132504725862,0.38867410013622294,0.2672783550748466,0.3086607207301979,0.14281302505779,-0.05447611763879657,-0.09002325826761562
2025-08-24T16:42:03.876000,0.0,0.04885676619596779,0.07610682607628405,32.848564693713726,389.12,49.9,0.22562200022505605,0.02450535002331425,0.03481368320428042,0.28456935352023444,0.18885677372993814,0.37337413314925166,0.5091135736466591,0.3071336772711422,0.11359132647123053,0.006237132504725862,0.38867410013622294,0.2672783550748466,0.3086607207301979,0.14281302505779,-0.05447611763879657,-0.09002325826761562
2025-08-24T16:42:04.887000,0.0,0.0439593568444252,0.08675027405843139,31.70018803799628,389.12,49.9,0.22562200022505605,0.02450535002331425,0.03481368320428042,0.28456935352023444,0.18885677372993814,0.37337413314925166,0.5091135736466591,0.3071336772711422,0.11359132647123053,0.006237132504725862,0.38867410013622294,0.2672783550748466,0.3086607207301979,0.14281302505779,-0.05447611763879657,-0.09002325826761562
2025-08-24T16:42:05.887000,0.0,0.05516422702930868,0.08332484005950391,33.00336367926007,389.12,49.9,0.22562200022505605,0.02450535002331425,0.03481368320428042,0.28456935352023444,0.18885677372993814,0.37337413314925166,0.5091135736466591,0.3071336772711422,0.11359132647123053,0.006237132504725862,0.38867410013622294,0.2672783550748466,0.3086607207301979,0.14281302505779,-0.05447611763879657,-0.09002325826761562
2025-08-24T16:42:06.887000,0.0,0.05186520190909505,0.10232683387584984,31.76097487725561,389.12,49.9,0.22562200022505605,0.02450535002331425,0.03481368320428042,0.28456935352023444,0.18885677372993814,0.37337413314925166,0.5091135736466591,0.3071336772711422,0.11359132647123053,0.006237132504725862,0.38867410013622294,0.2672783550748466,0.3086607207301979,0.14281302505779,-0.05447611763879657,-0.09002325826761562
2025-08-24T16:42:07.857000,0.0,0.06650891294702888,0.11201869114302099,29.013015299835143,389.12,49.9,0.22562200022505605,0.02450535002331425,0.03481368320428042,0.28456935352023444,0.18885677372993814,0.37337413314925166,0.5091135736466591,0.3071336772711422,0.11359132647123053,0.006237132504725862,0.38867410013622294,0.2672783550748466,0.3086607207301979,0.14281302505779,-0.05447611763879657,-0.09002325826761562
2025-08-24T16:42:08.857000,0.0,0.06745526194572449,0.08483550208620727,32.415674244558694,389.12,49.9,0.22562200022505605,0.02450535002331425,0.03481368320428042,0.28456935352023444,0.18885677372993814,0.37337413314925166,0.5091135736466591,0.3071336772711422,0.11359132647123053,0.006237132504725862,0.38867410013622294,0.2672783550748466,0.3086607207301979,0.14281302505779,-0.05447611763879657,-0.09002325826761562
2025-08-24T16:42:09.857000,0.0,0.042601491091772914,0.08016983210109174,34.30217985903125,389.12,49.9,0.22562200022505605,0.02450535002331425,0.03481368320428042,0.28456935352023444,0.18885677372993814,0.37337413314925166,0.5091135736466591,0.3071336772711422,0.11359132647123053,0.006237132504725862,0.38867410013622294,0.2672783550748466,0.3086607207301979,0.14281302505779,-0.05447611763879657,-0.09002325826761562
2025-08-24T16:42:10.858000,0.0,0.043898469069972634,0.11076408391818404,27.084591808803083,389.12,49.9,0.22562200022505605,0.02450535002331425,0.03481368320428042,0.28456935352023444,0.18885677372993814,0.37337413314925166,0.5091135736466591,0.3071336772711422,0.11359132647123053,0.006237132504725862,0.38867410013622294,0.2672783550748466,0.3086607207301979,0.14281302505779,-0.05447611763879657,-0.09002325826761562
2025-08-24T16:42:11.858000,0.0,0.06681715184822679,0.11289307684637606,28.788302088909735,389.12,49.9,0.22562200022505605,0.02450535002331425,0.03481368320428042,0.28456935352023444,0.18885677372993814,0.37337413314925166,0.5091135736466591,0.3071336772711422,0.11359132647123053,0.006237132504725862,0.38867410013622294,0.2672783550748466,0.3086607207301979,0.14281302505779,-0.05447611763879657,-0.09002325826761562
2025-08-24T16:42:12.858000,0.0,0.0673460029065609,0.11251443112269044,28.885183594414116,389.12,49.9,0.22562200022505605,0.02450535002331425,0.03481368320428042,0.28456935352023444,0.18885677372993814,0.37337413314925166,0.5091135736466591,0.3071336772711422,0.11359132647123053,0.006237132504725862,0.38867410013622294,0.2672783550748466,0.3086607207301979,0.14281302505779,-0.05447611763879657,-0.09002325826761562
2025-08-24T16:42:13.858000,0.0,0.06742465100251138,0.0980458848644048,30.597918557713623,389.12,49.9,0.22562200022505605,0.02450535002331425,0.03481368320428042,0.28456935352023444,0.18885677372993814,0.37337413314925166,0.5091135736466591,0.3071336772711422,0.11359132647123053,0.006237132504725862,0.38867410013622294,0.2672783550748466,0.3086607207301979,0.14281302505779,-0.05447611763879657,-0.09002325826761562
2025-08-24T16:42:14.857000,0.0,0.05313458596356213,0.09876427100971341,30.375357093507798,389.12,49.9,0.22562200022505605,0.02450535002331425,0.03481368320428042,0.28456935352023444,0.18885677372993814,0.37337413314925166,0.5091135736466591,0.3071336772711422,0.11359132647123053,0.006237132504725862,0.38867410013622294,0.2672783550748466,0.3086607207301979,0.14281302505779,-0.05447611763879657,-0.09002325826761562
2025-08-24T16:42:15.857000,0.0,0.06201163097284734,0.08129058801569045,33.82925461763408,389.12,49.9,0.22562200022505605,0.02450535002331425,0.03481368320428042,0.28456935352023444,0.18885677372993814,0.37337413314925166,0.5091135736466591,0.3071336772711422,0.11359132647123053,0.006237132504725862,0.38867410013622294,0.2672783550748466,0.3086607207301979,0.14281302505779,-0.05447611763879657,-0.09002325826761562
2025-08-24T16:42:16.867000,0.0,0.04262093501165509,0.07837243098765612,35.08886945759064,389.12,49.9,0.22562200022505605,0.02450535002331425,0.03481368320428042,0.28456935352023444,0.18885677372993814,0.37337413314925166,0.5091135736466591,0.3071336772711422,0.11359132647123053,0.006237132504725862,0.38867410013622294,0.2672783550748466,0.3086607207301979,0.14281302505779,-0.05447611763879657,-0.09002325826761562
2025-08-24T16:42:17.867000,0.0,0.04255067580379546,0.0768038418609649,32.55045502184242,389.12,49.9,0.22562200022505605,0.02450535002331425,0.03481368320428042,0.28456935352023444,0.18885677372993814,0.37337413314925166,0.5091135736466591,0.3071336772711422,0.11359132647123053,0.006237132504725862,0.38867410013622294,0.2672783550748466,0.3086607207301979,0.14281302505779,-0.05447611763879657,-0.09002325826761562
2025-08-24T16:42:18.878000,0.0,0.043144471012055874,0.07718686014413834,35.627825705887496,389.12,49.9,0.22562200022505605,0.02450535002331425,0.03481368320428042,0.28456935352023444,0.18885677372993814,0.37337413314925166,0.5091135736466591,0.3071336772711422,0.11359132647123053,0.006237132504725862,0.38867410013622294,0.2672783550748466,0.3086607207301979,0.14281302505779,-0.05447611763879657,-0.09002325826761562
2025-08-24T16:42:19.878000,0.0,0.04347974807024002,0.07977474015206099,34.47206465051631,389.12,49.9,0.22562200022505605,0.02450535002331425,0.03481368320428042,0.28456935352023444,0.18885677372993814,0.37337413314925166,0.5091135736466591,0.3071336772711422,0.11359132647123053,0.006237132504725862,0.38867410013622294,0.2672783550748466,0.3086607207301979,0.14281302505779,-0.05447611763879657,-0.09002325826761562
2025-08-24T16:42:20.859000,0.0,0.04327919310890138,0.07967824093066156,34.51381415904009,389.12,49.9,0.22562200022505605,0.02450535002331425,0.03481368320428042,0.28456935352023444,0.18885677372993814,0.37337413314925166,0.5091135736466591,0.3071336772711422,0.11359132647123053,0.006237132504725862,0.38867410013622294,0.2672783550748466,0.3086607207301979,0.14281302505779,-0.05447611763879657,-0.09002325826761562
2025-08-24T16:42:21.859000,0.0,0.04306456400081515,0.07965068495832384,34.52575456744517,389.12,49.9,0.22562200022505605,0.02450535002331425,0.03481368320428042,0.28456935352023444,0.18885677372993814,0.37337413314925166,0.5091135736466591,0.3071336772711422,0.11359132647123053,0.006237132504725862,0.38867410013622294,0.2672783550748466,0.3086607207301979,0.14281302505779,-0.05447611763879657,-0.09002325826761562
2025-08-24T16:42:22.859000,0.0,0.04305473016574979,0.07905539101921022,34.78573648863168,389.12,49.9,0.22562200022505605,0.02450535002331425,0.03481368320428042,0.28456935352023444,0.18885677372993814,0.37337413314925166,0.5091135736466591,0.3071336772711422,0.11359132647123053,0.006237132504725862,0.38867410013622294,0.2672783550748466,0.3086607207301979,0.14281302505779,-0.05447611763879657,-0.09002325826761562
2025-08-24T16:42:23.861000,0.0,0.042443990940228105,0.07848628098145127,35.03797052952457,389.12,49.9,0.22562200022505605,0.02450535002331425,0.03481368320428042,0.28456935352023444,0.18885677372993814,0.37337413314925166,0.5091135736466591,0.3071336772711422,0.11359132647123053,0.006237132504725862,0.38867410013622294,0.2672783550748466,0.3086607207301979,0.14281302505779,-0.05447611763879657,-0.09002325826761562
2025-08-24T16:42:50.335000,0.0,,0.3553814559709281,4.924286201762902,368.64,48.1,0.5568364380703621,0.07796279413229722,-0.0012960738224535389,0.20347991876020954
2025-08-24T16:42:51.335000,0.0,0.01388808386400342,0.05540541303344071,27.07316700436151,368.64,48.1,0.5568364380703621,0.07796279413229722,-0.0012960738224535389,0.20347991876020954
2025-08-24T16:42:52.335000,0.0,0.012218737974762917,0.0520981268491596,28.79182210030281,368.64,48.1,0.5568364380703621,0.07796279413229722,-0.0012960738224535389,0.20347991876020954
2025-08-24T16:42:53.335000,0.0,0.011276222998276353,0.05142029584385455,29.171360751306125,368.64,48.1,0.5568364380703621,0.07796279413229722,-0.0012960738224535389,0.20347991876020954
2025-08-24T16:42:54.315000,0.0,0.012105849804356694,0.05088074202649295,24.56725177767876,368.64,48.1,0.5568364380703621,0.07796279413229722,-0.0012960738224535389,0.20347991876020954
2025-08-24T16:42:55.346000,0.0,0.012387830065563321,0.051379295997321606,34.060412195823666,368.64,48.1,0.5568364380703621,0.07796279413229722,-0.0012960738224535389,0.20347991876020954
2025-08-24T16:42:56.315000,0.0,0.012283460004255176,0.05544394999742508,27.054349483933226,368.64,48.1,0.5568364380703621,0.07796279413229722,-0.0012960738224535389,0.20347991876020954
2025-08-24T16:42:57.335000,0.0,0.01650470611639321,0.07198789599351585,24.309642278719114,368.64,48.1,0.5568364380703621,0.07796279413229722,-0.0012960738224535389,0.20347991876020954
2025-08-24T16:42:58.316000,0.0,0.017464091069996357,0.06304901791736484,27.756181742491908,368.64,48.1,0.5568364380703621,0.07796279413229722,-0.0012960738224535389,0.20347991876020954
2025-08-24T16:42:59.346000,0.0,0.01459282310679555,0.05203264602459967,24.023379464673976,368.64,48.1,0.5568364380703621,0.07796279413229722,-0.0012960738224535389,0.20347991876020954
2025-08-24T16:43:00.346000,0.0,0.01421312103047967,0.056159577099606395,26.709602840126816,368.64,48.1,0.5568364380703621,0.07796279413229722,-0.0012960738224535389,0.20347991876020954
2025-08-24T16:43:01.327000,0.0,0.014305879827588797,0.056374501902610064,26.607773893795063,368.64,48.1,0.5568364380703621,0.07796279413229722,-0.0012960738224535389,0.20347991876020954
2025-08-24T16:43:02.326000,0.0,0.014159880112856627,0.05558904190547764,26.983735437472266,368.64,48.1,0.5568364380703621,0.07796279413229722,-0.0012960738224535389,0.20347991876020954
2025-08-24T16:43:03.326000,0.0,0.014322194969281554,0.05535565409809351,27.097502945984143,368.64,48.1,0.5568364380703621,0.07796279413229722,-0.0012960738224535389,0.20347991876020954
2025-08-24T16:43:04.326000,0.0,0.013695196947082877,0.05322158592753112,28.184053027703442,368.64,48.1,0.5568364380703621,0.07796279413229722,-0.0012960738224535389,0.20347991876020954
2025-08-24T16:43:05.326000,0.0,0.011116815963760018,0.05304043903015554,28.280308900671137,368.64,48.1,0.5568364380703621,0.07796279413229722,-0.0012960738224535389,0.20347991876020954
2025-08-24T16:43:06.326000,0.0,0.010645891074091196,0.053017586935311556,28.29249852186238,368.64,48.1,0.5568364380703621,0.07796279413229722,-0.0012960738224535389,0.20347991876020954
2025-08-24T16:43:07.327000,0.0,0.01131659303791821,0.05219829292036593,23.947143288900776,368.64,48.1,0.5568364380703621,0.07796279413229722,-0.0012960738224535389,0.20347991876020954
2025-08-24T16:43:08.326000,0.0,0.0109828170388937,0.05247758887708187,33.34756869449515,368.64,48.1,0.5568364380703621,0.07796279413229722,-0.0012960738224535389,0.20347991876020954
2025-08-24T16:43:09.328000,0.0,0.010660910047590733,0.05302484589628875,28.288625353741086,368.64,48.1,0.5568364380703621,0.07796279413229722,-0.0012960738224535389,0.20347991876020954
2025-08-24T16:43:10.325000,0.0,0.010968761052936316,0.05312764295376837,28.233889489607343,368.64,48.1,0.5568364380703621,0.07796279413229722,-0.0012960738224535389,0.20347991876020954
2025-08-24T16:43:11.326000,0.0,0.011030685855075717,0.05321651301346719,32.88452964885438,368.64,48.1,0.5568364380703621,0.07796279413229722,-0.0012960738224535389,0.20347991876020954
2025-08-24T16:43:12.326000,0.0,0.01115646306425333,0.052413034019991755,23.849029604415456,368.64,48.1,0.5568364380703621,0.07796279413229722,-0.0012960738224535389,0.20347991876020954
2025-08-24T16:43:13.328000,0.0,0.011166149051859975,0.05328827095218003,28.148783460173476,368.64,48.1,0.5568364380703621,0.07796279413229722,-0.0012960738224535389,0.20347991876020954
2025-08-24T16:43:14.327000,0.0,0.011094816029071808,0.052662162110209465,28.483448834873553,368.64,48.1,0.5568364380703621,0.07796279413229722,-0.0012960738224535389,0.20347991876020954
2025-08-24T16:43:15.327000,0.0,0.010939945932477713,0.05053935502655804,24.733200479964733,368.64,48.1,0.5568364380703621,0.07796279413229722,-0.0012960738224535389,0.20347991876020954
2025-08-24T16:43:16.347000,0.0,0.012089608935639262,0.05010476312600076,24.94772796064488,368.64,48.1,0.5568364380703621,0.07796279413229722,-0.0012960738224535389,0.20347991876020954
2025-08-24T16:43:17.348000,0.0,0.011858312878757715,0.05027315183542669,29.836999377130486,368.64,48.1,0.5568364380703621,0.07796279413229722,-0.0012960738224535389,0.20347991876020954
2025-08-24T16:43:18.348000,0.0,0.011703090975061059,0.050480891950428486,29.714213478497786,368.64,48.1,0.5568364380703621,0.07796279413229722,-0.0012960738224535389,0.20347991876020954
2025-08-24T16:43:19.347000,0.0,0.011831128038465977,0.05564752290956676,31.4479406899018,368.64,48.1,0.5568364380703621,0.07796279413229722,-0.0012960738224535389,0.20347991876020954
2025-08-24T16:43:20.317000,0.0,0.01271499483846128,0.056434927973896265,31.009165118620547,368.64,48.1,0.5568364380703621,0.07796279413229722,-0.0012960738224535389,0.20347991876020954
2025-08-24T16:43:21.318000,0.0,0.01284169894643128,0.0529918281827122,28.30625119835592,368.64,48.1,0.5568364380703621,0.07796279413229722,-0.0012960738224535389,0.20347991876020954
2025-08-24T16:43:22.328000,0.0,0.011063649086281657,0.05267112492583692,28.47860193060294,368.64,48.1,0.5568364380703621,0.07796279413229722,-0.0012960738224535389,0.20347991876020954
2025-08-24T16:43:23.327000,0.0,0.011080333963036537,0.052305015036836267,28.677938414578026,368.64,48.1,0.5568364380703621,0.07796279413229722,-0.0012960738224535389,0.20347991876020954
2025-08-24T16:43:24.328000,0.0,0.010857834946364164,0.052930291974917054,28.33915975205439,368.64,48.1,0.5568364380703621,0.07796279413229722,-0.0012960738224535389,0.20347991876020954
2025-08-24T16:43:25.327000,0.0,0.010618984000757337,0.05096216802485287,29.433598650444047,368.64,48.1,0.5568364380703621,0.07796279413229722,-0.0012960738224535389,0.20347991876020954
2025-08-24T16:43:26.347000,0.0,0.012503996957093477,0.05615909514017403,31.16147074008187,368.64,48.1,0.5568364380703621,0.07796279413229722,-0.0012960738224535389,0.20347991876020954
2025-08-24T16:43:27.309000,0.0,0.011097297072410583,0.052014202112331986,24.031898005480638,368.64,48.1,0.5568364380703621,0.07796279413229722,-0.0012960738224535389,0.20347991876020954
2025-08-24T16:43:28.338000,0.0,0.01102487207390368,0.05194949801079929,28.874196237434123,368.64,48.1,0.5568364380703621,0.07796279413229722,-0.0012960738224535389,0.20347991876020954
2025-08-24T16:43:29.339000,0.0,0.011647905921563506,0.05236481106840074,28.645190718641487,368.64,48.1,0.5568364380703621,0.07796279413229722,-0.0012960738224535389,0.20347991876020954
2025-08-24T16:43:30.339000,0.0,0.011311333859339356,0.05187753518112004,28.91424958342793,368.64,48.1,0.5568364380703621,0.07796279413229722,-0.0012960738224535389,0.20347991876020954
2025-08-24T16:43:31.338000,0.0,0.01093561202287674,0.05484835896641016,27.34812906469248,368.64,48.1,0.5568364380703621,0.07796279413229722,-0.0012960738224535389,0.20347991876020954
2025-08-24T16:43:32.318000,0.0,0.011656222166493535,0.053688473999500275,27.93895762457189,368.64,48.1,0.5568364380703621,0.07796279413229722,-0.0012960738224535389,0.20347991876020954
2025-08-24T16:43:33.329000,0.0,0.011330907931551337,0.052870828891173005,33.09953781133506,368.64,48.1,0.5568364380703621,0.07796279413229722,-0.0012960738224535389,0.20347991876020954
2025-08-24T16:43:34.328000,0.0,0.011018501129001379,0.050653540063649416,29.612935208776452,368.64,48.1,0.5568364380703621,0.07796279413229722,-0.0012960738224535389,0.20347991876020954
2025-08-24T16:43:35.348000,0.0,0.011207778938114643,0.055629857117310166,31.45792728371795,368.64,48.1,0.5568364380703621,0.07796279413229722,-0.0012960738224535389,0.20347991876020954
2025-08-24T16:43:36.319000,0.0,0.011878610122948885,0.0554561719764024,27.048386979148958,368.64,48.1,0.5568364380703621,0.07796279413229722,-0.0012960738224535389,0.20347991876020954
2025-08-24T16:43:37.319000,0.0,0.011676943162456155,0.05617211409844458,31.154248475194496,368.64,48.1,0.5568364380703621,0.07796279413229722,-0.0012960738224535389,0.20347991876020954
2025-08-24T16:43:38.318000,0.0,0.012121794046834111,0.05590133694931865,31.305154679692095,368.64,48.1,0.5568364380703621,0.07796279413229722,-0.0012960738224535389,0.20347991876020954
2025-08-24T16:43:39.319000,0.0,0.01171070197597146,0.056021965807303786,31.237747101188894,368.64,48.1,0.5568364380703621,0.07796279413229722,-0.0012960738224535389,0.20347991876020954
2025-08-24T16:43:40.319000,0.0,0.011927849845960736,0.05605807714164257,31.217624457190396,368.64,48.1,0.5568364380703621,0.07796279413229722,-0.0012960738224535389,0.20347991876020954
2025-08-24T16:43:41.315000,0.0,0.01194475800730288,0.056068910052999854,26.75279399193018,368.64,48.1,0.5568364380703621,0.07796279413229722,-0.0012960738224535389,0.20347991876020954
2025-08-24T16:43:42.315000,0.0,0.012171848909929395,0.0565552799962461,26.522722548621818,368.64,48.1,0.5568364380703621,0.07796279413229722,-0.0012960738224535389,0.20347991876020954
2025-08-24T16:44:09.669000,0.0,,0.3634620630182326,6.190467256240518,378.88,48.4,0.5785618763636736,0.1727793514306029,0.017008474013224802,0.16318123684466077,0.23708710443995532,0.3601017571813484,0.3024125004674745
2025-08-24T16:44:10.669000,0.0,0.021625281078740954,0.06660091411322355,33.78332009339885,378.88,48.4,0.5785618763636736,0.1727793514306029,0.017008474013224802,0.16318123684466077,0.23708710443995532,0.3601017571813484,0.3024125004674745
2025-08-24T16:44:11.638000,0.0,0.01874438300728798,0.06426714290864766,31.1201013376764,378.88,48.4,0.5785618763636736,0.1727793514306029,0.017008474013224802,0.16318123684466077,0.23708710443995532,0.3601017571813484,0.3024125004674745
2025-08-24T16:44:12.638000,0.0,0.018695605918765068,0.06314249895513058,31.674387822712134,378.88,48.4,0.5785618763636736,0.1727793514306029,0.017008474013224802,0.16318123684466077,0.23708710443995532,0.3601017571813484,0.3024125004674745
2025-08-24T16:44:13.638000,0.0,0.018672736128792167,0.05982571397908032,29.25163585363882,378.88,48.4,0.5785618763636736,0.1727793514306029,0.017008474013224802,0.16318123684466077,0.23708710443995532,0.3601017571813484,0.3024125004674745
2025-08-24T16:44:14.638000,0.0,0.019620603183284402,0.06302338885143399,27.767469060181917,378.88,48.4,0.5785618763636736,0.1727793514306029,0.017008474013224802,0.16318123684466077,0.23708710443995532,0.3601017571813484,0.3024125004674745
2025-08-24T16:44:15.648000,0.0,0.019549788907170296,0.06338572083041072,27.608741796628834,378.88,48.4,0.5785618763636736,0.1727793514306029,0.017008474013224802,0.16318123684466077,0.23708710443995532,0.3601017571813484,0.3024125004674745
2025-08-24T16:44:16.649000,0.0,0.019601362058892846,0.06326338811777532,31.613861658447206,378.88,48.4,0.5785618763636736,0.1727793514306029,0.017008474013224802,0.16318123684466077,0.23708710443995532,0.3601017571813484,0.3024125004674745
2025-08-24T16:44:17.647000,0.0,0.019525899784639478,0.06271163001656532,31.892011090634142,378.88,48.4,0.5785618763636736,0.1727793514306029,0.017008474013224802,0.16318123684466077,0.23708710443995532,0.3601017571813484,0.3024125004674745
2025-08-24T16:44:18.648000,0.0,0.019506548065692186,0.06369240512140095,31.400918150097425,378.88,48.4,0.5785618763636736,0.1727793514306029,0.017008474013224802,0.16318123684466077,0.23708710443995532,0.3601017571813484,0.3024125004674745
2025-08-24T16:44:19.648000,0.0,0.01980117685161531,0.05785364587791264,25.92749302551262,378.88,48.4,0.5785618763636736,0.1727793514306029,0.017008474013224802,0.16318123684466077,0.23708710443995532,0.3601017571813484,0.3024125004674745
2025-08-24T16:44:20.668000,0.0,0.019414585083723068,0.05716000008396804,30.615815210448865,378.88,48.4,0.5785618763636736,0.1727793514306029,0.017008474013224802,0.16318123684466077,0.23708710443995532,0.3601017571813484,0.3024125004674745
2025-08-24T16:44:21.679000,0.0,0.018812125083059072,0.06330990605056286,31.590632884570844,378.88,48.4,0.5785618763636736,0.1727793514306029,0.017008474013224802,0.16318123684466077,0.23708710443995532,0.3601017571813484,0.3024125004674745
2025-08-24T16:44:22.650000,0.0,0.02003710111603141,0.06286551803350449,31.813942882552755,378.88,48.4,0.5785618763636736,0.1727793514306029,0.017008474013224802,0.16318123684466077,0.23708710443995532,0.3601017571813484,0.3024125004674745
2025-08-24T16:44:23.648000,0.0,0.019138327101245522,0.06340281409211457,35.487383836482266,378.88,48.4,0.5785618763636736,0.1727793514306029,0.017008474013224802,0.16318123684466077,0.23708710443995532,0.3601017571813484,0.3024125004674745
2025-08-24T16:44:24.650000,0.0,0.01975112105719745,0.06363859004341066,35.35590588140267,378.88,48.4,0.5785618763636736,0.1727793514306029,0.017008474013224802,0.16318123684466077,0.23708710443995532,0.3601017571813484,0.3024125004674745
2025-08-24T16:44:25.648000,0.0,0.019841658184304833,0.058509236900135875,34.182636895668644,378.88,48.4,0.5785618763636736,0.1727793514306029,0.017008474013224802,0.16318123684466077,0.23708710443995532,0.3601017571813484,0.3024125004674745
2025-08-24T16:44:26.669000,0.0,0.01852525514550507,0.05838492210023105,29.973492077212814,378.88,48.4,0.5785618763636736,0.1727793514306029,0.017008474013224802,0.16318123684466077,0.23708710443995532,0.3601017571813484,0.3024125004674745
2025-08-24T16:44:27.679000,0.0,0.019783047027885914,0.057755923829972744,30.29992222359424,378.88,48.4,0.5785618763636736,0.1727793514306029,0.017008474013224802,0.16318123684466077,0.23708710443995532,0.3601017571813484,0.3024125004674745
2025-08-24T16:44:28.680000,0.0,0.01944052893668413,0.06355170090682805,31.47044015284759,378.88,48.4,0.5785618763636736,0.1727793514306029,0.017008474013224802,0.16318123684466077,0.23708710443995532,0.3601017571813484,0.3024125004674745
2025-08-24T16:44:29.650000,0.0,0.019964602077379823,0.06367303500883281,31.41047069175381,378.88,48.4,0.5785618763636736,0.1727793514306029,0.017008474013224802,0.16318123684466077,0.23708710443995532,0.3601017571813484,0.3024125004674745
2025-08-24T16:44:30.649000,0.0,0.02057591499760747,0.0619430779479444,28.251744310649595,378.88,48.4,0.5785618763636736,0.1727793514306029,0.017008474013224802,0.16318123684466077,0.23708710443995532,0.3601017571813484,0.3024125004674745
2025-08-24T16:44:31.659000,0.0,0.019122346071526408,0.0595046398229897,29.40947134888618,378.88,48.4,0.5785618763636736,0.1727793514306029,0.017008474013224802,0.16318123684466077,0.23708710443995532,0.3601017571813484,0.3024125004674745
2025-08-24T16:44:32.670000,0.0,0.01903069787658751,0.05834758887067437,29.99267037201458,378.88,48.4,0.5785618763636736,0.1727793514306029,0.017008474013224802,0.16318123684466077,0.23708710443995532,0.3601017571813484,0.3024125004674745
2025-08-24T16:44:33.679000,0.0,0.02006212016567588,0.05822879308834672,30.053860078205684,378.88,48.4,0.5785618763636736,0.1727793514306029,0.017008474013224802,0.16318123684466077,0.23708710443995532,0.3601017571813484,0.3024125004674745
2025-08-24T16:44:34.679000,0.0,0.019896212965250015,0.058348404010757804,29.99225136778988,378.88,48.4,0.5785618763636736,0.1727793514306029,0.017008474013224802,0.16318123684466077,0.23708710443995532,0.3601017571813484,0.3024125004674745
2025-08-24T16:44:35.679000,0.0,0.019820251036435366,0.058104238007217646,30.11828499984156,378.88,48.4,0.5785618763636736,0.1727793514306029,0.017008474013224802,0.16318123684466077,0.23708710443995532,0.3601017571813484,0.3024125004674745
2025-08-24T16:44:36.680000,0.0,0.019709288142621517,0.062054336071014404,32.22981868198897,378.88,48.4,0.5785618763636736,0.1727793514306029,0.017008474013224802,0.16318123684466077,0.23708710443995532,0.3601017571813484,0.3024125004674745
2025-08-24T16:44:37.659000,0.0,0.019500473979860544,0.06112035806290805,28.632031216159138,378.88,48.4,0.5785618763636736,0.1727793514306029,0.017008474013224802,0.16318123684466077,0.23708710443995532,0.3601017571813484,0.3024125004674745
2025-08-24T16:44:38.661000,0.0,0.019038382917642593,0.0617282809689641,32.40005988512083,378.88,48.4,0.5785618763636736,0.1727793514306029,0.017008474013224802,0.16318123684466077,0.23708710443995532,0.3601017571813484,0.3024125004674745
2025-08-24T16:44:39.661000,0.0,0.01914749387651682,0.06215922487899661,32.17543339533815,378.88,48.4,0.5785618763636736,0.1727793514306029,0.017008474013224802,0.16318123684466077,0.23708710443995532,0.3601017571813484,0.3024125004674745
2025-08-24T16:44:40.656000,0.0,0.018805050989612937,0.05922406679019332,29.5487982309547,378.88,48.4,0.5785618763636736,0.1727793514306029,0.017008474013224802,0.16318123684466077,0.23708710443995532,0.3601017571813484,0.3024125004674745
2025-08-24T16:44:41.667000,0.0,0.018460348015651107,0.060569378081709146,28.892487514717857,378.88,48.4,0.5785618763636736,0.1727793514306029,0.017008474013224802,0.16318123684466077,0.23708710443995532,0.3601017571813484,0.3024125004674745
2025-08-24T16:44:42.666000,0.0,0.01884614280425012,0.06174681894481182,28.34154098795154,378.88,48.4,0.5785618763636736,0.1727793514306029,0.017008474013224802,0.16318123684466077,0.23708710443995532,0.3601017571813484,0.3024125004674745
2025-08-24T16:44:43.657000,0.0,0.018507699016481638,0.061941595980897546,28.252420240183955,378.88,48.4,0.5785618763636736,0.1727793514306029,0.017008474013224802,0.16318123684466077,0.23708710443995532,0.3601017571813484,0.3024125004674745
2025-08-24T16:44:44.657000,0.0,0.019604714820161462,0.061671077972278,32.43011255452797,378.88,48.4,0.5785618763636736,0.1727793514306029,0.017008474013224802,0.16318123684466077,0.23708710443995532,0.3601017571813484,0.3024125004674745
2025-08-24T16:44:45.656000,0.0,0.019465585006400943,0.06483686389401555,30.846649265289372,378.88,48.4,0.5785618763636736,0.1727793514306029,0.017008474013224802,0.16318123684466077,0.23708710443995532,0.3601017571813484,0.3024125004674745
2025-08-24T16:44:46.657000,0.0,0.021115134935826063,0.08392228395678103,26.810519136475353,378.88,48.4,0.5785618763636736,0.1727793514306029,0.017008474013224802,0.16318123684466077,0.23708710443995532,0.3601017571813484,0.3024125004674745
2025-08-24T16:44:47.657000,0.0,0.029989385046064854,0.06808922393247485,29.3732236100008,378.88,48.4,0.5785618763636736,0.1727793514306029,0.017008474013224802,0.16318123684466077,0.23708710443995532,0.3601017571813484,0.3024125004674745
2025-08-24T16:44:48.656000,0.0,0.02295887004584074,0.06180131807923317,28.316548164173412,378.88,48.4,0.5785618763636736,0.1727793514306029,0.017008474013224802,0.16318123684466077,0.23708710443995532,0.3601017571813484,0.3024125004674745
2025-08-24T16:44:49.668000,0.0,0.020648711128160357,0.06249148305505514,28.003816111361175,378.88,48.4,0.5785618763636736,0.1727793514306029,0.017008474013224802,0.16318123684466077,0.23708710443995532,0.3601017571813484,0.3024125004674745
2025-08-24T16:44:50.658000,0.0,0.01929340115748346,0.06024771183729172,29.046746285172674,378.88,48.4,0.5785618763636736,0.1727793514306029,0.017008474013224802,0.16318123684466077,0.23708710443995532,0.3601017571813484,0.3024125004674745
2025-08-24T16:44:51.667000,0.0,0.018852290930226445,0.05994647298939526,33.3630971142181,378.88,48.4,0.5785618763636736,0.1727793514306029,0.017008474013224802,0.16318123684466077,0.23708710443995532,0.3601017571813484,0.3024125004674745
2025-08-24T16:44:52.667000,0.0,0.019157512113451958,0.05997197306714952,29.18029723718718,378.88,48.4,0.5785618763636736,0.1727793514306029,0.017008474013224802,0.16318123684466077,0.23708710443995532,0.3601017571813484,0.3024125004674745
2025-08-24T16:44:53.667000,0.0,0.018852717010304332,0.05882379109971225,29.749867651909423,378.88,48.4,0.5785618763636736,0.1727793514306029,0.017008474013224802,0.16318123684466077,0.23708710443995532,0.3601017571813484,0.3024125004674745
2025-08-24T16:44:54.678000,0.0,0.019230141071602702,0.06309816590510309,27.734562089046,378.88,48.4,0.5785618763636736,0.1727793514306029,0.017008474013224802,0.16318123684466077,0.23708710443995532,0.3601017571813484,0.3024125004674745
2025-08-24T16:44:55.648000,0.0,0.018886993872001767,0.06392708886414766,35.196346963045706,378.88,48.4,0.5785618763636736,0.1727793514306029,0.017008474013224802,0.16318123684466077,0.23708710443995532,0.3601017571813484,0.3024125004674745
2025-08-24T16:44:56.647000,0.0,0.01962417713366449,0.06337942485697567,31.55598215845788,378.88,48.4,0.5785618763636736,0.1727793514306029,0.017008474013224802,0.16318123684466077,0.23708710443995532,0.3601017571813484,0.3024125004674745
2025-08-24T16:44:57.648000,0.0,0.01893160492181778,0.06485514203086495,30.83795574833751,378.88,48.4,0.5785618763636736,0.1727793514306029,0.017008474013224802,0.16318123684466077,0.23708710443995532,0.3601017571813484,0.3024125004674745
2025-08-24T16:44:58.659000,0.0,0.021233672043308616,0.06250357604585588,31.998169169275258,378.88,48.4,0.5785618763636736,0.1727793514306029,0.017008474013224802,0.16318123684466077,0.23708710443995532,0.3601017571813484,0.3024125004674745
2025-08-24T16:44:59.658000,0.0,0.01890349411405623,0.061551152961328626,28.431636383797677,378.88,48.4,0.5785618763636736,0.1727793514306029,0.017008474013224802,0.16318123684466077,0.23708710443995532,0.3601017571813484,0.3024125004674745
2025-08-24T16:45:00.668000,0.0,0.020610692910850048,0.059860083973035216,29.23484037857879,378.88,48.4,0.5785618763636736,0.1727793514306029,0.017008474013224802,0.16318123684466077,0.23708710443995532,0.3601017571813484,0.3024125004674745
2025-08-24T16:45:01.669000,0.0,0.018259645206853747,0.05979273212142289,29.26777114727305,378.88,48.4,0.5785618763636736,0.1727793514306029,0.017008474013224802,0.16318123684466077,0.23708710443995532,0.3601017571813484,0.3024125004674745
2025-08-24T16:45:31.651000,0.0,,0.37548286095261574,7.323902862099006,378.88,48.4,0.5762435986934508,0.08857001751411886,-0.010659354089660747,0.20051626943152326,0.20801027014932644,0.26427156444945277,0.23642703025090875,0.19819229798743432,0.2161315218366133,0.1665303342938321
2025-08-24T16:45:32.651000,0.0,0.031084769871085882,0.0699175710324198,28.605112712977824,378.88,48.4,0.5762435986934508,0.08857001751411886,-0.010659354089660747,0.20051626943152326,0.20801027014932644,0.26427156444945277,0.23642703025090875,0.19819229798743432,0.2161315218366133,0.1665303342938321
2025-08-24T16:45:33.661000,0.0,0.027444022009149194,0.06819387315772474,36.66018491452704,378.88,48.4,0.5762435986934508,0.08857001751411886,-0.010659354089660747,0.20051626943152326,0.20801027014932644,0.26427156444945277,0.23642703025090875,0.19819229798743432,0.2161315218366133,0.1665303342938321
2025-08-24T16:45:34.630000,0.0,0.02713137515820563,0.07084825215861201,31.758017049775532,378.88,48.4,0.5762435986934508,0.08857001751411886,-0.010659354089660747,0.20051626943152326,0.20801027014932644,0.26427156444945277,0.23642703025090875,0.19819229798743432,0.2161315218366133,0.1665303342938321
2025-08-24T16:45:35.641000,0.0,0.027231560088694096,0.07030297699384391,28.448297433764893,378.88,48.4,0.5762435986934508,0.08857001751411886,-0.010659354089660747,0.20051626943152326,0.20801027014932644,0.26427156444945277,0.23642703025090875,0.19819229798743432,0.2161315218366133,0.1665303342938321
2025-08-24T16:45:36.650000,0.0,0.027783854864537716,0.06641261884942651,33.879103685118814,378.88,48.5,0.5762435986934508,0.08857001751411886,-0.010659354089660747,0.20051626943152326,0.20801027014932644,0.26427156444945277,0.23642703025090875,0.19819229798743432,0.2161315218366133,0.1665303342938321
2025-08-24T16:45:37.661000,0.0,0.026144581846892834,0.06792866997420788,33.12298033885181,378.88,48.5,0.5762435986934508,0.08857001751411886,-0.010659354089660747,0.20051626943152326,0.20801027014932644,0.26427156444945277,0.23642703025090875,0.19819229798743432,0.2161315218366133,0.1665303342938321
2025-08-24T16:45:38.661000,0.0,0.027065041940659285,0.06676430301740766,29.956127894850276,378.88,48.5,0.5762435986934508,0.08857001751411886,-0.010659354089660747,0.20051626943152326,0.20801027014932644,0.26427156444945277,0.23642703025090875,0.19819229798743432,0.2161315218366133,0.1665303342938321
2025-08-24T16:45:39.661000,0.0,0.02669593202881515,0.0670552640222013,29.826144586319465,378.88,48.5,0.5762435986934508,0.08857001751411886,-0.010659354089660747,0.20051626943152326,0.20801027014932644,0.26427156444945277,0.23642703025090875,0.19819229798743432,0.2161315218366133,0.1665303342938321
2025-08-24T16:45:40.657000,0.0,0.026950617088004947,0.06707787606865168,29.81609015099222,378.88,48.5,0.5762435986934508,0.08857001751411886,-0.010659354089660747,0.20051626943152326,0.20801027014932644,0.26427156444945277,0.23642703025090875,0.19819229798743432,0.2161315218366133,0.1665303342938321
2025-08-24T16:45:41.658000,0.0,0.02671487699262798,0.06633482198230922,30.15007714249056,378.88,48.5,0.5762435986934508,0.08857001751411886,-0.010659354089660747,0.20051626943152326,0.20801027014932644,0.26427156444945277,0.23642703025090875,0.19819229798743432,0.2161315218366133,0.1665303342938321
2025-08-24T16:45:42.658000,0.0,0.026016322895884514,0.06649446999654174,33.83740031489859,378.88,48.5,0.5762435986934508,0.08857001751411886,-0.010659354089660747,0.20051626943152326,0.20801027014932644,0.26427156444945277,0.23642703025090875,0.19819229798743432,0.2161315218366133,0.1665303342938321
2025-08-24T16:45:43.657000,0.0,0.026885339058935642,0.06631428492255509,30.15941440574523,378.88,48.5,0.5762435986934508,0.08857001751411886,-0.010659354089660747,0.20051626943152326,0.20801027014932644,0.26427156444945277,0.23642703025090875,0.19819229798743432,0.2161315218366133,0.1665303342938321
2025-08-24T16:45:44.657000,0.0,0.02743778214789927,0.07110021496191621,31.64547394413893,378.88,48.5,0.5762435986934508,0.08857001751411886,-0.010659354089660747,0.20051626943152326,0.20801027014932644,0.26427156444945277,0.23642703025090875,0.19819229798743432,0.2161315218366133,0.1665303342938321
2025-08-24T16:45:45.637000,0.0,0.027144022984430194,0.07170543493703008,31.3783746235678,378.88,48.5,0.5762435986934508,0.08857001751411886,-0.010659354089660747,0.20051626943152326,0.20801027014932644,0.26427156444945277,0.23642703025090875,0.19819229798743432,0.2161315218366133,0.1665303342938321
2025-08-24T16:45:46.637000,0.0,0.028082872042432427,0.06978127406910062,32.24360732897974,378.88,48.5,0.5762435986934508,0.08857001751411886,-0.010659354089660747,0.20051626943152326,0.20801027014932644,0.26427156444945277,0.23642703025090875,0.19819229798743432,0.2161315218366133,0.1665303342938321
2025-08-24T16:45:47.647000,0.0,0.02699987613596022,0.07064338307827711,31.850116768995353,378.88,48.5,0.5762435986934508,0.08857001751411886,-0.010659354089660747,0.20051626943152326,0.20801027014932644,0.26427156444945277,0.23642703025090875,0.19819229798743432,0.2161315218366133,0.1665303342938321
2025-08-24T16:45:48.648000,0.0,0.027754300041124225,0.07880313391797245,28.552163957616973,378.88,48.5,0.5762435986934508,0.08857001751411886,-0.010659354089660747,0.20051626943152326,0.20801027014932644,0.26427156444945277,0.23642703025090875,0.19819229798743432,0.2161315218366133,0.1665303342938321
2025-08-24T16:45:49.668000,0.0,0.04002848197706044,0.08447194891050458,26.636061189777944,378.88,48.5,0.5762435986934508,0.08857001751411886,-0.010659354089660747,0.20051626943152326,0.20801027014932644,0.26427156444945277,0.23642703025090875,0.19819229798743432,0.2161315218366133,0.1665303342938321
2025-08-24T16:45:50.667000,0.0,0.034790461882948875,0.07878724508918822,28.557922001879444,378.88,48.5,0.5762435986934508,0.08857001751411886,-0.010659354089660747,0.20051626943152326,0.20801027014932644,0.26427156444945277,0.23642703025090875,0.19819229798743432,0.2161315218366133,0.1665303342938321
2025-08-24T16:45:51.637000,0.0,0.035439237020909786,0.07906324416399002,31.620255738742888,378.88,48.5,0.5762435986934508,0.08857001751411886,-0.010659354089660747,0.20051626943152326,0.20801027014932644,0.26427156444945277,0.23642703025090875,0.19819229798743432,0.2161315218366133,0.1665303342938321
2025-08-24T16:45:52.638000,0.0,0.03533725696615875,0.07861228287220001,31.801646112532328,378.88,48.5,0.5762435986934508,0.08857001751411886,-0.010659354089660747,0.20051626943152326,0.20801027014932644,0.26427156444945277,0.23642703025090875,0.19819229798743432,0.2161315218366133,0.1665303342938321
2025-08-24T16:45:53.638000,0.0,0.03539586695842445,0.07939039100892842,28.34096131038076,378.88,48.5,0.5762435986934508,0.08857001751411886,-0.010659354089660747,0.20051626943152326,0.20801027014932644,0.26427156444945277,0.23642703025090875,0.19819229798743432,0.2161315218366133,0.1665303342938321
2025-08-24T16:45:54.637000,0.0,0.035403867019340396,0.07855102396570146,31.826446986759027,378.88,48.5,0.5762435986934508,0.08857001751411886,-0.010659354089660747,0.20051626943152326,0.20801027014932644,0.26427156444945277,0.23642703025090875,0.19819229798743432,0.2161315218366133,0.1665303342938321
2025-08-24T16:45:55.638000,0.0,0.035317404894158244,0.0793214850127697,28.36558089700132,378.88,48.5,0.5762435986934508,0.08857001751411886,-0.010659354089660747,0.20051626943152326,0.20801027014932644,0.26427156444945277,0.23642703025090875,0.19819229798743432,0.2161315218366133,0.1665303342938321
2025-08-24T16:45:56.638000,0.0,0.035419034073129296,0.0783501910045743,28.71722418479663,378.88,48.5,0.5762435986934508,0.08857001751411886,-0.010659354089660747,0.20051626943152326,0.20801027014932644,0.26427156444945277,0.23642703025090875,0.19819229798743432,0.2161315218366133,0.1665303342938321
2025-08-24T16:45:57.649000,0.0,0.03536192304454744,0.07727921404875815,32.35022548783498,378.88,48.5,0.5762435986934508,0.08857001751411886,-0.010659354089660747,0.20051626943152326,0.20801027014932644,0.26427156444945277,0.23642703025090875,0.19819229798743432,0.2161315218366133,0.1665303342938321
2025-08-24T16:45:58.649000,0.0,0.0355548111256212,0.07936846604570746,31.49865588381552,378.88,48.5,0.5762435986934508,0.08857001751411886,-0.010659354089660747,0.20051626943152326,0.20801027014932644,0.26427156444945277,0.23642703025090875,0.19819229798743432,0.2161315218366133,0.1665303342938321
2025-08-24T16:45:59.639000,0.0,0.035250645130872726,0.07834798702970147,31.908924463525135,378.88,48.5,0.5762435986934508,0.08857001751411886,-0.010659354089660747,0.20051626943152326,0.20801027014932644,0.26427156444945277,0.23642703025090875,0.19819229798743432,0.2161315218366133,0.1665303342938321
2025-08-24T16:46:00.639000,0.0,0.034259408013895154,0.06984655209816992,32.21347271140317,378.88,48.5,0.5762435986934508,0.08857001751411886,-0.010659354089660747,0.20051626943152326,0.20801027014932644,0.26427156444945277,0.23642703025090875,0.19819229798743432,0.2161315218366133,0.1665303342938321
2025-08-24T16:46:01.648000,0.0,0.027101357001811266,0.06727582006715238,33.44440837367905,378.88,48.5,0.5762435986934508,0.08857001751411886,-0.010659354089660747,0.20051626943152326,0.20801027014932644,0.26427156444945277,0.23642703025090875,0.19819229798743432,0.2161315218366133,0.1665303342938321
2025-08-24T16:46:02.658000,0.0,0.027041374938562512,0.07008544006384909,32.1036722884269,378.88,48.5,0.5762435986934508,0.08857001751411886,-0.010659354089660747,0.20051626943152326,0.20801027014932644,0.26427156444945277,0.23642703025090875,0.19819229798743432,0.2161315218366133,0.1665303342938321
2025-08-24T16:46:03.649000,0.0,0.026972802123054862,0.06701315403915942,29.84488685357644,378.88,48.5,0.5762435986934508,0.08857001751411886,-0.010659354089660747,0.20051626943152326,0.20801027014932644,0.26427156444945277,0.23642703025090875,0.19819229798743432,0.2161315218366133,0.1665303342938321
2025-08-24T16:46:04.661000,0.0,0.026500396197661757,0.06732418993487954,29.70700430164093,378.88,48.5,0.5762435986934508,0.08857001751411886,-0.010659354089660747,0.20051626943152326,0.20801027014932644,0.26427156444945277,0.23642703025090875,0.19819229798743432,0.2161315218366133,0.1665303342938321
2025-08-24T16:46:05.669000,0.0,0.0271643188316375,0.07017625495791435,32.06212701645935,378.88,48.5,0.5762435986934508,0.08857001751411886,-0.010659354089660747,0.20051626943152326,0.20801027014932644,0.26427156444945277,0.23642703025090875,0.19819229798743432,0.2161315218366133,0.1665303342938321
2025-08-24T16:46:06.638000,0.0,0.026998948771506548,0.07044025394134223,31.941963211457608,378.88,48.5,0.5762435986934508,0.08857001751411886,-0.010659354089660747,0.20051626943152326,0.20801027014932644,0.26427156444945277,0.23642703025090875,0.19819229798743432,0.2161315218366133,0.1665303342938321
2025-08-24T16:46:07.639000,0.0,0.02694709785282612,0.07026053220033646,32.0236686164656,378.88,48.5,0.5762435986934508,0.08857001751411886,-0.010659354089660747,0.20051626943152326,0.20801027014932644,0.26427156444945277,0.23642703025090875,0.19819229798743432,0.2161315218366133,0.1665303342938321
2025-08-24T16:46:08.649000,0.0,0.02702244999818504,0.07487681414932013,30.049355405439965,378.88,48.5,0.5762435986934508,0.08857001751411886,-0.010659354089660747,0.20051626943152326,0.20801027014932644,0.26427156444945277,0.23642703025090875,0.19819229798743432,0.2161315218366133,0.1665303342938321
2025-08-24T16:46:09.660000,0.0,0.027256171917542815,0.0656748809851706,34.25967380904804,378.88,48.5,0.5762435986934508,0.08857001751411886,-0.010659354089660747,0.20051626943152326,0.20801027014932644,0.26427156444945277,0.23642703025090875,0.19819229798743432,0.2161315218366133,0.1665303342938321
2025-08-24T16:46:10.669000,0.0,0.02735009603202343,0.06582771404646337,34.180132678038326,378.88,48.5,0.5762435986934508,0.08857001751411886,-0.010659354089660747,0.20051626943152326,0.20801027014932644,0.26427156444945277,0.23642703025090875,0.19819229798743432,0.2161315218366133,0.1665303342938321
2025-08-24T16:46:11.669000,0.0,0.027675503166392446,0.06505156797356904,34.58794415092637,378.88,48.5,0.5762435986934508,0.08857001751411886,-0.010659354089660747,0.20051626943152326,0.20801027014932644,0.26427156444945277,0.23642703025090875,0.19819229798743432,0.2161315218366133,0.1665303342938321
2025-08-24T16:46:12.669000,0.0,0.026863099075853825,0.07034930982626975,31.983256204736843,378.88,48.5,0.5762435986934508,0.08857001751411886,-0.010659354089660747,0.20051626943152326,0.20801027014932644,0.26427156444945277,0.23642703025090875,0.19819229798743432,0.2161315218366133,0.1665303342938321
2025-08-24T16:46:13.639000,0.0,0.02774094697088003,0.07071162294596434,31.819379986786302,378.88,48.5,0.5762435986934508,0.08857001751411886,-0.010659354089660747,0.20051626943152326,0.20801027014932644,0.26427156444945277,0.23642703025090875,0.19819229798743432,0.2161315218366133,0.1665303342938321
2025-08-24T16:46:14.640000,0.0,0.0276256138458848,0.07121943705715239,31.59249908412516,378.88,48.5,0.5762435986934508,0.08857001751411886,-0.010659354089660747,0.20051626943152326,0.20801027014932644,0.26427156444945277,0.23642703025090875,0.19819229798743432,0.2161315218366133,0.1665303342938321
2025-08-24T16:46:15.639000,0.0,0.027282856171950698,0.06918084993958473,32.523451243587054,378.88,48.5,0.5762435986934508,0.08857001751411886,-0.010659354089660747,0.20051626943152326,0.20801027014932644,0.26427156444945277,0.23642703025090875,0.19819229798743432,0.2161315218366133,0.1665303342938321
2025-08-24T16:46:16.660000,0.0,0.026865264866501093,0.0673331159632653,29.703066186497157,378.88,48.5,0.5762435986934508,0.08857001751411886,-0.010659354089660747,0.20051626943152326,0.20801027014932644,0.26427156444945277,0.23642703025090875,0.19819229798743432,0.2161315218366133,0.1665303342938321
2025-08-24T16:46:17.660000,0.0,0.027043856913223863,0.06815809500403702,33.011486014489236,378.88,48.5,0.5762435986934508,0.08857001751411886,-0.010659354089660747,0.20051626943152326,0.20801027014932644,0.26427156444945277,0.23642703025090875,0.19819229798743432,0.2161315218366133,0.1665303342938321
2025-08-24T16:46:18.659000,0.0,0.026732099009677768,0.06875642715021968,32.724213477295535,378.88,48.5,0.5762435986934508,0.08857001751411886,-0.010659354089660747,0.20051626943152326,0.20801027014932644,0.26427156444945277,0.23642703025090875,0.19819229798743432,0.2161315218366133,0.1665303342938321
2025-08-24T16:46:19.660000,0.0,0.02663352503441274,0.07109358510933816,28.13193337941902,378.88,48.5,0.5762435986934508,0.08857001751411886,-0.010659354089660747,0.20051626943152326,0.20801027014932644,0.26427156444945277,0.23642703025090875,0.19819229798743432,0.2161315218366133,0.1665303342938321
2025-08-24T16:46:20.670000,0.0,0.03155847196467221,0.06607254594564438,30.269758359930275,378.88,48.5,0.5762435986934508,0.08857001751411886,-0.010659354089660747,0.20051626943152326,0.20801027014932644,0.26427156444945277,0.23642703025090875,0.19819229798743432,0.2161315218366133,0.1665303342938321
2025-08-24T16:46:21.670000,0.0,0.02697731996886432,0.06605867599137127,34.060628164783324,378.88,48.5,0.5762435986934508,0.08857001751411886,-0.010659354089660747,0.20051626943152326,0.20801027014932644,0.26427156444945277,0.23642703025090875,0.19819229798743432,0.2161315218366133,0.1665303342938321
2025-08-24T16:46:22.671000,0.0,0.02647084090858698,0.06634326698258519,30.14623926381178,378.88,48.5,0.5762435986934508,0.08857001751411886,-0.010659354089660747,0.20051626943152326,0.20801027014932644,0.26427156444945277,0.23642703025090875,0.19819229798743432,0.2161315218366133,0.1665303342938321
2025-08-24T16:46:23.671000,0.0,0.02659972896799445,0.08003835286945105,28.111523030339296,378.88,48.5,0.5762435986934508,0.08857001751411886,-0.010659354089660747,0.20051626943152326,0.20801027014932644,0.26427156444945277,0.23642703025090875,0.19819229798743432,0.2161315218366133,0.1665303342938321
2025-08-24T16:46:57.448000,0.0,,0.38432103814557195,7.155476091731281,378.88,49.2,0.4576757603958744,0.1259668457399297,0.05897436199917464,0.1808612077641902,0.08804256508639734,0.2618103599267934,0.2146223898012913,0.25871961515267183,0.16123707493170206,0.14858909064615602,0.45381839012582115,0.13837848166423264,-0.02460701893528913
2025-08-24T16:46:58.448000,0.0,0.03867552289739251,0.07876500603742898,34.91398196164977,378.88,49.2,0.4576757603958744,0.1259668457399297,0.05897436199917464,0.1808612077641902,0.08804256508639734,0.2618103599267934,0.2146223898012913,0.25871961515267183,0.16123707493170206,0.14858909064615602,0.45381839012582115,0.13837848166423264,-0.02460701893528913
2025-08-24T16:46:59.448000,0.0,0.035909532103687525,0.07758315792307258,35.44583739072322,378.88,49.3,0.4576757603958744,0.1259668457399297,0.05897436199917464,0.1808612077641902,0.08804256508639734,0.2618103599267934,0.2146223898012913,0.25871961515267183,0.16123707493170206,0.14858909064615602,0.45381839012582115,0.13837848166423264,-0.02460701893528913
2025-08-24T16:47:00.448000,0.0,0.033977593993768096,0.07590920012444258,32.93408435211527,378.88,49.3,0.4576757603958744,0.1259668457399297,0.05897436199917464,0.1808612077641902,0.08804256508639734,0.2618103599267934,0.2146223898012913,0.25871961515267183,0.16123707493170206,0.14858909064615602,0.45381839012582115,0.13837848166423264,-0.02460701893528913
2025-08-24T16:47:01.458000,0.0,0.03445781487971544,0.07497973996214569,33.34234022766873,378.88,49.3,0.4576757603958744,0.1259668457399297,0.05897436199917464,0.1808612077641902,0.08804256508639734,0.2618103599267934,0.2146223898012913,0.25871961515267183,0.16123707493170206,0.14858909064615602,0.45381839012582115,0.13837848166423264,-0.02460701893528913
2025-08-24T16:47:02.468000,0.0,0.03392476192675531,0.07802000781521201,35.24736893789245,378.88,49.3,0.4576757603958744,0.1259668457399297,0.05897436199917464,0.1808612077641902,0.08804256508639734,0.2618103599267934,0.2146223898012913,0.25871961515267183,0.16123707493170206,0.14858909064615602,0.45381839012582115,0.13837848166423264,-0.02460701893528913
2025-08-24T16:47:03.437000,0.0,0.034578630002215505,0.07997881597839296,31.258277200245,378.88,49.3,0.4576757603958744,0.1259668457399297,0.05897436199917464,0.1808612077641902,0.08804256508639734,0.2618103599267934,0.2146223898012913,0.25871961515267183,0.16123707493170206,0.14858909064615602,0.45381839012582115,0.13837848166423264,-0.02460701893528913
2025-08-24T16:47:04.439000,0.0,0.035187589935958385,0.07521122111938894,33.239720919190184,378.88,49.3,0.4576757603958744,0.1259668457399297,0.05897436199917464,0.1808612077641902,0.08804256508639734,0.2618103599267934,0.2146223898012913,0.25871961515267183,0.16123707493170206,0.14858909064615602,0.45381839012582115,0.13837848166423264,-0.02460701893528913
2025-08-24T16:47:05.468000,0.0,0.034089872147887945,0.07589381095021963,32.94076247719176,378.88,49.3,0.4576757603958744,0.1259668457399297,0.05897436199917464,0.1808612077641902,0.08804256508639734,0.2618103599267934,0.2146223898012913,0.25871961515267183,0.16123707493170206,0.14858909064615602,0.45381839012582115,0.13837848166423264,-0.02460701893528913
2025-08-24T16:47:06.458000,0.0,0.03450279589742422,0.07663736399263144,32.62116374775576,378.88,49.3,0.4576757603958744,0.1259668457399297,0.05897436199917464,0.1808612077641902,0.08804256508639734,0.2618103599267934,0.2146223898012913,0.25871961515267183,0.16123707493170206,0.14858909064615602,0.45381839012582115,0.13837848166423264,-0.02460701893528913
2025-08-24T16:47:07.458000,0.0,0.03505277610383928,0.07607282884418964,32.863244840288836,378.88,49.3,0.4576757603958744,0.1259668457399297,0.05897436199917464,0.1808612077641902,0.08804256508639734,0.2618103599267934,0.2146223898012913,0.25871961515267183,0.16123707493170206,0.14858909064615602,0.45381839012582115,0.13837848166423264,-0.02460701893528913
2025-08-24T16:47:08.460000,0.0,0.034507055999711156,0.07721273181959987,32.378079898027714,378.88,49.3,0.4576757603958744,0.1259668457399297,0.05897436199917464,0.1808612077641902,0.08804256508639734,0.2618103599267934,0.2146223898012913,0.25871961515267183,0.16123707493170206,0.14858909064615602,0.45381839012582115,0.13837848166423264,-0.02460701893528913
2025-08-24T16:47:09.458000,0.0,0.03681984404101968,0.07654614187777042,32.66003927398475,378.88,49.3,0.4576757603958744,0.1259668457399297,0.05897436199917464,0.1808612077641902,0.08804256508639734,0.2618103599267934,0.2146223898012913,0.25871961515267183,0.16123707493170206,0.14858909064615602,0.45381839012582115,0.13837848166423264,-0.02460701893528913
2025-08-24T16:47:10.459000,0.0,0.034490074031054974,0.07679510512389243,32.55415818451999,378.88,49.3,0.4576757603958744,0.1259668457399297,0.05897436199917464,0.1808612077641902,0.08804256508639734,0.2618103599267934,0.2146223898012913,0.25871961515267183,0.16123707493170206,0.14858909064615602,0.45381839012582115,0.13837848166423264,-0.02460701893528913
2025-08-24T16:47:11.458000,0.0,0.035183700965717435,0.07590819988399744,32.93451832371838,378.88,49.3,0.4576757603958744,0.1259668457399297,0.05897436199917464,0.1808612077641902,0.08804256508639734,0.2618103599267934,0.2146223898012913,0.25871961515267183,0.16123707493170206,0.14858909064615602,0.45381839012582115,0.13837848166423264,-0.02460701893528913
2025-08-24T16:47:12.460000,0.0,0.03485214686952531,0.07603223691694438,29.592710818936414,378.88,49.3,0.4576757603958744,0.1259668457399297,0.05897436199917464,0.1808612077641902,0.08804256508639734,0.2618103599267934,0.2146223898012913,0.25871961515267183,0.16123707493170206,0.14858909064615602,0.45381839012582115,0.13837848166423264,-0.02460701893528913
2025-08-24T16:47:13.459000,0.0,0.034431148087605834,0.07698447396978736,32.47408043576577,378.88,49.3,0.4576757603958744,0.1259668457399297,0.05897436199917464,0.1808612077641902,0.08804256508639734,0.2618103599267934,0.2146223898012913,0.25871961515267183,0.16123707493170206,0.14858909064615602,0.45381839012582115,0.13837848166423264,-0.02460701893528913
2025-08-24T16:47:14.459000,0.0,0.034605684923008084,0.0763253839686513,32.75450276184398,378.88,49.3,0.4576757603958744,0.1259668457399297,0.05897436199917464,0.1808612077641902,0.08804256508639734,0.2618103599267934,0.2146223898012913,0.25871961515267183,0.16123707493170206,0.14858909064615602,0.45381839012582115,0.13837848166423264,-0.02460701893528913
2025-08-24T16:47:15.459000,0.0,0.03458779607899487,0.07616114406846464,36.107650871524896,378.88,49.3,0.4576757603958744,0.1259668457399297,0.05897436199917464,0.1808612077641902,0.08804256508639734,0.2618103599267934,0.2146223898012913,0.25871961515267183,0.16123707493170206,0.14858909064615602,0.45381839012582115,0.13837848166423264,-0.02460701893528913
2025-08-24T16:47:16.459000,0.0,0.03470081416890025,0.07603412494063377,32.8799733271343,378.88,49.3,0.4576757603958744,0.1259668457399297,0.05897436199917464,0.1808612077641902,0.08804256508639734,0.2618103599267934,0.2146223898012913,0.25871961515267183,0.16123707493170206,0.14858909064615602,0.45381839012582115,0.13837848166423264,-0.02460701893528913
2025-08-24T16:47:17.459000,0.0,0.034910053946077824,0.078529265942052,31.83526510797619,378.88,49.3,0.4576757603958744,0.1259668457399297,0.05897436199917464,0.1808612077641902,0.08804256508639734,0.2618103599267934,0.2146223898012913,0.25871961515267183,0.16123707493170206,0.14858909064615602,0.45381839012582115,0.13837848166423264,-0.02460701893528913
2025-08-24T16:47:18.439000,0.0,0.03429927886463702,0.07823415496386588,35.15088775829601,378.88,49.3,0.4576757603958744,0.1259668457399297,0.05897436199917464,0.1808612077641902,0.08804256508639734,0.2618103599267934,0.2146223898012913,0.25871961515267183,0.16123707493170206,0.14858909064615602,0.45381839012582115,0.13837848166423264,-0.02460701893528913
2025-08-24T16:47:19.439000,0.0,0.0349702020175755,0.07876033894717693,31.741864413213587,378.88,49.3,0.4576757603958744,0.1259668457399297,0.05897436199917464,0.1808612077641902,0.08804256508639734,0.2618103599267934,0.2146223898012913,0.25871961515267183,0.16123707493170206,0.14858909064615602,0.45381839012582115,0.13837848166423264,-0.02460701893528913
2025-08-24T16:47:20.440000,0.0,0.034570832969620824,0.07512970292009413,33.275787109912066,378.88,49.3,0.4576757603958744,0.1259668457399297,0.05897436199917464,0.1808612077641902,0.08804256508639734,0.2618103599267934,0.2146223898012913,0.25871961515267183,0.16123707493170206,0.14858909064615602,0.45381839012582115,0.13837848166423264,-0.02460701893528913
2025-08-24T16:47:21.470000,0.0,0.03540721884928644,0.07893196796067059,31.67284516769765,378.88,49.3,0.4576757603958744,0.1259668457399297,0.05897436199917464,0.1808612077641902,0.08804256508639734,0.2618103599267934,0.2146223898012913,0.25871961515267183,0.16123707493170206,0.14858909064615602,0.45381839012582115,0.13837848166423264,-0.02460701893528913
2025-08-24T16:47:22.441000,0.0,0.03426837082952261,0.07834376604296267,31.910643644945846,378.88,49.3,0.4576757603958744,0.1259668457399297,0.05897436199917464,0.1808612077641902,0.08804256508639734,0.2618103599267934,0.2146223898012913,0.25871961515267183,0.16123707493170206,0.14858909064615602,0.45381839012582115,0.13837848166423264,-0.02460701893528913
2025-08-24T16:47:23.440000,0.0,0.03504160908050835,0.0784172851126641,31.880726250700693,378.88,49.3,0.4576757603958744,0.1259668457399297,0.05897436199917464,0.1808612077641902,0.08804256508639734,0.2618103599267934,0.2146223898012913,0.25871961515267183,0.16123707493170206,0.14858909064615602,0.45381839012582115,0.13837848166423264,-0.02460701893528913
2025-08-24T16:47:24.451000,0.0,0.03467542491853237,0.07832024805247784,31.920225767478815,378.88,49.3,0.4576757603958744,0.1259668457399297,0.05897436199917464,0.1808612077641902,0.08804256508639734,0.2618103599267934,0.2146223898012913,0.25871961515267183,0.16123707493170206,0.14858909064615602,0.45381839012582115,0.13837848166423264,-0.02460701893528913
2025-08-24T16:47:25.450000,0.0,0.034521629102528095,0.07650766102597117,32.67646620580055,378.88,49.3,0.4576757603958744,0.1259668457399297,0.05897436199917464,0.1808612077641902,0.08804256508639734,0.2618103599267934,0.2146223898012913,0.25871961515267183,0.16123707493170206,0.14858909064615602,0.45381839012582115,0.13837848166423264,-0.02460701893528913
2025-08-24T16:47:26.461000,0.0,0.03516162815503776,0.07590399705804884,36.22997610912213,378.88,49.3,0.4576757603958744,0.1259668457399297,0.05897436199917464,0.1808612077641902,0.08804256508639734,0.2618103599267934,0.2146223898012913,0.25871961515267183,0.16123707493170206,0.14858909064615602,0.45381839012582115,0.13837848166423264,-0.02460701893528913
2025-08-24T16:47:27.460000,0.0,0.03502740594558418,0.0847593192011118,29.49528174085715,378.88,49.3,0.4576757603958744,0.1259668457399297,0.05897436199917464,0.1808612077641902,0.08804256508639734,0.2618103599267934,0.2146223898012913,0.25871961515267183,0.16123707493170206,0.14858909064615602,0.45381839012582115,0.13837848166423264,-0.02460701893528913
2025-08-24T16:47:28.461000,0.0,0.042765529127791524,0.10630989912897348,28.219385255557278,378.88,49.3,0.4576757603958744,0.1259668457399297,0.05897436199917464,0.1808612077641902,0.08804256508639734,0.2618103599267934,0.2146223898012913,0.25871961515267183,0.16123707493170206,0.14858909064615602,0.45381839012582115,0.13837848166423264,-0.02460701893528913
2025-08-24T16:47:29.441000,0.0,0.05454097199253738,0.10997377499006689,29.5525001328145,378.88,49.3,0.4576757603958744,0.1259668457399297,0.05897436199917464,0.1808612077641902,0.08804256508639734,0.2618103599267934,0.2146223898012913,0.25871961515267183,0.16123707493170206,0.14858909064615602,0.45381839012582115,0.13837848166423264,-0.02460701893528913
2025-08-24T16:47:30.440000,0.0,0.05490000802092254,0.08880445500835776,30.966914888911507,378.88,49.3,0.4576757603958744,0.1259668457399297,0.05897436199917464,0.1808612077641902,0.08804256508639734,0.2618103599267934,0.2146223898012913,0.25871961515267183,0.16123707493170206,0.14858909064615602,0.45381839012582115,0.13837848166423264,-0.02460701893528913
2025-08-24T16:47:31.451000,0.0,0.044968132860958576,0.09591383906081319,31.278072375957194,378.88,49.3,0.4576757603958744,0.1259668457399297,0.05897436199917464,0.1808612077641902,0.08804256508639734,0.2618103599267934,0.2146223898012913,0.25871961515267183,0.16123707493170206,0.14858909064615602,0.45381839012582115,0.13837848166423264,-0.02460701893528913
2025-08-24T16:47:32.451000,0.0,0.05172711098566651,0.07968863216228783,31.37210329961148,378.88,49.3,0.4576757603958744,0.1259668457399297,0.05897436199917464,0.1808612077641902,0.08804256508639734,0.2618103599267934,0.2146223898012913,0.25871961515267183,0.16123707493170206,0.14858909064615602,0.45381839012582115,0.13837848166423264,-0.02460701893528913
2025-08-24T16:47:33.451000,0.0,0.03394192783161998,0.07883357885293663,34.88361228823681,378.88,49.3,0.4576757603958744,0.1259668457399297,0.05897436199917464,0.1808612077641902,0.08804256508639734,0.2618103599267934,0.2146223898012913,0.25871961515267183,0.16123707493170206,0.14858909064615602,0.45381839012582115,0.13837848166423264,-0.02460701893528913
2025-08-24T16:47:34.440000,0.0,0.035036017186939716,0.07916209707036614,34.73884727378492,378.88,49.3,0.4576757603958744,0.1259668457399297,0.05897436199917464,0.1808612077641902,0.08804256508639734,0.2618103599267934,0.2146223898012913,0.25871961515267183,0.16123707493170206,0.14858909064615602,0.45381839012582115,0.13837848166423264,-0.02460701893528913
2025-08-24T16:47:35.442000,0.0,0.03454385092481971,0.0781725998967886,31.980514954097732,378.88,49.3,0.4576757603958744,0.1259668457399297,0.05897436199917464,0.1808612077641902,0.08804256508639734,0.2618103599267934,0.2146223898012913,0.25871961515267183,0.16123707493170206,0.14858909064615602,0.45381839012582115,0.13837848166423264,-0.02460701893528913
2025-08-24T16:47:36.441000,0.0,0.033658077009022236,0.09373710490763187,29.337368619500502,378.88,49.3,0.4576757603958744,0.1259668457399297,0.05897436199917464,0.1808612077641902,0.08804256508639734,0.2618103599267934,0.2146223898012913,0.25871961515267183,0.16123707493170206,0.14858909064615602,0.45381839012582115,0.13837848166423264,-0.02460701893528913
2025-08-24T16:47:37.441000,0.0,0.05392006691545248,0.0885670289862901,28.227208574275863,378.88,49.3,0.4576757603958744,0.1259668457399297,0.05897436199917464,0.1808612077641902,0.08804256508639734,0.2618103599267934,0.2146223898012913,0.25871961515267183,0.16123707493170206,0.14858909064615602,0.45381839012582115,0.13837848166423264,-0.02460701893528913
2025-08-24T16:47:38.452000,0.0,0.04521033586934209,0.08723968197591603,31.522352417093515,378.88,49.3,0.4576757603958744,0.1259668457399297,0.05897436199917464,0.1808612077641902,0.08804256508639734,0.2618103599267934,0.2146223898012913,0.25871961515267183,0.16123707493170206,0.14858909064615602,0.45381839012582115,0.13837848166423264,-0.02460701893528913
2025-08-24T16:47:39.452000,0.0,0.04340702714398503,0.07882737601175904,31.714870220049065,378.88,49.3,0.4576757603958744,0.1259668457399297,0.05897436199917464,0.1808612077641902,0.08804256508639734,0.2618103599267934,0.2146223898012913,0.25871961515267183,0.16123707493170206,0.14858909064615602,0.45381839012582115,0.13837848166423264,-0.02460701893528913
2025-08-24T16:47:40.451000,0.0,0.03508342383429408,0.07802048907615244,32.042865016647156,378.88,49.3,0.4576757603958744,0.1259668457399297,0.05897436199917464,0.1808612077641902,0.08804256508639734,0.2618103599267934,0.2146223898012913,0.25871961515267183,0.16123707493170206,0.14858909064615602,0.45381839012582115,0.13837848166423264,-0.02460701893528913
2025-08-24T16:47:41.449000,0.0,0.03486061003059149,0.07874072785489261,31.74977001237622,378.88,49.3,0.4576757603958744,0.1259668457399297,0.05897436199917464,0.1808612077641902,0.08804256508639734,0.2618103599267934,0.2146223898012913,0.25871961515267183,0.16123707493170206,0.14858909064615602,0.45381839012582115,0.13837848166423264,-0.02460701893528913
2025-08-24T16:47:42.449000,0.0,0.03482233197428286,0.07816323009319603,31.984348612758467,378.88,49.3,0.4576757603958744,0.1259668457399297,0.05897436199917464,0.1808612077641902,0.08804256508639734,0.2618103599267934,0.2146223898012913,0.25871961515267183,0.16123707493170206,0.14858909064615602,0.45381839012582115,0.13837848166423264,-0.02460701893528913
2025-08-24T16:47:43.450000,0.0,0.03450333303771913,0.07955479994416237,34.567367423840494,378.88,49.3,0.4576757603958744,0.1259668457399297,0.05897436199917464,0.1808612077641902,0.08804256508639734,0.2618103599267934,0.2146223898012913,0.25871961515267183,0.16123707493170206,0.14858909064615602,0.45381839012582115,0.13837848166423264,-0.02460701893528913
2025-08-24T16:47:44.449000,0.0,0.03574888501316309,0.07833826588466763,31.91288410290603,378.88,49.3,0.4576757603958744,0.1259668457399297,0.05897436199917464,0.1808612077641902,0.08804256508639734,0.2618103599267934,0.2146223898012913,0.25871961515267183,0.16123707493170206,0.14858909064615602,0.45381839012582115,0.13837848166423264,-0.02460701893528913
2025-08-24T16:47:45.449000,0.0,0.034917887998744845,0.07829791400581598,31.92933083522821,378.88,49.3,0.4576757603958744,0.1259668457399297,0.05897436199917464,0.1808612077641902,0.08804256508639734,0.2618103599267934,0.2146223898012913,0.25871961515267183,0.16123707493170206,0.14858909064615602,0.45381839012582115,0.13837848166423264,-0.02460701893528913
2025-08-24T16:47:46.449000,0.0,0.03455266589298844,0.07298158016055822,30.829696959834884,378.88,49.3,0.4576757603958744,0.1259668457399297,0.05897436199917464,0.1808612077641902,0.08804256508639734,0.2618103599267934,0.2146223898012913,0.25871961515267183,0.16123707493170206,0.14858909064615602,0.45381839012582115,0.13837848166423264,-0.02460701893528913
2025-08-24T16:47:47.480000,0.0,0.034214056096971035,0.07598520000465214,29.611029514462427,378.88,49.3,0.4576757603958744,0.1259668457399297,0.05897436199917464,0.1808612077641902,0.08804256508639734,0.2618103599267934,0.2146223898012913,0.25871961515267183,0.16123707493170206,0.14858909064615602,0.45381839012582115,0.13837848166423264,-0.02460701893528913
2025-08-24T16:47:48.469000,0.0,0.034596425015479326,0.0766140311025083,35.89420841621612,378.88,49.3,0.4576757603958744,0.1259668457399297,0.05897436199917464,0.1808612077641902,0.08804256508639734,0.2618103599267934,0.2146223898012913,0.25871961515267183,0.16123707493170206,0.14858909064615602,0.45381839012582115,0.13837848166423264,-0.02460701893528913
2025-08-24T16:47:49.470000,0.0,0.035456588957458735,0.07644981006160378,32.70119308322046,378.88,49.3,0.4576757603958744,0.1259668457399297,0.05897436199917464,0.1808612077641902,0.08804256508639734,0.2618103599267934,0.2146223898012913,0.25871961515267183,0.16123707493170206,0.14858909064615602,0.45381839012582115,0.13837848166423264,-0.02460701893528913
2025-08-24T16:48:24.993000,0.0,,0.39370554802007973,8.25490018198642,389.12,49.4,0.4951933719077827,0.2285350427072519,-0.02032939569537436,0.1316569499271165,0.24735281596387498,0.2644991432076314,0.2343018511372484,0.21159291862276025,0.17791686030129247,0.1918979473063744,0.40746271822720614,0.0889169577865153,-0.025058298581600823,-0.08994466716418655,-0.008541542607000437,-0.015462352237800759
2025-08-24T16:48:25.993000,0.0,0.04717870010063052,0.0907781149726361,33.0476128624651,389.12,49.4,0.4951933719077827,0.2285350427072519,-0.02032939569537436,0.1316569499271165,0.24735281596387498,0.2644991432076314,0.2343018511372484,0.21159291862276025,0.17791686030129247,0.1918979473063744,0.40746271822720614,0.0889169577865153,-0.025058298581600823,-0.08994466716418655,-0.008541542607000437,-0.015462352237800759
2025-08-24T16:48:26.994000,0.0,0.043563490035012364,0.08673762786202133,31.704809870689267,389.12,49.4,0.4951933719077827,0.2285350427072519,-0.02032939569537436,0.1316569499271165,0.24735281596387498,0.2644991432076314,0.2343018511372484,0.21159291862276025,0.17791686030129247,0.1918979473063744,0.40746271822720614,0.0889169577865153,-0.025058298581600823,-0.08994466716418655,-0.008541542607000437,-0.015462352237800759
2025-08-24T16:48:27.994000,0.0,0.0424367708619684,0.08776558795943856,28.484968404192568,389.12,49.4,0.4951933719077827,0.2285350427072519,-0.02032939569537436,0.1316569499271165,0.24735281596387498,0.2644991432076314,0.2343018511372484,0.21159291862276025,0.17791686030129247,0.1918979473063744,0.40746271822720614,0.0889169577865153,-0.025058298581600823,-0.08994466716418655,-0.008541542607000437,-0.015462352237800759
2025-08-24T16:48:28.993000,0.0,0.043160897912457585,0.08635490713641047,34.74035349561586,389.12,49.4,0.4951933719077827,0.2285350427072519,-0.02032939569537436,0.1316569499271165,0.24735281596387498,0.2644991432076314,0.2343018511372484,0.21159291862276025,0.17791686030129247,0.1918979473063744,0.40746271822720614,0.0889169577865153,-0.025058298581600823,-0.08994466716418655,-0.008541542607000437,-0.015462352237800759
2025-08-24T16:48:29.994000,0.0,0.04328223108313978,0.08744623698294163,31.44789409905009,389.12,49.4,0.4951933719077827,0.2285350427072519,-0.02032939569537436,0.1316569499271165,0.24735281596387498,0.2644991432076314,0.2343018511372484,0.21159291862276025,0.17791686030129247,0.1918979473063744,0.40746271822720614,0.0889169577865153,-0.025058298581600823,-0.08994466716418655,-0.008541542607000437,-0.015462352237800759
2025-08-24T16:48:30.993000,0.0,0.04349202709272504,0.08538039191626012,35.136873146967254,389.12,49.5,0.4951933719077827,0.2285350427072519,-0.02032939569537436,0.1316569499271165,0.24735281596387498,0.2644991432076314,0.2343018511372484,0.21159291862276025,0.17791686030129247,0.1918979473063744,0.40746271822720614,0.0889169577865153,-0.025058298581600823,-0.08994466716418655,-0.008541542607000437,-0.015462352237800759
2025-08-24T16:48:32.002000,0.0,0.042568973964080215,0.08398452587425709,32.74412722311879,389.12,49.5,0.4951933719077827,0.2285350427072519,-0.02032939569537436,0.1316569499271165,0.24735281596387498,0.2644991432076314,0.2343018511372484,0.21159291862276025,0.17791686030129247,0.1918979473063744,0.40746271822720614,0.0889169577865153,-0.025058298581600823,-0.08994466716418655,-0.008541542607000437,-0.015462352237800759
2025-08-24T16:48:33.012000,0.0,0.04270571516826749,0.08306926884688437,33.104901947179336,389.12,49.5,0.4951933719077827,0.2285350427072519,-0.02032939569537436,0.1316569499271165,0.24735281596387498,0.2644991432076314,0.2343018511372484,0.21159291862276025,0.17791686030129247,0.1918979473063744,0.40746271822720614,0.0889169577865153,-0.025058298581600823,-0.08994466716418655,-0.008541542607000437,-0.015462352237800759
2025-08-24T16:48:34.014000,0.0,0.04245075210928917,0.08502293098717928,32.344215473054696,389.12,49.5,0.4951933719077827,0.2285350427072519,-0.02032939569537436,0.1316569499271165,0.24735281596387498,0.2644991432076314,0.2343018511372484,0.21159291862276025,0.17791686030129247,0.1918979473063744,0.40746271822720614,0.0889169577865153,-0.025058298581600823,-0.08994466716418655,-0.008541542607000437,-0.015462352237800759
2025-08-24T16:48:35.013000,0.0,0.04392930306494236,0.08343786187469959,35.954900240674775,389.12,49.5,0.4951933719077827,0.2285350427072519,-0.02032939569537436,0.1316569499271165,0.24735281596387498,0.2644991432076314,0.2343018511372484,0.21159291862276025,0.17791686030129247,0.1918979473063744,0.40746271822720614,0.0889169577865153,-0.025058298581600823,-0.08994466716418655,-0.008541542607000437,-0.015462352237800759
2025-08-24T16:48:36.014000,0.0,0.04325513797812164,0.10538192000240088,33.21252829631758,389.12,49.5,0.4951933719077827,0.2285350427072519,-0.02032939569537436,0.1316569499271165,0.24735281596387498,0.2644991432076314,0.2343018511372484,0.21159291862276025,0.17791686030129247,0.1918979473063744,0.40746271822720614,0.0889169577865153,-0.025058298581600823,-0.08994466716418655,-0.008541542607000437,-0.015462352237800759
2025-08-24T16:48:37.014000,0.0,0.06475667981430888,0.10249054082669318,29.2709939454109,389.12,49.5,0.4951933719077827,0.2285350427072519,-0.02032939569537436,0.1316569499271165,0.24735281596387498,0.2644991432076314,0.2343018511372484,0.21159291862276025,0.17791686030129247,0.1918979473063744,0.40746271822720614,0.0889169577865153,-0.025058298581600823,-0.08994466716418655,-0.008541542607000437,-0.015462352237800759
2025-08-24T16:48:38.014000,0.0,0.05546613596379757,0.09727124194614589,30.84159243757705,389.12,49.5,0.4951933719077827,0.2285350427072519,-0.02032939569537436,0.1316569499271165,0.24735281596387498,0.2644991432076314,0.2343018511372484,0.21159291862276025,0.17791686030129247,0.1918979473063744,0.40746271822720614,0.0889169577865153,-0.025058298581600823,-0.08994466716418655,-0.008541542607000437,-0.015462352237800759
2025-08-24T16:48:39.014000,0.0,0.056010042084380984,0.0968410768546164,30.978589844718513,389.12,49.5,0.4951933719077827,0.2285350427072519,-0.02032939569537436,0.1316569499271165,0.24735281596387498,0.2644991432076314,0.2343018511372484,0.21159291862276025,0.17791686030129247,0.1918979473063744,0.40746271822720614,0.0889169577865153,-0.025058298581600823,-0.08994466716418655,-0.008541542607000437,-0.015462352237800759
2025-08-24T16:48:40.015000,0.0,0.05623783799819648,0.09209212986752391,29.861400794572862,389.12,49.5,0.4951933719077827,0.2285350427072519,-0.02032939569537436,0.1316569499271165,0.24735281596387498,0.2644991432076314,0.2343018511372484,0.21159291862276025,0.17791686030129247,0.1918979473063744,0.40746271822720614,0.0889169577865153,-0.025058298581600823,-0.08994466716418655,-0.008541542607000437,-0.015462352237800759
2025-08-24T16:48:40.998000,0.0,0.0488717129919678,0.08551598410122097,32.15773084883165,389.12,49.5,0.4951933719077827,0.2285350427072519,-0.02032939569537436,0.1316569499271165,0.24735281596387498,0.2644991432076314,0.2343018511372484,0.21159291862276025,0.17791686030129247,0.1918979473063744,0.40746271822720614,0.0889169577865153,-0.025058298581600823,-0.08994466716418655,-0.008541542607000437,-0.015462352237800759
2025-08-24T16:48:41.998000,0.0,0.04255397408269346,0.08273825189098716,33.237347141722104,389.12,49.5,0.4951933719077827,0.2285350427072519,-0.02032939569537436,0.1316569499271165,0.24735281596387498,0.2644991432076314,0.2343018511372484,0.21159291862276025,0.17791686030129247,0.1918979473063744,0.40746271822720614,0.0889169577865153,-0.025058298581600823,-0.08994466716418655,-0.008541542607000437,-0.015462352237800759
2025-08-24T16:48:43.018000,0.0,0.043977283872663975,0.08153486717492342,33.727901881538294,389.12,49.5,0.4951933719077827,0.2285350427072519,-0.02032939569537436,0.1316569499271165,0.24735281596387498,0.2644991432076314,0.2343018511372484,0.21159291862276025,0.17791686030129247,0.1918979473063744,0.40746271822720614,0.0889169577865153,-0.025058298581600823,-0.08994466716418655,-0.008541542607000437,-0.015462352237800759
2025-08-24T16:48:44.018000,0.0,0.04333439702168107,0.08337206509895623,29.986063042011533,389.12,49.5,0.4951933719077827,0.2285350427072519,-0.02032939569537436,0.1316569499271165,0.24735281596387498,0.2644991432076314,0.2343018511372484,0.21159291862276025,0.17791686030129247,0.1918979473063744,0.40746271822720614,0.0889169577865153,-0.025058298581600823,-0.08994466716418655,-0.008541542607000437,-0.015462352237800759
2025-08-24T16:48:45.008000,0.0,0.04375711898319423,0.08633646299131215,34.74777511214362,389.12,49.5,0.4951933719077827,0.2285350427072519,-0.02032939569537436,0.1316569499271165,0.24735281596387498,0.2644991432076314,0.2343018511372484,0.21159291862276025,0.17791686030129247,0.1918979473063744,0.40746271822720614,0.0889169577865153,-0.025058298581600823,-0.08994466716418655,-0.008541542607000437,-0.015462352237800759
2025-08-24T16:48:45.988000,0.0,0.04224451305344701,0.08279847516678274,33.213172035603336,389.12,49.5,0.4951933719077827,0.2285350427072519,-0.02032939569537436,0.1316569499271165,0.24735281596387498,0.2644991432076314,0.2343018511372484,0.21159291862276025,0.17791686030129247,0.1918979473063744,0.40746271822720614,0.0889169577865153,-0.025058298581600823,-0.08994466716418655,-0.008541542607000437,-0.015462352237800759
2025-08-24T16:48:47.017000,0.0,0.04364115605130792,0.08626944501884282,34.774768741641616,389.12,49.5,0.4951933719077827,0.2285350427072519,-0.02032939569537436,0.1316569499271165,0.24735281596387498,0.2644991432076314,0.2343018511372484,0.21159291862276025,0.17791686030129247,0.1918979473063744,0.40746271822720614,0.0889169577865153,-0.025058298581600823,-0.08994466716418655,-0.008541542607000437,-0.015462352237800759
2025-08-24T16:48:47.989000,0.0,0.042312770849093795,0.0864986670203507,31.792397440679498,389.12,49.5,0.4951933719077827,0.2285350427072519,-0.02032939569537436,0.1316569499271165,0.24735281596387498,0.2644991432076314,0.2343018511372484,0.21159291862276025,0.17791686030129247,0.1918979473063744,0.40746271822720614,0.0889169577865153,-0.025058298581600823,-0.08994466716418655,-0.008541542607000437,-0.015462352237800759
2025-08-24T16:48:48.997000,0.0,0.04310293518938124,0.08613744494505227,34.828058829859046,389.12,49.5,0.4951933719077827,0.2285350427072519,-0.02032939569537436,0.1316569499271165,0.24735281596387498,0.2644991432076314,0.2343018511372484,0.21159291862276025,0.17791686030129247,0.1918979473063744,0.40746271822720614,0.0889169577865153,-0.025058298581600823,-0.08994466716418655,-0.008541542607000437,-0.015462352237800759
2025-08-24T16:48:50,0.0,0.04247806710191071,0.08531641098670661,35.163223174817595,389.12,49.5,0.4951933719077827,0.2285350427072519,-0.02032939569537436,0.1316569499271165,0.24735281596387498,0.2644991432076314,0.2343018511372484,0.21159291862276025,0.17791686030129247,0.1918979473063744,0.40746271822720614,0.0889169577865153,-0.025058298581600823,-0.08994466716418655,-0.008541542607000437,-0.015462352237800759
2025-08-24T16:48:51,0.0,0.04262586310505867,0.08352260198444128,32.92521945750996,389.12,49.5,0.4951933719077827,0.2285350427072519,-0.02032939569537436,0.1316569499271165,0.24735281596387498,0.2644991432076314,0.2343018511372484,0.21159291862276025,0.17791686030129247,0.1918979473063744,0.40746271822720614,0.0889169577865153,-0.025058298581600823,-0.08994466716418655,-0.008541542607000437,-0.015462352237800759
2025-08-24T16:48:52.010000,0.0,0.04317925008945167,0.10745969205163419,30.243898320855457,389.12,49.5,0.4951933719077827,0.2285350427072519,-0.02032939569537436,0.1316569499271165,0.24735281596387498,0.2644991432076314,0.2343018511372484,0.21159291862276025,0.17791686030129247,0.1918979473063744,0.40746271822720614,0.0889169577865153,-0.025058298581600823,-0.08994466716418655,-0.008541542607000437,-0.015462352237800759
2025-08-24T16:48:53.008000,0.0,0.06648056418634951,0.09007515385746956,33.30552179513328,389.12,49.5,0.4951933719077827,0.2285350427072519,-0.02032939569537436,0.1316569499271165,0.24735281596387498,0.2644991432076314,0.2343018511372484,0.21159291862276025,0.17791686030129247,0.1918979473063744,0.40746271822720614,0.0889169577865153,-0.025058298581600823,-0.08994466716418655,-0.008541542607000437,-0.015462352237800759
2025-08-24T16:48:54.009000,0.0,0.0425786969717592,0.08611214905977249,31.935098938144424,389.12,49.5,0.4951933719077827,0.2285350427072519,-0.02032939569537436,0.1316569499271165,0.24735281596387498,0.2644991432076314,0.2343018511372484,0.21159291862276025,0.17791686030129247,0.1918979473063744,0.40746271822720614,0.0889169577865153,-0.025058298581600823,-0.08994466716418655,-0.008541542607000437,-0.015462352237800759
2025-08-24T16:48:55.009000,0.0,0.044977466110140085,0.08354500983841717,32.91638848710065,389.12,49.5,0.4951933719077827,0.2285350427072519,-0.02032939569537436,0.1316569499271165,0.24735281596387498,0.2644991432076314,0.2343018511372484,0.21159291862276025,0.17791686030129247,0.1918979473063744,0.40746271822720614,0.0889169577865153,-0.025058298581600823,-0.08994466716418655,-0.008541542607000437,-0.015462352237800759
2025-08-24T16:48:56.010000,0.0,0.043099805945530534,0.0848222088534385,35.36809569747868,389.12,49.5,0.4951933719077827,0.2285350427072519,-0.02032939569537436,0.1316569499271165,0.24735281596387498,0.2644991432076314,0.2343018511372484,0.21159291862276025,0.17791686030129247,0.1918979473063744,0.40746271822720614,0.0889169577865153,-0.025058298581600823,-0.08994466716418655,-0.008541542607000437,-0.015462352237800759
2025-08-24T16:48:57.009000,0.0,0.04411709913983941,0.08279601181857288,33.21416019440676,389.12,49.5,0.4951933719077827,0.2285350427072519,-0.02032939569537436,0.1316569499271165,0.24735281596387498,0.2644991432076314,0.2343018511372484,0.21159291862276025,0.17791686030129247,0.1918979473063744,0.40746271822720614,0.0889169577865153,-0.025058298581600823,-0.08994466716418655,-0.008541542607000437,-0.015462352237800759
2025-08-24T16:48:58.019000,0.0,0.04442798695527017,0.08400689600966871,32.735407813228534,389.12,49.5,0.4951933719077827,0.2285350427072519,-0.02032939569537436,0.1316569499271165,0.24735281596387498,0.2644991432076314,0.2343018511372484,0.21159291862276025,0.17791686030129247,0.1918979473063744,0.40746271822720614,0.0889169577865153,-0.025058298581600823,-0.08994466716418655,-0.008541542607000437,-0.015462352237800759
2025-08-24T16:48:59.009000,0.0,0.0434231199324131,0.08449895097874105,32.54478272389267,389.12,49.5,0.4951933719077827,0.2285350427072519,-0.02032939569537436,0.1316569499271165,0.24735281596387498,0.2644991432076314,0.2343018511372484,0.21159291862276025,0.17791686030129247,0.1918979473063744,0.40746271822720614,0.0889169577865153,-0.025058298581600823,-0.08994466716418655,-0.008541542607000437,-0.015462352237800759
2025-08-24T16:49:00.009000,0.0,0.043048509163782,0.08269069786183536,33.256461380878086,389.12,49.5,0.4951933719077827,0.2285350427072519,-0.02032939569537436,0.1316569499271165,0.24735281596387498,0.2644991432076314,0.2343018511372484,0.21159291862276025,0.17791686030129247,0.1918979473063744,0.40746271822720614,0.0889169577865153,-0.025058298581600823,-0.08994466716418655,-0.008541542607000437,-0.015462352237800759
2025-08-24T16:49:01.019000,0.0,0.04381186002865434,0.0843893950805068,32.587032972289904,389.12,49.5,0.4951933719077827,0.2285350427072519,-0.02032939569537436,0.1316569499271165,0.24735281596387498,0.2644991432076314,0.2343018511372484,0.21159291862276025,0.17791686030129247,0.1918979473063744,0.40746271822720614,0.0889169577865153,-0.025058298581600823,-0.08994466716418655,-0.008541542607000437,-0.015462352237800759
2025-08-24T16:49:02.010000,0.0,0.043391063809394836,0.08379443385638297,32.81840897347989,389.12,49.5,0.4951933719077827,0.2285350427072519,-0.02032939569537436,0.1316569499271165,0.24735281596387498,0.2644991432076314,0.2343018511372484,0.21159291862276025,0.17791686030129247,0.1918979473063744,0.40746271822720614,0.0889169577865153,-0.025058298581600823,-0.08994466716418655,-0.008541542607000437,-0.015462352237800759
2025-08-24T16:49:03.010000,0.0,0.04271041811443865,0.09756653918884695,28.18589265195986,389.12,49.5,0.4951933719077827,0.2285350427072519,-0.02032939569537436,0.1316569499271165,0.24735281596387498,0.2644991432076314,0.2343018511372484,0.21159291862276025,0.17791686030129247,0.1918979473063744,0.40746271822720614,0.0889169577865153,-0.025058298581600823,-0.08994466716418655,-0.008541542607000437,-0.015462352237800759
2025-08-24T16:49:04.009000,0.0,0.056879390962421894,0.09796688798815012,30.62259158791295,389.12,49.5,0.4951933719077827,0.2285350427072519,-0.02032939569537436,0.1316569499271165,0.24735281596387498,0.2644991432076314,0.2343018511372484,0.21159291862276025,0.17791686030129247,0.1918979473063744,0.40746271822720614,0.0889169577865153,-0.025058298581600823,-0.08994466716418655,-0.008541542607000437,-0.015462352237800759
2025-08-24T16:49:05.010000,0.0,0.05660648411139846,0.09803290688432753,30.60196922998346,389.12,49.5,0.4951933719077827,0.2285350427072519,-0.02032939569537436,0.1316569499271165,0.24735281596387498,0.2644991432076314,0.2343018511372484,0.21159291862276025,0.17791686030129247,0.1918979473063744,0.40746271822720614,0.0889169577865153,-0.025058298581600823,-0.08994466716418655,-0.008541542607000437,-0.015462352237800759
2025-08-24T16:49:06.010000,0.0,0.05621654191054404,0.09756279713474214,30.749425888812738,389.12,49.5,0.4951933719077827,0.2285350427072519,-0.02032939569537436,0.1316569499271165,0.24735281596387498,0.2644991432076314,0.2343018511372484,0.21159291862276025,0.17791686030129247,0.1918979473063744,0.40746271822720614,0.0889169577865153,-0.025058298581600823,-0.08994466716418655,-0.008541542607000437,-0.015462352237800759
2025-08-24T16:49:07.010000,0.0,0.05629404098726809,0.09910338488407433,27.748799934702372,389.12,49.5,0.4951933719077827,0.2285350427072519,-0.02032939569537436,0.1316569499271165,0.24735281596387498,0.2644991432076314,0.2343018511372484,0.21159291862276025,0.17791686030129247,0.1918979473063744,0.40746271822720614,0.0889169577865153,-0.025058298581600823,-0.08994466716418655,-0.008541542607000437,-0.015462352237800759
2025-08-24T16:49:08,0.0,0.05590644897893071,0.09961695712991059,30.115354719053723,389.12,49.5,0.4951933719077827,0.2285350427072519,-0.02032939569537436,0.1316569499271165,0.24735281596387498,0.2644991432076314,0.2343018511372484,0.21159291862276025,0.17791686030129247,0.1918979473063744,0.40746271822720614,0.0889169577865153,-0.025058298581600823,-0.08994466716418655,-0.008541542607000437,-0.015462352237800759
2025-08-24T16:49:09,0.0,0.05611450504511595,0.09400591999292374,31.91288378674194,389.12,49.5,0.4951933719077827,0.2285350427072519,-0.02032939569537436,0.1316569499271165,0.24735281596387498,0.2644991432076314,0.2343018511372484,0.21159291862276025,0.17791686030129247,0.1918979473063744,0.40746271822720614,0.0889169577865153,-0.025058298581600823,-0.08994466716418655,-0.008541542607000437,-0.015462352237800759
2025-08-24T16:49:10,0.0,0.04873825004324317,0.08646949985995889,31.803121383305445,389.12,49.5,0.4951933719077827,0.2285350427072519,-0.02032939569537436,0.1316569499271165,0.24735281596387498,0.2644991432076314,0.2343018511372484,0.21159291862276025,0.17791686030129247,0.1918979473063744,0.40746271822720614,0.0889169577865153,-0.025058298581600823,-0.08994466716418655,-0.008541542607000437,-0.015462352237800759
2025-08-24T16:49:11.001000,0.0,0.042667288798838854,0.08225121698342264,33.434155759109615,389.12,49.5,0.4951933719077827,0.2285350427072519,-0.02032939569537436,0.1316569499271165,0.24735281596387498,0.2644991432076314,0.2343018511372484,0.21159291862276025,0.17791686030129247,0.1918979473063744,0.40746271822720614,0.0889169577865153,-0.025058298581600823,-0.08994466716418655,-0.008541542607000437,-0.015462352237800759
2025-08-24T16:49:12.020000,0.0,0.04364778590388596,0.08544748509302735,32.18351010572212,389.12,49.5,0.4951933719077827,0.2285350427072519,-0.02032939569537436,0.1316569499271165,0.24735281596387498,0.2644991432076314,0.2343018511372484,0.21159291862276025,0.17791686030129247,0.1918979473063744,0.40746271822720614,0.0889169577865153,-0.025058298581600823,-0.08994466716418655,-0.008541542607000437,-0.015462352237800759
2025-08-24T16:49:13.011000,0.0,0.04429961717687547,0.08277084515430033,33.22425903557553,389.12,49.5,0.4951933719077827,0.2285350427072519,-0.02032939569537436,0.1316569499271165,0.24735281596387498,0.2644991432076314,0.2343018511372484,0.21159291862276025,0.17791686030129247,0.1918979473063744,0.40746271822720614,0.0889169577865153,-0.025058298581600823,-0.08994466716418655,-0.008541542607000437,-0.015462352237800759
2025-08-24T16:49:14.020000,0.0,0.04297995497472584,0.10615421389229596,28.260771664173635,389.12,49.5,0.4951933719077827,0.2285350427072519,-0.02032939569537436,0.1316569499271165,0.24735281596387498,0.2644991432076314,0.2343018511372484,0.21159291862276025,0.17791686030129247,0.1918979473063744,0.40746271822720614,0.0889169577865153,-0.025058298581600823,-0.08994466716418655,-0.008541542607000437,-0.015462352237800759
2025-08-24T16:49:15.021000,0.0,0.055794673040509224,0.08711679396219552,34.43652898087457,389.12,49.5,0.4951933719077827,0.2285350427072519,-0.02032939569537436,0.1316569499271165,0.24735281596387498,0.2644991432076314,0.2343018511372484,0.21159291862276025,0.17791686030129247,0.1918979473063744,0.40746271822720614,0.0889169577865153,-0.025058298581600823,-0.08994466716418655,-0.008541542607000437,-0.015462352237800759
2025-08-24T16:49:15.991000,0.0,0.04297128808684647,0.08865706715732813,36.658104133230594,389.12,49.5,0.4951933719077827,0.2285350427072519,-0.02032939569537436,0.1316569499271165,0.24735281596387498,0.2644991432076314,0.2343018511372484,0.21159291862276025,0.17791686030129247,0.1918979473063744,0.40746271822720614,0.0889169577865153,-0.025058298581600823,-0.08994466716418655,-0.008541542607000437,-0.015462352237800759
2025-08-24T16:49:16.992000,0.0,0.043870582012459636,0.0850850970018655,35.25881859115893,389.12,49.5,0.4951933719077827,0.2285350427072519,-0.02032939569537436,0.1316569499271165,0.24735281596387498,0.2644991432076314,0.2343018511372484,0.21159291862276025,0.17791686030129247,0.1918979473063744,0.40746271822720614,0.0889169577865153,-0.025058298581600823,-0.08994466716418655,-0.008541542607000437,-0.015462352237800759
2025-08-24T16:49:49.057000,0.0,,0.3668053220026195,5.452483592879056,368.64,47.6,0.5877369538160744,0.24678538902382988,0.3261167843071757,0.31084709434972896
2025-08-24T16:49:50.057000,0.0,0.015296155121177435,0.0627558717969805,27.885836813188984,368.64,47.6,0.5877369538160744,0.24678538902382988,0.3261167843071757,0.31084709434972896
2025-08-24T16:49:51.058000,0.0,0.012020461028441787,0.05832773889414966,25.71675207095176,368.64,47.6,0.5877369538160744,0.24678538902382988,0.3261167843071757,0.31084709434972896
2025-08-24T16:49:52.077000,0.0,0.010916057042777538,0.05848199687898159,29.923738815234547,368.64,47.6,0.5877369538160744,0.24678538902382988,0.3261167843071757,0.31084709434972896
2025-08-24T16:49:53.078000,0.0,0.01134076016023755,0.0641688120085746,31.167789108091178,368.64,47.6,0.5877369538160744,0.24678538902382988,0.3261167843071757,0.31084709434972896
2025-08-24T16:49:54.047000,0.0,0.011829647002741694,0.06309764878824353,27.734789387684287,368.64,47.6,0.5877369538160744,0.24678538902382988,0.3261167843071757,0.31084709434972896
2025-08-24T16:49:55.047000,0.0,0.012029313016682863,0.06195678282529116,28.2454950079436,368.64,47.6,0.5877369538160744,0.24678538902382988,0.3261167843071757,0.31084709434972896
2025-08-24T16:49:56.047000,0.0,0.011047889944165945,0.06403236812911928,31.234203238697404,368.64,47.6,0.5877369538160744,0.24678538902382988,0.3261167843071757,0.31084709434972896
2025-08-24T16:49:57.047000,0.0,0.01094426098279655,0.06347451801411808,31.50870715639242,368.64,47.6,0.5877369538160744,0.24678538902382988,0.3261167843071757,0.31084709434972896
2025-08-24T16:49:58.047000,0.0,0.01098188990727067,0.06392709095962346,31.285640719412804,368.64,47.6,0.5877369538160744,0.24678538902382988,0.3261167843071757,0.31084709434972896
2025-08-24T16:49:59.048000,0.0,0.011232852935791016,0.06354407290928066,23.605663460406493,368.64,47.6,0.5877369538160744,0.24678538902382988,0.3261167843071757,0.31084709434972896
2025-08-24T16:50:00.048000,0.0,0.011196335079148412,0.05820459080860019,30.06635689192803,368.64,47.6,0.5877369538160744,0.24678538902382988,0.3261167843071757,0.31084709434972896
2025-08-24T16:50:01.077000,0.0,0.010615799110382795,0.05922673596069217,29.54746655566928,368.64,47.6,0.5877369538160744,0.24678538902382988,0.3261167843071757,0.31084709434972896
2025-08-24T16:50:02.078000,0.0,0.011509351897984743,0.057831665966659784,25.93734721155577,368.64,47.6,0.5877369538160744,0.24678538902382988,0.3261167843071757,0.31084709434972896
2025-08-24T16:50:03.078000,0.0,0.01067433599382639,0.057947109919041395,30.199953068322284,368.64,47.7,0.5877369538160744,0.24678538902382988,0.3261167843071757,0.31084709434972896
2025-08-24T16:50:04.078000,0.0,0.011264981934800744,0.05842199712060392,29.95447068314587,368.64,47.7,0.5877369538160744,0.24678538902382988,0.3261167843071757,0.31084709434972896
2025-08-24T16:50:05.078000,0.0,0.011170259909704328,0.06355349998921156,31.469549282722575,368.64,47.7,0.5877369538160744,0.24678538902382988,0.3261167843071757,0.31084709434972896
2025-08-24T16:50:06.049000,0.0,0.01196372089907527,0.06313175987452269,27.719803843234676,368.64,47.7,0.5877369538160744,0.24678538902382988,0.3261167843071757,0.31084709434972896
2025-08-24T16:50:07.048000,0.0,0.011522128945216537,0.06383990589529276,27.412321109467662,368.64,47.7,0.5877369538160744,0.24678538902382988,0.3261167843071757,0.31084709434972896
2025-08-24T16:50:08.048000,0.0,0.011415982153266668,0.06403299793601036,27.329659025941243,368.64,47.7,0.5877369538160744,0.24678538902382988,0.3261167843071757,0.31084709434972896
2025-08-24T16:50:09.048000,0.0,0.012047721073031425,0.06372881401330233,27.460106187362587,368.64,47.7,0.5877369538160744,0.24678538902382988,0.3261167843071757,0.31084709434972896
2025-08-24T16:50:10.048000,0.0,0.011623944155871868,0.06346922204829752,27.572419253355317,368.64,47.7,0.5877369538160744,0.24678538902382988,0.3261167843071757,0.31084709434972896
2025-08-24T16:50:11.049000,0.0,0.01091703912243247,0.06314237089827657,27.71514555288535,368.64,47.7,0.5877369538160744,0.24678538902382988,0.3261167843071757,0.31084709434972896
2025-08-24T16:50:12.048000,0.0,0.011381926015019417,0.06299477908760309,31.7486628093214,368.64,47.7,0.5877369538160744,0.24678538902382988,0.3261167843071757,0.31084709434972896
2025-08-24T16:50:13.058000,0.0,0.011912832036614418,0.06267846492119133,27.920275364119433,368.64,47.7,0.5877369538160744,0.24678538902382988,0.3261167843071757,0.31084709434972896
2025-08-24T16:50:14.059000,0.0,0.011867591878399253,0.06287779798731208,27.831763452548614,368.64,47.7,0.5877369538160744,0.24678538902382988,0.3261167843071757,0.31084709434972896
2025-08-24T16:50:15.060000,0.0,0.012375053018331528,0.06293144589290023,27.808037383698398,368.64,47.7,0.5877369538160744,0.24678538902382988,0.3261167843071757,0.31084709434972896
2025-08-24T16:50:16.059000,0.0,0.01238570106215775,0.06355714704841375,31.467743485662286,368.64,47.7,0.5877369538160744,0.24678538902382988,0.3261167843071757,0.31084709434972896
2025-08-24T16:50:17.049000,0.0,0.011371203931048512,0.0585866819601506,25.60308844628265,368.64,47.7,0.5877369538160744,0.24678538902382988,0.3261167843071757,0.31084709434972896
2025-08-24T16:50:18.079000,0.0,0.010779188014566898,0.05890773702412844,25.463548181890967,368.64,47.7,0.5877369538160744,0.24678538902382988,0.3261167843071757,0.31084709434972896
2025-08-24T16:50:19.079000,0.0,0.010691113071516156,0.059266069205477834,25.309591476354747,368.64,47.7,0.5877369538160744,0.24678538902382988,0.3261167843071757,0.31084709434972896
2025-08-24T16:50:20.079000,0.0,0.011021001962944865,0.05891899601556361,25.45868228310923,368.64,47.7,0.5877369538160744,0.24678538902382988,0.3261167843071757,0.31084709434972896
2025-08-24T16:50:21.079000,0.0,0.01112446398474276,0.058953459141775966,29.684432864091452,368.64,47.7,0.5877369538160744,0.24678538902382988,0.3261167843071757,0.31084709434972896
2025-08-24T16:50:22.079000,0.0,0.010751188034191728,0.060206344118341804,24.914317950473908,368.64,47.7,0.5877369538160744,0.24678538902382988,0.3261167843071757,0.31084709434972896
2025-08-24T16:50:23.069000,0.0,0.010967965004965663,0.05943771707825363,29.442584372747998,368.64,47.7,0.5877369538160744,0.24678538902382988,0.3261167843071757,0.31084709434972896
2025-08-24T16:50:24.080000,0.0,0.011567407986149192,0.06483258795924485,26.992598245501082,368.64,47.7,0.5877369538160744,0.24678538902382988,0.3261167843071757,0.31084709434972896
2025-08-24T16:50:25.049000,0.0,0.012151905102655292,0.06338679697364569,31.552312082145207,368.64,47.7,0.5877369538160744,0.24678538902382988,0.3261167843071757,0.31084709434972896
2025-08-24T16:50:26.051000,0.0,0.011815925128757954,0.06409903499297798,23.40128833709107,368.64,47.7,0.5877369538160744,0.24678538902382988,0.3261167843071757,0.31084709434972896
2025-08-24T16:50:27.050000,0.0,0.01197588793002069,0.06376527692191303,27.4444036704029,368.64,47.7,0.5877369538160744,0.24678538902382988,0.3261167843071757,0.31084709434972896
2025-08-24T16:50:28.049000,0.0,0.011729351012036204,0.06424847897142172,31.129141607999383,368.64,47.7,0.5877369538160744,0.24678538902382988,0.3261167843071757,0.31084709434972896
2025-08-24T16:50:29.051000,0.0,0.011895664967596531,0.06646761996671557,26.32860934205768,368.64,47.7,0.5877369538160744,0.24678538902382988,0.3261167843071757,0.31084709434972896
2025-08-24T16:50:30.060000,0.0,0.01522276597097516,0.06399172102101147,23.44053224490613,368.64,47.7,0.5877369538160744,0.24678538902382988,0.3261167843071757,0.31084709434972896
2025-08-24T16:50:31.070000,0.0,0.010657873004674911,0.05942508694715798,25.24186462417462,368.64,47.7,0.5877369538160744,0.24678538902382988,0.3261167843071757,0.31084709434972896
2025-08-24T16:50:32.080000,0.0,0.011112261097878218,0.05876181088387966,29.78124693022507,368.64,47.7,0.5877369538160744,0.24678538902382988,0.3261167843071757,0.31084709434972896
2025-08-24T16:50:33.080000,0.0,0.010741539066657424,0.06383183202706277,31.332329599315063,368.64,47.7,0.5877369538160744,0.24678538902382988,0.3261167843071757,0.31084709434972896
2025-08-24T16:50:34.051000,0.0,0.01169998082332313,0.06370096211321652,31.396700044269675,368.64,47.7,0.5877369538160744,0.24678538902382988,0.3261167843071757,0.31084709434972896
2025-08-24T16:50:35.050000,0.0,0.012081517139449716,0.06255374406464398,23.979380010409056,368.64,47.7,0.5877369538160744,0.24678538902382988,0.3261167843071757,0.31084709434972896
2025-08-24T16:50:36.062000,0.0,0.012546903919428587,0.06343874102458358,27.585667239547718,368.64,47.7,0.5877369538160744,0.24678538902382988,0.3261167843071757,0.31084709434972896
2025-08-24T16:50:37.060000,0.0,0.011918110074475408,0.06289602001197636,31.798514430946934,368.64,47.7,0.5877369538160744,0.24678538902382988,0.3261167843071757,0.31084709434972896
2025-08-24T16:50:38.061000,0.0,0.011551962932571769,0.06314929714426398,27.712105742083516,368.64,47.7,0.5877369538160744,0.24678538902382988,0.3261167843071757,0.31084709434972896
2025-08-24T16:51:09.622000,0.0,,0.3788168590981513,5.939545577133414,378.88,48.6,0.7419090082643466,0.32748000257720117,0.3363911114906219,0.2441090549192491,0.13517767379668655,0.21106617794592614,0.5890479747025116
2025-08-24T16:51:10.622000,0.0,0.028119503054767847,0.07399016991257668,27.03061774777736,378.88,48.6,0.7419090082643466,0.32748000257720117,0.3363911114906219,0.2441090549192491,0.13517767379668655,0.21106617794592614,0.5890479747025116
2025-08-24T16:51:11.623000,0.0,0.025413955096155405,0.07423507701605558,30.309121919728195,378.88,48.6,0.7419090082643466,0.32748000257720117,0.3363911114906219,0.2441090549192491,0.13517767379668655,0.21106617794592614,0.5890479747025116
2025-08-24T16:51:12.623000,0.0,0.025166493142023683,0.07166252913884819,27.90858798919788,378.88,48.6,0.7419090082643466,0.32748000257720117,0.3363911114906219,0.2441090549192491,0.13517767379668655,0.21106617794592614,0.5890479747025116
2025-08-24T16:51:13.633000,0.0,0.02496214210987091,0.07042364403605461,28.399552840180593,378.88,48.6,0.7419090082643466,0.32748000257720117,0.3363911114906219,0.2441090549192491,0.13517767379668655,0.21106617794592614,0.5890479747025116
2025-08-24T16:51:14.633000,0.0,0.0239440337754786,0.07151895598508418,31.46019078451384,378.88,48.6,0.7419090082643466,0.32748000257720117,0.3363911114906219,0.2441090549192491,0.13517767379668655,0.21106617794592614,0.5890479747025116
2025-08-24T16:51:15.604000,0.0,0.02031478681601584,0.06922085187397897,25.281399356165036,378.88,48.6,0.7419090082643466,0.32748000257720117,0.3363911114906219,0.2441090549192491,0.13517767379668655,0.21106617794592614,0.5890479747025116
2025-08-24T16:51:16.613000,0.0,0.019540678011253476,0.06920005613937974,28.90171065716607,378.88,48.6,0.7419090082643466,0.32748000257720117,0.3363911114906219,0.2441090549192491,0.13517767379668655,0.21106617794592614,0.5890479747025116
2025-08-24T16:51:17.614000,0.0,0.019155864836648107,0.06716920994222164,26.053604047231488,378.88,48.6,0.7419090082643466,0.32748000257720117,0.3363911114906219,0.2441090549192491,0.13517767379668655,0.21106617794592614,0.5890479747025116
2025-08-24T16:51:18.623000,0.0,0.018409607000648975,0.07004873803816736,32.120493002658264,378.88,48.6,0.7419090082643466,0.32748000257720117,0.3363911114906219,0.2441090549192491,0.13517767379668655,0.21106617794592614,0.5890479747025116
2025-08-24T16:51:19.614000,0.0,0.020072713028639555,0.06964661017991602,32.30595134763398,378.88,48.6,0.7419090082643466,0.32748000257720117,0.3363911114906219,0.2441090549192491,0.13517767379668655,0.21106617794592614,0.5890479747025116
2025-08-24T16:51:20.614000,0.0,0.019561567110940814,0.06541069713421166,34.39804341762904,378.88,48.6,0.7419090082643466,0.32748000257720117,0.3363911114906219,0.2441090549192491,0.13517767379668655,0.21106617794592614,0.5890479747025116
2025-08-24T16:51:21.633000,0.0,0.018870698986575007,0.07044466305524111,28.39107908617013,378.88,48.6,0.7419090082643466,0.32748000257720117,0.3363911114906219,0.2441090549192491,0.13517767379668655,0.21106617794592614,0.5890479747025116
2025-08-24T16:51:22.604000,0.0,0.01823596004396677,0.06952238781377673,28.76771156590845,378.88,48.6,0.7419090082643466,0.32748000257720117,0.3363911114906219,0.2441090549192491,0.13517767379668655,0.21106617794592614,0.5890479747025116
2025-08-24T16:51:23.603000,0.0,0.019878546940162778,0.0712924930267036,28.053444550618728,378.88,48.6,0.7419090082643466,0.32748000257720117,0.3363911114906219,0.2441090549192491,0.13517767379668655,0.21106617794592614,0.5890479747025116
2025-08-24T16:51:24.603000,0.0,0.019512363942340016,0.07047455199062824,31.926417925994095,378.88,48.6,0.7419090082643466,0.32748000257720117,0.3363911114906219,0.2441090549192491,0.13517767379668655,0.21106617794592614,0.5890479747025116
2025-08-24T16:51:25.614000,0.0,0.019559530075639486,0.06505651399493217,26.899689093951913,378.88,48.6,0.7419090082643466,0.32748000257720117,0.3363911114906219,0.2441090549192491,0.13517767379668655,0.21106617794592614,0.5890479747025116
2025-08-24T16:51:26.634000,0.0,0.018257701070979238,0.06514540198259056,30.700555052749255,378.88,48.6,0.7419090082643466,0.32748000257720117,0.3363911114906219,0.2441090549192491,0.13517767379668655,0.21106617794592614,0.5890479747025116
2025-08-24T16:51:27.634000,0.0,0.018301756121218204,0.07120569702237844,31.598595254153178,378.88,48.6,0.7419090082643466,0.32748000257720117,0.3363911114906219,0.2441090549192491,0.13517767379668655,0.21106617794592614,0.5890479747025116
2025-08-24T16:51:28.605000,0.0,0.018913384061306715,0.07148777088150382,31.47391466058628,378.88,48.6,0.7419090082643466,0.32748000257720117,0.3363911114906219,0.2441090549192491,0.13517767379668655,0.21106617794592614,0.5890479747025116
2025-08-24T16:51:29.604000,0.0,0.018925402080640197,0.07076569902710617,28.26227999576348,378.88,48.6,0.7419090082643466,0.32748000257720117,0.3363911114906219,0.2441090549192491,0.13517767379668655,0.21106617794592614,0.5890479747025116
2025-08-24T16:51:30.604000,0.0,0.01901408680714667,0.071060512913391,31.663154510892237,378.88,48.6,0.7419090082643466,0.32748000257720117,0.3363911114906219,0.2441090549192491,0.13517767379668655,0.21106617794592614,0.5890479747025116
2025-08-24T16:51:31.604000,0.0,0.019170105922967196,0.0712852340657264,31.56333888060755,378.88,48.6,0.7419090082643466,0.32748000257720117,0.3363911114906219,0.2441090549192491,0.13517767379668655,0.21106617794592614,0.5890479747025116
2025-08-24T16:51:32.604000,0.0,0.019350863993167877,0.07169089885428548,31.384736918603966,378.88,48.6,0.7419090082643466,0.32748000257720117,0.3363911114906219,0.2441090549192491,0.13517767379668655,0.21106617794592614,0.5890479747025116
2025-08-24T16:51:33.604000,0.0,0.01901845820248127,0.070733587956056,28.275110280599353,378.88,48.6,0.7419090082643466,0.32748000257720117,0.3363911114906219,0.2441090549192491,0.13517767379668655,0.21106617794592614,0.5890479747025116
2025-08-24T16:51:34.605000,0.0,0.019331549061462283,0.0712429010309279,31.58209403942196,378.88,48.6,0.7419090082643466,0.32748000257720117,0.3363911114906219,0.2441090549192491,0.13517767379668655,0.21106617794592614,0.5890479747025116
2025-08-24T16:51:35.604000,0.0,0.019104050006717443,0.0701655528973788,32.06701731960628,378.88,48.6,0.7419090082643466,0.32748000257720117,0.3363911114906219,0.2441090549192491,0.13517767379668655,0.21106617794592614,0.5890479747025116
2025-08-24T16:51:36.615000,0.0,0.01980562205426395,0.06812981888651848,29.355721660310497,378.88,48.6,0.7419090082643466,0.32748000257720117,0.3363911114906219,0.2441090549192491,0.13517767379668655,0.21106617794592614,0.5890479747025116
2025-08-24T16:51:37.614000,0.0,0.019389400957152247,0.06999540608376265,32.14496673263741,378.88,48.6,0.7419090082643466,0.32748000257720117,0.3363911114906219,0.2441090549192491,0.13517767379668655,0.21106617794592614,0.5890479747025116
2025-08-24T16:51:38.614000,0.0,0.01949232700280845,0.06709432182833552,33.53487953506325,378.88,48.6,0.7419090082643466,0.32748000257720117,0.3363911114906219,0.2441090549192491,0.13517767379668655,0.21106617794592614,0.5890479747025116
2025-08-24T16:51:39.625000,0.0,0.018353163031861186,0.07012714608572423,28.519626302133823,378.88,48.6,0.7419090082643466,0.32748000257720117,0.3363911114906219,0.2441090549192491,0.13517767379668655,0.21106617794592614,0.5890479747025116
2025-08-24T16:51:40.625000,0.0,0.019174715969711542,0.06957751698791981,32.33803241915986,378.88,48.6,0.7419090082643466,0.32748000257720117,0.3363911114906219,0.2441090549192491,0.13517767379668655,0.21106617794592614,0.5890479747025116
2025-08-24T16:51:41.604000,0.0,0.01944769686087966,0.06807765201665461,29.378216503570346,378.88,48.6,0.7419090082643466,0.32748000257720117,0.3363911114906219,0.2441090549192491,0.13517767379668655,0.21106617794592614,0.5890479747025116
2025-08-24T16:51:42.615000,0.0,0.018710440024733543,0.06752404198050499,29.619079980097613,378.88,48.6,0.7419090082643466,0.32748000257720117,0.3363911114906219,0.2441090549192491,0.13517767379668655,0.21106617794592614,0.5890479747025116
2025-08-24T16:51:43.616000,0.0,0.018320810981094837,0.06858248403295875,32.807210641695505,378.88,48.6,0.7419090082643466,0.32748000257720117,0.3363911114906219,0.2441090549192491,0.13517767379668655,0.21106617794592614,0.5890479747025116
2025-08-24T16:51:44.614000,0.0,0.018383421935141087,0.06829579989425838,29.284377708388792,378.88,48.6,0.7419090082643466,0.32748000257720117,0.3363911114906219,0.2441090549192491,0.13517767379668655,0.21106617794592614,0.5890479747025116
2025-08-24T16:51:45.615000,0.0,0.018319940892979503,0.06566625204868615,26.649914459905066,378.88,48.6,0.7419090082643466,0.32748000257720117,0.3363911114906219,0.2441090549192491,0.13517767379668655,0.21106617794592614,0.5890479747025116
2025-08-24T16:51:46.626000,0.0,0.0185701260343194,0.06598362210206687,34.09937084871862,378.88,48.6,0.7419090082643466,0.32748000257720117,0.3363911114906219,0.2441090549192491,0.13517767379668655,0.21106617794592614,0.5890479747025116
2025-08-24T16:51:47.626000,0.0,0.019291345961391926,0.07031916407868266,28.441748792152506,378.88,48.6,0.7419090082643466,0.32748000257720117,0.3363911114906219,0.2441090549192491,0.13517767379668655,0.21106617794592614,0.5890479747025116
2025-08-24T16:51:48.596000,0.0,0.019889602903276682,0.07176021486520767,31.354421168140757,378.88,48.6,0.7419090082643466,0.32748000257720117,0.3363911114906219,0.2441090549192491,0.13517767379668655,0.21106617794592614,0.5890479747025116
2025-08-24T16:51:49.596000,0.0,0.019169900799170136,0.07155299303121865,34.93913942788225,378.88,48.6,0.7419090082643466,0.32748000257720117,0.3363911114906219,0.2441090549192491,0.13517767379668655,0.21106617794592614,0.5890479747025116
2025-08-24T16:51:50.595000,0.0,0.01895643910393119,0.07022258988581598,32.04097148308775,378.88,48.6,0.7419090082643466,0.32748000257720117,0.3363911114906219,0.2441090549192491,0.13517767379668655,0.21106617794592614,0.5890479747025116
2025-08-24T16:51:51.605000,0.0,0.019836880965158343,0.06998770195059478,28.576449065463983,378.88,48.6,0.7419090082643466,0.32748000257720117,0.3363911114906219,0.2441090549192491,0.13517767379668655,0.21106617794592614,0.5890479747025116
2025-08-24T16:51:52.607000,0.0,0.01978128799237311,0.06995660904794931,28.589150149189297,378.88,48.6,0.7419090082643466,0.32748000257720117,0.3363911114906219,0.2441090549192491,0.13517767379668655,0.21106617794592614,0.5890479747025116
2025-08-24T16:51:53.607000,0.0,0.01952953008003533,0.06838981807231903,29.24411932029196,378.88,48.6,0.7419090082643466,0.32748000257720117,0.3363911114906219,0.2441090549192491,0.13517767379668655,0.21106617794592614,0.5890479747025116
2025-08-24T16:51:54.616000,0.0,0.019209587015211582,0.07177795516327024,27.86370822978508,378.88,48.6,0.7419090082643466,0.32748000257720117,0.3363911114906219,0.2441090549192491,0.13517767379668655,0.21106617794592614,0.5890479747025116
2025-08-24T16:51:55.597000,0.0,0.018508478067815304,0.07146188197657466,34.983685439736114,378.88,48.6,0.7419090082643466,0.32748000257720117,0.3363911114906219,0.2441090549192491,0.13517767379668655,0.21106617794592614,0.5890479747025116
2025-08-24T16:51:56.597000,0.0,0.018649440025910735,0.07216556509956717,31.17830501147827,378.88,48.6,0.7419090082643466,0.32748000257720117,0.3363911114906219,0.2441090549192491,0.13517767379668655,0.21106617794592614,0.5890479747025116
2025-08-24T16:51:57.596000,0.0,0.019159178948029876,0.06579430704005063,30.397766767001706,378.88,48.6,0.7419090082643466,0.32748000257720117,0.3363911114906219,0.2441090549192491,0.13517767379668655,0.21106617794592614,0.5890479747025116
2025-08-24T16:51:58.626000,0.0,0.018953679827973247,0.07073690206743777,28.27378555670031,378.88,48.6,0.7419090082643466,0.32748000257720117,0.3363911114906219,0.2441090549192491,0.13517767379668655,0.21106617794592614,0.5890479747025116
2025-08-24T16:52:33.210000,0.0,,0.38176943617872894,6.5484550702209505,378.88,48.8,0.6874261408807847,0.2558279916890611,0.41954716016108273,0.21232399339769406,0.1388124044986394,0.1007645336254848,0.6481769815999757,0.33971336250195655,0.03408450528809789,0.0033624055403681085
2025-08-24T16:52:34.210000,0.0,0.030515301041305065,0.07634000200778246,32.748230734197904,378.88,48.8,0.6874261408807847,0.2558279916890611,0.41954716016108273,0.21232399339769406,0.1388124044986394,0.1007645336254848,0.6481769815999757,0.33971336250195655,0.03408450528809789,0.0033624055403681085
2025-08-24T16:52:35.209000,0.0,0.027807768201455474,0.07758116605691612,32.22431586251112,378.88,48.8,0.6874261408807847,0.2558279916890611,0.41954716016108273,0.21232399339769406,0.1388124044986394,0.1007645336254848,0.6481769815999757,0.33971336250195655,0.03408450528809789,0.0033624055403681085
2025-08-24T16:52:36.209000,0.0,0.027237954083830118,0.07400932000018656,30.401576450024464,378.88,48.8,0.6874261408807847,0.2558279916890611,0.41954716016108273,0.21232399339769406,0.1388124044986394,0.1007645336254848,0.6481769815999757,0.33971336250195655,0.03408450528809789,0.0033624055403681085
2025-08-24T16:52:37.220000,0.0,0.025755976093932986,0.07402341300621629,30.39578842184766,378.88,48.8,0.6874261408807847,0.2558279916890611,0.41954716016108273,0.21232399339769406,0.1388124044986394,0.1007645336254848,0.6481769815999757,0.33971336250195655,0.03408450528809789,0.0033624055403681085
2025-08-24T16:52:38.220000,0.0,0.025737123796716332,0.07378646801225841,27.10524102695544,378.88,48.8,0.6874261408807847,0.2558279916890611,0.41954716016108273,0.21232399339769406,0.1388124044986394,0.1007645336254848,0.6481769815999757,0.33971336250195655,0.03408450528809789,0.0033624055403681085
2025-08-24T16:52:39.222000,0.0,0.02627993794158101,0.07437294791452587,30.252935551053316,378.88,48.8,0.6874261408807847,0.2558279916890611,0.41954716016108273,0.21232399339769406,0.1388124044986394,0.1007645336254848,0.6481769815999757,0.33971336250195655,0.03408450528809789,0.0033624055403681085
2025-08-24T16:52:40.220000,0.0,0.026221327017992735,0.07376833795569837,30.50089052231644,378.88,48.8,0.6874261408807847,0.2558279916890611,0.41954716016108273,0.21232399339769406,0.1388124044986394,0.1007645336254848,0.6481769815999757,0.33971336250195655,0.03408450528809789,0.0033624055403681085
2025-08-24T16:52:41.223000,0.0,0.025950937997549772,0.07377520785667002,30.498050298567524,378.88,48.8,0.6874261408807847,0.2558279916890611,0.41954716016108273,0.21232399339769406,0.1388124044986394,0.1007645336254848,0.6481769815999757,0.33971336250195655,0.03408450528809789,0.0033624055403681085
2025-08-24T16:52:42.222000,0.0,0.025914697209373116,0.07325081992894411,30.716379723565908,378.88,48.8,0.6874261408807847,0.2558279916890611,0.41954716016108273,0.21232399339769406,0.1388124044986394,0.1007645336254848,0.6481769815999757,0.33971336250195655,0.03408450528809789,0.0033624055403681085
2025-08-24T16:52:43.223000,0.0,0.025789363076910377,0.07414241204969585,30.347002987869836,378.88,48.8,0.6874261408807847,0.2558279916890611,0.41954716016108273,0.21232399339769406,0.1388124044986394,0.1007645336254848,0.6481769815999757,0.33971336250195655,0.03408450528809789,0.0033624055403681085
2025-08-24T16:52:44.223000,0.0,0.025801734067499638,0.07361920806579292,30.562675952574615,378.88,48.8,0.6874261408807847,0.2558279916890611,0.41954716016108273,0.21232399339769406,0.1388124044986394,0.1007645336254848,0.6481769815999757,0.33971336250195655,0.03408450528809789,0.0033624055403681085
2025-08-24T16:52:45.222000,0.0,0.025595864048227668,0.07384083699434996,30.470943878550006,378.88,48.8,0.6874261408807847,0.2558279916890611,0.41954716016108273,0.21232399339769406,0.1388124044986394,0.1007645336254848,0.6481769815999757,0.33971336250195655,0.03408450528809789,0.0033624055403681085
2025-08-24T16:52:46.223000,0.0,0.02596193691715598,0.07391272485256195,30.44130769753386,378.88,48.8,0.6874261408807847,0.2558279916890611,0.41954716016108273,0.21232399339769406,0.1388124044986394,0.1007645336254848,0.6481769815999757,0.33971336250195655,0.03408450528809789,0.0033624055403681085
2025-08-24T16:52:47.224000,0.0,0.025612474884837866,0.07743373815901577,32.28566848814739,378.88,48.8,0.6874261408807847,0.2558279916890611,0.41954716016108273,0.21232399339769406,0.1388124044986394,0.1007645336254848,0.6481769815999757,0.33971336250195655,0.03408450528809789,0.0033624055403681085
2025-08-24T16:52:48.204000,0.0,0.027241749921813607,0.07798558892682195,32.057204855449314,378.88,48.8,0.6874261408807847,0.2558279916890611,0.41954716016108273,0.21232399339769406,0.1388124044986394,0.1007645336254848,0.6481769815999757,0.33971336250195655,0.03408450528809789,0.0033624055403681085
2025-08-24T16:52:49.204000,0.0,0.027586526004597545,0.07615999900735915,32.82563067993884,378.88,48.8,0.6874261408807847,0.2558279916890611,0.41954716016108273,0.21232399339769406,0.1388124044986394,0.1007645336254848,0.6481769815999757,0.33971336250195655,0.03408450528809789,0.0033624055403681085
2025-08-24T16:52:50.214000,0.0,0.026312454836443067,0.07586551806889474,32.95304722930514,378.88,48.8,0.6874261408807847,0.2558279916890611,0.41954716016108273,0.21232399339769406,0.1388124044986394,0.1007645336254848,0.6481769815999757,0.33971336250195655,0.03408450528809789,0.0033624055403681085
2025-08-24T16:52:51.213000,0.0,0.02672889898531139,0.07352648512460291,30.60121799902437,378.88,48.8,0.6874261408807847,0.2558279916890611,0.41954716016108273,0.21232399339769406,0.1388124044986394,0.1007645336254848,0.6481769815999757,0.33971336250195655,0.03408450528809789,0.0033624055403681085
2025-08-24T16:52:52.224000,0.0,0.025556882144883275,0.07906249398365617,28.458500189294778,378.88,48.8,0.6874261408807847,0.2558279916890611,0.41954716016108273,0.21232399339769406,0.1388124044986394,0.1007645336254848,0.6481769815999757,0.33971336250195655,0.03408450528809789,0.0033624055403681085
2025-08-24T16:52:53.193000,0.0,0.02615278889425099,0.0753435930237174,29.86318955205281,378.88,48.8,0.6874261408807847,0.2558279916890611,0.41954716016108273,0.21232399339769406,0.1388124044986394,0.1007645336254848,0.6481769815999757,0.33971336250195655,0.03408450528809789,0.0033624055403681085
2025-08-24T16:52:54.224000,0.0,0.027070748852565885,0.07911021495237947,31.601481572321795,378.88,48.8,0.6874261408807847,0.2558279916890611,0.41954716016108273,0.21232399339769406,0.1388124044986394,0.1007645336254848,0.6481769815999757,0.33971336250195655,0.03408450528809789,0.0033624055403681085
2025-08-24T16:52:55.194000,0.0,0.02613897412084043,0.07982217706739902,28.18765514376006,378.88,48.8,0.6874261408807847,0.2558279916890611,0.41954716016108273,0.21232399339769406,0.1388124044986394,0.1007645336254848,0.6481769815999757,0.33971336250195655,0.03408450528809789,0.0033624055403681085
2025-08-24T16:52:56.194000,0.0,0.02645336207933724,0.07499875919893384,33.333884809597365,378.88,48.8,0.6874261408807847,0.2558279916890611,0.41954716016108273,0.21232399339769406,0.1388124044986394,0.1007645336254848,0.6481769815999757,0.33971336250195655,0.03408450528809789,0.0033624055403681085
2025-08-24T16:52:57.224000,0.0,0.02566282614134252,0.09362506004981697,26.70225256645781,378.88,48.8,0.6874261408807847,0.2558279916890611,0.41954716016108273,0.21232399339769406,0.1388124044986394,0.1007645336254848,0.6481769815999757,0.33971336250195655,0.03408450528809789,0.0033624055403681085
2025-08-24T16:52:58.203000,0.0,0.040638911072164774,0.0867926818318665,28.804271826084992,378.88,48.8,0.6874261408807847,0.2558279916890611,0.41954716016108273,0.21232399339769406,0.1388124044986394,0.1007645336254848,0.6481769815999757,0.33971336250195655,0.03408450528809789,0.0033624055403681085
2025-08-24T16:52:59.204000,0.0,0.035047235898673534,0.08813264290802181,31.20296758682227,378.88,48.8,0.6874261408807847,0.2558279916890611,0.41954716016108273,0.21232399339769406,0.1388124044986394,0.1007645336254848,0.6481769815999757,0.33971336250195655,0.03408450528809789,0.0033624055403681085
2025-08-24T16:53:00.194000,0.0,0.03508975403383374,0.0747179260943085,30.113255514614533,378.88,48.8,0.6874261408807847,0.2558279916890611,0.41954716016108273,0.21232399339769406,0.1388124044986394,0.1007645336254848,0.6481769815999757,0.33971336250195655,0.03408450528809789,0.0033624055403681085
2025-08-24T16:53:01.226000,0.0,0.025880918139591813,0.07454833318479359,33.53529037064966,378.88,48.8,0.6874261408807847,0.2558279916890611,0.41954716016108273,0.21232399339769406,0.1388124044986394,0.1007645336254848,0.6481769815999757,0.33971336250195655,0.03408450528809789,0.0033624055403681085
2025-08-24T16:53:02.225000,0.0,0.02550688199698925,0.0755112380720675,29.796889276965754,378.88,48.8,0.6874261408807847,0.2558279916890611,0.41954716016108273,0.21232399339769406,0.1388124044986394,0.1007645336254848,0.6481769815999757,0.33971336250195655,0.03408450528809789,0.0033624055403681085
2025-08-24T16:53:03.225000,0.0,0.02686547115445137,0.09411913203075528,29.218288998897368,378.88,48.8,0.6874261408807847,0.2558279916890611,0.41954716016108273,0.21232399339769406,0.1388124044986394,0.1007645336254848,0.6481769815999757,0.33971336250195655,0.03408450528809789,0.0033624055403681085
2025-08-24T16:53:04.194000,0.0,0.02852989500388503,0.07971356413327157,31.36229106278882,378.88,48.8,0.6874261408807847,0.2558279916890611,0.41954716016108273,0.21232399339769406,0.1388124044986394,0.1007645336254848,0.6481769815999757,0.33971336250195655,0.03408450528809789,0.0033624055403681085
2025-08-24T16:53:05.195000,0.0,0.0259991770144552,0.07900352799333632,31.644156450973966,378.88,48.8,0.6874261408807847,0.2558279916890611,0.41954716016108273,0.21232399339769406,0.1388124044986394,0.1007645336254848,0.6481769815999757,0.33971336250195655,0.03408450528809789,0.0033624055403681085
2025-08-24T16:53:06.195000,0.0,0.026550046866759658,0.07771271606907248,32.16976740045979,378.88,48.8,0.6874261408807847,0.2558279916890611,0.41954716016108273,0.21232399339769406,0.1388124044986394,0.1007645336254848,0.6481769815999757,0.33971336250195655,0.03408450528809789,0.0033624055403681085
2025-08-24T16:53:07.206000,0.0,0.026732119964435697,0.07883560215122998,31.71156091640293,378.88,48.8,0.6874261408807847,0.2558279916890611,0.41954716016108273,0.21232399339769406,0.1388124044986394,0.1007645336254848,0.6481769815999757,0.33971336250195655,0.03408450528809789,0.0033624055403681085
2025-08-24T16:53:08.204000,0.0,0.02735428512096405,0.07715867878869176,32.40076215984185,378.88,48.8,0.6874261408807847,0.2558279916890611,0.41954716016108273,0.21232399339769406,0.1388124044986394,0.1007645336254848,0.6481769815999757,0.33971336250195655,0.03408450528809789,0.0033624055403681085
2025-08-24T16:53:09.205000,0.0,0.026492212899029255,0.07764310389757156,32.198609721965774,378.88,48.8,0.6874261408807847,0.2558279916890611,0.41954716016108273,0.21232399339769406,0.1388124044986394,0.1007645336254848,0.6481769815999757,0.33971336250195655,0.03408450528809789,0.0033624055403681085
2025-08-24T16:53:10.214000,0.0,0.027485692873597145,0.07824515807442367,31.950858832978973,378.88,48.8,0.6874261408807847,0.2558279916890611,0.41954716016108273,0.21232399339769406,0.1388124044986394,0.1007645336254848,0.6481769815999757,0.33971336250195655,0.03408450528809789,0.0033624055403681085
2025-08-24T16:53:11.217000,0.0,0.02813867316581309,0.0756480700802058,33.04776972300037,378.88,48.8,0.6874261408807847,0.2558279916890611,0.41954716016108273,0.21232399339769406,0.1388124044986394,0.1007645336254848,0.6481769815999757,0.33971336250195655,0.03408450528809789,0.0033624055403681085
2025-08-24T16:53:12.225000,0.0,0.027363304048776627,0.07524570007808506,29.90204088293542,378.88,48.8,0.6874261408807847,0.2558279916890611,0.41954716016108273,0.21232399339769406,0.1388124044986394,0.1007645336254848,0.6481769815999757,0.33971336250195655,0.03408450528809789,0.0033624055403681085
2025-08-24T16:53:13.227000,0.0,0.02638226794078946,0.07998815504834056,31.254627619415405,378.88,48.8,0.6874261408807847,0.2558279916890611,0.41954716016108273,0.21232399339769406,0.1388124044986394,0.1007645336254848,0.6481769815999757,0.33971336250195655,0.03408450528809789,0.0033624055403681085
2025-08-24T16:53:14.195000,0.0,0.02629991597495973,0.07792195398360491,32.08338436335871,378.88,48.8,0.6874261408807847,0.2558279916890611,0.41954716016108273,0.21232399339769406,0.1388124044986394,0.1007645336254848,0.6481769815999757,0.33971336250195655,0.03408450528809789,0.0033624055403681085
2025-08-24T16:53:15.206000,0.0,0.026861785911023617,0.09387890691868961,29.293055173531318,378.88,48.8,0.6874261408807847,0.2558279916890611,0.41954716016108273,0.21232399339769406,0.1388124044986394,0.1007645336254848,0.6481769815999757,0.33971336250195655,0.03408450528809789,0.0033624055403681085
2025-08-24T16:53:16.205000,0.0,0.04190392605960369,0.1078149750828743,25.50666081299132,378.88,48.8,0.6874261408807847,0.2558279916890611,0.41954716016108273,0.21232399339769406,0.1388124044986394,0.1007645336254848,0.6481769815999757,0.33971336250195655,0.03408450528809789,0.0033624055403681085
2025-08-24T16:53:17.206000,0.0,0.04217970208264887,0.08617495791986585,29.010748137815018,378.88,48.8,0.6874261408807847,0.2558279916890611,0.41954716016108273,0.21232399339769406,0.1388124044986394,0.1007645336254848,0.6481769815999757,0.33971336250195655,0.03408450528809789,0.0033624055403681085
2025-08-24T16:53:18.205000,0.0,0.034953474067151546,0.08688601106405258,28.773331510833668,378.88,48.8,0.6874261408807847,0.2558279916890611,0.41954716016108273,0.21232399339769406,0.1388124044986394,0.1007645336254848,0.6481769815999757,0.33971336250195655,0.03408450528809789,0.0033624055403681085
2025-08-24T16:53:19.206000,0.0,0.03487217798829079,0.08565853303298354,29.185650413104664,378.88,48.8,0.6874261408807847,0.2558279916890611,0.41954716016108273,0.21232399339769406,0.1388124044986394,0.1007645336254848,0.6481769815999757,0.33971336250195655,0.03408450528809789,0.0033624055403681085
2025-08-24T16:53:20.206000,0.0,0.035022030118852854,0.08647551201283932,31.80091029228811,378.88,48.8,0.6874261408807847,0.2558279916890611,0.41954716016108273,0.21232399339769406,0.1388124044986394,0.1007645336254848,0.6481769815999757,0.33971336250195655,0.03408450528809789,0.0033624055403681085
2025-08-24T16:53:21.208000,0.0,0.03510145586915314,0.08573106792755425,29.160957170305334,378.88,48.8,0.6874261408807847,0.2558279916890611,0.41954716016108273,0.21232399339769406,0.1388124044986394,0.1007645336254848,0.6481769815999757,0.33971336250195655,0.03408450528809789,0.0033624055403681085
2025-08-24T16:53:22.206000,0.0,0.03553186194039881,0.0858806970063597,29.11015032650253,378.88,48.8,0.6874261408807847,0.2558279916890611,0.41954716016108273,0.21232399339769406,0.1388124044986394,0.1007645336254848,0.6481769815999757,0.33971336250195655,0.03408450528809789,0.0033624055403681085
2025-08-24T16:54:00.434000,0.0,,0.4139908510260284,7.850415031987365,389.12,50.0,0.3333709055827908,0.3800851342995089,0.3307218530518125,0.30292295974957884,0.11230067571046268,0.10569153149964741,0.6579215506861784,0.396588754428622,-0.048138752670909876,0.017694594902100753,-0.12595796959409628,-0.12970048439813392,0.015560310123972285
2025-08-24T16:54:01.434000,0.0,0.04631572705693543,0.09456706303171813,29.079892214455533,389.12,50.0,0.3333709055827908,0.3800851342995089,0.3307218530518125,0.30292295974957884,0.11230067571046268,0.10569153149964741,0.6579215506861784,0.396588754428622,-0.048138752670909876,0.017694594902100753,-0.12595796959409628,-0.12970048439813392,0.015560310123972285
2025-08-24T16:54:02.465000,0.0,0.039020593045279384,0.08312684413976967,33.08197283871536,389.12,50.0,0.3333709055827908,0.3800851342995089,0.3307218530518125,0.30292295974957884,0.11230067571046268,0.10569153149964741,0.6579215506861784,0.396588754428622,-0.048138752670909876,0.017694594902100753,-0.12595796959409628,-0.12970048439813392,0.015560310123972285
2025-08-24T16:54:03.464000,0.0,0.03520200704224408,0.0875517230015248,28.554549405686686,389.12,50.0,0.3333709055827908,0.3800851342995089,0.3307218530518125,0.30292295974957884,0.11230067571046268,0.10569153149964741,0.6579215506861784,0.396588754428622,-0.048138752670909876,0.017694594902100753,-0.12595796959409628,-0.12970048439813392,0.015560310123972285
2025-08-24T16:54:04.455000,0.0,0.037640353897586465,0.08504617307335138,29.395796538002582,389.12,50.0,0.3333709055827908,0.3800851342995089,0.3307218530518125,0.30292295974957884,0.11230067571046268,0.10569153149964741,0.6579215506861784,0.396588754428622,-0.048138752670909876,0.017694594902100753,-0.12595796959409628,-0.12970048439813392,0.015560310123972285
2025-08-24T16:54:05.456000,0.0,0.03544608107767999,0.08607074501924217,29.045873826711798,389.12,50.0,0.3333709055827908,0.3800851342995089,0.3307218530518125,0.30292295974957884,0.11230067571046268,0.10569153149964741,0.6579215506861784,0.396588754428622,-0.048138752670909876,0.017694594902100753,-0.12595796959409628,-0.12970048439813392,0.015560310123972285
2025-08-24T16:54:06.445000,0.0,0.03509036009199917,0.08537981985136867,32.209016191264574,389.12,50.0,0.3333709055827908,0.3800851342995089,0.3307218530518125,0.30292295974957884,0.11230067571046268,0.10569153149964741,0.6579215506861784,0.396588754428622,-0.048138752670909876,0.017694594902100753,-0.12595796959409628,-0.12970048439813392,0.015560310123972285
2025-08-24T16:54:07.444000,0.0,0.034468655940145254,0.08543165307492018,32.189474287572835,389.12,50.0,0.3333709055827908,0.3800851342995089,0.3307218530518125,0.30292295974957884,0.11230067571046268,0.10569153149964741,0.6579215506861784,0.396588754428622,-0.048138752670909876,0.017694594902100753,-0.12595796959409628,-0.12970048439813392,0.015560310123972285
2025-08-24T16:54:08.444000,0.0,0.0345263599883765,0.08460382116027176,32.50444202502912,389.12,50.0,0.3333709055827908,0.3800851342995089,0.3307218530518125,0.30292295974957884,0.11230067571046268,0.10569153149964741,0.6579215506861784,0.396588754428622,-0.048138752670909876,0.017694594902100753,-0.12595796959409628,-0.12970048439813392,0.015560310123972285
2025-08-24T16:54:09.455000,0.0,0.03507565590552986,0.08416624809615314,32.673429815456814,389.12,50.0,0.3333709055827908,0.3800851342995089,0.3307218530518125,0.30292295974957884,0.11230067571046268,0.10569153149964741,0.6579215506861784,0.396588754428622,-0.048138752670909876,0.017694594902100753,-0.12595796959409628,-0.12970048439813392,0.015560310123972285
2025-08-24T16:54:10.457000,0.0,0.034670230001211166,0.08236852916888893,33.38653764669476,389.12,50.0,0.3333709055827908,0.3800851342995089,0.3307218530518125,0.30292295974957884,0.11230067571046268,0.10569153149964741,0.6579215506861784,0.396588754428622,-0.048138752670909876,0.017694594902100753,-0.12595796959409628,-0.12970048439813392,0.015560310123972285
2025-08-24T16:54:11.465000,0.0,0.03463443391956389,0.08709409297443926,34.44550482752576,389.12,50.0,0.3333709055827908,0.3800851342995089,0.3307218530518125,0.30292295974957884,0.11230067571046268,0.10569153149964741,0.6579215506861784,0.396588754428622,-0.048138752670909876,0.017694594902100753,-0.12595796959409628,-0.12970048439813392,0.015560310123972285
2025-08-24T16:54:12.435000,0.0,0.03473098902031779,0.0892385148908943,33.61777147084933,389.12,50.0,0.3333709055827908,0.3800851342995089,0.3307218530518125,0.30292295974957884,0.11230067571046268,0.10569153149964741,0.6579215506861784,0.396588754428622,-0.048138752670909876,0.017694594902100753,-0.12595796959409628,-0.12970048439813392,0.015560310123972285
2025-08-24T16:54:13.437000,0.0,0.03656352311372757,0.08487778203561902,32.39952710882509,389.12,50.0,0.3333709055827908,0.3800851342995089,0.3307218530518125,0.30292295974957884,0.11230067571046268,0.10569153149964741,0.6579215506861784,0.396588754428622,-0.048138752670909876,0.017694594902100753,-0.12595796959409628,-0.12970048439813392,0.015560310123972285
2025-08-24T16:54:14.446000,0.0,0.034480582224205136,0.08545368909835815,32.18117355746631,389.12,50.0,0.3333709055827908,0.3800851342995089,0.3307218530518125,0.30292295974957884,0.11230067571046268,0.10569153149964741,0.6579215506861784,0.396588754428622,-0.048138752670909876,0.017694594902100753,-0.12595796959409628,-0.12970048439813392,0.015560310123972285
2025-08-24T16:54:15.446000,0.0,0.03484532213769853,0.0873075919225812,31.497833572577633,389.12,50.0,0.3333709055827908,0.3800851342995089,0.3307218530518125,0.30292295974957884,0.11230067571046268,0.10569153149964741,0.6579215506861784,0.396588754428622,-0.048138752670909876,0.017694594902100753,-0.12595796959409628,-0.12970048439813392,0.015560310123972285
2025-08-24T16:54:16.435000,0.0,0.035218765027821064,0.08580363215878606,32.04992528650657,389.12,50.0,0.3333709055827908,0.3800851342995089,0.3307218530518125,0.30292295974957884,0.11230067571046268,0.10569153149964741,0.6579215506861784,0.396588754428622,-0.048138752670909876,0.017694594902100753,-0.12595796959409628,-0.12970048439813392,0.015560310123972285
2025-08-24T16:54:17.447000,0.0,0.03485467401333153,0.08401778293773532,29.755605451440665,389.12,50.0,0.3333709055827908,0.3800851342995089,0.3307218530518125,0.30292295974957884,0.11230067571046268,0.10569153149964741,0.6579215506861784,0.396588754428622,-0.048138752670909876,0.017694594902100753,-0.12595796959409628,-0.12970048439813392,0.015560310123972285
2025-08-24T16:54:18.456000,0.0,0.034551582066342235,0.08458028198219836,32.51348819786181,389.12,50.0,0.3333709055827908,0.3800851342995089,0.3307218530518125,0.30292295974957884,0.11230067571046268,0.10569153149964741,0.6579215506861784,0.396588754428622,-0.048138752670909876,0.017694594902100753,-0.12595796959409628,-0.12970048439813392,0.015560310123972285
2025-08-24T16:54:19.447000,0.0,0.03453650791198015,0.08535315096378326,32.21908000990965,389.12,50.0,0.3333709055827908,0.3800851342995089,0.3307218530518125,0.30292295974957884,0.11230067571046268,0.10569153149964741,0.6579215506861784,0.396588754428622,-0.048138752670909876,0.017694594902100753,-0.12595796959409628,-0.12970048439813392,0.015560310123972285
2025-08-24T16:54:20.446000,0.0,0.035330876940861344,0.0860908159520477,34.84692259939749,389.12,50.0,0.3333709055827908,0.3800851342995089,0.3307218530518125,0.30292295974957884,0.11230067571046268,0.10569153149964741,0.6579215506861784,0.396588754428622,-0.048138752670909876,0.017694594902100753,-0.12595796959409628,-0.12970048439813392,0.015560310123972285
2025-08-24T16:54:21.447000,0.0,0.03503241413272917,0.08605601987801492,31.95592828831884,389.12,50.0,0.3333709055827908,0.3800851342995089,0.3307218530518125,0.30292295974957884,0.11230067571046268,0.10569153149964741,0.6579215506861784,0.396588754428622,-0.048138752670909876,0.017694594902100753,-0.12595796959409628,-0.12970048439813392,0.015560310123972285
2025-08-24T16:54:22.447000,0.0,0.03465882199816406,0.08394093113020062,29.782848085426235,389.12,50.0,0.3333709055827908,0.3800851342995089,0.3307218530518125,0.30292295974957884,0.11230067571046268,0.10569153149964741,0.6579215506861784,0.396588754428622,-0.048138752670909876,0.017694594902100753,-0.12595796959409628,-0.12970048439813392,0.015560310123972285
2025-08-24T16:54:23.456000,0.0,0.03435284085571766,0.08275187690742314,30.21079513153293,389.12,50.0,0.3333709055827908,0.3800851342995089,0.3307218530518125,0.30292295974957884,0.11230067571046268,0.10569153149964741,0.6579215506861784,0.396588754428622,-0.048138752670909876,0.017694594902100753,-0.12595796959409628,-0.12970048439813392,0.015560310123972285
2025-08-24T16:54:24.467000,0.0,0.03491415502503514,0.08240472991019487,33.3718708015552,389.12,50.0,0.3333709055827908,0.3800851342995089,0.3307218530518125,0.30292295974957884,0.11230067571046268,0.10569153149964741,0.6579215506861784,0.396588754428622,-0.048138752670909876,0.017694594902100753,-0.12595796959409628,-0.12970048439813392,0.015560310123972285
2025-08-24T16:54:25.467000,0.0,0.034758525900542736,0.08289202488958836,33.17568853774495,389.12,50.0,0.3333709055827908,0.3800851342995089,0.3307218530518125,0.30292295974957884,0.11230067571046268,0.10569153149964741,0.6579215506861784,0.396588754428622,-0.048138752670909876,0.017694594902100753,-0.12595796959409628,-0.12970048439813392,0.015560310123972285
2025-08-24T16:54:26.467000,0.0,0.03528208006173372,0.08226197096519172,30.390713602739762,389.12,50.0,0.3333709055827908,0.3800851342995089,0.3307218530518125,0.30292295974957884,0.11230067571046268,0.10569153149964741,0.6579215506861784,0.396588754428622,-0.048138752670909876,0.017694594902100753,-0.12595796959409628,-0.12970048439813392,0.015560310123972285
2025-08-24T16:54:27.467000,0.0,0.03550161700695753,0.08262228406965733,30.2581806851567,389.12,50.0,0.3333709055827908,0.3800851342995089,0.3307218530518125,0.30292295974957884,0.11230067571046268,0.10569153149964741,0.6579215506861784,0.396588754428622,-0.048138752670909876,0.017694594902100753,-0.12595796959409628,-0.12970048439813392,0.015560310123972285
2025-08-24T16:54:28.467000,0.0,0.03481297008693218,0.08835869911126792,33.95251435540262,389.12,50.0,0.3333709055827908,0.3800851342995089,0.3307218530518125,0.30292295974957884,0.11230067571046268,0.10569153149964741,0.6579215506861784,0.396588754428622,-0.048138752670909876,0.017694594902100753,-0.12595796959409628,-0.12970048439813392,0.015560310123972285
2025-08-24T16:54:29.437000,0.0,0.035046024015173316,0.08788249595090747,31.291783081993696,389.12,50.0,0.3333709055827908,0.3800851342995089,0.3307218530518125,0.30292295974957884,0.11230067571046268,0.10569153149964741,0.6579215506861784,0.396588754428622,-0.048138752670909876,0.017694594902100753,-0.12595796959409628,-0.12970048439813392,0.015560310123972285
2025-08-24T16:54:30.437000,0.0,0.0352670238353312,0.08779399585910141,34.17090167321529,389.12,50.0,0.3333709055827908,0.3800851342995089,0.3307218530518125,0.30292295974957884,0.11230067571046268,0.10569153149964741,0.6579215506861784,0.396588754428622,-0.048138752670909876,0.017694594902100753,-0.12595796959409628,-0.12970048439813392,0.015560310123972285
2025-08-24T16:54:31.446000,0.0,0.03643850306980312,0.08438939205370843,32.587034141089525,389.12,50.0,0.3333709055827908,0.3800851342995089,0.3307218530518125,0.30292295974957884,0.11230067571046268,0.10569153149964741,0.6579215506861784,0.396588754428622,-0.048138752670909876,0.017694594902100753,-0.12595796959409628,-0.12970048439813392,0.015560310123972285
2025-08-24T16:54:32.457000,0.0,0.03510593110695481,0.08454696391709149,29.569364577675284,389.12,50.0,0.3333709055827908,0.3800851342995089,0.3307218530518125,0.30292295974957884,0.11230067571046268,0.10569153149964741,0.6579215506861784,0.396588754428622,-0.048138752670909876,0.017694594902100753,-0.12595796959409628,-0.12970048439813392,0.015560310123972285
2025-08-24T16:54:33.458000,0.0,0.03456502594053745,0.08503237087279558,32.34062477352133,389.12,50.0,0.3333709055827908,0.3800851342995089,0.3307218530518125,0.30292295974957884,0.11230067571046268,0.10569153149964741,0.6579215506861784,0.396588754428622,-0.048138752670909876,0.017694594902100753,-0.12595796959409628,-0.12970048439813392,0.015560310123972285
2025-08-24T16:54:34.458000,0.0,0.0350796349812299,0.08604222093708813,29.055502900464212,389.12,50.0,0.3333709055827908,0.3800851342995089,0.3307218530518125,0.30292295974957884,0.11230067571046268,0.10569153149964741,0.6579215506861784,0.396588754428622,-0.048138752670909876,0.017694594902100753,-0.12595796959409628,-0.12970048439813392,0.015560310123972285
2025-08-24T16:54:35.457000,0.0,0.035837318981066346,0.0836159479804337,29.89860260371564,389.12,50.0,0.3333709055827908,0.3800851342995089,0.3307218530518125,0.30292295974957884,0.11230067571046268,0.10569153149964741,0.6579215506861784,0.396588754428622,-0.048138752670909876,0.017694594902100753,-0.12595796959409628,-0.12970048439813392,0.015560310123972285
2025-08-24T16:54:36.468000,0.0,0.03509761579334736,0.08643757202662528,34.70712943065834,389.12,50.0,0.3333709055827908,0.3800851342995089,0.3307218530518125,0.30292295974957884,0.11230067571046268,0.10569153149964741,0.6579215506861784,0.396588754428622,-0.048138752670909876,0.017694594902100753,-0.12595796959409628,-0.12970048439813392,0.015560310123972285
2025-08-24T16:54:37.438000,0.0,0.03430259902961552,0.08482572203502059,32.41941163630342,389.12,50.0,0.3333709055827908,0.3800851342995089,0.3307218530518125,0.30292295974957884,0.11230067571046268,0.10569153149964741,0.6579215506861784,0.396588754428622,-0.048138752670909876,0.017694594902100753,-0.12595796959409628,-0.12970048439813392,0.015560310123972285
2025-08-24T16:54:38.448000,0.0,0.03437235904857516,0.08589673903770745,29.10471372961634,389.12,50.0,0.3333709055827908,0.3800851342995089,0.3307218530518125,0.30292295974957884,0.11230067571046268,0.10569153149964741,0.6579215506861784,0.396588754428622,-0.048138752670909876,0.017694594902100753,-0.12595796959409628,-0.12970048439813392,0.015560310123972285
2025-08-24T16:54:39.447000,0.0,0.03459672792814672,0.08742375415749848,34.315616263690515,389.12,50.0,0.3333709055827908,0.3800851342995089,0.3307218530518125,0.30292295974957884,0.11230067571046268,0.10569153149964741,0.6579215506861784,0.396588754428622,-0.048138752670909876,0.017694594902100753,-0.12595796959409628,-0.12970048439813392,0.015560310123972285
2025-08-24T16:54:40.447000,0.0,0.03580317087471485,0.0869487919844687,31.62781146506563,389.12,50.0,0.3333709055827908,0.3800851342995089,0.3307218530518125,0.30292295974957884,0.11230067571046268,0.10569153149964741,0.6579215506861784,0.396588754428622,-0.048138752670909876,0.017694594902100753,-0.12595796959409628,-0.12970048439813392,0.015560310123972285
2025-08-24T16:54:41.438000,0.0,0.03545615286566317,0.10379516589455307,28.903080159318463,389.12,50.0,0.3333709055827908,0.3800851342995089,0.3307218530518125,0.30292295974957884,0.11230067571046268,0.10569153149964741,0.6579215506861784,0.396588754428622,-0.048138752670909876,0.017694594902100753,-0.12595796959409628,-0.12970048439813392,0.015560310123972285
2025-08-24T16:54:42.437000,0.0,0.05311495088972151,0.08809627103619277,28.3780456379698,389.12,50.0,0.3333709055827908,0.3800851342995089,0.3307218530518125,0.30292295974957884,0.11230067571046268,0.10569153149964741,0.6579215506861784,0.396588754428622,-0.048138752670909876,0.017694594902100753,-0.12595796959409628,-0.12970048439813392,0.015560310123972285
2025-08-24T16:54:43.448000,0.0,0.036144317826256156,0.0843650191091001,32.59644849299103,389.12,50.0,0.3333709055827908,0.3800851342995089,0.3307218530518125,0.30292295974957884,0.11230067571046268,0.10569153149964741,0.6579215506861784,0.396588754428622,-0.048138752670909876,0.017694594902100753,-0.12595796959409628,-0.12970048439813392,0.015560310123972285
2025-08-24T16:54:44.448000,0.0,0.034948986023664474,0.08436100021936,32.598001361402645,389.12,50.0,0.3333709055827908,0.3800851342995089,0.3307218530518125,0.30292295974957884,0.11230067571046268,0.10569153149964741,0.6579215506861784,0.396588754428622,-0.048138752670909876,0.017694594902100753,-0.12595796959409628,-0.12970048439813392,0.015560310123972285
2025-08-24T16:54:45.449000,0.0,0.035264485981315374,0.08364081615582108,32.87868443173478,389.12,50.0,0.3333709055827908,0.3800851342995089,0.3307218530518125,0.30292295974957884,0.11230067571046268,0.10569153149964741,0.6579215506861784,0.396588754428622,-0.048138752670909876,0.017694594902100753,-0.12595796959409628,-0.12970048439813392,0.015560310123972285
2025-08-24T16:54:46.458000,0.0,0.03578837402164936,0.08340513100847602,29.974175086972586,389.12,50.0,0.3333709055827908,0.3800851342995089,0.3307218530518125,0.30292295974957884,0.11230067571046268,0.10569153149964741,0.6579215506861784,0.396588754428622,-0.048138752670909876,0.017694594902100753,-0.12595796959409628,-0.12970048439813392,0.015560310123972285
2025-08-24T16:54:47.458000,0.0,0.03451515291817486,0.08320487313903868,36.055580482491614,389.12,50.0,0.3333709055827908,0.3800851342995089,0.3307218530518125,0.30292295974957884,0.11230067571046268,0.10569153149964741,0.6579215506861784,0.396588754428622,-0.048138752670909876,0.017694594902100753,-0.12595796959409628,-0.12970048439813392,0.015560310123972285
2025-08-24T16:54:48.457000,0.0,0.034253970021381974,0.08351939008571208,32.9264856601298,389.12,50.0,0.3333709055827908,0.3800851342995089,0.3307218530518125,0.30292295974957884,0.11230067571046268,0.10569153149964741,0.6579215506861784,0.396588754428622,-0.048138752670909876,0.017694594902100753,-0.12595796959409628,-0.12970048439813392,0.015560310123972285
2025-08-24T16:54:49.458000,0.0,0.03471704293042421,0.0834805560298264,29.94709329807183,389.12,50.0,0.3333709055827908,0.3800851342995089,0.3307218530518125,0.30292295974957884,0.11230067571046268,0.10569153149964741,0.6579215506861784,0.396588754428622,-0.048138752670909876,0.017694594902100753,-0.12595796959409628,-0.12970048439813392,0.015560310123972285
2025-08-24T16:55:29.972000,0.0,,0.3990508990827948,8.14432446454835,389.12,49.8,0.526166607324946,0.34707546093490116,0.31249085516593134,0.25249012192138126,0.13328594399330715,0.19680590524519465,0.6272369643082465,0.35223933576031846,0.05931333502835386,0.015406684515432147,-0.08967231250359625,-0.12124411647114335,0.07096594596172913,-0.07884286925107513,0.24229855574830217,0.2760587007020311
2025-08-24T16:55:30.972000,0.0,0.04591883113607764,0.09259073506109416,32.40065000046208,389.12,49.8,0.526166607324946,0.34707546093490116,0.31249085516593134,0.25249012192138126,0.13328594399330715,0.19680590524519465,0.6272369643082465,0.35223933576031846,0.05931333502835386,0.015406684515432147,-0.08967231250359625,-0.12124411647114335,0.07096594596172913,-0.07884286925107513,0.24229855574830217,0.2760587007020311
2025-08-24T16:55:31.983000,0.0,0.042132320115342736,0.09309704811312258,34.90980719443314,389.12,49.8,0.526166607324946,0.34707546093490116,0.31249085516593134,0.25249012192138126,0.13328594399330715,0.19680590524519465,0.6272369643082465,0.35223933576031846,0.05931333502835386,0.015406684515432147,-0.08967231250359625,-0.12124411647114335,0.07096594596172913,-0.07884286925107513,0.24229855574830217,0.2760587007020311
2025-08-24T16:55:32.982000,0.0,0.04223070899024606,0.09288136381655931,34.99087294216227,389.12,49.8,0.526166607324946,0.34707546093490116,0.31249085516593134,0.25249012192138126,0.13328594399330715,0.19680590524519465,0.6272369643082465,0.35223933576031846,0.05931333502835386,0.015406684515432147,-0.08967231250359625,-0.12124411647114335,0.07096594596172913,-0.07884286925107513,0.24229855574830217,0.2760587007020311
2025-08-24T16:55:33.991000,0.0,0.043854020070284605,0.09134045895189047,32.84415290249572,389.12,49.8,0.526166607324946,0.34707546093490116,0.31249085516593134,0.25249012192138126,0.13328594399330715,0.19680590524519465,0.6272369643082465,0.35223933576031846,0.05931333502835386,0.015406684515432147,-0.08967231250359625,-0.12124411647114335,0.07096594596172913,-0.07884286925107513,0.24229855574830217,0.2760587007020311
2025-08-24T16:55:34.992000,0.0,0.0428556518163532,0.09514458104968071,34.15854023575925,389.12,49.8,0.526166607324946,0.34707546093490116,0.31249085516593134,0.25249012192138126,0.13328594399330715,0.19680590524519465,0.6272369643082465,0.35223933576031846,0.05931333502835386,0.015406684515432147,-0.08967231250359625,-0.12124411647114335,0.07096594596172913,-0.07884286925107513,0.24229855574830217,0.2760587007020311
2025-08-24T16:55:35.963000,0.0,0.04277455899864435,0.09609794896095991,31.218148071180835,389.12,49.8,0.526166607324946,0.34707546093490116,0.31249085516593134,0.25249012192138126,0.13328594399330715,0.19680590524519465,0.6272369643082465,0.35223933576031846,0.05931333502835386,0.015406684515432147,-0.08967231250359625,-0.12124411647114335,0.07096594596172913,-0.07884286925107513,0.24229855574830217,0.2760587007020311
2025-08-24T16:55:36.962000,0.0,0.04240948613733053,0.09672098490409553,31.017053878996936,389.12,49.8,0.526166607324946,0.34707546093490116,0.31249085516593134,0.25249012192138126,0.13328594399330715,0.19680590524519465,0.6272369643082465,0.35223933576031846,0.05931333502835386,0.015406684515432147,-0.08967231250359625,-0.12124411647114335,0.07096594596172913,-0.07884286925107513,0.24229855574830217,0.2760587007020311
2025-08-24T16:55:37.962000,0.0,0.04306190996430814,0.09318786207586527,34.87578669155554,389.12,49.8,0.526166607324946,0.34707546093490116,0.31249085516593134,0.25249012192138126,0.13328594399330715,0.19680590524519465,0.6272369643082465,0.35223933576031846,0.05931333502835386,0.015406684515432147,-0.08967231250359625,-0.12124411647114335,0.07096594596172913,-0.07884286925107513,0.24229855574830217,0.2760587007020311
2025-08-24T16:55:38.963000,0.0,0.042683023028075695,0.09393763821572065,29.274740692169242,389.12,49.8,0.526166607324946,0.34707546093490116,0.31249085516593134,0.25249012192138126,0.13328594399330715,0.19680590524519465,0.6272369643082465,0.35223933576031846,0.05931333502835386,0.015406684515432147,-0.08967231250359625,-0.12124411647114335,0.07096594596172913,-0.07884286925107513,0.24229855574830217,0.2760587007020311
2025-08-24T16:55:39.973000,0.0,0.04358744597993791,0.09423710103146732,31.834595580335513,389.12,49.8,0.526166607324946,0.34707546093490116,0.31249085516593134,0.25249012192138126,0.13328594399330715,0.19680590524519465,0.6272369643082465,0.35223933576031846,0.05931333502835386,0.015406684515432147,-0.08967231250359625,-0.12124411647114335,0.07096594596172913,-0.07884286925107513,0.24229855574830217,0.2760587007020311
2025-08-24T16:55:40.972000,0.0,0.043200170155614614,0.1005042539909482,32.33693969105752,389.12,49.8,0.526166607324946,0.34707546093490116,0.31249085516593134,0.25249012192138126,0.13328594399330715,0.19680590524519465,0.6272369643082465,0.35223933576031846,0.05931333502835386,0.015406684515432147,-0.08967231250359625,-0.12124411647114335,0.07096594596172913,-0.07884286925107513,0.24229855574830217,0.2760587007020311
2025-08-24T16:55:41.971000,0.0,0.04886593506671488,0.09485880215652287,34.261448870472506,389.12,49.8,0.526166607324946,0.34707546093490116,0.31249085516593134,0.25249012192138126,0.13328594399330715,0.19680590524519465,0.6272369643082465,0.35223933576031846,0.05931333502835386,0.015406684515432147,-0.08967231250359625,-0.12124411647114335,0.07096594596172913,-0.07884286925107513,0.24229855574830217,0.2760587007020311
2025-08-24T16:55:42.962000,0.0,0.04313940997235477,0.09499189490452409,31.581641812865307,389.12,49.8,0.526166607324946,0.34707546093490116,0.31249085516593134,0.25249012192138126,0.13328594399330715,0.19680590524519465,0.6272369643082465,0.35223933576031846,0.05931333502835386,0.015406684515432147,-0.08967231250359625,-0.12124411647114335,0.07096594596172913,-0.07884286925107513,0.24229855574830217,0.2760587007020311
2025-08-24T16:55:43.972000,0.0,0.043588224099949,0.09199993801303208,35.32611075824472,389.12,49.8,0.526166607324946,0.34707546093490116,0.31249085516593134,0.25249012192138126,0.13328594399330715,0.19680590524519465,0.6272369643082465,0.35223933576031846,0.05931333502835386,0.015406684515432147,-0.08967231250359625,-0.12124411647114335,0.07096594596172913,-0.07884286925107513,0.24229855574830217,0.2760587007020311
2025-08-24T16:55:44.983000,0.0,0.04202648694626987,0.09342439705505967,32.111526480946196,389.12,49.8,0.526166607324946,0.34707546093490116,0.31249085516593134,0.25249012192138126,0.13328594399330715,0.19680590524519465,0.6272369643082465,0.35223933576031846,0.05931333502835386,0.015406684515432147,-0.08967231250359625,-0.12124411647114335,0.07096594596172913,-0.07884286925107513,0.24229855574830217,0.2760587007020311
2025-08-24T16:55:45.983000,0.0,0.042772077023983,0.0937312850728631,32.006389303933005,389.12,49.8,0.526166607324946,0.34707546093490116,0.31249085516593134,0.25249012192138126,0.13328594399330715,0.19680590524519465,0.6272369643082465,0.35223933576031846,0.05931333502835386,0.015406684515432147,-0.08967231250359625,-0.12124411647114335,0.07096594596172913,-0.07884286925107513,0.24229855574830217,0.2760587007020311
2025-08-24T16:55:46.983000,0.0,0.04336255695670843,0.09247476886957884,32.441281407591404,389.12,49.8,0.526166607324946,0.34707546093490116,0.31249085516593134,0.25249012192138126,0.13328594399330715,0.19680590524519465,0.6272369643082465,0.35223933576031846,0.05931333502835386,0.015406684515432147,-0.08967231250359625,-0.12124411647114335,0.07096594596172913,-0.07884286925107513,0.24229855574830217,0.2760587007020311
2025-08-24T16:55:47.982000,0.0,0.04204041208140552,0.09198614093475044,32.61360863184867,389.12,49.8,0.526166607324946,0.34707546093490116,0.31249085516593134,0.25249012192138126,0.13328594399330715,0.19680590524519465,0.6272369643082465,0.35223933576031846,0.05931333502835386,0.015406684515432147,-0.08967231250359625,-0.12124411647114335,0.07096594596172913,-0.07884286925107513,0.24229855574830217,0.2760587007020311
2025-08-24T16:55:48.993000,0.0,0.04318772512488067,0.09173619700595737,32.702467487344826,389.12,49.8,0.526166607324946,0.34707546093490116,0.31249085516593134,0.25249012192138126,0.13328594399330715,0.19680590524519465,0.6272369643082465,0.35223933576031846,0.05931333502835386,0.015406684515432147,-0.08967231250359625,-0.12124411647114335,0.07096594596172913,-0.07884286925107513,0.24229855574830217,0.2760587007020311
2025-08-24T16:55:49.992000,0.0,0.04220907809212804,0.09109091898426414,32.9341281595619,389.12,49.8,0.526166607324946,0.34707546093490116,0.31249085516593134,0.25249012192138126,0.13328594399330715,0.19680590524519465,0.6272369643082465,0.35223933576031846,0.05931333502835386,0.015406684515432147,-0.08967231250359625,-0.12124411647114335,0.07096594596172913,-0.07884286925107513,0.24229855574830217,0.2760587007020311
2025-08-24T16:55:50.994000,0.0,0.04236244806088507,0.0914246968459338,35.54838147811224,389.12,49.8,0.526166607324946,0.34707546093490116,0.31249085516593134,0.25249012192138126,0.13328594399330715,0.19680590524519465,0.6272369643082465,0.35223933576031846,0.05931333502835386,0.015406684515432147,-0.08967231250359625,-0.12124411647114335,0.07096594596172913,-0.07884286925107513,0.24229855574830217,0.2760587007020311
2025-08-24T16:55:51.993000,0.0,0.04253752203658223,0.09178293589502573,32.68581431554063,389.12,49.8,0.526166607324946,0.34707546093490116,0.31249085516593134,0.25249012192138126,0.13328594399330715,0.19680590524519465,0.6272369643082465,0.35223933576031846,0.05931333502835386,0.015406684515432147,-0.08967231250359625,-0.12124411647114335,0.07096594596172913,-0.07884286925107513,0.24229855574830217,0.2760587007020311
2025-08-24T16:55:52.995000,0.0,0.04257129994221032,0.09180675190873444,35.40044639887507,389.12,49.8,0.526166607324946,0.34707546093490116,0.31249085516593134,0.25249012192138126,0.13328594399330715,0.19680590524519465,0.6272369643082465,0.35223933576031846,0.05931333502835386,0.015406684515432147,-0.08967231250359625,-0.12124411647114335,0.07096594596172913,-0.07884286925107513,0.24229855574830217,0.2760587007020311
2025-08-24T16:55:53.994000,0.0,0.04269868694245815,0.09212734294123948,32.563622310407794,389.12,49.8,0.526166607324946,0.34707546093490116,0.31249085516593134,0.25249012192138126,0.13328594399330715,0.19680590524519465,0.6272369643082465,0.35223933576031846,0.05931333502835386,0.015406684515432147,-0.08967231250359625,-0.12124411647114335,0.07096594596172913,-0.07884286925107513,0.24229855574830217,0.2760587007020311
2025-08-24T16:55:54.995000,0.0,0.042993743205443025,0.09023449500091374,33.2467090326116,389.12,49.8,0.526166607324946,0.34707546093490116,0.31249085516593134,0.25249012192138126,0.13328594399330715,0.19680590524519465,0.6272369643082465,0.35223933576031846,0.05931333502835386,0.015406684515432147,-0.08967231250359625,-0.12124411647114335,0.07096594596172913,-0.07884286925107513,0.24229855574830217,0.2760587007020311
2025-08-24T16:55:55.994000,0.0,0.04273466905578971,0.08946327399462461,33.53331334800333,389.12,49.9,0.526166607324946,0.34707546093490116,0.31249085516593134,0.25249012192138126,0.13328594399330715,0.19680590524519465,0.6272369643082465,0.35223933576031846,0.05931333502835386,0.015406684515432147,-0.08967231250359625,-0.12124411647114335,0.07096594596172913,-0.07884286925107513,0.24229855574830217,0.2760587007020311
2025-08-24T16:55:57.005000,0.0,0.04359690798446536,0.08996144006960094,33.34762091045896,389.12,49.9,0.526166607324946,0.34707546093490116,0.31249085516593134,0.25249012192138126,0.13328594399330715,0.19680590524519465,0.6272369643082465,0.35223933576031846,0.05931333502835386,0.015406684515432147,-0.08967231250359625,-0.12124411647114335,0.07096594596172913,-0.07884286925107513,0.24229855574830217,0.2760587007020311
2025-08-24T16:55:58.004000,0.0,0.04310611286200583,0.09093454806134105,30.24153150401032,389.12,49.9,0.526166607324946,0.34707546093490116,0.31249085516593134,0.25249012192138126,0.13328594399330715,0.19680590524519465,0.6272369643082465,0.35223933576031846,0.05931333502835386,0.015406684515432147,-0.08967231250359625,-0.12124411647114335,0.07096594596172913,-0.07884286925107513,0.24229855574830217,0.2760587007020311
2025-08-24T16:55:59.004000,0.0,0.04372963006608188,0.08958016312681139,33.48955723325798,389.12,49.9,0.526166607324946,0.34707546093490116,0.31249085516593134,0.25249012192138126,0.13328594399330715,0.19680590524519465,0.6272369643082465,0.35223933576031846,0.05931333502835386,0.015406684515432147,-0.08967231250359625,-0.12124411647114335,0.07096594596172913,-0.07884286925107513,0.24229855574830217,0.2760587007020311
2025-08-24T16:56:00.004000,0.0,0.04238815093412995,0.09583398303948343,31.304135598371513,389.12,49.9,0.526166607324946,0.34707546093490116,0.31249085516593134,0.25249012192138126,0.13328594399330715,0.19680590524519465,0.6272369643082465,0.35223933576031846,0.05931333502835386,0.015406684515432147,-0.08967231250359625,-0.12124411647114335,0.07096594596172913,-0.07884286925107513,0.24229855574830217,0.2760587007020311
2025-08-24T16:56:00.975000,0.0,0.04365385207347572,0.0957582788541913,33.939624217230005,389.12,49.9,0.526166607324946,0.34707546093490116,0.31249085516593134,0.25249012192138126,0.13328594399330715,0.19680590524519465,0.6272369643082465,0.35223933576031846,0.05931333502835386,0.015406684515432147,-0.08967231250359625,-0.12124411647114335,0.07096594596172913,-0.07884286925107513,0.24229855574830217,0.2760587007020311
2025-08-24T16:56:01.973000,0.0,0.04265477997250855,0.09361315309070051,32.04677869458637,389.12,49.9,0.526166607324946,0.34707546093490116,0.31249085516593134,0.25249012192138126,0.13328594399330715,0.19680590524519465,0.6272369643082465,0.35223933576031846,0.05931333502835386,0.015406684515432147,-0.08967231250359625,-0.12124411647114335,0.07096594596172913,-0.07884286925107513,0.24229855574830217,0.2760587007020311
2025-08-24T16:56:02.984000,0.0,0.04254881711676717,0.09109754697419703,35.67604296656334,389.12,49.9,0.526166607324946,0.34707546093490116,0.31249085516593134,0.25249012192138126,0.13328594399330715,0.19680590524519465,0.6272369643082465,0.35223933576031846,0.05931333502835386,0.015406684515432147,-0.08967231250359625,-0.12124411647114335,0.07096594596172913,-0.07884286925107513,0.24229855574830217,0.2760587007020311
2025-08-24T16:56:04.004000,0.0,0.04347201809287071,0.09223656402900815,29.814640527319707,389.12,49.9,0.526166607324946,0.34707546093490116,0.31249085516593134,0.25249012192138126,0.13328594399330715,0.19680590524519465,0.6272369643082465,0.35223933576031846,0.05931333502835386,0.015406684515432147,-0.08967231250359625,-0.12124411647114335,0.07096594596172913,-0.07884286925107513,0.24229855574830217,0.2760587007020311
2025-08-24T16:56:04.984000,0.0,0.042171576991677284,0.09370983694680035,34.68152443638356,389.12,49.9,0.526166607324946,0.34707546093490116,0.31249085516593134,0.25249012192138126,0.13328594399330715,0.19680590524519465,0.6272369643082465,0.35223933576031846,0.05931333502835386,0.015406684515432147,-0.08967231250359625,-0.12124411647114335,0.07096594596172913,-0.07884286925107513,0.24229855574830217,0.2760587007020311
2025-08-24T16:56:05.984000,0.0,0.04271450196392834,0.094045763136819,31.899363670807645,389.12,49.9,0.526166607324946,0.34707546093490116,0.31249085516593134,0.25249012192138126,0.13328594399330715,0.19680590524519465,0.6272369643082465,0.35223933576031846,0.05931333502835386,0.015406684515432147,-0.08967231250359625,-0.12124411647114335,0.07096594596172913,-0.07884286925107513,0.24229855574830217,0.2760587007020311
2025-08-24T16:56:06.984000,0.0,0.04306088900193572,0.0907848619390279,33.04515682377595,389.12,49.9,0.526166607324946,0.34707546093490116,0.31249085516593134,0.25249012192138126,0.13328594399330715,0.19680590524519465,0.6272369643082465,0.35223933576031846,0.05931333502835386,0.015406684515432147,-0.08967231250359625,-0.12124411647114335,0.07096594596172913,-0.07884286925107513,0.24229855574830217,0.2760587007020311
2025-08-24T16:56:07.994000,0.0,0.04205117002129555,0.09278343198820949,32.33335883049952,389.12,49.9,0.526166607324946,0.34707546093490116,0.31249085516593134,0.25249012192138126,0.13328594399330715,0.19680590524519465,0.6272369643082465,0.35223933576031846,0.05931333502835386,0.015406684515432147,-0.08967231250359625,-0.12124411647114335,0.07096594596172913,-0.07884286925107513,0.24229855574830217,0.2760587007020311
2025-08-24T16:56:08.995000,0.0,0.0433430930133909,0.09286108007654548,34.998516034069354,389.12,49.9,0.526166607324946,0.34707546093490116,0.31249085516593134,0.25249012192138126,0.13328594399330715,0.19680590524519465,0.6272369643082465,0.35223933576031846,0.05931333502835386,0.015406684515432147,-0.08967231250359625,-0.12124411647114335,0.07096594596172913,-0.07884286925107513,0.24229855574830217,0.2760587007020311
2025-08-24T16:56:09.994000,0.0,0.042835538974031806,0.09462152002379298,31.705261120785867,389.12,49.9,0.526166607324946,0.34707546093490116,0.31249085516593134,0.25249012192138126,0.13328594399330715,0.19680590524519465,0.6272369643082465,0.35223933576031846,0.05931333502835386,0.015406684515432147,-0.08967231250359625,-0.12124411647114335,0.07096594596172913,-0.07884286925107513,0.24229855574830217,0.2760587007020311
2025-08-24T16:56:10.986000,0.0,0.04272637190297246,0.09207146987318993,29.868101419337318,389.12,49.9,0.526166607324946,0.34707546093490116,0.31249085516593134,0.25249012192138126,0.13328594399330715,0.19680590524519465,0.6272369643082465,0.35223933576031846,0.05931333502835386,0.015406684515432147,-0.08967231250359625,-0.12124411647114335,0.07096594596172913,-0.07884286925107513,0.24229855574830217,0.2760587007020311
2025-08-24T16:56:11.995000,0.0,0.04296400095336139,0.0917544518597424,29.97129778731172,389.12,49.9,0.526166607324946,0.34707546093490116,0.31249085516593134,0.25249012192138126,0.13328594399330715,0.19680590524519465,0.6272369643082465,0.35223933576031846,0.05931333502835386,0.015406684515432147,-0.08967231250359625,-0.12124411647114335,0.07096594596172913,-0.07884286925107513,0.24229855574830217,0.2760587007020311
2025-08-24T16:56:12.995000,0.0,0.04303390812128782,0.0905862869694829,35.87739500896819,389.12,49.9,0.526166607324946,0.34707546093490116,0.31249085516593134,0.25249012192138126,0.13328594399330715,0.19680590524519465,0.6272369643082465,0.35223933576031846,0.05931333502835386,0.015406684515432147,-0.08967231250359625,-0.12124411647114335,0.07096594596172913,-0.07884286925107513,0.24229855574830217,0.2760587007020311
2025-08-24T16:56:14.005000,0.0,0.04290194483473897,0.08998532616533339,30.56053822539142,389.12,49.9,0.526166607324946,0.34707546093490116,0.31249085516593134,0.25249012192138126,0.13328594399330715,0.19680590524519465,0.6272369643082465,0.35223933576031846,0.05931333502835386,0.015406684515432147,-0.08967231250359625,-0.12124411647114335,0.07096594596172913,-0.07884286925107513,0.24229855574830217,0.2760587007020311
2025-08-24T16:56:15.005000,0.0,0.042649982031434774,0.0900568631477654,36.0883100565857,389.12,49.9,0.526166607324946,0.34707546093490116,0.31249085516593134,0.25249012192138126,0.13328594399330715,0.19680590524519465,0.6272369643082465,0.35223933576031846,0.05931333502835386,0.015406684515432147,-0.08967231250359625,-0.12124411647114335,0.07096594596172913,-0.07884286925107513,0.24229855574830217,0.2760587007020311
2025-08-24T16:56:16.005000,0.0,0.043011926114559174,0.09539853595197201,31.44702347958843,389.12,49.9,0.526166607324946,0.34707546093490116,0.31249085516593134,0.25249012192138126,0.13328594399330715,0.19680590524519465,0.6272369643082465,0.35223933576031846,0.05931333502835386,0.015406684515432147,-0.08967231250359625,-0.12124411647114335,0.07096594596172913,-0.07884286925107513,0.24229855574830217,0.2760587007020311
2025-08-24T16:56:16.976000,0.0,0.04324648203328252,0.09574883198365569,33.942972803624784,389.12,49.9,0.526166607324946,0.34707546093490116,0.31249085516593134,0.25249012192138126,0.13328594399330715,0.19680590524519465,0.6272369643082465,0.35223933576031846,0.05931333502835386,0.015406684515432147,-0.08967231250359625,-0.12124411647114335,0.07096594596172913,-0.07884286925107513,0.24229855574830217,0.2760587007020311
2025-08-24T16:56:17.975000,0.0,0.04389783088117838,0.09506594389677048,34.18679567868239,389.12,49.9,0.526166607324946,0.34707546093490116,0.31249085516593134,0.25249012192138126,0.13328594399330715,0.19680590524519465,0.6272369643082465,0.35223933576031846,0.05931333502835386,0.015406684515432147,-0.08967231250359625,-0.12124411647114335,0.07096594596172913,-0.07884286925107513,0.24229855574830217,0.2760587007020311
2025-08-24T16:56:18.977000,0.0,0.04263335303403437,0.09266663389280438,29.67626948855443,389.12,49.9,0.526166607324946,0.34707546093490116,0.31249085516593134,0.25249012192138126,0.13328594399330715,0.19680590524519465,0.6272369643082465,0.35223933576031846,0.05931333502835386,0.015406684515432147,-0.08967231250359625,-0.12124411647114335,0.07096594596172913,-0.07884286925107513,0.24229855574830217,0.2760587007020311
2025-08-24T16:56:52.604000,0.0,,0.37437037797644734,5.342303017697281,378.88,48.5,0.6510188826949524,0.30320168480497844,0.03896802590094647,0.2272758580705132
2025-08-24T16:56:53.604000,0.0,0.014151375973597169,0.0670163338072598,26.113036935637794,378.88,48.5,0.6510188826949524,0.30320168480497844,0.03896802590094647,0.2272758580705132
2025-08-24T16:56:54.624000,0.0,0.011366975028067827,0.06689846282824874,22.42203985838996,378.88,48.5,0.6510188826949524,0.30320168480497844,0.03896802590094647,0.2272758580705132
2025-08-24T16:56:55.624000,0.0,0.010867938166484237,0.06698220386169851,26.126342507531092,378.88,48.5,0.6510188826949524,0.30320168480497844,0.03896802590094647,0.2272758580705132
2025-08-24T16:56:56.626000,0.0,0.010848197853192687,0.06584113207645714,30.376148418552834,378.88,48.5,0.6510188826949524,0.30320168480497844,0.03896802590094647,0.2272758580705132
2025-08-24T16:56:57.625000,0.0,0.010918939020484686,0.06812397902831435,25.688458380751,378.88,48.5,0.6510188826949524,0.30320168480497844,0.03896802590094647,0.2272758580705132
2025-08-24T16:56:58.615000,0.0,0.010783735197037458,0.06720368401147425,26.040239099112704,378.88,48.5,0.6510188826949524,0.30320168480497844,0.03896802590094647,0.2272758580705132
2025-08-24T16:56:59.625000,0.0,0.010802680160850286,0.07256078417412937,27.56309792904742,378.88,48.5,0.6510188826949524,0.30320168480497844,0.03896802590094647,0.2272758580705132
2025-08-24T16:57:00.596000,0.0,0.011043383041396737,0.07237156201153994,27.63516420553612,378.88,48.5,0.6510188826949524,0.30320168480497844,0.03896802590094647,0.2272758580705132
2025-08-24T16:57:01.595000,0.0,0.011059087002649903,0.0713337860070169,28.037205256472262,378.88,48.5,0.6510188826949524,0.30320168480497844,0.03896802590094647,0.2272758580705132
2025-08-24T16:57:02.595000,0.0,0.010867939097806811,0.07189185894094408,27.819561623005352,378.88,48.5,0.6510188826949524,0.30320168480497844,0.03896802590094647,0.2272758580705132
2025-08-24T16:57:03.595000,0.0,0.01093804999254644,0.06630240799859166,26.394214823044354,378.88,48.5,0.6510188826949524,0.30320168480497844,0.03896802590094647,0.2272758580705132
2025-08-24T16:57:04.626000,0.0,0.0106708281673491,0.06640153797343373,26.35481125000616,378.88,48.5,0.6510188826949524,0.30320168480497844,0.03896802590094647,0.2272758580705132
2025-08-24T16:57:05.625000,0.0,0.011198160937055945,0.06610983493737876,26.471099219316763,378.88,48.5,0.6510188826949524,0.30320168480497844,0.03896802590094647,0.2272758580705132
2025-08-24T16:57:06.625000,0.0,0.01065429113805294,0.06623681588098407,30.19468815641215,378.88,48.5,0.6510188826949524,0.30320168480497844,0.03896802590094647,0.2272758580705132
2025-08-24T16:57:07.625000,0.0,0.010692456969991326,0.0711961011402309,24.579997668034263,378.88,48.5,0.6510188826949524,0.30320168480497844,0.03896802590094647,0.2272758580705132
2025-08-24T16:57:08.607000,0.0,0.011645140824839473,0.069723566994071,28.684705706035217,378.88,48.5,0.6510188826949524,0.30320168480497844,0.03896802590094647,0.2272758580705132
2025-08-24T16:57:09.606000,0.0,0.011943733086809516,0.06848542182706296,29.20329533853626,378.88,48.5,0.6510188826949524,0.30320168480497844,0.03896802590094647,0.2272758580705132
2025-08-24T16:57:10.615000,0.0,0.010743902064859867,0.06970210396684706,28.69353844686348,378.88,48.5,0.6510188826949524,0.30320168480497844,0.03896802590094647,0.2272758580705132
2025-08-24T16:57:11.617000,0.0,0.011427327059209347,0.06933860410936177,25.238465966806658,378.88,48.5,0.6510188826949524,0.30320168480497844,0.03896802590094647,0.2272758580705132
2025-08-24T16:57:12.617000,0.0,0.011408270802348852,0.06666998099535704,29.9985086262329,378.88,48.5,0.6510188826949524,0.30320168480497844,0.03896802590094647,0.2272758580705132
2025-08-24T16:57:13.626000,0.0,0.01076177298091352,0.06669912883080542,26.237224243800895,378.88,48.5,0.6510188826949524,0.30320168480497844,0.03896802590094647,0.2272758580705132
2025-08-24T16:57:14.626000,0.0,0.010759919881820679,0.07191308005712926,27.811352238162513,378.88,48.5,0.6510188826949524,0.30320168480497844,0.03896802590094647,0.2272758580705132
2025-08-24T16:57:15.596000,0.0,0.011469529941678047,0.07088221213780344,24.68884572335016,378.88,48.5,0.6510188826949524,0.30320168480497844,0.03896802590094647,0.2272758580705132
2025-08-24T16:57:16.607000,0.0,0.01073938305489719,0.07153643295168877,27.957782034654038,378.88,48.5,0.6510188826949524,0.30320168480497844,0.03896802590094647,0.2272758580705132
2025-08-24T16:57:17.606000,0.0,0.011351511115208268,0.06973571400158107,28.679709222660467,378.88,48.5,0.6510188826949524,0.30320168480497844,0.03896802590094647,0.2272758580705132
2025-08-24T16:57:18.617000,0.0,0.011566621949896216,0.06798888393677771,25.739501793076542,378.88,48.5,0.6510188826949524,0.30320168480497844,0.03896802590094647,0.2272758580705132
2025-08-24T16:57:19.616000,0.0,0.010683605913072824,0.06780953193083405,33.18117580128711,378.88,48.5,0.6510188826949524,0.30320168480497844,0.03896802590094647,0.2272758580705132
2025-08-24T16:57:20.626000,0.0,0.011832289164885879,0.06728594098240137,29.72389136273061,378.88,48.5,0.6510188826949524,0.30320168480497844,0.03896802590094647,0.2272758580705132
2025-08-24T16:57:21.627000,0.0,0.010699179954826832,0.06912530795671046,28.932963325855944,378.88,48.5,0.6510188826949524,0.30320168480497844,0.03896802590094647,0.2272758580705132
2025-08-24T16:57:22.617000,0.0,0.010923216119408607,0.06945214001461864,28.796808846768897,378.88,48.5,0.6510188826949524,0.30320168480497844,0.03896802590094647,0.2272758580705132
2025-08-24T16:57:23.617000,0.0,0.011616178089752793,0.06891747401095927,32.64774329427978,378.88,48.5,0.6510188826949524,0.30320168480497844,0.03896802590094647,0.2272758580705132
2025-08-24T16:57:24.617000,0.0,0.011117846006527543,0.07125335792079568,31.57745916341329,378.88,48.5,0.6510188826949524,0.30320168480497844,0.03896802590094647,0.2272758580705132
2025-08-24T16:57:25.597000,0.0,0.010854420019313693,0.07253802102059126,27.571747503730005,378.88,48.5,0.6510188826949524,0.30320168480497844,0.03896802590094647,0.2272758580705132
2025-08-24T16:57:26.598000,0.0,0.010614123893901706,0.07231172593310475,27.658031587438426,378.88,48.5,0.6510188826949524,0.30320168480497844,0.03896802590094647,0.2272758580705132
2025-08-24T16:57:27.597000,0.0,0.011074012145400047,0.07043193397112191,28.39621017392523,378.88,48.5,0.6510188826949524,0.30320168480497844,0.03896802590094647,0.2272758580705132
2025-08-24T16:57:28.607000,0.0,0.010911141987890005,0.06907021487131715,28.956041380878105,378.88,48.5,0.6510188826949524,0.30320168480497844,0.03896802590094647,0.2272758580705132
2025-08-24T16:57:29.617000,0.0,0.01135527086444199,0.06995350797660649,28.590417519431284,378.88,48.5,0.6510188826949524,0.30320168480497844,0.03896802590094647,0.2272758580705132
2025-08-24T16:57:30.618000,0.0,0.011964991921558976,0.06986450892873108,25.04848351235368,378.88,48.5,0.6510188826949524,0.30320168480497844,0.03896802590094647,0.2272758580705132
2025-08-24T16:57:31.617000,0.0,0.011629992164671421,0.0717976710293442,24.374049671956215,378.88,48.5,0.6510188826949524,0.30320168480497844,0.03896802590094647,0.2272758580705132
2025-08-24T16:57:32.597000,0.0,0.010626457864418626,0.07184991193935275,27.835803079175967,378.88,48.5,0.6510188826949524,0.30320168480497844,0.03896802590094647,0.2272758580705132
2025-08-24T16:57:33.599000,0.0,0.010692031122744083,0.07083619083277881,31.763424508688136,378.88,48.5,0.6510188826949524,0.30320168480497844,0.03896802590094647,0.2272758580705132
2025-08-24T16:57:34.608000,0.0,0.010759105905890465,0.07168204104527831,24.41336734391549,378.88,48.5,0.6510188826949524,0.30320168480497844,0.03896802590094647,0.2272758580705132
2025-08-24T16:57:35.609000,0.0,0.011187123134732246,0.06778267910704017,29.506062999392864,378.88,48.5,0.6510188826949524,0.30320168480497844,0.03896802590094647,0.2272758580705132
2025-08-24T16:57:36.618000,0.0,0.01115975296124816,0.07253509503789246,31.01946718101896,378.88,48.5,0.6510188826949524,0.30320168480497844,0.03896802590094647,0.2272758580705132
2025-08-24T16:57:37.608000,0.0,0.012936249142512679,0.07015897007659078,24.94335361664483,378.88,48.5,0.6510188826949524,0.30320168480497844,0.03896802590094647,0.2272758580705132
2025-08-24T16:57:38.609000,0.0,0.011489141033962369,0.06977571221068501,25.080360265129947,378.88,48.5,0.6510188826949524,0.30320168480497844,0.03896802590094647,0.2272758580705132
2025-08-24T16:58:15.277000,0.0,,0.38299490697681904,6.527501944435269,378.88,49.0,0.6545495097863705,0.24643365824948943,0.02827187180355718,0.2209912982603265,0.3346951174235304,-0.03221594010520081,0.13544246562919854
2025-08-24T16:58:16.277000,0.0,0.02140330197289586,0.08003472094424069,31.236443015047357,378.88,49.0,0.6545495097863705,0.24643365824948943,0.02827187180355718,0.2209912982603265,0.3346951174235304,-0.03221594010520081,0.13544246562919854
2025-08-24T16:58:17.277000,0.0,0.0189869930036366,0.07661806209944189,29.366443608032554,378.88,49.0,0.6545495097863705,0.24643365824948943,0.02827187180355718,0.2209912982603265,0.3346951174235304,-0.03221594010520081,0.13544246562919854
2025-08-24T16:58:18.289000,0.0,0.019835435086861253,0.07670795102603734,32.591145592604924,378.88,49.0,0.6545495097863705,0.24643365824948943,0.02827187180355718,0.2209912982603265,0.3346951174235304,-0.03221594010520081,0.13544246562919854
2025-08-24T16:58:19.298000,0.0,0.019627954112365842,0.07715069106779993,25.92329339269825,378.88,49.0,0.6545495097863705,0.24643365824948943,0.02827187180355718,0.2209912982603265,0.3346951174235304,-0.03221594010520081,0.13544246562919854
2025-08-24T16:58:20.298000,0.0,0.02002032403834164,0.0760835821274668,32.85860010917481,378.88,49.0,0.6545495097863705,0.24643365824948943,0.02827187180355718,0.2209912982603265,0.3346951174235304,-0.03221594010520081,0.13544246562919854
2025-08-24T16:58:21.298000,0.0,0.018976178020238876,0.0774999859277159,32.258070373480855,378.88,49.0,0.6545495097863705,0.24643365824948943,0.02827187180355718,0.2209912982603265,0.3346951174235304,-0.03221594010520081,0.13544246562919854
2025-08-24T16:58:22.298000,0.0,0.019773028092458844,0.07450169697403908,30.20065436608824,378.88,49.0,0.6545495097863705,0.24643365824948943,0.02827187180355718,0.2209912982603265,0.3346951174235304,-0.03221594010520081,0.13544246562919854
2025-08-24T16:58:23.308000,0.0,0.01827666093595326,0.07427506684325635,26.92693638661642,378.88,49.0,0.6545495097863705,0.24643365824948943,0.02827187180355718,0.2209912982603265,0.3346951174235304,-0.03221594010520081,0.13544246562919854
2025-08-24T16:58:24.309000,0.0,0.01812530984170735,0.08608102099969983,29.0424064557588,378.88,49.0,0.6545495097863705,0.24643365824948943,0.02827187180355718,0.2209912982603265,0.3346951174235304,-0.03221594010520081,0.13544246562919854
2025-08-24T16:58:25.277000,0.0,0.024285812862217426,0.08716722205281258,28.68050559745153,378.88,49.0,0.6545495097863705,0.24643365824948943,0.02827187180355718,0.2209912982603265,0.3346951174235304,-0.03221594010520081,0.13544246562919854
2025-08-24T16:58:26.278000,0.0,0.024625202175229788,0.08293449087068439,27.12984641707525,378.88,49.0,0.6545495097863705,0.24643365824948943,0.02827187180355718,0.2209912982603265,0.3346951174235304,-0.03221594010520081,0.13544246562919854
2025-08-24T16:58:27.288000,0.0,0.02452266518957913,0.08373224805109203,26.87136739272883,378.88,49.0,0.6545495097863705,0.24643365824948943,0.02827187180355718,0.2209912982603265,0.3346951174235304,-0.03221594010520081,0.13544246562919854
2025-08-24T16:58:28.290000,0.0,0.024603904923424125,0.08421784010715783,32.65341400944167,378.88,49.0,0.6545495097863705,0.24643365824948943,0.02827187180355718,0.2209912982603265,0.3346951174235304,-0.03221594010520081,0.13544246562919854
2025-08-24T16:58:29.288000,0.0,0.024647515965625644,0.08510092995129526,26.439194040391794,378.88,49.0,0.6545495097863705,0.24643365824948943,0.02827187180355718,0.2209912982603265,0.3346951174235304,-0.03221594010520081,0.13544246562919854
2025-08-24T16:58:30.279000,0.0,0.02430588798597455,0.08342406386509538,29.96737253225554,378.88,49.0,0.6545495097863705,0.24643365824948943,0.02827187180355718,0.2209912982603265,0.3346951174235304,-0.03221594010520081,0.13544246562919854
2025-08-24T16:58:31.290000,0.0,0.024413331877440214,0.08190364087931812,30.52367358959836,378.88,49.0,0.6545495097863705,0.24643365824948943,0.02827187180355718,0.2209912982603265,0.3346951174235304,-0.03221594010520081,0.13544246562919854
2025-08-24T16:58:32.299000,0.0,0.02470792317762971,0.08227241784334183,30.38685461706425,378.88,49.0,0.6545495097863705,0.24643365824948943,0.02827187180355718,0.2209912982603265,0.3346951174235304,-0.03221594010520081,0.13544246562919854
2025-08-24T16:58:33.299000,0.0,0.024571201065555215,0.0821337141096592,30.438170574658418,378.88,49.0,0.6545495097863705,0.24643365824948943,0.02827187180355718,0.2209912982603265,0.3346951174235304,-0.03221594010520081,0.13544246562919854
2025-08-24T16:58:34.300000,0.0,0.024760998087003827,0.08133547590114176,27.663205693106562,378.88,49.0,0.6545495097863705,0.24643365824948943,0.02827187180355718,0.2209912982603265,0.3346951174235304,-0.03221594010520081,0.13544246562919854
2025-08-24T16:58:35.310000,0.0,0.024906905135139823,0.08661507396027446,28.863336203425778,378.88,49.0,0.6545495097863705,0.24643365824948943,0.02827187180355718,0.2209912982603265,0.3346951174235304,-0.03221594010520081,0.13544246562919854
2025-08-24T16:58:36.280000,0.0,0.024241221137344837,0.08633131603710353,28.95820560554804,378.88,49.0,0.6545495097863705,0.24643365824948943,0.02827187180355718,0.2209912982603265,0.3346951174235304,-0.03221594010520081,0.13544246562919854
2025-08-24T16:58:37.279000,0.0,0.024656997993588448,0.08436657907441258,29.632587067385984,378.88,49.0,0.6545495097863705,0.24643365824948943,0.02827187180355718,0.2209912982603265,0.3346951174235304,-0.03221594010520081,0.13544246562919854
2025-08-24T16:58:38.289000,0.0,0.02441131300292909,0.08417752385139465,29.699139219316994,378.88,49.0,0.6545495097863705,0.24643365824948943,0.02827187180355718,0.2209912982603265,0.3346951174235304,-0.03221594010520081,0.13544246562919854
2025-08-24T16:58:39.289000,0.0,0.024634182918816805,0.08394389506429434,29.781796497353263,378.88,49.0,0.6545495097863705,0.24643365824948943,0.02827187180355718,0.2209912982603265,0.3346951174235304,-0.03221594010520081,0.13544246562919854
2025-08-24T16:58:40.289000,0.0,0.02452790504321456,0.07647146796807647,32.69193159785599,378.88,49.0,0.6545495097863705,0.24643365824948943,0.02827187180355718,0.2209912982603265,0.3346951174235304,-0.03221594010520081,0.13544246562919854
2025-08-24T16:58:41.306000,0.0,0.020470008021220565,0.07443430600687861,26.86933092135202,378.88,49.0,0.6545495097863705,0.24643365824948943,0.02827187180355718,0.2209912982603265,0.3346951174235304,-0.03221594010520081,0.13544246562919854
2025-08-24T16:58:42.306000,0.0,0.018072808859869838,0.07494371198117733,30.02253211803948,378.88,49.0,0.6545495097863705,0.24643365824948943,0.02827187180355718,0.2209912982603265,0.3346951174235304,-0.03221594010520081,0.13544246562919854
2025-08-24T16:58:43.306000,0.0,0.01836332818493247,0.07534530386328697,29.862511459009983,378.88,49.0,0.6545495097863705,0.24643365824948943,0.02827187180355718,0.2209912982603265,0.3346951174235304,-0.03221594010520081,0.13544246562919854
2025-08-24T16:58:44.295000,0.0,0.01810549385845661,0.07756227999925613,32.23216233488768,378.88,49.0,0.6545495097863705,0.24643365824948943,0.02827187180355718,0.2209912982603265,0.3346951174235304,-0.03221594010520081,0.13544246562919854
2025-08-24T16:58:45.285000,0.0,0.018497456097975373,0.07743207598105073,25.82908923285745,378.88,49.0,0.6545495097863705,0.24643365824948943,0.02827187180355718,0.2209912982603265,0.3346951174235304,-0.03221594010520081,0.13544246562919854
2025-08-24T16:58:46.296000,0.0,0.019871026976034045,0.07685002195648849,29.277805558389012,378.88,49.0,0.6545495097863705,0.24643365824948943,0.02827187180355718,0.2209912982603265,0.3346951174235304,-0.03221594010520081,0.13544246562919854
2025-08-24T16:58:47.295000,0.0,0.01927271392196417,0.0760315980296582,29.592959484059804,378.88,49.0,0.6545495097863705,0.24643365824948943,0.02827187180355718,0.2209912982603265,0.3346951174235304,-0.03221594010520081,0.13544246562919854
2025-08-24T16:58:48.296000,0.0,0.018942048074677587,0.0822467680554837,27.356698058726703,378.88,49.0,0.6545495097863705,0.24643365824948943,0.02827187180355718,0.2209912982603265,0.3346951174235304,-0.03221594010520081,0.13544246562919854
2025-08-24T16:58:49.295000,0.0,0.024784125853329897,0.08242413797415793,27.297828710146995,378.88,49.0,0.6545495097863705,0.24643365824948943,0.02827187180355718,0.2209912982603265,0.3346951174235304,-0.03221594010520081,0.13544246562919854
2025-08-24T16:58:50.306000,0.0,0.019890434108674526,0.07947775605134666,31.455342025319748,378.88,49.0,0.6545495097863705,0.24643365824948943,0.02827187180355718,0.2209912982603265,0.3346951174235304,-0.03221594010520081,0.13544246562919854
2025-08-24T16:58:51.276000,0.0,0.018302103970199823,0.08005595882423222,28.105340727227073,378.88,49.0,0.6545495097863705,0.24643365824948943,0.02827187180355718,0.2209912982603265,0.3346951174235304,-0.03221594010520081,0.13544246562919854
2025-08-24T16:58:52.277000,0.0,0.019166657933965325,0.07520067412406206,33.24438283459507,378.88,49.0,0.6545495097863705,0.24643365824948943,0.02827187180355718,0.2209912982603265,0.3346951174235304,-0.03221594010520081,0.13544246562919854
2025-08-24T16:58:53.306000,0.0,0.01903997315093875,0.0746061010286212,26.807459074061313,378.88,49.0,0.6545495097863705,0.24643365824948943,0.02827187180355718,0.2209912982603265,0.3346951174235304,-0.03221594010520081,0.13544246562919854
2025-08-24T16:58:54.306000,0.0,0.01829273416660726,0.07971349591389298,31.362317902862408,378.88,49.0,0.6545495097863705,0.24643365824948943,0.02827187180355718,0.2209912982603265,0.3346951174235304,-0.03221594010520081,0.13544246562919854
2025-08-24T16:58:55.276000,0.0,0.01859456696547568,0.0785352389793843,31.832843860782074,378.88,49.0,0.6545495097863705,0.24643365824948943,0.02827187180355718,0.2209912982603265,0.3346951174235304,-0.03221594010520081,0.13544246562919854
2025-08-24T16:58:56.277000,0.0,0.01845386391505599,0.08006829116493464,31.223346516165,378.88,49.0,0.6545495097863705,0.24643365824948943,0.02827187180355718,0.2209912982603265,0.3346951174235304,-0.03221594010520081,0.13544246562919854
2025-08-24T16:58:57.276000,0.0,0.018754696007817984,0.08002556883729994,28.116013827711413,378.88,49.0,0.6545495097863705,0.24643365824948943,0.02827187180355718,0.2209912982603265,0.3346951174235304,-0.03221594010520081,0.13544246562919854
2025-08-24T16:58:58.277000,0.0,0.01909312210045755,0.07838868396356702,28.703122520156427,378.88,49.0,0.6545495097863705,0.24643365824948943,0.02827187180355718,0.2209912982603265,0.3346951174235304,-0.03221594010520081,0.13544246562919854
2025-08-24T16:58:59.287000,0.0,0.01867541903629899,0.07796418387442827,28.859405539649245,378.88,49.0,0.6545495097863705,0.24643365824948943,0.02827187180355718,0.2209912982603265,0.3346951174235304,-0.03221594010520081,0.13544246562919854
2025-08-24T16:59:00.287000,0.0,0.01884714001789689,0.07866073912009597,28.603850220182625,378.88,49.0,0.6545495097863705,0.24643365824948943,0.02827187180355718,0.2209912982603265,0.3346951174235304,-0.03221594010520081,0.13544246562919854
2025-08-24T16:59:01.288000,0.0,0.019072399009019136,0.07824092404916883,28.757329074820642,378.88,49.0,0.6545495097863705,0.24643365824948943,0.02827187180355718,0.2209912982603265,0.3346951174235304,-0.03221594010520081,0.13544246562919854
2025-08-24T16:59:40.331000,0.0,,0.4238461370114237,7.6678768925818455,389.12,49.6,0.6426891267512268,0.2458054637546215,0.052006358136826907,0.1969421306072657,0.4151194760261886,-0.05122465187823634,0.047703047510310057,0.18810490535230415,-0.00969350266814835,0.07463771636004549
2025-08-24T16:59:41.331000,0.0,0.04618927696719766,0.1127118559088558,28.834588640152685,389.12,49.6,0.6426891267512268,0.2458054637546215,0.052006358136826907,0.1969421306072657,0.4151194760261886,-0.05122465187823634,0.047703047510310057,0.18810490535230415,-0.00969350266814835,0.07463771636004549
2025-08-24T16:59:42.360000,0.0,0.04145143600180745,0.09429151099175215,26.513521458137102,389.12,49.6,0.6426891267512268,0.2458054637546215,0.052006358136826907,0.1969421306072657,0.4151194760261886,-0.05122465187823634,0.047703047510310057,0.18810490535230415,-0.00969350266814835,0.07463771636004549
2025-08-24T16:59:43.352000,0.0,0.03519171103835106,0.08489184896461666,32.39415837374733,389.12,49.6,0.6426891267512268,0.2458054637546215,0.052006358136826907,0.1969421306072657,0.4151194760261886,-0.05122465187823634,0.047703047510310057,0.18810490535230415,-0.00969350266814835,0.07463771636004549
2025-08-24T16:59:44.361000,0.0,0.02812791313044727,0.08581182919442654,32.046863769437024,389.12,49.6,0.6426891267512268,0.2458054637546215,0.052006358136826907,0.1969421306072657,0.4151194760261886,-0.05122465187823634,0.047703047510310057,0.18810490535230415,-0.00969350266814835,0.07463771636004549
2025-08-24T16:59:45.342000,0.0,0.026314232032746077,0.08631958602927625,28.962140749285382,389.12,49.6,0.6426891267512268,0.2458054637546215,0.052006358136826907,0.1969421306072657,0.4151194760261886,-0.05122465187823634,0.047703047510310057,0.18810490535230415,-0.00969350266814835,0.07463771636004549
2025-08-24T16:59:46.341000,0.0,0.026168009964749217,0.08449322101660073,29.58817251751837,389.12,49.6,0.6426891267512268,0.2458054637546215,0.052006358136826907,0.1969421306072657,0.4151194760261886,-0.05122465187823634,0.047703047510310057,0.18810490535230415,-0.00969350266814835,0.07463771636004549
2025-08-24T16:59:47.351000,0.0,0.026955267880111933,0.09635209804400802,28.54115328909544,389.12,49.6,0.6426891267512268,0.2458054637546215,0.052006358136826907,0.1969421306072657,0.4151194760261886,-0.05122465187823634,0.047703047510310057,0.18810490535230415,-0.00969350266814835,0.07463771636004549
2025-08-24T16:59:48.351000,0.0,0.03792698192410171,0.09622757998295128,28.578085414672234,389.12,49.6,0.6426891267512268,0.2458054637546215,0.052006358136826907,0.1969421306072657,0.4151194760261886,-0.05122465187823634,0.047703047510310057,0.18810490535230415,-0.00969350266814835,0.07463771636004549
2025-08-24T16:59:49.362000,0.0,0.035120617831125855,0.09187486814334989,27.210923406162703,389.12,49.6,0.6426891267512268,0.2458054637546215,0.052006358136826907,0.1969421306072657,0.4151194760261886,-0.05122465187823634,0.047703047510310057,0.18810490535230415,-0.00969350266814835,0.07463771636004549
2025-08-24T16:59:50.361000,0.0,0.03544163587503135,0.091137093026191,30.174322097476715,389.12,49.6,0.6426891267512268,0.2458054637546215,0.052006358136826907,0.1969421306072657,0.4151194760261886,-0.05122465187823634,0.047703047510310057,0.18810490535230415,-0.00969350266814835,0.07463771636004549
2025-08-24T16:59:51.351000,0.0,0.03310247487388551,0.09618196892552078,25.992397825998808,389.12,49.6,0.6426891267512268,0.2458054637546215,0.052006358136826907,0.1969421306072657,0.4151194760261886,-0.05122465187823634,0.047703047510310057,0.18810490535230415,-0.00969350266814835,0.07463771636004549
2025-08-24T16:59:52.351000,0.0,0.035131895914673805,0.0908910189755261,27.50546784686397,389.12,49.6,0.6426891267512268,0.2458054637546215,0.052006358136826907,0.1969421306072657,0.4151194760261886,-0.05122465187823634,0.047703047510310057,0.18810490535230415,-0.00969350266814835,0.07463771636004549
2025-08-24T16:59:53.351000,0.0,0.03320486401207745,0.08294563111849129,33.15424770319122,389.12,49.6,0.6426891267512268,0.2458054637546215,0.052006358136826907,0.1969421306072657,0.4151194760261886,-0.05122465187823634,0.047703047510310057,0.18810490535230415,-0.00969350266814835,0.07463771636004549
2025-08-24T16:59:54.362000,0.0,0.02652969490736723,0.08364357403479517,29.888727602194614,389.12,49.6,0.6426891267512268,0.2458054637546215,0.052006358136826907,0.1969421306072657,0.4151194760261886,-0.05122465187823634,0.047703047510310057,0.18810490535230415,-0.00969350266814835,0.07463771636004549
2025-08-24T16:59:55.362000,0.0,0.027265024837106466,0.08774341503158212,28.49216660988347,389.12,49.6,0.6426891267512268,0.2458054637546215,0.052006358136826907,0.1969421306072657,0.4151194760261886,-0.05122465187823634,0.047703047510310057,0.18810490535230415,-0.00969350266814835,0.07463771636004549
2025-08-24T16:59:56.331000,0.0,0.026718545937910676,0.08899209694936872,30.901620416525017,389.12,49.6,0.6426891267512268,0.2458054637546215,0.052006358136826907,0.1969421306072657,0.4151194760261886,-0.05122465187823634,0.047703047510310057,0.18810490535230415,-0.00969350266814835,0.07463771636004549
2025-08-24T16:59:57.331000,0.0,0.02738996990956366,0.08769832202233374,28.506816805039065,389.12,49.6,0.6426891267512268,0.2458054637546215,0.052006358136826907,0.1969421306072657,0.4151194760261886,-0.05122465187823634,0.047703047510310057,0.18810490535230415,-0.00969350266814835,0.07463771636004549
2025-08-24T16:59:58.333000,0.0,0.02695247088558972,0.11902878317050636,27.304320126876032,389.12,49.6,0.6426891267512268,0.2458054637546215,0.052006358136826907,0.1969421306072657,0.4151194760261886,-0.05122465187823634,0.047703047510310057,0.18810490535230415,-0.00969350266814835,0.07463771636004549
2025-08-24T16:59:59.332000,0.0,0.042339303996413946,0.10880047385580838,27.57340932150567,389.12,49.6,0.6426891267512268,0.2458054637546215,0.052006358136826907,0.1969421306072657,0.4151194760261886,-0.05122465187823634,0.047703047510310057,0.18810490535230415,-0.00969350266814835,0.07463771636004549
2025-08-24T17:00:00.332000,0.0,0.03536357986740768,0.09489106317050755,28.980600576248357,389.12,49.6,0.6426891267512268,0.2458054637546215,0.052006358136826907,0.1969421306072657,0.4151194760261886,-0.05122465187823634,0.047703047510310057,0.18810490535230415,-0.00969350266814835,0.07463771636004549
2025-08-24T17:00:01.343000,0.0,0.034920562990009785,0.0948728600051254,28.98616105650678,389.12,49.6,0.6426891267512268,0.2458054637546215,0.052006358136826907,0.1969421306072657,0.4151194760261886,-0.05122465187823634,0.047703047510310057,0.18810490535230415,-0.00969350266814835,0.07463771636004549
2025-08-24T17:00:02.344000,0.0,0.03535137698054314,0.10212215688079596,29.376582826211088,389.12,49.6,0.6426891267512268,0.2458054637546215,0.052006358136826907,0.1969421306072657,0.4151194760261886,-0.05122465187823634,0.047703047510310057,0.18810490535230415,-0.00969350266814835,0.07463771636004549
2025-08-24T17:00:03.342000,0.0,0.043096987064927816,0.09662229986861348,25.87394424888953,389.12,49.6,0.6426891267512268,0.2458054637546215,0.052006358136826907,0.1969421306072657,0.4151194760261886,-0.05122465187823634,0.047703047510310057,0.18810490535230415,-0.00969350266814835,0.07463771636004549
2025-08-24T17:00:04.352000,0.0,0.040250994032248855,0.09348178887739778,26.743176719465268,389.12,49.6,0.6426891267512268,0.2458054637546215,0.052006358136826907,0.1969421306072657,0.4151194760261886,-0.05122465187823634,0.047703047510310057,0.18810490535230415,-0.00969350266814835,0.07463771636004549
2025-08-24T17:00:05.333000,0.0,0.03485152521170676,0.09123246115632355,30.142779939784365,389.12,49.6,0.6426891267512268,0.2458054637546215,0.052006358136826907,0.1969421306072657,0.4151194760261886,-0.05122465187823634,0.047703047510310057,0.18810490535230415,-0.00969350266814835,0.07463771636004549
2025-08-24T17:00:06.332000,0.0,0.02937302109785378,0.08661110186949372,28.864659911231822,389.12,49.6,0.6426891267512268,0.2458054637546215,0.052006358136826907,0.1969421306072657,0.4151194760261886,-0.05122465187823634,0.047703047510310057,0.18810490535230415,-0.00969350266814835,0.07463771636004549
2025-08-24T17:00:07.334000,0.0,0.026425065007060766,0.08506703120656312,29.388588793341537,389.12,49.6,0.6426891267512268,0.2458054637546215,0.052006358136826907,0.1969421306072657,0.4151194760261886,-0.05122465187823634,0.047703047510310057,0.18810490535230415,-0.00969350266814835,0.07463771636004549
2025-08-24T17:00:08.342000,0.0,0.02584895514883101,0.08606980694457889,29.046190397635247,389.12,49.6,0.6426891267512268,0.2458054637546215,0.052006358136826907,0.1969421306072657,0.4151194760261886,-0.05122465187823634,0.047703047510310057,0.18810490535230415,-0.00969350266814835,0.07463771636004549
2025-08-24T17:00:09.343000,0.0,0.026575119933113456,0.09570117108523846,28.735280548977137,389.12,49.6,0.6426891267512268,0.2458054637546215,0.052006358136826907,0.1969421306072657,0.4151194760261886,-0.05122465187823634,0.047703047510310057,0.18810490535230415,-0.00969350266814835,0.07463771636004549
2025-08-24T17:00:10.343000,0.0,0.035357153974473476,0.09548209886997938,31.419502037604012,389.12,49.6,0.6426891267512268,0.2458054637546215,0.052006358136826907,0.1969421306072657,0.4151194760261886,-0.05122465187823634,0.047703047510310057,0.18810490535230415,-0.00969350266814835,0.07463771636004549
2025-08-24T17:00:11.343000,0.0,0.03497676597908139,0.09049855498597026,30.387225524499378,389.12,49.6,0.6426891267512268,0.2458054637546215,0.052006358136826907,0.1969421306072657,0.4151194760261886,-0.05122465187823634,0.047703047510310057,0.18810490535230415,-0.00969350266814835,0.07463771636004549
2025-08-24T17:00:12.344000,0.0,0.03165333019569516,0.08660919382236898,28.86529581521573,389.12,49.6,0.6426891267512268,0.2458054637546215,0.052006358136826907,0.1969421306072657,0.4151194760261886,-0.05122465187823634,0.047703047510310057,0.18810490535230415,-0.00969350266814835,0.07463771636004549
2025-08-24T17:00:13.344000,0.0,0.026389064034447074,0.08740291418507695,31.463481803098926,389.12,49.6,0.6426891267512268,0.2458054637546215,0.052006358136826907,0.1969421306072657,0.4151194760261886,-0.05122465187823634,0.047703047510310057,0.18810490535230415,-0.00969350266814835,0.07463771636004549
2025-08-24T17:00:14.344000,0.0,0.026492507895454764,0.0860897321254015,31.943414529321963,389.12,49.6,0.6426891267512268,0.2458054637546215,0.052006358136826907,0.1969421306072657,0.4151194760261886,-0.05122465187823634,0.047703047510310057,0.18810490535230415,-0.00969350266814835,0.07463771636004549
2025-08-24T17:00:15.343000,0.0,0.02639334206469357,0.08569699293002486,29.172552204268126,389.12,49.6,0.6426891267512268,0.2458054637546215,0.052006358136826907,0.1969421306072657,0.4151194760261886,-0.05122465187823634,0.047703047510310057,0.18810490535230415,-0.00969350266814835,0.07463771636004549
2025-08-24T17:00:16.344000,0.0,0.026010101893916726,0.08428271790035069,32.62827859029619,389.12,49.6,0.6426891267512268,0.2458054637546215,0.052006358136826907,0.1969421306072657,0.4151194760261886,-0.05122465187823634,0.047703047510310057,0.18810490535230415,-0.00969350266814835,0.07463771636004549
2025-08-24T17:00:17.354000,0.0,0.027386857895180583,0.08926376095041633,33.608263510949826,389.12,49.6,0.6426891267512268,0.2458054637546215,0.052006358136826907,0.1969421306072657,0.4151194760261886,-0.05122465187823634,0.047703047510310057,0.18810490535230415,-0.00969350266814835,0.07463771636004549
2025-08-24T17:00:18.333000,0.0,0.027261228999122977,0.08675260003656149,28.817580094963528,389.12,49.6,0.6426891267512268,0.2458054637546215,0.052006358136826907,0.1969421306072657,0.4151194760261886,-0.05122465187823634,0.047703047510310057,0.18810490535230415,-0.00969350266814835,0.07463771636004549
2025-08-24T17:00:19.343000,0.0,0.02641937881708145,0.08664947096258402,31.737066244610535,389.12,49.6,0.6426891267512268,0.2458054637546215,0.052006358136826907,0.1969421306072657,0.4151194760261886,-0.05122465187823634,0.047703047510310057,0.18810490535230415,-0.00969350266814835,0.07463771636004549
2025-08-24T17:00:20.343000,0.0,0.02620758395642042,0.08498286409303546,29.417695281051692,389.12,49.6,0.6426891267512268,0.2458054637546215,0.052006358136826907,0.1969421306072657,0.4151194760261886,-0.05122465187823634,0.047703047510310057,0.18810490535230415,-0.00969350266814835,0.07463771636004549
2025-08-24T17:00:21.343000,0.0,0.026081084040924907,0.08763171010650694,31.381334412596264,389.12,49.6,0.6426891267512268,0.2458054637546215,0.052006358136826907,0.1969421306072657,0.4151194760261886,-0.05122465187823634,0.047703047510310057,0.18810490535230415,-0.00969350266814835,0.07463771636004549
2025-08-24T17:00:22.345000,0.0,0.026948988204821944,0.08741067303344607,28.60062636794214,389.12,49.6,0.6426891267512268,0.2458054637546215,0.052006358136826907,0.1969421306072657,0.4151194760261886,-0.05122465187823634,0.047703047510310057,0.18810490535230415,-0.00969350266814835,0.07463771636004549
2025-08-24T17:00:23.345000,0.0,0.02623815694823861,0.08641826803795993,31.821975404459916,389.12,49.6,0.6426891267512268,0.2458054637546215,0.052006358136826907,0.1969421306072657,0.4151194760261886,-0.05122465187823634,0.047703047510310057,0.18810490535230415,-0.00969350266814835,0.07463771636004549
2025-08-24T17:00:24.346000,0.0,0.02654887898825109,0.0875634120311588,28.550737597004883,389.12,49.6,0.6426891267512268,0.2458054637546215,0.052006358136826907,0.1969421306072657,0.4151194760261886,-0.05122465187823634,0.047703047510310057,0.18810490535230415,-0.00969350266814835,0.07463771636004549
2025-08-24T17:00:25.344000,0.0,0.02688550716266036,0.08571623195894063,29.16600441789804,389.12,49.6,0.6426891267512268,0.2458054637546215,0.052006358136826907,0.1969421306072657,0.4151194760261886,-0.05122465187823634,0.047703047510310057,0.18810490535230415,-0.00969350266814835,0.07463771636004549
2025-08-24T17:00:26.344000,0.0,0.025949751026928425,0.08472573501057923,29.506973290793816,389.12,49.6,0.6426891267512268,0.2458054637546215,0.052006358136826907,0.1969421306072657,0.4151194760261886,-0.05122465187823634,0.047703047510310057,0.18810490535230415,-0.00969350266814835,0.07463771636004549
2025-08-24T17:01:09.252000,0.0,,0.40751556609757245,7.975155479635995,389.12,50.1,0.64059821373328,0.3051560376010184,0.09062506097171256,0.22227188733046085,0.35340867994326386,-0.033995625204482835,0.11905842753287725,0.04646606386622545,-0.03779540627411489,0.055571127961560524,-0.1674396067428348,0.00454806667261384,0.2146584116780953
2025-08-24T17:01:10.252000,0.0,0.048243767814710736,0.09233030490577221,29.784370395034447,389.12,50.1,0.64059821373328,0.3051560376010184,0.09062506097171256,0.22227188733046085,0.35340867994326386,-0.033995625204482835,0.11905842753287725,0.04646606386622545,-0.03779540627411489,0.055571127961560524,-0.1674396067428348,0.00454806667261384,0.2146584116780953
2025-08-24T17:01:11.253000,0.0,0.03479726403020322,0.09331304184161127,29.470692903440614,389.12,50.1,0.64059821373328,0.3051560376010184,0.09062506097171256,0.22227188733046085,0.35340867994326386,-0.033995625204482835,0.11905842753287725,0.04646606386622545,-0.03779540627411489,0.055571127961560524,-0.1674396067428348,0.00454806667261384,0.2146584116780953
2025-08-24T17:01:12.253000,0.0,0.03544248500838876,0.0926129890140146,32.392864456043064,389.12,50.1,0.64059821373328,0.3051560376010184,0.09062506097171256,0.22227188733046085,0.35340867994326386,-0.033995625204482835,0.11905842753287725,0.04646606386622545,-0.03779540627411489,0.055571127961560524,-0.1674396067428348,0.00454806667261384,0.2146584116780953
2025-08-24T17:01:13.251000,0.0,0.03472505998797715,0.09240947104990482,29.758854463249985,389.12,50.1,0.64059821373328,0.3051560376010184,0.09062506097171256,0.22227188733046085,0.35340867994326386,-0.033995625204482835,0.11905842753287725,0.04646606386622545,-0.03779540627411489,0.055571127961560524,-0.1674396067428348,0.00454806667261384,0.2146584116780953
2025-08-24T17:01:14.261000,0.0,0.03583415015600622,0.09094865899533033,32.98564303354992,389.12,50.1,0.64059821373328,0.3051560376010184,0.09062506097171256,0.22227188733046085,0.35340867994326386,-0.033995625204482835,0.11905842753287725,0.04646606386622545,-0.03779540627411489,0.055571127961560524,-0.1674396067428348,0.00454806667261384,0.2146584116780953
2025-08-24T17:01:15.261000,0.0,0.035249689128249884,0.08972438401542604,30.649416322849167,389.12,50.1,0.64059821373328,0.3051560376010184,0.09062506097171256,0.22227188733046085,0.35340867994326386,-0.033995625204482835,0.11905842753287725,0.04646606386622545,-0.03779540627411489,0.055571127961560524,-0.1674396067428348,0.00454806667261384,0.2146584116780953
2025-08-24T17:01:16.263000,0.0,0.03472505998797715,0.0908118081279099,33.03535147956125,389.12,50.1,0.64059821373328,0.3051560376010184,0.09062506097171256,0.22227188733046085,0.35340867994326386,-0.033995625204482835,0.11905842753287725,0.04646606386622545,-0.03779540627411489,0.055571127961560524,-0.1674396067428348,0.00454806667261384,0.2146584116780953
2025-08-24T17:01:17.264000,0.0,0.035055206855759025,0.09155817492865026,30.035548460233713,389.12,50.1,0.64059821373328,0.3051560376010184,0.09062506097171256,0.22227188733046085,0.35340867994326386,-0.033995625204482835,0.11905842753287725,0.04646606386622545,-0.03779540627411489,0.055571127961560524,-0.1674396067428348,0.00454806667261384,0.2146584116780953
2025-08-24T17:01:18.263000,0.0,0.03499693004414439,0.09045938192866743,30.40038458552064,389.12,50.1,0.64059821373328,0.3051560376010184,0.09062506097171256,0.22227188733046085,0.35340867994326386,-0.033995625204482835,0.11905842753287725,0.04646606386622545,-0.03779540627411489,0.055571127961560524,-0.1674396067428348,0.00454806667261384,0.2146584116780953
2025-08-24T17:01:19.263000,0.0,0.03530983719974756,0.09081351105123758,30.281837671141933,389.12,50.1,0.64059821373328,0.3051560376010184,0.09062506097171256,0.22227188733046085,0.35340867994326386,-0.033995625204482835,0.11905842753287725,0.04646606386622545,-0.03779540627411489,0.055571127961560524,-0.1674396067428348,0.00454806667261384,0.2146584116780953
2025-08-24T17:01:20.262000,0.0,0.0350037079770118,0.09083012212067842,30.276299709762466,389.12,50.1,0.64059821373328,0.3051560376010184,0.09062506097171256,0.22227188733046085,0.35340867994326386,-0.033995625204482835,0.11905842753287725,0.04646606386622545,-0.03779540627411489,0.055571127961560524,-0.1674396067428348,0.00454806667261384,0.2146584116780953
2025-08-24T17:01:21.262000,0.0,0.03518307791091502,0.09670055098831654,28.438307454238227,389.12,50.1,0.64059821373328,0.3051560376010184,0.09062506097171256,0.22227188733046085,0.35340867994326386,-0.033995625204482835,0.11905842753287725,0.04646606386622545,-0.03779540627411489,0.055571127961560524,-0.1674396067428348,0.00454806667261384,0.2146584116780953
2025-08-24T17:01:22.262000,0.0,0.04117120988667011,0.13072563195601106,28.686034589313575,389.12,50.1,0.64059821373328,0.3051560376010184,0.09062506097171256,0.22227188733046085,0.35340867994326386,-0.033995625204482835,0.11905842753287725,0.04646606386622545,-0.03779540627411489,0.055571127961560524,-0.1674396067428348,0.00454806667261384,0.2146584116780953
2025-08-24T17:01:23.233000,0.0,0.054540268843993545,0.1309935199096799,26.718878937013574,389.12,50.1,0.64059821373328,0.3051560376010184,0.09062506097171256,0.22227188733046085,0.35340867994326386,-0.033995625204482835,0.11905842753287725,0.04646606386622545,-0.03779540627411489,0.055571127961560524,-0.1674396067428348,0.00454806667261384,0.2146584116780953
2025-08-24T17:01:24.233000,0.0,0.05514080496504903,0.10332110896706581,29.035692996251594,389.12,50.1,0.64059821373328,0.3051560376010184,0.09062506097171256,0.22227188733046085,0.35340867994326386,-0.033995625204482835,0.11905842753287725,0.04646606386622545,-0.03779540627411489,0.055571127961560524,-0.1674396067428348,0.00454806667261384,0.2146584116780953
2025-08-24T17:01:25.244000,0.0,0.04612140101380646,0.10158974188379943,29.530540627138222,389.12,50.1,0.64059821373328,0.3051560376010184,0.09062506097171256,0.22227188733046085,0.35340867994326386,-0.033995625204482835,0.11905842753287725,0.04646606386622545,-0.03779540627411489,0.055571127961560524,-0.1674396067428348,0.00454806667261384,0.2146584116780953
2025-08-24T17:01:26.253000,0.0,0.04420596198178828,0.09243785799480975,29.749715751249823,389.12,50.1,0.64059821373328,0.3051560376010184,0.09062506097171256,0.22227188733046085,0.35340867994326386,-0.033995625204482835,0.11905842753287725,0.04646606386622545,-0.03779540627411489,0.055571127961560524,-0.1674396067428348,0.00454806667261384,0.2146584116780953
2025-08-24T17:01:27.253000,0.0,0.03484839294105768,0.09318187506869435,29.512177104964998,389.12,50.1,0.64059821373328,0.3051560376010184,0.09062506097171256,0.22227188733046085,0.35340867994326386,-0.033995625204482835,0.11905842753287725,0.04646606386622545,-0.03779540627411489,0.055571127961560524,-0.1674396067428348,0.00454806667261384,0.2146584116780953
2025-08-24T17:01:28.254000,0.0,0.035341724986210465,0.09241684013977647,32.46161625373314,389.12,50.1,0.64059821373328,0.3051560376010184,0.09062506097171256,0.22227188733046085,0.35340867994326386,-0.033995625204482835,0.11905842753287725,0.04646606386622545,-0.03779540627411489,0.055571127961560524,-0.1674396067428348,0.00454806667261384,0.2146584116780953
2025-08-24T17:01:29.254000,0.0,0.034809984965249896,0.09108317596837878,30.19218391061264,389.12,50.1,0.64059821373328,0.3051560376010184,0.09062506097171256,0.22227188733046085,0.35340867994326386,-0.033995625204482835,0.11905842753287725,0.04646606386622545,-0.03779540627411489,0.055571127961560524,-0.1674396067428348,0.00454806667261384,0.2146584116780953
2025-08-24T17:01:30.264000,0.0,0.035475132055580616,0.09036960313096642,33.19700315218085,389.12,50.1,0.64059821373328,0.3051560376010184,0.09062506097171256,0.22227188733046085,0.35340867994326386,-0.033995625204482835,0.11905842753287725,0.04646606386622545,-0.03779540627411489,0.055571127961560524,-0.1674396067428348,0.00454806667261384,0.2146584116780953
2025-08-24T17:01:31.263000,0.0,0.03485941211692989,0.09667347697541118,31.03229648772302,389.12,50.1,0.64059821373328,0.3051560376010184,0.09062506097171256,0.22227188733046085,0.35340867994326386,-0.033995625204482835,0.11905842753287725,0.04646606386622545,-0.03779540627411489,0.055571127961560524,-0.1674396067428348,0.00454806667261384,0.2146584116780953
2025-08-24T17:01:32.234000,0.0,0.03504580003209412,0.09601708897389472,31.244438173038397,389.12,50.1,0.64059821373328,0.3051560376010184,0.09062506097171256,0.22227188733046085,0.35340867994326386,-0.033995625204482835,0.11905842753287725,0.04646606386622545,-0.03779540627411489,0.055571127961560524,-0.1674396067428348,0.00454806667261384,0.2146584116780953
2025-08-24T17:01:33.234000,0.0,0.03508152184076607,0.09264159807935357,29.684289315092293,389.12,50.1,0.64059821373328,0.3051560376010184,0.09062506097171256,0.22227188733046085,0.35340867994326386,-0.033995625204482835,0.11905842753287725,0.04646606386622545,-0.03779540627411489,0.055571127961560524,-0.1674396067428348,0.00454806667261384,0.2146584116780953
2025-08-24T17:01:34.243000,0.0,0.035085874143987894,0.09410216799005866,31.88024318756304,389.12,50.1,0.64059821373328,0.3051560376010184,0.09062506097171256,0.22227188733046085,0.35340867994326386,-0.033995625204482835,0.11905842753287725,0.04646606386622545,-0.03779540627411489,0.055571127961560524,-0.1674396067428348,0.00454806667261384,0.2146584116780953
2025-08-24T17:01:35.244000,0.0,0.0343369310721755,0.11409952398389578,28.483904985078517,389.12,50.1,0.64059821373328,0.3051560376010184,0.09062506097171256,0.22227188733046085,0.35340867994326386,-0.033995625204482835,0.11905842753287725,0.04646606386622545,-0.03779540627411489,0.055571127961560524,-0.1674396067428348,0.00454806667261384,0.2146584116780953
2025-08-24T17:01:36.245000,0.0,0.05531921098008752,0.10596158192493021,25.952802421808475,389.12,50.1,0.64059821373328,0.3051560376010184,0.09062506097171256,0.22227188733046085,0.35340867994326386,-0.033995625204482835,0.11905842753287725,0.04646606386622545,-0.03779540627411489,0.055571127961560524,-0.1674396067428348,0.00454806667261384,0.2146584116780953
2025-08-24T17:01:37.255000,0.0,0.04550829087384045,0.10150187090039253,29.556105452912735,389.12,50.1,0.64059821373328,0.3051560376010184,0.09062506097171256,0.22227188733046085,0.35340867994326386,-0.033995625204482835,0.11905842753287725,0.04646606386622545,-0.03779540627411489,0.055571127961560524,-0.1674396067428348,0.00454806667261384,0.2146584116780953
2025-08-24T17:01:38.265000,0.0,0.045562643092125654,0.09883834002539515,30.352593934996552,389.12,50.1,0.64059821373328,0.3051560376010184,0.09062506097171256,0.22227188733046085,0.35340867994326386,-0.033995625204482835,0.11905842753287725,0.04646606386622545,-0.03779540627411489,0.055571127961560524,-0.1674396067428348,0.00454806667261384,0.2146584116780953
2025-08-24T17:01:39.264000,0.0,0.043192666955292225,0.09117702697403729,30.16110627058557,389.12,50.1,0.64059821373328,0.3051560376010184,0.09062506097171256,0.22227188733046085,0.35340867994326386,-0.033995625204482835,0.11905842753287725,0.04646606386622545,-0.03779540627411489,0.055571127961560524,-0.1674396067428348,0.00454806667261384,0.2146584116780953
2025-08-24T17:01:40.264000,0.0,0.03507779887877405,0.09221454313956201,29.821760281759474,389.12,50.1,0.64059821373328,0.3051560376010184,0.09062506097171256,0.22227188733046085,0.35340867994326386,-0.033995625204482835,0.11905842753287725,0.04646606386622545,-0.03779540627411489,0.055571127961560524,-0.1674396067428348,0.00454806667261384,0.2146584116780953
2025-08-24T17:01:41.254000,0.0,0.034395356895402074,0.09271206008270383,32.35824980400472,389.12,50.1,0.64059821373328,0.3051560376010184,0.09062506097171256,0.22227188733046085,0.35340867994326386,-0.033995625204482835,0.11905842753287725,0.04646606386622545,-0.03779540627411489,0.055571127961560524,-0.1674396067428348,0.00454806667261384,0.2146584116780953
2025-08-24T17:01:42.245000,0.0,0.034573171054944396,0.09295635507442057,32.27321034261976,389.12,50.1,0.64059821373328,0.3051560376010184,0.09062506097171256,0.22227188733046085,0.35340867994326386,-0.033995625204482835,0.11905842753287725,0.04646606386622545,-0.03779540627411489,0.055571127961560524,-0.1674396067428348,0.00454806667261384,0.2146584116780953
2025-08-24T17:01:43.246000,0.0,0.03524257708340883,0.09202696895226836,32.59913951480935,389.12,50.1,0.64059821373328,0.3051560376010184,0.09062506097171256,0.22227188733046085,0.35340867994326386,-0.033995625204482835,0.11905842753287725,0.04646606386622545,-0.03779540627411489,0.055571127961560524,-0.1674396067428348,0.00454806667261384,0.2146584116780953
2025-08-24T17:01:44.246000,0.0,0.03457230096682906,0.09085536119528115,33.01951542025061,389.12,50.1,0.64059821373328,0.3051560376010184,0.09062506097171256,0.22227188733046085,0.35340867994326386,-0.033995625204482835,0.11905842753287725,0.04646606386622545,-0.03779540627411489,0.055571127961560524,-0.1674396067428348,0.00454806667261384,0.2146584116780953
2025-08-24T17:01:45.255000,0.0,0.035025854827836156,0.09486762783490121,31.623010593465512,389.12,50.1,0.64059821373328,0.3051560376010184,0.09062506097171256,0.22227188733046085,0.35340867994326386,-0.033995625204482835,0.11905842753287725,0.04646606386622545,-0.03779540627411489,0.055571127961560524,-0.1674396067428348,0.00454806667261384,0.2146584116780953
2025-08-24T17:01:46.226000,0.0,0.0348947998136282,0.09594229189679027,31.26879648890678,389.12,50.1,0.64059821373328,0.3051560376010184,0.09062506097171256,0.22227188733046085,0.35340867994326386,-0.033995625204482835,0.11905842753287725,0.04646606386622545,-0.03779540627411489,0.055571127961560524,-0.1674396067428348,0.00454806667261384,0.2146584116780953
2025-08-24T17:01:47.226000,0.0,0.03515981789678335,0.09512422000989318,31.53770932038053,389.12,50.1,0.64059821373328,0.3051560376010184,0.09062506097171256,0.22227188733046085,0.35340867994326386,-0.033995625204482835,0.11905842753287725,0.04646606386622545,-0.03779540627411489,0.055571127961560524,-0.1674396067428348,0.00454806667261384,0.2146584116780953
2025-08-24T17:01:48.226000,0.0,0.03495450294576585,0.09720136295072734,33.435745151510304,389.12,50.1,0.64059821373328,0.3051560376010184,0.09062506097171256,0.22227188733046085,0.35340867994326386,-0.033995625204482835,0.11905842753287725,0.04646606386622545,-0.03779540627411489,0.055571127961560524,-0.1674396067428348,0.00454806667261384,0.2146584116780953
2025-08-24T17:01:49.227000,0.0,0.03612461197189987,0.09613799513317645,31.205144187209587,389.12,50.1,0.64059821373328,0.3051560376010184,0.09062506097171256,0.22227188733046085,0.35340867994326386,-0.033995625204482835,0.11905842753287725,0.04646606386622545,-0.03779540627411489,0.055571127961560524,-0.1674396067428348,0.00454806667261384,0.2146584116780953
2025-08-24T17:01:50.227000,0.0,0.034683245001360774,0.09645814215764403,33.69337131424754,389.12,50.1,0.64059821373328,0.3051560376010184,0.09062506097171256,0.22227188733046085,0.35340867994326386,-0.033995625204482835,0.11905842753287725,0.04646606386622545,-0.03779540627411489,0.055571127961560524,-0.1674396067428348,0.00454806667261384,0.2146584116780953
2025-08-24T17:01:51.226000,0.0,0.034954429138451815,0.09120804397389293,32.89183573390548,389.12,50.1,0.64059821373328,0.3051560376010184,0.09062506097171256,0.22227188733046085,0.35340867994326386,-0.033995625204482835,0.11905842753287725,0.04646606386622545,-0.03779540627411489,0.055571127961560524,-0.1674396067428348,0.00454806667261384,0.2146584116780953
2025-08-24T17:01:52.257000,0.0,0.034910280955955386,0.09607979119755328,31.224047873206768,389.12,50.1,0.64059821373328,0.3051560376010184,0.09062506097171256,0.22227188733046085,0.35340867994326386,-0.033995625204482835,0.11905842753287725,0.04646606386622545,-0.03779540627411489,0.055571127961560524,-0.1674396067428348,0.00454806667261384,0.2146584116780953
2025-08-24T17:01:53.226000,0.0,0.03504220605827868,0.09543731086887419,31.43424696994937,389.12,50.1,0.64059821373328,0.3051560376010184,0.09062506097171256,0.22227188733046085,0.35340867994326386,-0.033995625204482835,0.11905842753287725,0.04646606386622545,-0.03779540627411489,0.055571127961560524,-0.1674396067428348,0.00454806667261384,0.2146584116780953
2025-08-24T17:01:54.226000,0.0,0.034895855002105236,0.09775010100565851,28.13296325740671,389.12,50.1,0.64059821373328,0.3051560376010184,0.09062506097171256,0.22227188733046085,0.35340867994326386,-0.033995625204482835,0.11905842753287725,0.04646606386622545,-0.03779540627411489,0.055571127961560524,-0.1674396067428348,0.00454806667261384,0.2146584116780953
2025-08-24T17:01:55.226000,0.0,0.03603437007404864,0.09530712594278157,34.100283350808716,389.12,50.1,0.64059821373328,0.3051560376010184,0.09062506097171256,0.22227188733046085,0.35340867994326386,-0.033995625204482835,0.11905842753287725,0.04646606386622545,-0.03779540627411489,0.055571127961560524,-0.1674396067428348,0.00454806667261384,0.2146584116780953
2025-08-24T17:02:44.157000,0.0,,0.42222249298356473,8.881573251821,389.12,49.9,0.6208000080801956,0.3338376902289133,0.07278369035752898,0.19973871193330672,0.4003561828444736,-0.00049995513570794,0.1003584811124867,0.08385736843993453,-0.05560772881560886,0.03509938045216791,-0.07545768277048777,0.022476812289536154,0.24105282019569163,0.03729217929015572,0.30821579711144803,0.25158746176248153
2025-08-24T17:02:45.157000,0.0,0.06245978199876845,0.11708764010109007,27.756986110524252,389.12,49.9,0.6208000080801956,0.3338376902289133,0.07278369035752898,0.19973871193330672,0.4003561828444736,-0.00049995513570794,0.1003584811124867,0.08385736843993453,-0.05560772881560886,0.03509938045216791,-0.07545768277048777,0.022476812289536154,0.24105282019569163,0.03729217929015572,0.30821579711144803,0.25158746176248153
2025-08-24T17:02:46.168000,0.0,0.05607168795540929,0.11340507492423058,28.658329463398747,389.12,49.9,0.6208000080801956,0.3338376902289133,0.07278369035752898,0.19973871193330672,0.4003561828444736,-0.00049995513570794,0.1003584811124867,0.08385736843993453,-0.05560772881560886,0.03509938045216791,-0.07545768277048777,0.022476812289536154,0.24105282019569163,0.03729217929015572,0.30821579711144803,0.25158746176248153
2025-08-24T17:02:47.168000,0.0,0.055423022946342826,0.11346994596533477,30.845171998841607,389.12,49.9,0.6208000080801956,0.3338376902289133,0.07278369035752898,0.19973871193330672,0.4003561828444736,-0.00049995513570794,0.1003584811124867,0.08385736843993453,-0.05560772881560886,0.03509938045216791,-0.07545768277048777,0.022476812289536154,0.24105282019569163,0.03729217929015572,0.30821579711144803,0.25158746176248153
2025-08-24T17:02:48.168000,0.0,0.05616357596591115,0.1265357998199761,29.635881745207097,389.12,49.9,0.6208000080801956,0.3338376902289133,0.07278369035752898,0.19973871193330672,0.4003561828444736,-0.00049995513570794,0.1003584811124867,0.08385736843993453,-0.05560772881560886,0.03509938045216791,-0.07545768277048777,0.022476812289536154,0.24105282019569163,0.03729217929015572,0.30821579711144803,0.25158746176248153
2025-08-24T17:02:49.168000,0.0,0.055245633935555816,0.1021691591013223,34.256913052685746,389.12,49.9,0.6208000080801956,0.3338376902289133,0.07278369035752898,0.19973871193330672,0.4003561828444736,-0.00049995513570794,0.1003584811124867,0.08385736843993453,-0.05560772881560886,0.03509938045216791,-0.07545768277048777,0.022476812289536154,0.24105282019569163,0.03729217929015572,0.30821579711144803,0.25158746176248153
2025-08-24T17:02:50.147000,0.0,0.04256351897493005,0.10323999007232487,36.323134062420415,389.12,49.9,0.6208000080801956,0.3338376902289133,0.07278369035752898,0.19973871193330672,0.4003561828444736,-0.00049995513570794,0.1003584811124867,0.08385736843993453,-0.05560772881560886,0.03509938045216791,-0.07545768277048777,0.022476812289536154,0.24105282019569163,0.03729217929015572,0.30821579711144803,0.25158746176248153
2025-08-24T17:02:51.149000,0.0,0.04247712902724743,0.10204740101471543,34.29778676573314,389.12,49.9,0.6208000080801956,0.3338376902289133,0.07278369035752898,0.19973871193330672,0.4003561828444736,-0.00049995513570794,0.1003584811124867,0.08385736843993453,-0.05560772881560886,0.03509938045216791,-0.07545768277048777,0.022476812289536154,0.24105282019569163,0.03729217929015572,0.30821579711144803,0.25158746176248153
2025-08-24T17:02:52.157000,0.0,0.04356027487665415,0.11399173899553716,30.703979348337562,389.12,49.9,0.6208000080801956,0.3338376902289133,0.07278369035752898,0.19973871193330672,0.4003561828444736,-0.00049995513570794,0.1003584811124867,0.08385736843993453,-0.05560772881560886,0.03509938045216791,-0.07545768277048777,0.022476812289536154,0.24105282019569163,0.03729217929015572,0.30821579711144803,0.25158746176248153
2025-08-24T17:02:53.158000,0.0,0.05556942895054817,0.11352616711519659,30.829896656763857,389.12,49.9,0.6208000080801956,0.3338376902289133,0.07278369035752898,0.19973871193330672,0.4003561828444736,-0.00049995513570794,0.1003584811124867,0.08385736843993453,-0.05560772881560886,0.03509938045216791,-0.07545768277048777,0.022476812289536154,0.24105282019569163,0.03729217929015572,0.30821579711144803,0.25158746176248153
2025-08-24T17:02:54.167000,0.0,0.05609415005892515,0.10448602307587862,31.104638728950363,389.12,49.9,0.6208000080801956,0.3338376902289133,0.07278369035752898,0.19973871193330672,0.4003561828444736,-0.00049995513570794,0.1003584811124867,0.08385736843993453,-0.05560772881560886,0.03509938045216791,-0.07545768277048777,0.022476812289536154,0.24105282019569163,0.03729217929015572,0.30821579711144803,0.25158746176248153
2025-08-24T17:02:55.170000,0.0,0.047212691977620125,0.10166856809519231,31.966615256713354,389.12,49.9,0.6208000080801956,0.3338376902289133,0.07278369035752898,0.19973871193330672,0.4003561828444736,-0.00049995513570794,0.1003584811124867,0.08385736843993453,-0.05560772881560886,0.03509938045216791,-0.07545768277048777,0.022476812289536154,0.24105282019569163,0.03729217929015572,0.30821579711144803,0.25158746176248153
2025-08-24T17:02:56.159000,0.0,0.04325440479442477,0.09752698591910303,33.32410993092557,389.12,49.9,0.6208000080801956,0.3338376902289133,0.07278369035752898,0.19973871193330672,0.4003561828444736,-0.00049995513570794,0.1003584811124867,0.08385736843993453,-0.05560772881560886,0.03509938045216791,-0.07545768277048777,0.022476812289536154,0.24105282019569163,0.03729217929015572,0.30821579711144803,0.25158746176248153
2025-08-24T17:02:57.177000,0.0,0.042446685023605824,0.09923011087812483,32.752155280685415,389.12,49.9,0.6208000080801956,0.3338376902289133,0.07278369035752898,0.19973871193330672,0.4003561828444736,-0.00049995513570794,0.1003584811124867,0.08385736843993453,-0.05560772881560886,0.03509938045216791,-0.07545768277048777,0.022476812289536154,0.24105282019569163,0.03729217929015572,0.30821579711144803,0.25158746176248153
2025-08-24T17:02:58.168000,0.0,0.04207396390847862,0.09837152087129653,33.03801721488156,389.12,49.9,0.6208000080801956,0.3338376902289133,0.07278369035752898,0.19973871193330672,0.4003561828444736,-0.00049995513570794,0.1003584811124867,0.08385736843993453,-0.05560772881560886,0.03509938045216791,-0.07545768277048777,0.022476812289536154,0.24105282019569163,0.03729217929015572,0.30821579711144803,0.25158746176248153
2025-08-24T17:02:59.170000,0.0,0.041641501942649484,0.1121881699655205,28.96918633220257,389.12,49.9,0.6208000080801956,0.3338376902289133,0.07278369035752898,0.19973871193330672,0.4003561828444736,-0.00049995513570794,0.1003584811124867,0.08385736843993453,-0.05560772881560886,0.03509938045216791,-0.07545768277048777,0.022476812289536154,0.24105282019569163,0.03729217929015572,0.30821579711144803,0.25158746176248153
2025-08-24T17:03:00.169000,0.0,0.055610187118873,0.10926675098016858,32.03170194595755,389.12,49.9,0.6208000080801956,0.3338376902289133,0.07278369035752898,0.19973871193330672,0.4003561828444736,-0.00049995513570794,0.1003584811124867,0.08385736843993453,-0.05560772881560886,0.03509938045216791,-0.07545768277048777,0.022476812289536154,0.24105282019569163,0.03729217929015572,0.30821579711144803,0.25158746176248153
2025-08-24T17:03:01.178000,0.0,0.055151985026896,0.09950466617010534,32.66178486990782,389.12,49.9,0.6208000080801956,0.3338376902289133,0.07278369035752898,0.19973871193330672,0.4003561828444736,-0.00049995513570794,0.1003584811124867,0.08385736843993453,-0.05560772881560886,0.03509938045216791,-0.07545768277048777,0.022476812289536154,0.24105282019569163,0.03729217929015572,0.30821579711144803,0.25158746176248153
2025-08-24T17:03:02.179000,0.0,0.04475145693868399,0.09680015407502651,30.991686208214364,389.12,49.9,0.6208000080801956,0.3338376902289133,0.07278369035752898,0.19973871193330672,0.4003561828444736,-0.00049995513570794,0.1003584811124867,0.08385736843993453,-0.05560772881560886,0.03509938045216791,-0.07545768277048777,0.022476812289536154,0.24105282019569163,0.03729217929015572,0.30821579711144803,0.25158746176248153
2025-08-24T17:03:03.178000,0.0,0.0424750919919461,0.09607560001313686,31.22540998536383,389.12,49.9,0.6208000080801956,0.3338376902289133,0.07278369035752898,0.19973871193330672,0.4003561828444736,-0.00049995513570794,0.1003584811124867,0.08385736843993453,-0.05560772881560886,0.03509938045216791,-0.07545768277048777,0.022476812289536154,0.24105282019569163,0.03729217929015572,0.30821579711144803,0.25158746176248153
2025-08-24T17:03:04.179000,0.0,0.04173789103515446,0.09622752596624196,33.774119903489186,389.12,49.9,0.6208000080801956,0.3338376902289133,0.07278369035752898,0.19973871193330672,0.4003561828444736,-0.00049995513570794,0.1003584811124867,0.08385736843993453,-0.05560772881560886,0.03509938045216791,-0.07545768277048777,0.022476812289536154,0.24105282019569163,0.03729217929015572,0.30821579711144803,0.25158746176248153
2025-08-24T17:03:05.180000,0.0,0.04172026086598635,0.09836811199784279,33.03916212269325,389.12,49.9,0.6208000080801956,0.3338376902289133,0.07278369035752898,0.19973871193330672,0.4003561828444736,-0.00049995513570794,0.1003584811124867,0.08385736843993453,-0.05560772881560886,0.03509938045216791,-0.07545768277048777,0.022476812289536154,0.24105282019569163,0.03729217929015572,0.30821579711144803,0.25158746176248153
2025-08-24T17:03:06.168000,0.0,0.04206168605014682,0.09870822308585048,32.9253217046913,389.12,49.9,0.6208000080801956,0.3338376902289133,0.07278369035752898,0.19973871193330672,0.4003561828444736,-0.00049995513570794,0.1003584811124867,0.08385736843993453,-0.05560772881560886,0.03509938045216791,-0.07545768277048777,0.022476812289536154,0.24105282019569163,0.03729217929015572,0.30821579711144803,0.25158746176248153
2025-08-24T17:03:07.170000,0.0,0.04178555682301521,0.10578044503927231,33.087400971896045,389.12,49.9,0.6208000080801956,0.3338376902289133,0.07278369035752898,0.19973871193330672,0.4003561828444736,-0.00049995513570794,0.1003584811124867,0.08385736843993453,-0.05560772881560886,0.03509938045216791,-0.07545768277048777,0.022476812289536154,0.24105282019569163,0.03729217929015572,0.30821579711144803,0.25158746176248153
2025-08-24T17:03:08.179000,0.0,0.05077838618308306,0.1121652431320399,31.20396213896533,389.12,49.9,0.6208000080801956,0.3338376902289133,0.07278369035752898,0.19973871193330672,0.4003561828444736,-0.00049995513570794,0.1003584811124867,0.08385736843993453,-0.05560772881560886,0.03509938045216791,-0.07545768277048777,0.022476812289536154,0.24105282019569163,0.03729217929015572,0.30821579711144803,0.25158746176248153
2025-08-24T17:03:09.159000,0.0,0.0551340589299798,0.11410505301319063,28.48252478025107,389.12,49.9,0.6208000080801956,0.3338376902289133,0.07278369035752898,0.19973871193330672,0.4003561828444736,-0.00049995513570794,0.1003584811124867,0.08385736843993453,-0.05560772881560886,0.03509938045216791,-0.07545768277048777,0.022476812289536154,0.24105282019569163,0.03729217929015572,0.30821579711144803,0.25158746176248153
2025-08-24T17:03:10.160000,0.0,0.05599063099361956,0.11404360784217715,30.69001469020166,389.12,49.9,0.6208000080801956,0.3338376902289133,0.07278369035752898,0.19973871193330672,0.4003561828444736,-0.00049995513570794,0.1003584811124867,0.08385736843993453,-0.05560772881560886,0.03509938045216791,-0.07545768277048777,0.022476812289536154,0.24105282019569163,0.03729217929015572,0.30821579711144803,0.25158746176248153
2025-08-24T17:03:11.160000,0.0,0.05571490898728371,0.11297272215597332,28.768006453035827,389.12,49.9,0.6208000080801956,0.3338376902289133,0.07278369035752898,0.19973871193330672,0.4003561828444736,-0.00049995513570794,0.1003584811124867,0.08385736843993453,-0.05560772881560886,0.03509938045216791,-0.07545768277048777,0.022476812289536154,0.24105282019569163,0.03729217929015572,0.30821579711144803,0.25158746176248153
2025-08-24T17:03:12.161000,0.0,0.05589240789413452,0.1055872228462249,30.780239430421407,389.12,50.0,0.6208000080801956,0.3338376902289133,0.07278369035752898,0.19973871193330672,0.4003561828444736,-0.00049995513570794,0.1003584811124867,0.08385736843993453,-0.05560772881560886,0.03509938045216791,-0.07545768277048777,0.022476812289536154,0.24105282019569163,0.03729217929015572,0.30821579711144803,0.25158746176248153
2025-08-24T17:03:13.159000,0.0,0.048290225211530924,0.11470794002525508,30.51227316286409,389.12,49.9,0.6208000080801956,0.3338376902289133,0.07278369035752898,0.19973871193330672,0.4003561828444736,-0.00049995513570794,0.1003584811124867,0.08385736843993453,-0.05560772881560886,0.03509938045216791,-0.07545768277048777,0.022476812289536154,0.24105282019569163,0.03729217929015572,0.30821579711144803,0.25158746176248153
2025-08-24T17:03:14.171000,0.0,0.0573849780485034,0.0991793880239129,30.248220520140872,389.12,49.9,0.6208000080801956,0.3338376902289133,0.07278369035752898,0.19973871193330672,0.4003561828444736,-0.00049995513570794,0.1003584811124867,0.08385736843993453,-0.05560772881560886,0.03509938045216791,-0.07545768277048777,0.022476812289536154,0.24105282019569163,0.03729217929015572,0.30821579711144803,0.25158746176248153
2025-08-24T17:03:15.170000,0.0,0.04253272106871009,0.09897344396449625,30.311161053223373,389.12,49.9,0.6208000080801956,0.3338376902289133,0.07278369035752898,0.19973871193330672,0.4003561828444736,-0.00049995513570794,0.1003584811124867,0.08385736843993453,-0.05560772881560886,0.03509938045216791,-0.07545768277048777,0.022476812289536154,0.24105282019569163,0.03729217929015572,0.30821579711144803,0.25158746176248153
2025-08-24T17:03:16.169000,0.0,0.04223479609936476,0.09934985009022057,32.71268146905726,389.12,49.9,0.6208000080801956,0.3338376902289133,0.07278369035752898,0.19973871193330672,0.4003561828444736,-0.00049995513570794,0.1003584811124867,0.08385736843993453,-0.05560772881560886,0.03509938045216791,-0.07545768277048777,0.022476812289536154,0.24105282019569163,0.03729217929015572,0.30821579711144803,0.25158746176248153
2025-08-24T17:03:17.170000,0.0,0.04286634991876781,0.101635622093454,34.43674499066552,389.12,49.9,0.6208000080801956,0.3338376902289133,0.07278369035752898,0.19973871193330672,0.4003561828444736,-0.00049995513570794,0.1003584811124867,0.08385736843993453,-0.05560772881560886,0.03509938045216791,-0.07545768277048777,0.022476812289536154,0.24105282019569163,0.03729217929015572,0.30821579711144803,0.25158746176248153
2025-08-24T17:03:18.160000,0.0,0.04327923804521561,0.11254546302370727,31.098543699293792,389.12,49.9,0.6208000080801956,0.3338376902289133,0.07278369035752898,0.19973871193330672,0.4003561828444736,-0.00049995513570794,0.1003584811124867,0.08385736843993453,-0.05560772881560886,0.03509938045216791,-0.07545768277048777,0.022476812289536154,0.24105282019569163,0.03729217929015572,0.30821579711144803,0.25158746176248153
2025-08-24T17:03:19.170000,0.0,0.05619475990533829,0.1104278399143368,31.69490594686178,389.12,49.9,0.6208000080801956,0.3338376902289133,0.07278369035752898,0.19973871193330672,0.4003561828444736,-0.00049995513570794,0.1003584811124867,0.08385736843993453,-0.05560772881560886,0.03509938045216791,-0.07545768277048777,0.022476812289536154,0.24105282019569163,0.03729217929015572,0.30821579711144803,0.25158746176248153
2025-08-24T17:03:20.180000,0.0,0.0554186690133065,0.11227907496504486,28.94573188291644,389.12,49.9,0.6208000080801956,0.3338376902289133,0.07278369035752898,0.19973871193330672,0.4003561828444736,-0.00049995513570794,0.1003584811124867,0.08385736843993453,-0.05560772881560886,0.03509938045216791,-0.07545768277048777,0.022476812289536154,0.24105282019569163,0.03729217929015572,0.30821579711144803,0.25158746176248153
2025-08-24T17:03:21.161000,0.0,0.05375265493057668,0.09737054002471268,33.37765200003126,389.12,49.9,0.6208000080801956,0.3338376902289133,0.07278369035752898,0.19973871193330672,0.4003561828444736,-0.00049995513570794,0.1003584811124867,0.08385736843993453,-0.05560772881560886,0.03509938045216791,-0.07545768277048777,0.022476812289536154,0.24105282019569163,0.03729217929015572,0.30821579711144803,0.25158746176248153
2025-08-24T17:03:22.181000,0.0,0.04292077594436705,0.09901759098283947,35.34725461667393,389.12,49.9,0.6208000080801956,0.3338376902289133,0.07278369035752898,0.19973871193330672,0.4003561828444736,-0.00049995513570794,0.1003584811124867,0.08385736843993453,-0.05560772881560886,0.03509938045216791,-0.07545768277048777,0.022476812289536154,0.24105282019569163,0.03729217929015572,0.30821579711144803,0.25158746176248153
2025-08-24T17:03:23.182000,0.0,0.04313566512428224,0.10329632111825049,33.88310408454257,389.12,49.9,0.6208000080801956,0.3338376902289133,0.07278369035752898,0.19973871193330672,0.4003561828444736,-0.00049995513570794,0.1003584811124867,0.08385736843993453,-0.05560772881560886,0.03509938045216791,-0.07545768277048777,0.022476812289536154,0.24105282019569163,0.03729217929015572,0.30821579711144803,0.25158746176248153
2025-08-24T17:03:24.150000,0.0,0.043119090143591166,0.10280017298646271,31.614732792599025,389.12,49.9,0.6208000080801956,0.3338376902289133,0.07278369035752898,0.19973871193330672,0.4003561828444736,-0.00049995513570794,0.1003584811124867,0.08385736843993453,-0.05560772881560886,0.03509938045216791,-0.07545768277048777,0.022476812289536154,0.24105282019569163,0.03729217929015572,0.30821579711144803,0.25158746176248153
2025-08-24T17:03:25.150000,0.0,0.04306823806837201,0.10256773000583053,29.248965535548066,389.12,49.9,0.6208000080801956,0.3338376902289133,0.07278369035752898,0.19973871193330672,0.4003561828444736,-0.00049995513570794,0.1003584811124867,0.08385736843993453,-0.05560772881560886,0.03509938045216791,-0.07545768277048777,0.022476812289536154,0.24105282019569163,0.03729217929015572,0.30821579711144803,0.25158746176248153
2025-08-24T17:03:26.151000,0.0,0.04246314708143473,0.10225376696325839,34.22856784589379,389.12,49.9,0.6208000080801956,0.3338376902289133,0.07278369035752898,0.19973871193330672,0.4003561828444736,-0.00049995513570794,0.1003584811124867,0.08385736843993453,-0.05560772881560886,0.03509938045216791,-0.07545768277048777,0.022476812289536154,0.24105282019569163,0.03729217929015572,0.30821579711144803,0.25158746176248153
2025-08-24T17:03:27.150000,0.0,0.04271861002780497,0.10390972602181137,33.683083711195046,389.12,49.9,0.6208000080801956,0.3338376902289133,0.07278369035752898,0.19973871193330672,0.4003561828444736,-0.00049995513570794,0.1003584811124867,0.08385736843993453,-0.05560772881560886,0.03509938045216791,-0.07545768277048777,0.022476812289536154,0.24105282019569163,0.03729217929015572,0.30821579711144803,0.25158746176248153
2025-08-24T17:03:28.150000,0.0,0.0433328109793365,0.12444583792239428,28.124685071288297,389.12,49.9,0.6208000080801956,0.3338376902289133,0.07278369035752898,0.19973871193330672,0.4003561828444736,-0.00049995513570794,0.1003584811124867,0.08385736843993453,-0.05560772881560886,0.03509938045216791,-0.07545768277048777,0.022476812289536154,0.24105282019569163,0.03729217929015572,0.30821579711144803,0.25158746176248153
2025-08-24T17:03:29.161000,0.0,0.06647256598807871,0.13383477716706693,28.019622996187397,389.12,49.9,0.6208000080801956,0.3338376902289133,0.07278369035752898,0.19973871193330672,0.4003561828444736,-0.00049995513570794,0.1003584811124867,0.08385736843993453,-0.05560772881560886,0.03509938045216791,-0.07545768277048777,0.022476812289536154,0.24105282019569163,0.03729217929015572,0.30821579711144803,0.25158746176248153
2025-08-24T17:03:30.170000,0.0,0.0675165259744972,0.1010604368057102,29.68520713766118,389.12,49.9,0.6208000080801956,0.3338376902289133,0.07278369035752898,0.19973871193330672,0.4003561828444736,-0.00049995513570794,0.1003584811124867,0.08385736843993453,-0.05560772881560886,0.03509938045216791,-0.07545768277048777,0.022476812289536154,0.24105282019569163,0.03729217929015572,0.30821579711144803,0.25158746176248153
2025-08-24T17:04:08.106000,0.0,,0.40238276100717485,6.212989825265933,378.88,48.6,0.5681462982730142,0.3857045216303616,0.08036336991299459,-0.1214358775843198
2025-08-24T17:04:09.106000,0.0,0.017752618994563818,0.08023350802250206,24.927241115259317,378.88,48.6,0.5681462982730142,0.3857045216303616,0.08036336991299459,-0.1214358775843198
2025-08-24T17:04:10.116000,0.0,0.014825441874563694,0.08106772811152041,30.838412007314712,378.88,48.6,0.5681462982730142,0.3857045216303616,0.08036336991299459,-0.1214358775843198
2025-08-24T17:04:11.117000,0.0,0.014367647003382444,0.08173204096965492,27.528983410990136,378.88,48.6,0.5681462982730142,0.3857045216303616,0.08036336991299459,-0.1214358775843198
2025-08-24T17:04:12.116000,0.0,0.014734295196831226,0.08144944999366999,24.55510749496081,378.88,48.6,0.5681462982730142,0.3857045216303616,0.08036336991299459,-0.1214358775843198
2025-08-24T17:04:13.117000,0.0,0.014428683090955019,0.08319231495261192,24.040682136796452,378.88,48.6,0.5681462982730142,0.3857045216303616,0.08036336991299459,-0.1214358775843198
2025-08-24T17:04:14.107000,0.0,0.01441609114408493,0.08415553509257734,29.70689922237207,378.88,48.6,0.5681462982730142,0.3857045216303616,0.08036336991299459,-0.1214358775843198
2025-08-24T17:04:15.107000,0.0,0.014354981016367674,0.08251292794011533,27.268454243109137,378.88,48.6,0.5681462982730142,0.3857045216303616,0.08036336991299459,-0.1214358775843198
2025-08-24T17:04:16.117000,0.0,0.01488210796378553,0.08137478213757277,27.64984361120839,378.88,48.6,0.5681462982730142,0.3857045216303616,0.08036336991299459,-0.1214358775843198
2025-08-24T17:04:17.117000,0.0,0.014621275942772627,0.07944010198116302,28.32322647991464,378.88,48.6,0.5681462982730142,0.3857045216303616,0.08036336991299459,-0.1214358775843198
2025-08-24T17:04:18.117000,0.0,0.012577281100675464,0.07952706492505968,28.292254996714284,378.88,48.6,0.5681462982730142,0.3857045216303616,0.08036336991299459,-0.1214358775843198
2025-08-24T17:04:19.117000,0.0,0.01149480207823217,0.08121972810477018,24.624559164001166,378.88,48.6,0.5681462982730142,0.3857045216303616,0.08036336991299459,-0.1214358775843198
2025-08-24T17:04:20.118000,0.0,0.014291629195213318,0.08263168600387871,24.203790297902454,378.88,48.6,0.5681462982730142,0.3857045216303616,0.08036336991299459,-0.1214358775843198
2025-08-24T17:04:21.117000,0.0,0.015060551930218935,0.07910290011204779,28.443963455358944,378.88,48.6,0.5681462982730142,0.3857045216303616,0.08036336991299459,-0.1214358775843198
2025-08-24T17:04:22.127000,0.0,0.01502027502283454,0.07844360498711467,28.68302649233914,378.88,48.6,0.5681462982730142,0.3857045216303616,0.08036336991299459,-0.1214358775843198
2025-08-24T17:04:23.137000,0.0,0.014343887101858854,0.07766014407388866,25.7532357665611,378.88,48.6,0.5681462982730142,0.3857045216303616,0.08036336991299459,-0.1214358775843198
2025-08-24T17:04:24.137000,0.0,0.014297127956524491,0.07860123389400542,28.62550482393374,378.88,48.6,0.5681462982730142,0.3857045216303616,0.08036336991299459,-0.1214358775843198
2025-08-24T17:04:25.139000,0.0,0.01434881309978664,0.07391793187707663,30.439163310760986,378.88,48.6,0.5681462982730142,0.3857045216303616,0.08036336991299459,-0.1214358775843198
2025-08-24T17:04:26.138000,0.0,0.01087911892682314,0.08047680300660431,31.064852312719594,378.88,48.6,0.5681462982730142,0.3857045216303616,0.08036336991299459,-0.1214358775843198
2025-08-24T17:04:27.108000,0.0,0.01099321199581027,0.07744342181831598,25.825305145891498,378.88,48.6,0.5681462982730142,0.3857045216303616,0.08036336991299459,-0.1214358775843198
2025-08-24T17:04:28.118000,0.0,0.011517598992213607,0.07764262496493757,25.759046669315683,378.88,48.6,0.5681462982730142,0.3857045216303616,0.08036336991299459,-0.1214358775843198
2025-08-24T17:04:29.129000,0.0,0.013005964923650026,0.07374506210908294,27.12045990335763,378.88,48.6,0.5681462982730142,0.3857045216303616,0.08036336991299459,-0.1214358775843198
2025-08-24T17:04:30.137000,0.0,0.01085926708765328,0.07641375786624849,29.444959426525052,378.88,48.6,0.5681462982730142,0.3857045216303616,0.08036336991299459,-0.1214358775843198
2025-08-24T17:04:31.129000,0.0,0.011404803022742271,0.0796069169882685,28.26387561688357,378.88,48.6,0.5681462982730142,0.3857045216303616,0.08036336991299459,-0.1214358775843198
2025-08-24T17:04:32.107000,0.0,0.010761155979707837,0.07887771399691701,28.525167452088425,378.88,48.6,0.5681462982730142,0.3857045216303616,0.08036336991299459,-0.1214358775843198
2025-08-24T17:04:33.110000,0.0,0.010746933985501528,0.07975921221077442,28.20990751581234,378.88,48.6,0.5681462982730142,0.3857045216303616,0.08036336991299459,-0.1214358775843198
2025-08-24T17:04:34.108000,0.0,0.011096099857240915,0.07897869497537613,28.488695599509445,378.88,48.6,0.5681462982730142,0.3857045216303616,0.08036336991299459,-0.1214358775843198
2025-08-24T17:04:35.107000,0.0,0.010745193809270859,0.0775759401731193,29.00383798093677,378.88,48.6,0.5681462982730142,0.3857045216303616,0.08036336991299459,-0.1214358775843198
2025-08-24T17:04:36.120000,0.0,0.010796359973028302,0.07419028203003109,26.957708547198035,378.88,48.6,0.5681462982730142,0.3857045216303616,0.08036336991299459,-0.1214358775843198
2025-08-24T17:04:37.140000,0.0,0.010919545078650117,0.07445718999952078,30.21870688397558,378.88,48.6,0.5681462982730142,0.3857045216303616,0.08036336991299459,-0.1214358775843198
2025-08-24T17:04:38.139000,0.0,0.010692083043977618,0.07469681790098548,26.774902280992823,378.88,48.6,0.5681462982730142,0.3857045216303616,0.08036336991299459,-0.1214358775843198
2025-08-24T17:04:39.138000,0.0,0.010883043985813856,0.07684323797002435,29.280390304189098,378.88,48.6,0.5681462982730142,0.3857045216303616,0.08036336991299459,-0.1214358775843198
2025-08-24T17:04:40.129000,0.0,0.012132670963183045,0.07762453216128051,28.985681940409908,378.88,48.6,0.5681462982730142,0.3857045216303616,0.08036336991299459,-0.1214358775843198
2025-08-24T17:04:41.119000,0.0,0.010823840973898768,0.07566151884384453,29.737705961780943,378.88,48.6,0.5681462982730142,0.3857045216303616,0.08036336991299459,-0.1214358775843198
2025-08-24T17:04:42.128000,0.0,0.012194930110126734,0.07740247691981494,25.838966394731077,378.88,48.6,0.5681462982730142,0.3857045216303616,0.08036336991299459,-0.1214358775843198
2025-08-24T17:04:43.128000,0.0,0.012211337918415666,0.0794140831567347,28.332506157117116,378.88,48.6,0.5681462982730142,0.3857045216303616,0.08036336991299459,-0.1214358775843198
2025-08-24T17:04:44.107000,0.0,0.010994674172252417,0.07913143606856465,28.433706144931442,378.88,48.6,0.5681462982730142,0.3857045216303616,0.08036336991299459,-0.1214358775843198
2025-08-24T17:04:45.108000,0.0,0.010729655856266618,0.07968867500312626,28.23487779049817,378.88,48.6,0.5681462982730142,0.3857045216303616,0.08036336991299459,-0.1214358775843198
2025-08-24T17:04:46.108000,0.0,0.01087752589955926,0.08034582110121846,28.003945558855747,378.88,48.6,0.5681462982730142,0.3857045216303616,0.08036336991299459,-0.1214358775843198
2025-08-24T17:04:47.109000,0.0,0.010855951812118292,0.07874521380290389,28.573165165717178,378.88,48.6,0.5681462982730142,0.3857045216303616,0.08036336991299459,-0.1214358775843198
2025-08-24T17:04:48.109000,0.0,0.010865933960303664,0.0765592569950968,26.12355551109967,378.88,48.6,0.5681462982730142,0.3857045216303616,0.08036336991299459,-0.1214358775843198
2025-08-24T17:04:49.130000,0.0,0.011822727974504232,0.07858134387061,28.632750334542358,378.88,48.6,0.5681462982730142,0.3857045216303616,0.08036336991299459,-0.1214358775843198
2025-08-24T17:04:50.119000,0.0,0.01103734108619392,0.0789571029599756,28.496486264706938,378.88,48.6,0.5681462982730142,0.3857045216303616,0.08036336991299459,-0.1214358775843198
2025-08-24T17:04:51.118000,0.0,0.010838636895641685,0.07858736207708716,28.630557643517136,378.88,48.6,0.5681462982730142,0.3857045216303616,0.08036336991299459,-0.1214358775843198
2025-08-24T17:05:31.202000,0.0,,0.41702871886081994,7.193749169589461,378.88,49.0,0.48173830050593663,0.5243297118041318,0.047778105728396025,-0.08824837595326906,0.07737249547625216,0.09352849604527487,0.1328785384908508
2025-08-24T17:05:32.202000,0.0,0.028405460063368082,0.08597641484811902,29.077741894871366,378.88,49.0,0.48173830050593663,0.5243297118041318,0.047778105728396025,-0.08824837595326906,0.07737249547625216,0.09352849604527487,0.1328785384908508
2025-08-24T17:05:33.214000,0.0,0.019024670124053955,0.0864356360398233,31.815581234723428,378.88,49.0,0.48173830050593663,0.5243297118041318,0.047778105728396025,-0.08824837595326906,0.07737249547625216,0.09352849604527487,0.1328785384908508
2025-08-24T17:05:34.214000,0.0,0.018539060838520527,0.08527480578050017,32.248680895018,378.88,49.0,0.48173830050593663,0.5243297118041318,0.047778105728396025,-0.08824837595326906,0.07737249547625216,0.09352849604527487,0.1328785384908508
2025-08-24T17:05:35.213000,0.0,0.018556375056505203,0.08300127391703427,27.108017670295432,378.88,49.0,0.48173830050593663,0.5243297118041318,0.047778105728396025,-0.08824837595326906,0.07737249547625216,0.09352849604527487,0.1328785384908508
2025-08-24T17:05:36.223000,0.0,0.019548132084310055,0.08462058519944549,32.4980026257016,378.88,49.0,0.48173830050593663,0.5243297118041318,0.047778105728396025,-0.08824837595326906,0.07737249547625216,0.09352849604527487,0.1328785384908508
2025-08-24T17:05:37.224000,0.0,0.019517299020662904,0.08313355199061334,33.07930353211048,378.88,49.0,0.48173830050593663,0.5243297118041318,0.047778105728396025,-0.08824837595326906,0.07737249547625216,0.09352849604527487,0.1328785384908508
2025-08-24T17:05:38.233000,0.0,0.01937665115110576,0.08420251100324094,26.72129338177806,378.88,49.0,0.48173830050593663,0.5243297118041318,0.047778105728396025,-0.08824837595326906,0.07737249547625216,0.09352849604527487,0.1328785384908508
2025-08-24T17:05:39.233000,0.0,0.020402721827849746,0.08936814498156309,30.771590935085015,378.88,49.0,0.48173830050593663,0.5243297118041318,0.047778105728396025,-0.08824837595326906,0.07737249547625216,0.09352849604527487,0.1328785384908508
2025-08-24T17:05:40.202000,0.0,0.01924631791189313,0.08876816602423787,30.97957435832466,378.88,49.0,0.48173830050593663,0.5243297118041318,0.047778105728396025,-0.08824837595326906,0.07737249547625216,0.09352849604527487,0.1328785384908508
2025-08-24T17:05:41.203000,0.0,0.019318966194987297,0.08927040500566363,30.805281994917756,378.88,49.0,0.48173830050593663,0.5243297118041318,0.047778105728396025,-0.08824837595326906,0.07737249547625216,0.09352849604527487,0.1328785384908508
2025-08-24T17:05:42.198000,0.0,0.019337058998644352,0.11377996811643243,24.16945658822757,378.88,49.0,0.48173830050593663,0.5243297118041318,0.047778105728396025,-0.08824837595326906,0.07737249547625216,0.09352849604527487,0.1328785384908508
2025-08-24T17:05:43.199000,0.0,0.02995690004900098,0.1091784241143614,25.188126887776253,378.88,49.0,0.48173830050593663,0.5243297118041318,0.047778105728396025,-0.08824837595326906,0.07737249547625216,0.09352849604527487,0.1328785384908508
2025-08-24T17:05:44.199000,0.0,0.02627853909507394,0.08827901887707412,31.15122975969271,378.88,49.0,0.48173830050593663,0.5243297118041318,0.047778105728396025,-0.08824837595326906,0.07737249547625216,0.09352849604527487,0.1328785384908508
2025-08-24T17:05:45.199000,0.0,0.019094282062724233,0.0846799360588193,29.522932070513473,378.88,49.0,0.48173830050593663,0.5243297118041318,0.047778105728396025,-0.08824837595326906,0.07737249547625216,0.09352849604527487,0.1328785384908508
2025-08-24T17:05:46.218000,0.0,0.019806427881121635,0.08398514217697084,29.767169944561317,378.88,49.0,0.48173830050593663,0.5243297118041318,0.047778105728396025,-0.08824837595326906,0.07737249547625216,0.09352849604527487,0.1328785384908508
2025-08-24T17:05:47.218000,0.0,0.019892334938049316,0.08320971811190248,30.044567590506364,378.88,49.0,0.48173830050593663,0.5243297118041318,0.047778105728396025,-0.08824837595326906,0.07737249547625216,0.09352849604527487,0.1328785384908508
2025-08-24T17:05:48.229000,0.0,0.018995745107531548,0.08845898089930415,31.08785532054058,378.88,49.0,0.48173830050593663,0.5243297118041318,0.047778105728396025,-0.08824837595326906,0.07737249547625216,0.09352849604527487,0.1328785384908508
2025-08-24T17:05:49.200000,0.0,0.019137003924697638,0.08499632403254509,29.413036721949776,378.88,49.0,0.48173830050593663,0.5243297118041318,0.047778105728396025,-0.08824837595326906,0.07737249547625216,0.09352849604527487,0.1328785384908508
2025-08-24T17:05:50.219000,0.0,0.019786112941801548,0.08337599504739046,29.984649641410634,378.88,49.0,0.48173830050593663,0.5243297118041318,0.047778105728396025,-0.08824837595326906,0.07737249547625216,0.09352849604527487,0.1328785384908508
2025-08-24T17:05:51.229000,0.0,0.019655521027743816,0.08787398203276098,31.29481487449535,378.88,49.0,0.48173830050593663,0.5243297118041318,0.047778105728396025,-0.08824837595326906,0.07737249547625216,0.09352849604527487,0.1328785384908508
2025-08-24T17:05:52.199000,0.0,0.018563227029517293,0.08618772798217833,29.006449740929874,378.88,49.0,0.48173830050593663,0.5243297118041318,0.047778105728396025,-0.08824837595326906,0.07737249547625216,0.09352849604527487,0.1328785384908508
2025-08-24T17:05:53.210000,0.0,0.01840280112810433,0.08580661797896028,26.22175367116433,378.88,49.0,0.48173830050593663,0.5243297118041318,0.047778105728396025,-0.08824837595326906,0.07737249547625216,0.09352849604527487,0.1328785384908508
2025-08-24T17:05:54.211000,0.0,0.01843326515518129,0.08556059887632728,32.14096250044891,378.88,49.0,0.48173830050593663,0.5243297118041318,0.047778105728396025,-0.08824837595326906,0.07737249547625216,0.09352849604527487,0.1328785384908508
2025-08-24T17:05:55.210000,0.0,0.01845530210994184,0.08288088487461209,30.163770618305573,378.88,49.0,0.48173830050593663,0.5243297118041318,0.047778105728396025,-0.08824837595326906,0.07737249547625216,0.09352849604527487,0.1328785384908508
2025-08-24T17:05:56.220000,0.0,0.019044504035264254,0.08930427487939596,27.99418060754877,378.88,49.0,0.48173830050593663,0.5243297118041318,0.047778105728396025,-0.08824837595326906,0.07737249547625216,0.09352849604527487,0.1328785384908508
2025-08-24T17:05:57.200000,0.0,0.02002137084491551,0.08770351903513074,31.35564034663694,378.88,49.0,0.48173830050593663,0.5243297118041318,0.047778105728396025,-0.08824837595326906,0.07737249547625216,0.09352849604527487,0.1328785384908508
2025-08-24T17:05:58.210000,0.0,0.01924705901183188,0.08960829209536314,33.47904451529233,378.88,49.0,0.48173830050593663,0.5243297118041318,0.047778105728396025,-0.08824837595326906,0.07737249547625216,0.09352849604527487,0.1328785384908508
2025-08-24T17:05:59.200000,0.0,0.019858612911775708,0.08964608912356198,30.676184838467012,378.88,49.0,0.48173830050593663,0.5243297118041318,0.047778105728396025,-0.08824837595326906,0.07737249547625216,0.09352849604527487,0.1328785384908508
2025-08-24T17:06:00.199000,0.0,0.020074463915079832,0.08937668101862073,27.97150186723869,378.88,49.0,0.48173830050593663,0.5243297118041318,0.047778105728396025,-0.08824837595326906,0.07737249547625216,0.09352849604527487,0.1328785384908508
2025-08-24T17:06:01.200000,0.0,0.019707501167431474,0.08372173481620848,29.860824139492593,378.88,49.0,0.48173830050593663,0.5243297118041318,0.047778105728396025,-0.08824837595326906,0.07737249547625216,0.09352849604527487,0.1328785384908508
2025-08-24T17:06:02.230000,0.0,0.01956579787656665,0.08369238302111626,29.871296643199486,378.88,49.0,0.48173830050593663,0.5243297118041318,0.047778105728396025,-0.08824837595326906,0.07737249547625216,0.09352849604527487,0.1328785384908508
2025-08-24T17:06:03.232000,0.0,0.01972587197087705,0.0836457151453942,29.88796252927493,378.88,49.0,0.48173830050593663,0.5243297118041318,0.047778105728396025,-0.08824837595326906,0.07737249547625216,0.09352849604527487,0.1328785384908508
2025-08-24T17:06:04.231000,0.0,0.01947474293410778,0.08354764198884368,29.92304678489749,378.88,49.0,0.48173830050593663,0.5243297118041318,0.047778105728396025,-0.08824837595326906,0.07737249547625216,0.09352849604527487,0.1328785384908508
2025-08-24T17:06:05.231000,0.0,0.019300465937703848,0.08923083008266985,28.017222272659076,378.88,49.1,0.48173830050593663,0.5243297118041318,0.047778105728396025,-0.08824837595326906,0.07737249547625216,0.09352849604527487,0.1328785384908508
2025-08-24T17:06:06.201000,0.0,0.02099394309334457,0.11648864392191172,25.753583345094803,378.88,49.1,0.48173830050593663,0.5243297118041318,0.047778105728396025,-0.08824837595326906,0.07737249547625216,0.09352849604527487,0.1328785384908508
2025-08-24T17:06:07.202000,0.0,0.030290566151961684,0.0944111670833081,29.127910235168304,378.88,49.1,0.48173830050593663,0.5243297118041318,0.047778105728396025,-0.08824837595326906,0.07737249547625216,0.09352849604527487,0.1328785384908508
2025-08-24T17:06:08.210000,0.0,0.025272208964452147,0.08854286884889007,28.234910755677127,378.88,49.1,0.48173830050593663,0.5243297118041318,0.047778105728396025,-0.08824837595326906,0.07737249547625216,0.09352849604527487,0.1328785384908508
2025-08-24T17:06:09.221000,0.0,0.023982563987374306,0.087397983064875,28.60477910736466,378.88,49.1,0.48173830050593663,0.5243297118041318,0.047778105728396025,-0.08824837595326906,0.07737249547625216,0.09352849604527487,0.1328785384908508
2025-08-24T17:06:10.231000,0.0,0.02302290010266006,0.0837924750521779,26.85205322553025,378.88,49.1,0.48173830050593663,0.5243297118041318,0.047778105728396025,-0.08824837595326906,0.07737249547625216,0.09352849604527487,0.1328785384908508
2025-08-24T17:06:11.233000,0.0,0.020032945089042187,0.08877831185236573,30.976033927893447,378.88,49.1,0.48173830050593663,0.5243297118041318,0.047778105728396025,-0.08824837595326906,0.07737249547625216,0.09352849604527487,0.1328785384908508
2025-08-24T17:06:12.202000,0.0,0.019694482907652855,0.09131295303814113,30.116209239792298,378.88,49.0,0.48173830050593663,0.5243297118041318,0.047778105728396025,-0.08824837595326906,0.07737249547625216,0.09352849604527487,0.1328785384908508
2025-08-24T17:06:13.201000,0.0,0.02134227496571839,0.11547290603630245,25.98012038474967,378.88,49.0,0.48173830050593663,0.5243297118041318,0.047778105728396025,-0.08824837595326906,0.07737249547625216,0.09352849604527487,0.1328785384908508
2025-08-24T17:06:14.210000,0.0,0.030158065957948565,0.1148060739506036,26.131021615553223,378.88,49.0,0.48173830050593663,0.5243297118041318,0.047778105728396025,-0.08824837595326906,0.07737249547625216,0.09352849604527487,0.1328785384908508
2025-08-24T17:06:58.874000,0.0,,0.40121598495170474,7.477269382378027,389.12,49.5,0.5779259305046552,0.42260063905890677,0.09624503569006208,-0.11877946531732983,0.05709983465354353,0.1005970206295805,0.09218354993802343,-0.057439487279103106,0.21462132621198185,0.17293568991732253
2025-08-24T17:06:59.874000,0.0,0.03285309509374201,0.09135285904631019,30.103053464434566,389.12,49.5,0.5779259305046552,0.42260063905890677,0.09624503569006208,-0.11877946531732983,0.05709983465354353,0.1005970206295805,0.09218354993802343,-0.057439487279103106,0.21462132621198185,0.17293568991732253
2025-08-24T17:07:00.884000,0.0,0.0272603880148381,0.09757706406526268,28.18285245967943,389.12,49.5,0.5779259305046552,0.42260063905890677,0.09624503569006208,-0.11877946531732983,0.05709983465354353,0.1005970206295805,0.09218354993802343,-0.057439487279103106,0.21462132621198185,0.17293568991732253
2025-08-24T17:07:01.894000,0.0,0.033431333024054766,0.11007826984860003,27.253335323367445,389.12,49.5,0.5779259305046552,0.42260063905890677,0.09624503569006208,-0.11877946531732983,0.05709983465354353,0.1005970206295805,0.09218354993802343,-0.057439487279103106,0.21462132621198185,0.17293568991732253
2025-08-24T17:07:02.893000,0.0,0.029220937052741647,0.09090306307189167,33.00218824999767,389.12,49.5,0.5779259305046552,0.42260063905890677,0.09624503569006208,-0.11877946531732983,0.05709983465354353,0.1005970206295805,0.09218354993802343,-0.057439487279103106,0.21462132621198185,0.17293568991732253
2025-08-24T17:07:03.895000,0.0,0.027510108891874552,0.10652751987800002,28.161737018149974,389.12,49.5,0.5779259305046552,0.42260063905890677,0.09624503569006208,-0.11877946531732983,0.05709983465354353,0.1005970206295805,0.09218354993802343,-0.057439487279103106,0.21462132621198185,0.17293568991732253
2025-08-24T17:07:04.893000,0.0,0.035508086904883385,0.09800548804923892,30.610530692860294,389.12,49.5,0.5779259305046552,0.42260063905890677,0.09624503569006208,-0.11877946531732983,0.05709983465354353,0.1005970206295805,0.09218354993802343,-0.057439487279103106,0.21462132621198185,0.17293568991732253
2025-08-24T17:07:05.894000,0.0,0.034084776882082224,0.09607432712800801,26.02151974136725,389.12,49.5,0.5779259305046552,0.42260063905890677,0.09624503569006208,-0.11877946531732983,0.05709983465354353,0.1005970206295805,0.09218354993802343,-0.057439487279103106,0.21462132621198185,0.17293568991732253
2025-08-24T17:07:06.864000,0.0,0.02810040395706892,0.09679775102995336,28.409750957426876,389.12,49.5,0.5779259305046552,0.42260063905890677,0.09624503569006208,-0.11877946531732983,0.05709983465354353,0.1005970206295805,0.09218354993802343,-0.057439487279103106,0.21462132621198185,0.17293568991732253
2025-08-24T17:07:07.864000,0.0,0.027034350903704762,0.09024313883855939,30.47323082278424,389.12,49.5,0.5779259305046552,0.42260063905890677,0.09624503569006208,-0.11877946531732983,0.05709983465354353,0.1005970206295805,0.09218354993802343,-0.057439487279103106,0.21462132621198185,0.17293568991732253
2025-08-24T17:07:08.893000,0.0,0.02725133183412254,0.08989280695095658,30.591991654018784,389.12,49.5,0.5779259305046552,0.42260063905890677,0.09624503569006208,-0.11877946531732983,0.05709983465354353,0.1005970206295805,0.09218354993802343,-0.057439487279103106,0.21462132621198185,0.17293568991732253
2025-08-24T17:07:09.894000,0.0,0.02687070402316749,0.09131095092743635,32.85476681087339,389.12,49.5,0.5779259305046552,0.42260063905890677,0.09624503569006208,-0.11877946531732983,0.05709983465354353,0.1005970206295805,0.09218354993802343,-0.057439487279103106,0.21462132621198185,0.17293568991732253
2025-08-24T17:07:10.893000,0.0,0.027354795020073652,0.09684434300288558,28.3960829794472,389.12,49.5,0.5779259305046552,0.42260063905890677,0.09624503569006208,-0.11877946531732983,0.05709983465354353,0.1005970206295805,0.09218354993802343,-0.057439487279103106,0.21462132621198185,0.17293568991732253
2025-08-24T17:07:11.863000,0.0,0.027127239853143692,0.09325313102453947,32.170501591100226,389.12,49.5,0.5779259305046552,0.42260063905890677,0.09624503569006208,-0.11877946531732983,0.05709983465354353,0.1005970206295805,0.09218354993802343,-0.057439487279103106,0.21462132621198185,0.17293568991732253
2025-08-24T17:07:12.874000,0.0,0.02580285514704883,0.09935642802156508,30.194322196736355,389.12,49.5,0.5779259305046552,0.42260063905890677,0.09624503569006208,-0.11877946531732983,0.05709983465354353,0.1005970206295805,0.09218354993802343,-0.057439487279103106,0.21462132621198185,0.17293568991732253
2025-08-24T17:07:13.884000,0.0,0.03435638593509793,0.09264165116474032,29.68427230544271,389.12,49.5,0.5779259305046552,0.42260063905890677,0.09624503569006208,-0.11877946531732983,0.05709983465354353,0.1005970206295805,0.09218354993802343,-0.057439487279103106,0.21462132621198185,0.17293568991732253
2025-08-24T17:07:14.894000,0.0,0.029368566814810038,0.09615623392164707,31.199225236343292,389.12,49.5,0.5779259305046552,0.42260063905890677,0.09624503569006208,-0.11877946531732983,0.05709983465354353,0.1005970206295805,0.09218354993802343,-0.057439487279103106,0.21462132621198185,0.17293568991732253
2025-08-24T17:07:15.864000,0.0,0.026925924932584167,0.09590554889291525,28.67404474240108,389.12,49.5,0.5779259305046552,0.42260063905890677,0.09624503569006208,-0.11877946531732983,0.05709983465354353,0.1005970206295805,0.09218354993802343,-0.057439487279103106,0.21462132621198185,0.17293568991732253
2025-08-24T17:07:16.866000,0.0,0.026992610190063715,0.09559138305485249,33.99888040258964,389.12,49.5,0.5779259305046552,0.42260063905890677,0.09624503569006208,-0.11877946531732983,0.05709983465354353,0.1005970206295805,0.09218354993802343,-0.057439487279103106,0.21462132621198185,0.17293568991732253
2025-08-24T17:07:17.865000,0.0,0.02740140608511865,0.09631136292591691,31.148972549663085,389.12,49.5,0.5779259305046552,0.42260063905890677,0.09624503569006208,-0.11877946531732983,0.05709983465354353,0.1005970206295805,0.09218354993802343,-0.057439487279103106,0.21462132621198185,0.17293568991732253
2025-08-24T17:07:18.866000,0.0,0.027488794177770615,0.09055908280424774,30.366915331335438,389.12,49.5,0.5779259305046552,0.42260063905890677,0.09624503569006208,-0.11877946531732983,0.05709983465354353,0.1005970206295805,0.09218354993802343,-0.057439487279103106,0.21462132621198185,0.17293568991732253
2025-08-24T17:07:19.895000,0.0,0.027267312863841653,0.09651404805481434,28.493261400020714,389.12,49.5,0.5779259305046552,0.42260063905890677,0.09624503569006208,-0.11877946531732983,0.05709983465354353,0.1005970206295805,0.09218354993802343,-0.057439487279103106,0.21462132621198185,0.17293568991732253
2025-08-24T17:07:20.866000,0.0,0.026966518023982644,0.09638530691154301,31.125075969859754,389.12,49.5,0.5779259305046552,0.42260063905890677,0.09624503569006208,-0.11877946531732983,0.05709983465354353,0.1005970206295805,0.09218354993802343,-0.057439487279103106,0.21462132621198185,0.17293568991732253
2025-08-24T17:07:21.865000,0.0,0.02776708989404142,0.09451362583786249,29.09633373623389,389.12,49.5,0.5779259305046552,0.42260063905890677,0.09624503569006208,-0.11877946531732983,0.05709983465354353,0.1005970206295805,0.09218354993802343,-0.057439487279103106,0.21462132621198185,0.17293568991732253
2025-08-24T17:07:22.876000,0.0,0.026189945871010423,0.0927877239882946,32.331863214777016,389.12,49.5,0.5779259305046552,0.42260063905890677,0.09624503569006208,-0.11877946531732983,0.05709983465354353,0.1005970206295805,0.09218354993802343,-0.057439487279103106,0.21462132621198185,0.17293568991732253
2025-08-24T17:07:23.875000,0.0,0.025815854081884027,0.09368253685534,32.02304400266604,389.12,49.5,0.5779259305046552,0.42260063905890677,0.09624503569006208,-0.11877946531732983,0.05709983465354353,0.1005970206295805,0.09218354993802343,-0.057439487279103106,0.21462132621198185,0.17293568991732253
2025-08-24T17:07:24.875000,0.0,0.026061872020363808,0.09391062916256487,29.28316021863268,389.12,49.5,0.5779259305046552,0.42260063905890677,0.09624503569006208,-0.11877946531732983,0.05709983465354353,0.1005970206295805,0.09218354993802343,-0.057439487279103106,0.21462132621198185,0.17293568991732253
2025-08-24T17:07:25.875000,0.0,0.025951577117666602,0.09357948112301528,26.715258195476103,389.12,49.5,0.5779259305046552,0.42260063905890677,0.09624503569006208,-0.11877946531732983,0.05709983465354353,0.1005970206295805,0.09218354993802343,-0.057439487279103106,0.21462132621198185,0.17293568991732253
2025-08-24T17:07:26.876000,0.0,0.027258720947429538,0.09276761300861835,32.33887240066549,389.12,49.5,0.5779259305046552,0.42260063905890677,0.09624503569006208,-0.11877946531732983,0.05709983465354353,0.1005970206295805,0.09218354993802343,-0.057439487279103106,0.21462132621198185,0.17293568991732253
2025-08-24T17:07:27.886000,0.0,0.027271369006484747,0.09482781100086868,28.999931254079915,389.12,49.5,0.5779259305046552,0.42260063905890677,0.09624503569006208,-0.11877946531732983,0.05709983465354353,0.1005970206295805,0.09218354993802343,-0.057439487279103106,0.21462132621198185,0.17293568991732253
2025-08-24T17:07:28.876000,0.0,0.02757814503274858,0.09075769199989736,30.3004620258874,389.12,49.5,0.5779259305046552,0.42260063905890677,0.09624503569006208,-0.11877946531732983,0.05709983465354353,0.1005970206295805,0.09218354993802343,-0.057439487279103106,0.21462132621198185,0.17293568991732253
2025-08-24T17:07:29.886000,0.0,0.027875886065885425,0.10650190804153681,28.168509420788084,389.12,49.5,0.5779259305046552,0.42260063905890677,0.09624503569006208,-0.11877946531732983,0.05709983465354353,0.1005970206295805,0.09218354993802343,-0.057439487279103106,0.21462132621198185,0.17293568991732253
2025-08-24T17:07:30.885000,0.0,0.04039979516528547,0.09279022389091551,32.33099214769376,389.12,49.5,0.5779259305046552,0.42260063905890677,0.09624503569006208,-0.11877946531732983,0.05709983465354353,0.1005970206295805,0.09218354993802343,-0.057439487279103106,0.21462132621198185,0.17293568991732253
2025-08-24T17:07:31.887000,0.0,0.02730379393324256,0.09100285801105201,30.218831145566956,389.12,49.5,0.5779259305046552,0.42260063905890677,0.09624503569006208,-0.11877946531732983,0.05709983465354353,0.1005970206295805,0.09218354993802343,-0.057439487279103106,0.21462132621198185,0.17293568991732253
2025-08-24T17:07:32.897000,0.0,0.02689612889662385,0.09114028397016227,30.173265653860454,389.12,49.5,0.5779259305046552,0.42260063905890677,0.09624503569006208,-0.11877946531732983,0.05709983465354353,0.1005970206295805,0.09218354993802343,-0.057439487279103106,0.21462132621198185,0.17293568991732253
2025-08-24T17:07:33.896000,0.0,0.027045462047681212,0.09627349185757339,31.161225609622768,389.12,49.5,0.5779259305046552,0.42260063905890677,0.09624503569006208,-0.11877946531732983,0.05709983465354353,0.1005970206295805,0.09218354993802343,-0.057439487279103106,0.21462132621198185,0.17293568991732253
2025-08-24T17:07:34.867000,0.0,0.028123903088271618,0.09318885300308466,32.19269154327538,389.12,49.5,0.5779259305046552,0.42260063905890677,0.09624503569006208,-0.11877946531732983,0.05709983465354353,0.1005970206295805,0.09218354993802343,-0.057439487279103106,0.21462132621198185,0.17293568991732253
2025-08-24T17:07:35.877000,0.0,0.026490055955946445,0.09258187189698219,29.70343916852285,389.12,49.5,0.5779259305046552,0.42260063905890677,0.09624503569006208,-0.11877946531732983,0.05709983465354353,0.1005970206295805,0.09218354993802343,-0.057439487279103106,0.21462132621198185,0.17293568991732253
2025-08-24T17:07:36.876000,0.0,0.025918260915204883,0.09110452397726476,27.44100831506265,389.12,49.5,0.5779259305046552,0.42260063905890677,0.09624503569006208,-0.11877946531732983,0.05709983465354353,0.1005970206295805,0.09218354993802343,-0.057439487279103106,0.21462132621198185,0.17293568991732253
2025-08-24T17:07:37.886000,0.0,0.027139905840158463,0.09525956818833947,28.86849113742567,389.12,49.5,0.5779259305046552,0.42260063905890677,0.09624503569006208,-0.11877946531732983,0.05709983465354353,0.1005970206295805,0.09218354993802343,-0.057439487279103106,0.21462132621198185,0.17293568991732253
2025-08-24T17:07:38.877000,0.0,0.026053074980154634,0.09959066798910499,27.61302896673843,389.12,49.5,0.5779259305046552,0.42260063905890677,0.09624503569006208,-0.11877946531732983,0.05709983465354353,0.1005970206295805,0.09218354993802343,-0.057439487279103106,0.21462132621198185,0.17293568991732253
2025-08-24T17:07:39.886000,0.0,0.035745271015912294,0.10045810998417437,27.37459425061059,389.12,49.5,0.5779259305046552,0.42260063905890677,0.09624503569006208,-0.11877946531732983,0.05709983465354353,0.1005970206295805,0.09218354993802343,-0.057439487279103106,0.21462132621198185,0.17293568991732253
2025-08-24T17:07:40.888000,0.0,0.03488214407116175,0.09465327300131321,29.053406319736258,389.12,49.5,0.5779259305046552,0.42260063905890677,0.09624503569006208,-0.11877946531732983,0.05709983465354353,0.1005970206295805,0.09218354993802343,-0.057439487279103106,0.21462132621198185,0.17293568991732253
2025-08-24T17:07:41.882000,0.0,0.030477156164124608,0.09193711401894689,29.911750323522785,389.12,49.5,0.5779259305046552,0.42260063905890677,0.09624503569006208,-0.11877946531732983,0.05709983465354353,0.1005970206295805,0.09218354993802343,-0.057439487279103106,0.21462132621198185,0.17293568991732253
2025-08-24T17:08:29.707000,0.0,,0.40879139117896557,7.950265270085387,389.12,50.0,0.4823893882795191,0.31513884828151245,0.03540405795550897,-0.082603540139342,0.08896052242425513,0.06360448028531701,0.0029792865237105205,0.10500495210567566,0.20010613738565616,0.07140112022943078,-0.027819237356710918,-0.012701956346346674,0.21536237262292074
2025-08-24T17:08:30.707000,0.0,0.03873126208782196,0.1031860071234405,29.07370954291373,389.12,50.0,0.4823893882795191,0.31513884828151245,0.03540405795550897,-0.082603540139342,0.08896052242425513,0.06360448028531701,0.0029792865237105205,0.10500495210567566,0.20010613738565616,0.07140112022943078,-0.027819237356710918,-0.012701956346346674,0.21536237262292074
2025-08-24T17:08:31.718000,0.0,0.035407327115535736,0.1032176180742681,33.90893982344818,389.12,50.0,0.4823893882795191,0.31513884828151245,0.03540405795550897,-0.082603540139342,0.08896052242425513,0.06360448028531701,0.0029792865237105205,0.10500495210567566,0.20010613738565616,0.07140112022943078,-0.027819237356710918,-0.012701956346346674,0.21536237262292074
2025-08-24T17:08:32.717000,0.0,0.03544584498740733,0.10398344905115664,28.850745261624024,389.12,50.0,0.4823893882795191,0.31513884828151245,0.03540405795550897,-0.082603540139342,0.08896052242425513,0.06360448028531701,0.0029792865237105205,0.10500495210567566,0.20010613738565616,0.07140112022943078,-0.027819237356710918,-0.012701956346346674,0.21536237262292074
2025-08-24T17:08:33.717000,0.0,0.03634786116890609,0.10244167596101761,29.284956262738444,389.12,50.0,0.4823893882795191,0.31513884828151245,0.03540405795550897,-0.082603540139342,0.08896052242425513,0.06360448028531701,0.0029792865237105205,0.10500495210567566,0.20010613738565616,0.07140112022943078,-0.027819237356710918,-0.012701956346346674,0.21536237262292074
2025-08-24T17:08:34.708000,0.0,0.03538623405620456,0.10244682407937944,29.283484646390974,389.12,50.0,0.4823893882795191,0.31513884828151245,0.03540405795550897,-0.082603540139342,0.08896052242425513,0.06360448028531701,0.0029792865237105205,0.10500495210567566,0.20010613738565616,0.07140112022943078,-0.027819237356710918,-0.012701956346346674,0.21536237262292074
2025-08-24T17:08:35.718000,0.0,0.03460912499576807,0.0984377060085535,33.01580392088347,389.12,50.0,0.4823893882795191,0.31513884828151245,0.03540405795550897,-0.082603540139342,0.08896052242425513,0.06360448028531701,0.0029792865237105205,0.10500495210567566,0.20010613738565616,0.07140112022943078,-0.027819237356710918,-0.012701956346346674,0.21536237262292074
2025-08-24T17:08:36.728000,0.0,0.03464966197498143,0.09866255684755743,32.940561281232185,389.12,50.0,0.4823893882795191,0.31513884828151245,0.03540405795550897,-0.082603540139342,0.08896052242425513,0.06360448028531701,0.0029792865237105205,0.10500495210567566,0.20010613738565616,0.07140112022943078,-0.027819237356710918,-0.012701956346346674,0.21536237262292074
2025-08-24T17:08:37.738000,0.0,0.0349916061386466,0.10051977285183966,29.84487444496922,389.12,50.0,0.4823893882795191,0.31513884828151245,0.03540405795550897,-0.082603540139342,0.08896052242425513,0.06360448028531701,0.0029792865237105205,0.10500495210567566,0.20010613738565616,0.07140112022943078,-0.027819237356710918,-0.012701956346346674,0.21536237262292074
2025-08-24T17:08:38.717000,0.0,0.03349879500456154,0.1000478861387819,32.48444445384649,389.12,50.0,0.4823893882795191,0.31513884828151245,0.03540405795550897,-0.082603540139342,0.08896052242425513,0.06360448028531701,0.0029792865237105205,0.10500495210567566,0.20010613738565616,0.07140112022943078,-0.027819237356710918,-0.012701956346346674,0.21536237262292074
2025-08-24T17:08:39.727000,0.0,0.0349010128993541,0.09702969016507268,33.49490237957971,389.12,50.0,0.4823893882795191,0.31513884828151245,0.03540405795550897,-0.082603540139342,0.08896052242425513,0.06360448028531701,0.0029792865237105205,0.10500495210567566,0.20010613738565616,0.07140112022943078,-0.027819237356710918,-0.012701956346346674,0.21536237262292074
2025-08-24T17:08:40.739000,0.0,0.034171681851148605,0.10410433798097074,31.218679865137254,389.12,50.0,0.4823893882795191,0.31513884828151245,0.03540405795550897,-0.082603540139342,0.08896052242425513,0.06360448028531701,0.0029792865237105205,0.10500495210567566,0.20010613738565616,0.07140112022943078,-0.027819237356710918,-0.012701956346346674,0.21536237262292074
2025-08-24T17:08:41.700000,0.0,0.03454416198655963,0.10295495088212192,29.138958100566853,389.12,50.0,0.4823893882795191,0.31513884828151245,0.03540405795550897,-0.082603540139342,0.08896052242425513,0.06360448028531701,0.0029792865237105205,0.10500495210567566,0.20010613738565616,0.07140112022943078,-0.027819237356710918,-0.012701956346346674,0.21536237262292074
2025-08-24T17:08:42.710000,0.0,0.03515627095475793,0.1044086329638958,31.127694212065926,389.12,50.0,0.4823893882795191,0.31513884828151245,0.03540405795550897,-0.082603540139342,0.08896052242425513,0.06360448028531701,0.0029792865237105205,0.10500495210567566,0.20010613738565616,0.07140112022943078,-0.027819237356710918,-0.012701956346346674,0.21536237262292074
2025-08-24T17:08:43.701000,0.0,0.034702884033322334,0.10480042803101242,28.625837282957168,389.12,50.0,0.4823893882795191,0.31513884828151245,0.03540405795550897,-0.082603540139342,0.08896052242425513,0.06360448028531701,0.0029792865237105205,0.10500495210567566,0.20010613738565616,0.07140112022943078,-0.027819237356710918,-0.012701956346346674,0.21536237262292074
2025-08-24T17:08:44.700000,0.0,0.036172620952129364,0.10403541196137667,31.239363008497413,389.12,50.0,0.4823893882795191,0.31513884828151245,0.03540405795550897,-0.082603540139342,0.08896052242425513,0.06360448028531701,0.0029792865237105205,0.10500495210567566,0.20010613738565616,0.07140112022943078,-0.027819237356710918,-0.012701956346346674,0.21536237262292074
2025-08-24T17:08:45.700000,0.0,0.034439106937497854,0.1025380629580468,31.69554706070222,389.12,50.0,0.4823893882795191,0.31513884828151245,0.03540405795550897,-0.082603540139342,0.08896052242425513,0.06360448028531701,0.0029792865237105205,0.10500495210567566,0.20010613738565616,0.07140112022943078,-0.027819237356710918,-0.012701956346346674,0.21536237262292074
2025-08-24T17:08:46.711000,0.0,0.03495710506103933,0.1003504958935082,32.386486694085406,389.12,50.0,0.4823893882795191,0.31513884828151245,0.03540405795550897,-0.082603540139342,0.08896052242425513,0.06360448028531701,0.0029792865237105205,0.10500495210567566,0.20010613738565616,0.07140112022943078,-0.027819237356710918,-0.012701956346346674,0.21536237262292074
2025-08-24T17:08:47.731000,0.0,0.03623061999678612,0.1051578710321337,30.905912872721185,389.12,50.0,0.4823893882795191,0.31513884828151245,0.03540405795550897,-0.082603540139342,0.08896052242425513,0.06360448028531701,0.0029792865237105205,0.10500495210567566,0.20010613738565616,0.07140112022943078,-0.027819237356710918,-0.012701956346346674,0.21536237262292074
2025-08-24T17:08:48.701000,0.0,0.035244975006207824,0.10206573200412095,31.842224968011784,389.12,50.0,0.4823893882795191,0.31513884828151245,0.03540405795550897,-0.082603540139342,0.08896052242425513,0.06360448028531701,0.0029792865237105205,0.10500495210567566,0.20010613738565616,0.07140112022943078,-0.027819237356710918,-0.012701956346346674,0.21536237262292074
2025-08-24T17:08:49.711000,0.0,0.035092993872240186,0.10191302886232734,29.436864289969012,389.12,50.0,0.4823893882795191,0.31513884828151245,0.03540405795550897,-0.082603540139342,0.08896052242425513,0.06360448028531701,0.0029792865237105205,0.10500495210567566,0.20010613738565616,0.07140112022943078,-0.027819237356710918,-0.012701956346346674,0.21536237262292074
2025-08-24T17:08:50.711000,0.0,0.034558866173028946,0.1023830829653889,29.301715802152923,389.12,50.0,0.4823893882795191,0.31513884828151245,0.03540405795550897,-0.082603540139342,0.08896052242425513,0.06360448028531701,0.0029792865237105205,0.10500495210567566,0.20010613738565616,0.07140112022943078,-0.027819237356710918,-0.012701956346346674,0.21536237262292074
2025-08-24T17:08:51.711000,0.0,0.033679219894111156,0.10003618197515607,27.49005355565196,389.12,50.0,0.4823893882795191,0.31513884828151245,0.03540405795550897,-0.082603540139342,0.08896052242425513,0.06360448028531701,0.0029792865237105205,0.10500495210567566,0.20010613738565616,0.07140112022943078,-0.027819237356710918,-0.012701956346346674,0.21536237262292074
2025-08-24T17:08:52.722000,0.0,0.035010604886338115,0.10108029004186392,29.67937664956681,389.12,50.0,0.4823893882795191,0.31513884828151245,0.03540405795550897,-0.082603540139342,0.08896052242425513,0.06360448028531701,0.0029792865237105205,0.10500495210567566,0.20010613738565616,0.07140112022943078,-0.027819237356710918,-0.012701956346346674,0.21536237262292074
2025-08-24T17:08:53.721000,0.0,0.03495932719670236,0.09962518303655088,30.112868137962394,389.12,50.0,0.4823893882795191,0.31513884828151245,0.03540405795550897,-0.082603540139342,0.08896052242425513,0.06360448028531701,0.0029792865237105205,0.10500495210567566,0.20010613738565616,0.07140112022943078,-0.027819237356710918,-0.012701956346346674,0.21536237262292074
2025-08-24T17:08:54.731000,0.0,0.03500686399638653,0.09975173813290894,27.568441928659865,389.12,50.0,0.4823893882795191,0.31513884828151245,0.03540405795550897,-0.082603540139342,0.08896052242425513,0.06360448028531701,0.0029792865237105205,0.10500495210567566,0.20010613738565616,0.07140112022943078,-0.027819237356710918,-0.012701956346346674,0.21536237262292074
2025-08-24T17:08:55.732000,0.0,0.03534215991385281,0.1062076820526272,30.60042303144852,389.12,50.0,0.4823893882795191,0.31513884828151245,0.03540405795550897,-0.082603540139342,0.08896052242425513,0.06360448028531701,0.0029792865237105205,0.10500495210567566,0.20010613738565616,0.07140112022943078,-0.027819237356710918,-0.012701956346346674,0.21536237262292074
2025-08-24T17:08:56.701000,0.0,0.03543860395438969,0.10351311601698399,31.396987406569128,389.12,50.0,0.4823893882795191,0.31513884828151245,0.03540405795550897,-0.082603540139342,0.08896052242425513,0.06360448028531701,0.0029792865237105205,0.10500495210567566,0.20010613738565616,0.07140112022943078,-0.027819237356710918,-0.012701956346346674,0.21536237262292074
2025-08-24T17:08:57.702000,0.0,0.03444040287286043,0.10583507316187024,30.708156595964432,389.12,50.0,0.4823893882795191,0.31513884828151245,0.03540405795550897,-0.082603540139342,0.08896052242425513,0.06360448028531701,0.0029792865237105205,0.10500495210567566,0.20010613738565616,0.07140112022943078,-0.027819237356710918,-0.012701956346346674,0.21536237262292074
2025-08-24T17:08:58.702000,0.0,0.03588399104773998,0.1035892078652978,31.37392462954357,389.12,50.0,0.4823893882795191,0.31513884828151245,0.03540405795550897,-0.082603540139342,0.08896052242425513,0.06360448028531701,0.0029792865237105205,0.10500495210567566,0.20010613738565616,0.07140112022943078,-0.027819237356710918,-0.012701956346346674,0.21536237262292074
2025-08-24T17:08:59.703000,0.0,0.03505408717319369,0.10500957514159381,30.949558605657714,389.12,50.0,0.4823893882795191,0.31513884828151245,0.03540405795550897,-0.082603540139342,0.08896052242425513,0.06360448028531701,0.0029792865237105205,0.10500495210567566,0.20010613738565616,0.07140112022943078,-0.027819237356710918,-0.012701956346346674,0.21536237262292074
2025-08-24T17:09:00.703000,0.0,0.03492127195931971,0.1032803209964186,29.04715991446284,389.12,50.0,0.4823893882795191,0.31513884828151245,0.03540405795550897,-0.082603540139342,0.08896052242425513,0.06360448028531701,0.0029792865237105205,0.10500495210567566,0.20010613738565616,0.07140112022943078,-0.027819237356710918,-0.012701956346346674,0.21536237262292074
2025-08-24T17:09:01.712000,0.0,0.034811605932191014,0.10493162996135652,28.59004478539745,389.12,49.9,0.4823893882795191,0.31513884828151245,0.03540405795550897,-0.082603540139342,0.08896052242425513,0.06360448028531701,0.0029792865237105205,0.10500495210567566,0.20010613738565616,0.07140112022943078,-0.027819237356710918,-0.012701956346346674,0.21536237262292074
2025-08-24T17:09:02.713000,0.0,0.035591900115832686,0.10395207814872265,33.669360558550146,389.12,49.9,0.4823893882795191,0.31513884828151245,0.03540405795550897,-0.082603540139342,0.08896052242425513,0.06360448028531701,0.0029792865237105205,0.10500495210567566,0.20010613738565616,0.07140112022943078,-0.027819237356710918,-0.012701956346346674,0.21536237262292074
2025-08-24T17:09:03.712000,0.0,0.035290956031531096,0.10354743106290698,33.80093512772614,389.12,49.9,0.4823893882795191,0.31513884828151245,0.03540405795550897,-0.082603540139342,0.08896052242425513,0.06360448028531701,0.0029792865237105205,0.10500495210567566,0.20010613738565616,0.07140112022943078,-0.027819237356710918,-0.012701956346346674,0.21536237262292074
2025-08-24T17:09:04.713000,0.0,0.03474642103537917,0.10211888002231717,31.825652604980746,389.12,49.9,0.4823893882795191,0.31513884828151245,0.03540405795550897,-0.082603540139342,0.08896052242425513,0.06360448028531701,0.0029792865237105205,0.10500495210567566,0.20010613738565616,0.07140112022943078,-0.027819237356710918,-0.012701956346346674,0.21536237262292074
2025-08-24T17:09:05.712000,0.0,0.03449042094871402,0.10464809508994222,28.667507014070402,389.12,49.9,0.4823893882795191,0.31513884828151245,0.03540405795550897,-0.082603540139342,0.08896052242425513,0.06360448028531701,0.0029792865237105205,0.10500495210567566,0.20010613738565616,0.07140112022943078,-0.027819237356710918,-0.012701956346346674,0.21536237262292074
2025-08-24T17:09:06.704000,0.0,0.03566576889716089,0.10374948615208268,28.915805863388496,389.12,49.9,0.4823893882795191,0.31513884828151245,0.03540405795550897,-0.082603540139342,0.08896052242425513,0.06360448028531701,0.0029792865237105205,0.10500495210567566,0.20010613738565616,0.07140112022943078,-0.027819237356710918,-0.012701956346346674,0.21536237262292074
2025-08-24T17:09:07.702000,0.0,0.03452188498340547,0.10493738995864987,30.970848439060887,389.12,49.9,0.4823893882795191,0.31513884828151245,0.03540405795550897,-0.082603540139342,0.08896052242425513,0.06360448028531701,0.0029792865237105205,0.10500495210567566,0.20010613738565616,0.07140112022943078,-0.027819237356710918,-0.012701956346346674,0.21536237262292074
2025-08-24T17:09:08.703000,0.0,0.035403937101364136,0.10633968189358711,30.562438613011956,389.12,50.3,0.4823893882795191,0.31513884828151245,0.03540405795550897,-0.082603540139342,0.08896052242425513,0.06360448028531701,0.0029792865237105205,0.10500495210567566,0.20010613738565616,0.07140112022943078,-0.027819237356710918,-0.012701956346346674,0.21536237262292074
2025-08-24T17:09:09.702000,0.0,0.03545247483998537,0.10457283514551818,33.46949516219574,389.12,50.3,0.4823893882795191,0.31513884828151245,0.03540405795550897,-0.082603540139342,0.08896052242425513,0.06360448028531701,0.0029792865237105205,0.10500495210567566,0.20010613738565616,0.07140112022943078,-0.027819237356710918,-0.012701956346346674,0.21536237262292074
2025-08-24T17:09:10.703000,0.0,0.03469136613421142,0.10316487611271441,33.926275413504435,389.12,50.3,0.4823893882795191,0.31513884828151245,0.03540405795550897,-0.082603540139342,0.08896052242425513,0.06360448028531701,0.0029792865237105205,0.10500495210567566,0.20010613738565616,0.07140112022943078,-0.027819237356710918,-0.012701956346346674,0.21536237262292074
2025-08-24T17:09:11.714000,0.0,0.034760420909151435,0.10112034413032234,29.667620554511476,389.12,50.3,0.4823893882795191,0.31513884828151245,0.03540405795550897,-0.082603540139342,0.08896052242425513,0.06360448028531701,0.0029792865237105205,0.10500495210567566,0.20010613738565616,0.07140112022943078,-0.027819237356710918,-0.012701956346346674,0.21536237262292074
2025-08-24T17:09:12.713000,0.0,0.03473273501731455,0.10135258384980261,32.066276719853995,389.12,50.3,0.4823893882795191,0.31513884828151245,0.03540405795550897,-0.082603540139342,0.08896052242425513,0.06360448028531701,0.0029792865237105205,0.10500495210567566,0.20010613738565616,0.07140112022943078,-0.027819237356710918,-0.012701956346346674,0.21536237262292074
2025-08-24T17:10:04.865000,0.0,,0.42924231896176934,9.318745667190996,389.12,49.8,0.4330448133364777,0.3740378910670337,0.10824495277793358,-0.07956768931854721,0.05959661057393911,0.07421782619753396,0.11439124024629979,0.027447403498042425,0.21058815772154454,0.059204095554842316,-0.00514433783751226,0.010847369709375144,0.20357442442511936,0.09206732871752507,0.21145446372307924,0.23136254093394518
2025-08-24T17:10:05.865000,0.0,0.059344480047002435,0.13495091395452619,27.78788146083716,389.12,49.8,0.4330448133364777,0.3740378910670337,0.10824495277793358,-0.07956768931854721,0.05959661057393911,0.07421782619753396,0.11439124024629979,0.027447403498042425,0.21058815772154454,0.059204095554842316,-0.00514433783751226,0.010847369709375144,0.20357442442511936,0.09206732871752507,0.21145446372307924,0.23136254093394518
2025-08-24T17:10:06.856000,0.0,0.06499887094832957,0.13320206594653428,30.029564268211544,389.12,49.8,0.4330448133364777,0.3740378910670337,0.10824495277793358,-0.07956768931854721,0.05959661057393911,0.07421782619753396,0.11439124024629979,0.027447403498042425,0.21058815772154454,0.059204095554842316,-0.00514433783751226,0.010847369709375144,0.20357442442511936,0.09206732871752507,0.21145446372307924,0.23136254093394518
2025-08-24T17:10:07.857000,0.0,0.04466331796720624,0.11288201296702027,33.22052735802619,389.12,49.8,0.4330448133364777,0.3740378910670337,0.10824495277793358,-0.07956768931854721,0.05959661057393911,0.07421782619753396,0.11439124024629979,0.027447403498042425,0.21058815772154454,0.059204095554842316,-0.00514433783751226,0.010847369709375144,0.20357442442511936,0.09206732871752507,0.21145446372307924,0.23136254093394518
2025-08-24T17:10:08.856000,0.0,0.0431912480853498,0.12898419005796313,29.073330602105447,389.12,49.8,0.4330448133364777,0.3740378910670337,0.10824495277793358,-0.07956768931854721,0.05959661057393911,0.07421782619753396,0.11439124024629979,0.027447403498042425,0.21058815772154454,0.059204095554842316,-0.00514433783751226,0.010847369709375144,0.20357442442511936,0.09206732871752507,0.21145446372307924,0.23136254093394518
2025-08-24T17:10:09.857000,0.0,0.059118906036019325,0.14562803111039102,29.18394190729941,389.12,49.8,0.4330448133364777,0.3740378910670337,0.10824495277793358,-0.07956768931854721,0.05959661057393911,0.07421782619753396,0.11439124024629979,0.027447403498042425,0.21058815772154454,0.059204095554842316,-0.00514433783751226,0.010847369709375144,0.20357442442511936,0.09206732871752507,0.21145446372307924,0.23136254093394518
2025-08-24T17:10:10.857000,0.0,0.0558675080537796,0.10770517587661743,32.49611702978387,389.12,49.8,0.4330448133364777,0.3740378910670337,0.10824495277793358,-0.07956768931854721,0.05959661057393911,0.07421782619753396,0.11439124024629979,0.027447403498042425,0.21058815772154454,0.059204095554842316,-0.00514433783751226,0.010847369709375144,0.20357442442511936,0.09206732871752507,0.21145446372307924,0.23136254093394518
2025-08-24T17:10:11.886000,0.0,0.042790581937879324,0.1077376389876008,30.16587360313374,389.12,49.8,0.4330448133364777,0.3740378910670337,0.10824495277793358,-0.07956768931854721,0.05959661057393911,0.07421782619753396,0.11439124024629979,0.027447403498042425,0.21058815772154454,0.059204095554842316,-0.00514433783751226,0.010847369709375144,0.20357442442511936,0.09206732871752507,0.21145446372307924,0.23136254093394518
2025-08-24T17:10:12.888000,0.0,0.042317565996199846,0.10798550816252828,32.41175653618394,389.12,49.8,0.4330448133364777,0.3740378910670337,0.10824495277793358,-0.07956768931854721,0.05959661057393911,0.07421782619753396,0.11439124024629979,0.027447403498042425,0.21058815772154454,0.059204095554842316,-0.00514433783751226,0.010847369709375144,0.20357442442511936,0.09206732871752507,0.21145446372307924,0.23136254093394518
2025-08-24T17:10:13.887000,0.0,0.04258449003100395,0.10885372804477811,34.44989957952899,389.12,49.8,0.4330448133364777,0.3740378910670337,0.10824495277793358,-0.07956768931854721,0.05959661057393911,0.07421782619753396,0.11439124024629979,0.027447403498042425,0.21058815772154454,0.059204095554842316,-0.00514433783751226,0.010847369709375144,0.20357442442511936,0.09206732871752507,0.21145446372307924,0.23136254093394518
2025-08-24T17:10:14.876000,0.0,0.04213214013725519,0.10844996990635991,32.27294579262729,389.12,49.8,0.4330448133364777,0.3740378910670337,0.10824495277793358,-0.07956768931854721,0.05959661057393911,0.07421782619753396,0.11439124024629979,0.027447403498042425,0.21058815772154454,0.059204095554842316,-0.00514433783751226,0.010847369709375144,0.20357442442511936,0.09206732871752507,0.21145446372307924,0.23136254093394518
2025-08-24T17:10:15.877000,0.0,0.04280200810171664,0.10822713701054454,30.029437068851017,389.12,49.8,0.4330448133364777,0.3740378910670337,0.10824495277793358,-0.07956768931854721,0.05959661057393911,0.07421782619753396,0.11439124024629979,0.027447403498042425,0.21058815772154454,0.059204095554842316,-0.00514433783751226,0.010847369709375144,0.20357442442511936,0.09206732871752507,0.21145446372307924,0.23136254093394518
2025-08-24T17:10:16.887000,0.0,0.04293652600608766,0.10770658310502768,30.174571565702813,389.12,49.8,0.4330448133364777,0.3740378910670337,0.10824495277793358,-0.07956768931854721,0.05959661057393911,0.07421782619753396,0.11439124024629979,0.027447403498042425,0.21058815772154454,0.059204095554842316,-0.00514433783751226,0.010847369709375144,0.20357442442511936,0.09206732871752507,0.21145446372307924,0.23136254093394518
2025-08-24T17:10:17.887000,0.0,0.04218443506397307,0.1130560499150306,33.169388129325164,389.12,49.8,0.4330448133364777,0.3740378910670337,0.10824495277793358,-0.07956768931854721,0.05959661057393911,0.07421782619753396,0.11439124024629979,0.027447403498042425,0.21058815772154454,0.059204095554842316,-0.00514433783751226,0.010847369709375144,0.20357442442511936,0.09206732871752507,0.21145446372307924,0.23136254093394518
2025-08-24T17:10:18.857000,0.0,0.04272665688768029,0.11304082698188722,30.962264638782077,389.12,49.8,0.4330448133364777,0.3740378910670337,0.10824495277793358,-0.07956768931854721,0.05959661057393911,0.07421782619753396,0.11439124024629979,0.027447403498042425,0.21058815772154454,0.059204095554842316,-0.00514433783751226,0.010847369709375144,0.20357442442511936,0.09206732871752507,0.21145446372307924,0.23136254093394518
2025-08-24T17:10:19.858000,0.0,0.04255528701469302,0.1063569390680641,32.9080549954541,389.12,49.8,0.4330448133364777,0.3740378910670337,0.10824495277793358,-0.07956768931854721,0.05959661057393911,0.07421782619753396,0.11439124024629979,0.027447403498042425,0.21058815772154454,0.059204095554842316,-0.00514433783751226,0.010847369709375144,0.20357442442511936,0.09206732871752507,0.21145446372307924,0.23136254093394518
2025-08-24T17:10:20.887000,0.0,0.04190325201489031,0.11150251678191125,31.38942600592321,389.12,49.8,0.4330448133364777,0.3740378910670337,0.10824495277793358,-0.07956768931854721,0.05959661057393911,0.07421782619753396,0.11439124024629979,0.027447403498042425,0.21058815772154454,0.059204095554842316,-0.00514433783751226,0.010847369709375144,0.20357442442511936,0.09206732871752507,0.21145446372307924,0.23136254093394518
2025-08-24T17:10:21.858000,0.0,0.04227219498716295,0.10952081880532205,31.95739438564109,389.12,49.8,0.4330448133364777,0.3740378910670337,0.10824495277793358,-0.07956768931854721,0.05959661057393911,0.07421782619753396,0.11439124024629979,0.027447403498042425,0.21058815772154454,0.059204095554842316,-0.00514433783751226,0.010847369709375144,0.20357442442511936,0.09206732871752507,0.21145446372307924,0.23136254093394518
2025-08-24T17:10:22.877000,0.0,0.04202119493857026,0.11000091000460088,29.54521012475298,389.12,49.8,0.4330448133364777,0.3740378910670337,0.10824495277793358,-0.07956768931854721,0.05959661057393911,0.07421782619753396,0.11439124024629979,0.027447403498042425,0.21058815772154454,0.059204095554842316,-0.00514433783751226,0.010847369709375144,0.20357442442511936,0.09206732871752507,0.21145446372307924,0.23136254093394518
2025-08-24T17:10:23.879000,0.0,0.04277634108439088,0.10734349093399942,30.276637844751477,389.12,49.8,0.4330448133364777,0.3740378910670337,0.10824495277793358,-0.07956768931854721,0.05959661057393911,0.07421782619753396,0.11439124024629979,0.027447403498042425,0.21058815772154454,0.059204095554842316,-0.00514433783751226,0.010847369709375144,0.20357442442511936,0.09206732871752507,0.21145446372307924,0.23136254093394518
2025-08-24T17:10:24.887000,0.0,0.042859229957684875,0.10862532095052302,32.22084841152464,389.12,49.8,0.4330448133364777,0.3740378910670337,0.10824495277793358,-0.07956768931854721,0.05959661057393911,0.07421782619753396,0.11439124024629979,0.027447403498042425,0.21058815772154454,0.059204095554842316,-0.00514433783751226,0.010847369709375144,0.20357442442511936,0.09206732871752507,0.21145446372307924,0.23136254093394518
2025-08-24T17:10:25.887000,0.0,0.04258450889028609,0.10793263791128993,32.42763326952753,389.12,49.8,0.4330448133364777,0.3740378910670337,0.10824495277793358,-0.07956768931854721,0.05959661057393911,0.07421782619753396,0.11439124024629979,0.027447403498042425,0.21058815772154454,0.059204095554842316,-0.00514433783751226,0.010847369709375144,0.20357442442511936,0.09206732871752507,0.21145446372307924,0.23136254093394518
2025-08-24T17:10:26.888000,0.0,0.042953155003488064,0.11211966210976243,31.216647768466427,389.12,49.8,0.4330448133364777,0.3740378910670337,0.10824495277793358,-0.07956768931854721,0.05959661057393911,0.07421782619753396,0.11439124024629979,0.027447403498042425,0.21058815772154454,0.059204095554842316,-0.00514433783751226,0.010847369709375144,0.20357442442511936,0.09206732871752507,0.21145446372307924,0.23136254093394518
2025-08-24T17:10:27.858000,0.0,0.04225723189301789,0.11307180696167052,33.164765831248744,389.12,49.8,0.4330448133364777,0.3740378910670337,0.10824495277793358,-0.07956768931854721,0.05959661057393911,0.07421782619753396,0.11439124024629979,0.027447403498042425,0.21058815772154454,0.059204095554842316,-0.00514433783751226,0.010847369709375144,0.20357442442511936,0.09206732871752507,0.21145446372307924,0.23136254093394518
2025-08-24T17:10:28.858000,0.0,0.04289482184685767,0.10829700715839863,32.31852930968549,389.12,49.8,0.4330448133364777,0.3740378910670337,0.10824495277793358,-0.07956768931854721,0.05959661057393911,0.07421782619753396,0.11439124024629979,0.027447403498042425,0.21058815772154454,0.059204095554842316,-0.00514433783751226,0.010847369709375144,0.20357442442511936,0.09206732871752507,0.21145446372307924,0.23136254093394518
2025-08-24T17:10:29.857000,0.0,0.04224004689604044,0.11310677090659738,30.944212905611856,389.12,49.8,0.4330448133364777,0.3740378910670337,0.10824495277793358,-0.07956768931854721,0.05959661057393911,0.07421782619753396,0.11439124024629979,0.027447403498042425,0.21058815772154454,0.059204095554842316,-0.00514433783751226,0.010847369709375144,0.20357442442511936,0.09206732871752507,0.21145446372307924,0.23136254093394518
2025-08-24T17:10:30.858000,0.0,0.04324500588700175,0.11150975688360631,33.629344236794424,389.12,49.8,0.4330448133364777,0.3740378910670337,0.10824495277793358,-0.07956768931854721,0.05959661057393911,0.07421782619753396,0.11439124024629979,0.027447403498042425,0.21058815772154454,0.059204095554842316,-0.00514433783751226,0.010847369709375144,0.20357442442511936,0.09206732871752507,0.21145446372307924,0.23136254093394518
2025-08-24T17:10:31.857000,0.0,0.04293271084316075,0.10770791582763195,32.495290370311906,389.12,49.8,0.4330448133364777,0.3740378910670337,0.10824495277793358,-0.07956768931854721,0.05959661057393911,0.07421782619753396,0.11439124024629979,0.027447403498042425,0.21058815772154454,0.059204095554842316,-0.00514433783751226,0.010847369709375144,0.20357442442511936,0.09206732871752507,0.21145446372307924,0.23136254093394518
2025-08-24T17:10:32.879000,0.0,0.04232969507575035,0.10905070812441409,29.80264920693688,389.12,49.8,0.4330448133364777,0.3740378910670337,0.10824495277793358,-0.07956768931854721,0.05959661057393911,0.07421782619753396,0.11439124024629979,0.027447403498042425,0.21058815772154454,0.059204095554842316,-0.00514433783751226,0.010847369709375144,0.20357442442511936,0.09206732871752507,0.21145446372307924,0.23136254093394518
2025-08-24T17:10:33.878000,0.0,0.04253643401898444,0.1123312171548605,31.15785699334935,389.12,49.8,0.4330448133364777,0.3740378910670337,0.10824495277793358,-0.07956768931854721,0.05959661057393911,0.07421782619753396,0.11439124024629979,0.027447403498042425,0.21058815772154454,0.059204095554842316,-0.00514433783751226,0.010847369709375144,0.20357442442511936,0.09206732871752507,0.21145446372307924,0.23136254093394518
2025-08-24T17:10:34.869000,0.0,0.04262669384479523,0.11087109195068479,31.568192740058937,389.12,49.8,0.4330448133364777,0.3740378910670337,0.10824495277793358,-0.07956768931854721,0.05959661057393911,0.07421782619753396,0.11439124024629979,0.027447403498042425,0.21058815772154454,0.059204095554842316,-0.00514433783751226,0.010847369709375144,0.20357442442511936,0.09206732871752507,0.21145446372307924,0.23136254093394518
2025-08-24T17:10:35.868000,0.0,0.04254475003108382,0.11215755087323487,33.43510954726865,389.12,49.8,0.4330448133364777,0.3740378910670337,0.10824495277793358,-0.07956768931854721,0.05959661057393911,0.07421782619753396,0.11439124024629979,0.027447403498042425,0.21058815772154454,0.059204095554842316,-0.00514433783751226,0.010847369709375144,0.20357442442511936,0.09206732871752507,0.21145446372307924,0.23136254093394518
2025-08-24T17:10:36.868000,0.0,0.04299272899515927,0.11139692319557071,31.41918016761786,389.12,49.8,0.4330448133364777,0.3740378910670337,0.10824495277793358,-0.07956768931854721,0.05959661057393911,0.07421782619753396,0.11439124024629979,0.027447403498042425,0.21058815772154454,0.059204095554842316,-0.00514433783751226,0.010847369709375144,0.20357442442511936,0.09206732871752507,0.21145446372307924,0.23136254093394518
2025-08-24T17:10:37.868000,0.0,0.0430467480327934,0.11214651400223374,31.20917338483032,389.12,49.8,0.4330448133364777,0.3740378910670337,0.10824495277793358,-0.07956768931854721,0.05959661057393911,0.07421782619753396,0.11439124024629979,0.027447403498042425,0.21058815772154454,0.059204095554842316,-0.00514433783751226,0.010847369709375144,0.20357442442511936,0.09206732871752507,0.21145446372307924,0.23136254093394518
2025-08-24T17:10:38.868000,0.0,0.042575618950650096,0.11238956893794239,33.36608579814542,389.12,49.8,0.4330448133364777,0.3740378910670337,0.10824495277793358,-0.07956768931854721,0.05959661057393911,0.07421782619753396,0.11439124024629979,0.027447403498042425,0.21058815772154454,0.059204095554842316,-0.00514433783751226,0.010847369709375144,0.20357442442511936,0.09206732871752507,0.21145446372307924,0.23136254093394518
2025-08-24T17:10:39.870000,0.0,0.04269069293513894,0.12548864306882024,29.8831823206781,389.12,49.8,0.4330448133364777,0.3740378910670337,0.10824495277793358,-0.07956768931854721,0.05959661057393911,0.07421782619753396,0.11439124024629979,0.027447403498042425,0.21058815772154454,0.059204095554842316,-0.00514433783751226,0.010847369709375144,0.20357442442511936,0.09206732871752507,0.21145446372307924,0.23136254093394518
2025-08-24T17:10:40.868000,0.0,0.04352611699141562,0.1117920340038836,31.30813417240826,389.12,49.8,0.4330448133364777,0.3740378910670337,0.10824495277793358,-0.07956768931854721,0.05959661057393911,0.07421782619753396,0.11439124024629979,0.027447403498042425,0.21058815772154454,0.059204095554842316,-0.00514433783751226,0.010847369709375144,0.20357442442511936,0.09206732871752507,0.21145446372307924,0.23136254093394518
2025-08-24T17:10:41.863000,0.0,0.042652470991015434,0.11094114696606994,29.29481160848238,389.12,49.8,0.4330448133364777,0.3740378910670337,0.10824495277793358,-0.07956768931854721,0.05959661057393911,0.07421782619753396,0.11439124024629979,0.027447403498042425,0.21058815772154454,0.059204095554842316,-0.00514433783751226,0.010847369709375144,0.20357442442511936,0.09206732871752507,0.21145446372307924,0.23136254093394518
2025-08-24T17:10:42.864000,0.0,0.042856043903157115,0.1264271589461714,29.66134833099108,389.12,49.8,0.4330448133364777,0.3740378910670337,0.10824495277793358,-0.07956768931854721,0.05959661057393911,0.07421782619753396,0.11439124024629979,0.027447403498042425,0.21058815772154454,0.059204095554842316,-0.00514433783751226,0.010847369709375144,0.20357442442511936,0.09206732871752507,0.21145446372307924,0.23136254093394518
2025-08-24T17:10:43.882000,0.0,0.06121441815048456,0.11144903511740267,33.64766681066048,389.12,49.8,0.4330448133364777,0.3740378910670337,0.10824495277793358,-0.07956768931854721,0.05959661057393911,0.07421782619753396,0.11439124024629979,0.027447403498042425,0.21058815772154454,0.059204095554842316,-0.00514433783751226,0.010847369709375144,0.20357442442511936,0.09206732871752507,0.21145446372307924,0.23136254093394518
2025-08-24T17:10:44.883000,0.0,0.044860594207420945,0.10690228804014623,32.740178570224984,389.12,49.8,0.4330448133364777,0.3740378910670337,0.10824495277793358,-0.07956768931854721,0.05959661057393911,0.07421782619753396,0.11439124024629979,0.027447403498042425,0.21058815772154454,0.059204095554842316,-0.00514433783751226,0.010847369709375144,0.20357442442511936,0.09206732871752507,0.21145446372307924,0.23136254093394518
2025-08-24T17:10:45.893000,0.0,0.04237408307380974,0.10627647489309311,32.93297038239908,389.12,49.8,0.4330448133364777,0.3740378910670337,0.10824495277793358,-0.07956768931854721,0.05959661057393911,0.07421782619753396,0.11439124024629979,0.027447403498042425,0.21058815772154454,0.059204095554842316,-0.00514433783751226,0.010847369709375144,0.20357442442511936,0.09206732871752507,0.21145446372307924,0.23136254093394518
2025-08-24T17:10:46.893000,0.0,0.04218830494210124,0.10601143888197839,30.65706903212832,389.12,49.8,0.4330448133364777,0.3740378910670337,0.10824495277793358,-0.07956768931854721,0.05959661057393911,0.07421782619753396,0.11439124024629979,0.027447403498042425,0.21058815772154454,0.059204095554842316,-0.00514433783751226,0.010847369709375144,0.20357442442511936,0.09206732871752507,0.21145446372307924,0.23136254093394518
2025-08-24T17:10:47.893000,0.0,0.04219056502915919,0.10666840011253953,30.468254858711703,389.12,49.8,0.4330448133364777,0.3740378910670337,0.10824495277793358,-0.07956768931854721,0.05959661057393911,0.07421782619753396,0.11439124024629979,0.027447403498042425,0.21058815772154454,0.059204095554842316,-0.00514433783751226,0.010847369709375144,0.20357442442511936,0.09206732871752507,0.21145446372307924,0.23136254093394518
