date,true_value,inference_time_s,total_time_s,cpu_percent,ram_mb,ram_percent,pred_h1
2025-08-25T22:20:44.577000,0.0,,0.34982172795571387,3.5732486009508784,583.68,71.7,1.4699719911173414
2025-08-25T22:20:45.577000,0.0,0.008485104888677597,0.03045020392164588,16.42025128260499,583.68,71.7,1.4699719911173414
2025-08-25T22:20:46.587000,0.0,0.004663651809096336,0.029125744942575693,17.16694288801159,583.68,71.7,1.4699719911173414
2025-08-25T22:20:47.597000,0.0,0.004170172149315476,0.028680728981271386,26.14996294165957,583.68,71.7,1.4699719911173414
2025-08-25T22:20:48.597000,0.0,0.004403487080708146,0.028569822199642658,26.251475937059375,583.68,71.7,1.4699719911173414
2025-08-25T22:20:49.596000,0.0,0.004270690027624369,0.02916507888585329,25.71568562990503,583.68,71.8,1.4699719911173414
2025-08-25T22:20:50.597000,0.0,0.004170784028246999,0.03170531219802797,23.65534189714218,583.68,71.8,1.4699719911173414
2025-08-25T22:20:51.577000,0.0,0.004324579145759344,0.03022490907460451,24.81397042911692,583.68,71.8,1.4699719911173414
2025-08-25T22:20:52.577000,0.0,0.004299895139411092,0.029205931117758155,25.67971543095245,583.68,71.8,1.4699719911173414
2025-08-25T22:20:53.587000,0.0,0.004368580179288983,0.029080376029014587,34.387450801951154,583.68,71.8,1.4699719911173414
2025-08-25T22:20:54.588000,0.0,0.004584579030051827,0.029687725007534027,25.26296642163374,583.68,71.8,1.4699719911173414
2025-08-25T22:20:55.587000,0.0,0.004579005064442754,0.02878297003917396,26.057074686151903,583.68,71.8,1.4699719911173414
2025-08-25T22:20:56.587000,0.0,0.004631486022844911,0.028459006920456886,26.3536954081456,593.92,72.3,1.4699719911173414
2025-08-25T22:20:57.588000,0.0,0.004647133871912956,0.02887563593685627,25.973453940202212,593.92,72.3,1.4699719911173414
2025-08-25T22:20:58.588000,0.0,0.004298839019611478,0.028416508110240102,26.39310914241994,593.92,72.3,1.4699719911173414
2025-08-25T22:20:59.588000,0.0,0.004147561965510249,0.02950943005271256,25.415604390198745,593.92,72.3,1.4699719911173414
2025-08-25T22:21:00.587000,0.0,0.004256968852132559,0.027752286987379193,27.024799806268334,593.92,72.3,1.4699719911173414
2025-08-25T22:21:01.607000,0.0,0.004122228128835559,0.02914959704503417,25.72934366266828,593.92,72.3,1.4699719911173414
2025-08-25T22:21:02.589000,0.0,0.004258210072293878,0.028987911995500326,25.87285348859909,593.92,72.3,1.4699719911173414
2025-08-25T22:21:03.587000,0.0,0.004557245876640081,0.029002449940890074,25.859884303864135,593.92,72.3,1.4699719911173414
2025-08-25T22:21:04.588000,0.0,0.004290727898478508,0.028501932974904776,26.314004761022343,593.92,72.3,1.4699719911173414
2025-08-25T22:21:05.598000,0.0,0.00410469202324748,0.027900046203285456,17.92111727546726,593.92,72.3,1.4699719911173414
2025-08-25T22:21:06.600000,0.0,0.00414894986897707,0.027866082964465022,26.914439354694668,593.92,72.3,1.4699719911173414
2025-08-25T22:21:07.599000,0.0,0.0040979699697345495,0.028562192106619477,17.505659164168673,593.92,72.3,1.4699719911173414
2025-08-25T22:21:08.588000,0.0,0.004184839082881808,0.0290573020465672,25.811068033710743,593.92,72.3,1.4699719911173414
2025-08-25T22:21:09.589000,0.0,0.004537689965218306,0.028422840172424912,17.591486176848576,593.92,72.4,1.4699719911173414
2025-08-25T22:21:10.599000,0.0,0.004069264978170395,0.02793449000455439,17.899020168919147,593.92,72.4,1.4699719911173414
2025-08-25T22:21:11.608000,0.0,0.004073099000379443,0.027885620016604662,26.895582725196427,593.92,72.4,1.4699719911173414
2025-08-25T22:21:12.606000,0.0,0.004086857894435525,0.02792156394571066,17.907306373388153,593.92,72.4,1.4699719911173414
2025-08-25T22:21:13.606000,0.0,0.004016561899334192,0.029952614102512598,33.38606762593363,593.92,72.4,1.4699719911173414
2025-08-25T22:21:14.608000,0.0,0.004464820027351379,0.032091551925987005,31.160848883415998,593.92,72.4,1.4699719911173414
2025-08-25T22:21:15.578000,0.0,0.004385726992040873,0.03054196387529373,32.74183690620194,593.92,72.4,1.4699719911173414
2025-08-25T22:21:16.576000,0.0,0.004229894140735269,0.030361704993993044,24.702170057591076,593.92,72.4,1.4699719911173414
2025-08-25T22:21:17.576000,0.0,0.004260190995410085,0.031041573034599423,24.16114670361654,593.92,72.4,1.4699719911173414
2025-08-25T22:21:18.577000,0.0,0.004492337815463543,0.030941629083827138,24.23918915090497,593.92,72.4,1.4699719911173414
2025-08-25T22:21:19.578000,0.0,0.004312765086069703,0.030104835983365774,33.217254548489215,593.92,72.4,1.4699719911173414
2025-08-25T22:21:20.586000,0.0,0.0043258939404040575,0.027796046109870076,17.98816990098939,593.92,72.4,1.4699719911173414
2025-08-25T22:21:21.597000,0.0,0.004100895021110773,0.028277451870962977,26.5228990017338,593.92,72.4,1.4699719911173414
2025-08-25T22:21:22.596000,0.0,0.004060321021825075,0.02771893492899835,27.0573166653444,593.92,72.4,1.4699719911173414
2025-08-25T22:21:23.608000,0.0,0.004141654120758176,0.02918624598532915,25.697035527521468,593.92,72.4,1.4699719911173414
2025-08-25T22:21:24.578000,0.0,0.003361100796610117,0.03041839017532766,32.87484953135614,593.92,72.4,1.4699719911173414
2025-08-25T22:21:25.577000,0.0,0.0030810281168669462,0.02965257689356804,33.72388185989103,593.92,72.4,1.4699719911173414
2025-08-25T22:21:26.578000,0.0,0.003122934838756919,0.02952704089693725,33.86726097919638,593.92,72.4,1.4699719911173414
2025-08-25T22:21:27.578000,0.0,0.0030225839000195265,0.029471540823578835,25.448279222645446,593.92,72.4,1.4699719911173414
2025-08-25T22:21:28.578000,0.0,0.0030858609825372696,0.0281612491235137,17.754894245174164,593.92,72.4,1.4699719911173414
2025-08-25T22:21:29.608000,0.0,0.002382067032158375,0.030604390194639564,32.67505065907752,593.92,72.4,1.4699719911173414
2025-08-25T22:21:30.578000,0.0,0.0028508619870990515,0.029109413037076592,25.764861663296166,593.92,72.4,1.4699719911173414
2025-08-25T22:21:31.578000,0.0,0.002871435834094882,0.026081347838044167,28.756182566070414,593.92,72.4,1.4699719911173414
2025-08-25T22:21:32.609000,0.0,0.002345325890928507,0.02977424394339323,25.18955649809036,593.92,72.4,1.4699719911173414
2025-08-25T22:21:33.578000,0.0,0.0032799351029098034,0.02644130983389914,18.90980451198992,593.92,72.4,1.4699719911173414
2025-08-25T22:21:34.598000,0.0,0.0025474191643297672,0.02823078609071672,26.566741627030176,593.92,72.4,1.4699719911173414
2025-08-25T22:21:35.598000,0.0,0.0026107889134436846,0.026572402101010084,28.224772346475934,593.92,72.4,1.4699719911173414
2025-08-25T22:21:36.609000,0.0,0.00251049199141562,0.026588011998683214,28.208201502134596,593.92,72.4,1.4699719911173414
2025-08-25T22:21:37.609000,0.0,0.0025987508706748486,0.0265226059127599,28.27776435192283,593.92,72.4,1.4699719911173414
2025-08-25T22:21:38.610000,0.0,0.0025956211611628532,0.026637790026143193,28.155488847380557,593.92,72.4,1.4699719911173414
2025-08-25T22:21:39.598000,0.0,0.002549602882936597,0.028019378893077374,17.84479241699116,593.92,72.4,1.4699719911173414
2025-08-25T22:21:40.600000,0.0,0.0028416579589247704,0.027977952966466546,17.871214545230014,593.92,72.4,1.4699719911173414
2025-08-25T22:21:41.599000,0.0,0.002819102955982089,0.030302111990749836,24.750750054282953,593.92,72.4,1.4699719911173414
2025-08-25T22:21:42.580000,0.0,0.0030248428229242563,0.03003440983593464,24.971357988952114,593.92,72.4,1.4699719911173414
2025-08-25T22:22:09.511000,0.0,,0.34177252603694797,3.6574034036452643,440.32,56.0,1.4944635649438713,-0.010046204555471571,-0.10219372977115114,-0.02775226953619821
2025-08-25T22:22:10.511000,0.0,0.013801811030134559,0.03768279403448105,33.171637932584844,440.32,56.0,1.4944635649438713,-0.010046204555471571,-0.10219372977115114,-0.02775226953619821
2025-08-25T22:22:11.506000,0.0,0.011667446000501513,0.0389379751868546,32.10233696029515,440.32,56.0,1.4944635649438713,-0.010046204555471571,-0.10219372977115114,-0.02775226953619821
2025-08-25T22:22:12.485000,0.0,0.011218243977054954,0.03920469689182937,31.883934811405968,440.32,56.0,1.4944635649438713,-0.010046204555471571,-0.10219372977115114,-0.02775226953619821
2025-08-25T22:22:13.485000,0.0,0.011367503087967634,0.03798621892929077,26.32533661382363,440.32,56.0,1.4944635649438713,-0.010046204555471571,-0.10219372977115114,-0.02775226953619821
2025-08-25T22:22:14.494000,0.0,0.01154907583259046,0.03786897799000144,26.406838871226178,440.32,56.0,1.4944635649438713,-0.010046204555471571,-0.10219372977115114,-0.02775226953619821
2025-08-25T22:22:15.495000,0.0,0.01187337189912796,0.03886395785957575,32.16347662058892,440.32,56.0,1.4944635649438713,-0.010046204555471571,-0.10219372977115114,-0.02775226953619821
2025-08-25T22:22:16.495000,0.0,0.011300466023385525,0.04020924912765622,31.087374848297237,440.32,56.0,1.4944635649438713,-0.010046204555471571,-0.10219372977115114,-0.02775226953619821
2025-08-25T22:22:17.504000,0.0,0.012083666864782572,0.036327704787254333,34.409000164485576,440.32,56.0,1.4944635649438713,-0.010046204555471571,-0.10219372977115114,-0.02775226953619821
2025-08-25T22:22:18.504000,0.0,0.011351798893883824,0.036674815928563476,27.266667185128195,440.32,56.0,1.4944635649438713,-0.010046204555471571,-0.10219372977115114,-0.02775226953619821
2025-08-25T22:22:19.505000,0.0,0.01155453990213573,0.036799185909330845,27.174514198871503,440.32,56.0,1.4944635649438713,-0.010046204555471571,-0.10219372977115114,-0.02775226953619821
2025-08-25T22:22:20.505000,0.0,0.011380298994481564,0.03811560804024339,32.79496417006486,440.32,56.0,1.4944635649438713,-0.010046204555471571,-0.10219372977115114,-0.02775226953619821
2025-08-25T22:22:21.496000,0.0,0.011889612069353461,0.036786814918741584,33.97956585154609,440.32,56.0,1.4944635649438713,-0.010046204555471571,-0.10219372977115114,-0.02775226953619821
2025-08-25T22:22:22.506000,0.0,0.011906001018360257,0.03638868685811758,27.48106860517004,440.32,56.0,1.4944635649438713,-0.010046204555471571,-0.10219372977115114,-0.02775226953619821
2025-08-25T22:22:23.516000,0.0,0.011389279970899224,0.03591252095066011,27.84544146521805,440.32,56.0,1.4944635649438713,-0.010046204555471571,-0.10219372977115114,-0.02775226953619821
2025-08-25T22:22:24.516000,0.0,0.011650706175714731,0.03688770392909646,27.109304550973647,440.32,56.0,1.4944635649438713,-0.010046204555471571,-0.10219372977115114,-0.02775226953619821
2025-08-25T22:22:25.507000,0.0,0.012104129884392023,0.036628538044169545,27.30111692675533,440.32,56.0,1.4944635649438713,-0.010046204555471571,-0.10219372977115114,-0.02775226953619821
2025-08-25T22:22:26.506000,0.0,0.011505742790177464,0.03719442500732839,26.885749673585472,440.32,56.0,1.4944635649438713,-0.010046204555471571,-0.10219372977115114,-0.02775226953619821
2025-08-25T22:22:27.505000,0.0,0.012141000013798475,0.036221428075805306,27.607967248204368,440.32,56.0,1.4944635649438713,-0.010046204555471571,-0.10219372977115114,-0.02775226953619821
2025-08-25T22:22:28.517000,0.0,0.011494779959321022,0.03501954302191734,28.55548398715878,440.32,56.0,1.4944635649438713,-0.010046204555471571,-0.10219372977115114,-0.02775226953619821
2025-08-25T22:22:29.526000,0.0,0.01046839402988553,0.034976634895429015,28.590514867702883,440.32,56.0,1.4944635649438713,-0.010046204555471571,-0.10219372977115114,-0.02775226953619821
2025-08-25T22:22:30.527000,0.0,0.010477449977770448,0.03884253208525479,32.18121818774365,440.32,56.0,1.4944635649438713,-0.010046204555471571,-0.10219372977115114,-0.02775226953619821
2025-08-25T22:22:31.497000,0.0,0.012389036826789379,0.038171255961060524,32.747154069939064,440.32,56.0,1.4944635649438713,-0.010046204555471571,-0.10219372977115114,-0.02775226953619821
2025-08-25T22:22:32.496000,0.0,0.01095629995688796,0.036175390938296914,41.46465210447802,440.32,56.0,1.4944635649438713,-0.010046204555471571,-0.10219372977115114,-0.02775226953619821
2025-08-25T22:22:33.517000,0.0,0.011445242911577225,0.036293630953878164,27.55304370815848,440.32,56.0,1.4944635649438713,-0.010046204555471571,-0.10219372977115114,-0.02775226953619821
2025-08-25T22:22:34.517000,0.0,0.011768037918955088,0.036041502840816975,34.68223857148235,440.32,56.0,1.4944635649438713,-0.010046204555471571,-0.10219372977115114,-0.02775226953619821
2025-08-25T22:22:35.517000,0.0,0.011454002000391483,0.035775763215497136,27.951884463692018,440.32,56.0,1.4944635649438713,-0.010046204555471571,-0.10219372977115114,-0.02775226953619821
2025-08-25T22:22:36.517000,0.0,0.011386021971702576,0.035918188048526645,34.801310085886925,440.32,56.0,1.4944635649438713,-0.010046204555471571,-0.10219372977115114,-0.02775226953619821
2025-08-25T22:22:37.518000,0.0,0.011614816961809993,0.036738129798322916,34.02459534173347,440.32,56.0,1.4944635649438713,-0.010046204555471571,-0.10219372977115114,-0.02775226953619821
2025-08-25T22:22:38.518000,0.0,0.012107889167964458,0.03659713105298579,34.15568280995053,440.32,56.0,1.4944635649438713,-0.010046204555471571,-0.10219372977115114,-0.02775226953619821
2025-08-25T22:22:39.516000,0.0,0.012200297089293599,0.03571365214884281,28.00049672411844,440.32,56.0,1.4944635649438713,-0.010046204555471571,-0.10219372977115114,-0.02775226953619821
2025-08-25T22:22:40.519000,0.0,0.011283206986263394,0.04312820406630635,28.983353864636634,440.32,56.0,1.4944635649438713,-0.010046204555471571,-0.10219372977115114,-0.02775226953619821
2025-08-25T22:22:41.498000,0.0,0.01625426602549851,0.04933412908576429,25.337429142145616,440.32,56.0,1.4944635649438713,-0.010046204555471571,-0.10219372977115114,-0.02775226953619821
2025-08-25T22:22:42.498000,0.0,0.016108562937006354,0.0382915330119431,32.644292397751315,440.32,56.0,1.4944635649438713,-0.010046204555471571,-0.10219372977115114,-0.02775226953619821
2025-08-25T22:22:43.508000,0.0,0.013277997029945254,0.03694375907070935,33.835214159108915,440.32,56.0,1.4944635649438713,-0.010046204555471571,-0.10219372977115114,-0.02775226953619821
2025-08-25T22:22:44.518000,0.0,0.012364258989691734,0.036057281075045466,34.66706203938027,440.32,56.0,1.4944635649438713,-0.010046204555471571,-0.10219372977115114,-0.02775226953619821
2025-08-25T22:22:45.519000,0.0,0.011523317079991102,0.038011886179447174,26.307560621412097,440.32,56.0,1.4944635649438713,-0.010046204555471571,-0.10219372977115114,-0.02775226953619821
2025-08-25T22:22:46.497000,0.0,0.01093304087407887,0.038107292028144,32.802120892682325,440.32,56.0,1.4944635649438713,-0.010046204555471571,-0.10219372977115114,-0.02775226953619821
2025-08-25T22:22:47.497000,0.0,0.011147669982165098,0.03825499606318772,32.67547062180661,440.32,56.0,1.4944635649438713,-0.010046204555471571,-0.10219372977115114,-0.02775226953619821
2025-08-25T22:22:48.498000,0.0,0.011005411157384515,0.03855449496768415,25.9373129083435,440.32,56.0,1.4944635649438713,-0.010046204555471571,-0.10219372977115114,-0.02775226953619821
2025-08-25T22:22:49.499000,0.0,0.011623427970334888,0.039903861936181784,31.325288815379647,440.32,56.0,1.4944635649438713,-0.010046204555471571,-0.10219372977115114,-0.02775226953619821
2025-08-25T22:22:50.509000,0.0,0.014450122835114598,0.03965654713101685,31.52064641105019,440.32,56.0,1.4944635649438713,-0.010046204555471571,-0.10219372977115114,-0.02775226953619821
2025-08-25T22:22:51.509000,0.0,0.0143311049323529,0.04004645301029086,24.971000546365634,440.32,56.0,1.4944635649438713,-0.010046204555471571,-0.10219372977115114,-0.02775226953619821
2025-08-25T22:22:52.508000,0.0,0.01427916088141501,0.0396895098965615,25.195574412638784,440.32,56.0,1.4944635649438713,-0.010046204555471571,-0.10219372977115114,-0.02775226953619821
2025-08-25T22:22:53.510000,0.0,0.014149920083582401,0.040761339943856,30.66631277876898,440.32,56.0,1.4944635649438713,-0.010046204555471571,-0.10219372977115114,-0.02775226953619821
2025-08-25T22:22:54.499000,0.0,0.014343512011691928,0.041241449071094394,30.309313279589073,440.32,56.0,1.4944635649438713,-0.010046204555471571,-0.10219372977115114,-0.02775226953619821
2025-08-25T22:22:55.499000,0.0,0.01451923418790102,0.04185531800612807,29.86478324730242,440.32,56.0,1.4944635649438713,-0.010046204555471571,-0.10219372977115114,-0.02775226953619821
2025-08-25T22:22:56.499000,0.0,0.01439073495566845,0.042109798872843385,29.684302311074273,440.32,56.0,1.4944635649438713,-0.010046204555471571,-0.10219372977115114,-0.02775226953619821
2025-08-25T22:22:57.498000,0.0,0.014380326960235834,0.04148122691549361,30.13411350022368,440.32,56.0,1.4944635649438713,-0.010046204555471571,-0.10219372977115114,-0.02775226953619821
2025-08-25T22:22:58.498000,0.0,0.014662863919511437,0.04089482105337083,30.56621762370801,440.32,56.0,1.4944635649438713,-0.010046204555471571,-0.10219372977115114,-0.02775226953619821
2025-08-25T22:22:59.498000,0.0,0.014294957043603063,0.04178287391550839,29.916563483106202,440.32,56.0,1.4944635649438713,-0.010046204555471571,-0.10219372977115114,-0.02775226953619821
2025-08-25T22:23:00.499000,0.0,0.014672566903755069,0.0412638948764652,24.234261040887034,440.32,56.0,1.4944635649438713,-0.010046204555471571,-0.10219372977115114,-0.02775226953619821
2025-08-25T22:23:01.500000,0.0,0.01450212299823761,0.04179072589613497,29.910942516450152,440.32,56.0,1.4944635649438713,-0.010046204555471571,-0.10219372977115114,-0.02775226953619821
2025-08-25T22:23:02.499000,0.0,0.0146536601241678,0.03938714088872075,31.73624619089777,440.32,56.1,1.4944635649438713,-0.010046204555471571,-0.10219372977115114,-0.02775226953619821
2025-08-25T22:23:03.529000,0.0,0.014341919915750623,0.04171074484474957,29.968297249368447,440.32,56.1,1.4944635649438713,-0.010046204555471571,-0.10219372977115114,-0.02775226953619821
2025-08-25T22:23:04.499000,0.0,0.014596697175875306,0.03985493606887758,25.090994959115243,440.32,56.1,1.4944635649438713,-0.010046204555471571,-0.10219372977115114,-0.02775226953619821
2025-08-25T22:23:05.511000,0.0,0.014053439954295754,0.037966311909258366,32.92392484652153,440.32,56.1,1.4944635649438713,-0.010046204555471571,-0.10219372977115114,-0.02775226953619821
2025-08-25T22:23:06.510000,0.0,0.011721723945811391,0.036873426055535674,27.11980162878986,440.32,56.1,1.4944635649438713,-0.010046204555471571,-0.10219372977115114,-0.02775226953619821
2025-08-25T22:23:07.520000,0.0,0.012143148109316826,0.03651592694222927,27.385310568236378,450.56,56.1,1.4944635649438713,-0.010046204555471571,-0.10219372977115114,-0.02775226953619821
2025-08-25T22:23:28.248000,0.0,,0.3603563760407269,4.856303693658594,399.36,50.9,1.4923990347919045,-0.030620217495248007,-0.10332138128407366,-0.032608277528954656,1.2703248142528205,0.07762155513050475,0.14918473026134274
2025-08-25T22:23:29.248000,0.0,0.02667988301254809,0.05554572097025812,31.505577197154157,399.36,50.9,1.4923990347919045,-0.030620217495248007,-0.10332138128407366,-0.032608277528954656,1.2703248142528205,0.07762155513050475,0.14918473026134274
2025-08-25T22:23:30.247000,0.0,0.023801835952326655,0.056979476008564234,26.325268413745267,399.36,50.9,1.4923990347919045,-0.030620217495248007,-0.10332138128407366,-0.032608277528954656,1.2703248142528205,0.07762155513050475,0.14918473026134274
2025-08-25T22:23:31.249000,0.0,0.025669089052826166,0.049049723194912076,30.581212335069964,399.36,50.9,1.4923990347919045,-0.030620217495248007,-0.10332138128407366,-0.032608277528954656,1.2703248142528205,0.07762155513050475,0.14918473026134274
2025-08-25T22:23:32.248000,0.0,0.024410056183114648,0.05200319504365325,28.844381556572852,399.36,50.9,1.4923990347919045,-0.030620217495248007,-0.10332138128407366,-0.032608277528954656,1.2703248142528205,0.07762155513050475,0.14918473026134274
2025-08-25T22:23:33.217000,0.0,0.02471331413835287,0.05164801003411412,29.042745286976213,399.36,50.9,1.4923990347919045,-0.030620217495248007,-0.10332138128407366,-0.032608277528954656,1.2703248142528205,0.07762155513050475,0.14918473026134274
2025-08-25T22:23:34.218000,0.0,0.025184276048094034,0.05073034716770053,29.56810043190483,399.36,50.9,1.4923990347919045,-0.030620217495248007,-0.10332138128407366,-0.032608277528954656,1.2703248142528205,0.07762155513050475,0.14918473026134274
2025-08-25T22:23:35.229000,0.0,0.02414579689502716,0.053840281907469034,27.860181017957846,399.36,50.9,1.4923990347919045,-0.030620217495248007,-0.10332138128407366,-0.032608277528954656,1.2703248142528205,0.07762155513050475,0.14918473026134274
2025-08-25T22:23:36.228000,0.0,0.02450401894748211,0.05071229091845453,34.508399606990075,399.36,50.9,1.4923990347919045,-0.030620217495248007,-0.10332138128407366,-0.032608277528954656,1.2703248142528205,0.07762155513050475,0.14918473026134274
2025-08-25T22:23:37.228000,0.0,0.02425685292109847,0.051001494051888585,29.410903109504332,399.36,50.9,1.4923990347919045,-0.030620217495248007,-0.10332138128407366,-0.032608277528954656,1.2703248142528205,0.07762155513050475,0.14918473026134274
2025-08-25T22:23:38.228000,0.0,0.024517148034647107,0.05105782696045935,29.378453594621252,399.36,50.9,1.4923990347919045,-0.030620217495248007,-0.10332138128407366,-0.032608277528954656,1.2703248142528205,0.07762155513050475,0.14918473026134274
2025-08-25T22:23:39.228000,0.0,0.02457801904529333,0.05056501389481127,29.664779745149737,399.36,50.9,1.4923990347919045,-0.030620217495248007,-0.10332138128407366,-0.032608277528954656,1.2703248142528205,0.07762155513050475,0.14918473026134274
2025-08-25T22:23:40.228000,0.0,0.024336056085303426,0.05022938479669392,24.88583137260109,399.36,51.3,1.4923990347919045,-0.030620217495248007,-0.10332138128407366,-0.032608277528954656,1.2703248142528205,0.07762155513050475,0.14918473026134274
2025-08-25T22:23:41.228000,0.0,0.024417222943156958,0.050167810870334506,29.899650273299056,399.36,51.3,1.4923990347919045,-0.030620217495248007,-0.10332138128407366,-0.032608277528954656,1.2703248142528205,0.07762155513050475,0.14918473026134274
2025-08-25T22:23:42.229000,0.0,0.023482225136831403,0.04364812793210149,34.365735051303794,399.36,51.3,1.4923990347919045,-0.030620217495248007,-0.10332138128407366,-0.032608277528954656,1.2703248142528205,0.07762155513050475,0.14918473026134274
2025-08-25T22:23:43.239000,0.0,0.0191726079210639,0.04457893897779286,33.64817634504934,399.36,51.3,1.4923990347919045,-0.030620217495248007,-0.10332138128407366,-0.032608277528954656,1.2703248142528205,0.07762155513050475,0.14918473026134274
2025-08-25T22:23:44.239000,0.0,0.019044924061745405,0.043711349833756685,34.31603017762716,399.36,51.3,1.4923990347919045,-0.030620217495248007,-0.10332138128407366,-0.032608277528954656,1.2703248142528205,0.07762155513050475,0.14918473026134274
2025-08-25T22:23:45.239000,0.0,0.01898948010057211,0.04488434595987201,27.84935311561756,399.36,51.3,1.4923990347919045,-0.030620217495248007,-0.10332138128407366,-0.032608277528954656,1.2703248142528205,0.07762155513050475,0.14918473026134274
2025-08-25T22:23:46.240000,0.0,0.019281459972262383,0.04366312804631889,28.628274150995043,399.36,51.3,1.4923990347919045,-0.030620217495248007,-0.10332138128407366,-0.032608277528954656,1.2703248142528205,0.07762155513050475,0.14918473026134274
2025-08-25T22:23:47.238000,0.0,0.018616887973621488,0.0444162730127573,33.77140624944431,399.36,51.3,1.4923990347919045,-0.030620217495248007,-0.10332138128407366,-0.032608277528954656,1.2703248142528205,0.07762155513050475,0.14918473026134274
2025-08-25T22:23:48.239000,0.0,0.019256237894296646,0.044138792902231216,39.64766331232281,399.36,51.3,1.4923990347919045,-0.030620217495248007,-0.10332138128407366,-0.032608277528954656,1.2703248142528205,0.07762155513050475,0.14918473026134274
2025-08-25T22:23:49.240000,0.0,0.018461517989635468,0.043891201028600335,34.17541477214396,399.36,51.3,1.4923990347919045,-0.030620217495248007,-0.10332138128407366,-0.032608277528954656,1.2703248142528205,0.07762155513050475,0.14918473026134274
2025-08-25T22:23:50.238000,0.0,0.01855748100206256,0.04463536501862109,28.004699849065766,399.36,51.3,1.4923990347919045,-0.030620217495248007,-0.10332138128407366,-0.032608277528954656,1.2703248142528205,0.07762155513050475,0.14918473026134274
2025-08-25T22:23:51.239000,0.0,0.019373385002836585,0.04462375398725271,33.61438395408205,399.36,51.3,1.4923990347919045,-0.030620217495248007,-0.10332138128407366,-0.032608277528954656,1.2703248142528205,0.07762155513050475,0.14918473026134274
2025-08-25T22:23:52.239000,0.0,0.019078887067735195,0.045573120936751366,32.91413818425529,399.36,51.3,1.4923990347919045,-0.030620217495248007,-0.10332138128407366,-0.032608277528954656,1.2703248142528205,0.07762155513050475,0.14918473026134274
2025-08-25T22:23:53.230000,0.0,0.01900640595704317,0.052707008086144924,33.20241583699434,399.36,51.3,1.4923990347919045,-0.030620217495248007,-0.10332138128407366,-0.032608277528954656,1.2703248142528205,0.07762155513050475,0.14918473026134274
2025-08-25T22:23:54.220000,0.0,0.025180053897202015,0.05197104602120817,28.86222454302531,399.36,51.3,1.4923990347919045,-0.030620217495248007,-0.10332138128407366,-0.032608277528954656,1.2703248142528205,0.07762155513050475,0.14918473026134274
2025-08-25T22:23:55.220000,0.0,0.024964943062514067,0.05322278290987015,28.183419167317496,399.36,51.3,1.4923990347919045,-0.030620217495248007,-0.10332138128407366,-0.032608277528954656,1.2703248142528205,0.07762155513050475,0.14918473026134274
2025-08-25T22:23:56.220000,0.0,0.024941924028098583,0.05171328806318343,29.00608443553828,399.36,51.3,1.4923990347919045,-0.030620217495248007,-0.10332138128407366,-0.032608277528954656,1.2703248142528205,0.07762155513050475,0.14918473026134274
2025-08-25T22:23:57.229000,0.0,0.024533147923648357,0.050238532945513725,29.85755976646044,399.36,51.3,1.4923990347919045,-0.030620217495248007,-0.10332138128407366,-0.032608277528954656,1.2703248142528205,0.07762155513050475,0.14918473026134274
2025-08-25T22:23:58.241000,0.0,0.024642610922455788,0.049404259072616696,30.361754799220808,399.36,51.3,1.4923990347919045,-0.030620217495248007,-0.10332138128407366,-0.032608277528954656,1.2703248142528205,0.07762155513050475,0.14918473026134274
2025-08-25T22:23:59.240000,0.0,0.024461536901071668,0.049244296038523316,25.383650504863887,399.36,51.3,1.4923990347919045,-0.030620217495248007,-0.10332138128407366,-0.032608277528954656,1.2703248142528205,0.07762155513050475,0.14918473026134274
2025-08-25T22:24:00.240000,0.0,0.024148426949977875,0.04956162814050913,30.265349551219323,399.36,51.3,1.4923990347919045,-0.030620217495248007,-0.10332138128407366,-0.032608277528954656,1.2703248142528205,0.07762155513050475,0.14918473026134274
2025-08-25T22:24:01.251000,0.0,0.02456646296195686,0.04930035094730556,30.425746899921265,399.36,51.3,1.4923990347919045,-0.030620217495248007,-0.10332138128407366,-0.032608277528954656,1.2703248142528205,0.07762155513050475,0.14918473026134274
2025-08-25T22:24:02.251000,0.0,0.024410222191363573,0.04956777719780803,30.26159502803658,399.36,51.3,1.4923990347919045,-0.030620217495248007,-0.10332138128407366,-0.032608277528954656,1.2703248142528205,0.07762155513050475,0.14918473026134274
2025-08-25T22:24:03.250000,0.0,0.024753721896559,0.051838268991559744,28.936151402822517,399.36,51.3,1.4923990347919045,-0.030620217495248007,-0.10332138128407366,-0.032608277528954656,1.2703248142528205,0.07762155513050475,0.14918473026134274
2025-08-25T22:24:04.220000,0.0,0.02433209284208715,0.052120417123660445,23.98292394771581,399.36,51.3,1.4923990347919045,-0.030620217495248007,-0.10332138128407366,-0.032608277528954656,1.2703248142528205,0.07762155513050475,0.14918473026134274
2025-08-25T22:24:05.232000,0.0,0.024277464020997286,0.05217260122299194,28.75072288592222,399.36,51.3,1.4923990347919045,-0.030620217495248007,-0.10332138128407366,-0.032608277528954656,1.2703248142528205,0.07762155513050475,0.14918473026134274
2025-08-25T22:24:06.220000,0.0,0.024938739137724042,0.05115219694562256,29.324253689329232,399.36,51.3,1.4923990347919045,-0.030620217495248007,-0.10332138128407366,-0.032608277528954656,1.2703248142528205,0.07762155513050475,0.14918473026134274
2025-08-25T22:24:07.221000,0.0,0.02405187115073204,0.04561939905397594,27.400623987199907,399.36,51.3,1.4923990347919045,-0.030620217495248007,-0.10332138128407366,-0.032608277528954656,1.2703248142528205,0.07762155513050475,0.14918473026134274
2025-08-25T22:24:08.230000,0.0,0.01918342406861484,0.04552389890886843,32.94972609887331,399.36,51.3,1.4923990347919045,-0.030620217495248007,-0.10332138128407366,-0.032608277528954656,1.2703248142528205,0.07762155513050475,0.14918473026134274
2025-08-25T22:24:09.231000,0.0,0.019201628165319562,0.04709256114438176,31.852164408751115,399.36,51.3,1.4923990347919045,-0.030620217495248007,-0.10332138128407366,-0.032608277528954656,1.2703248142528205,0.07762155513050475,0.14918473026134274
2025-08-25T22:24:10.221000,0.0,0.019602051936089993,0.04580019507557154,27.292460172658316,399.36,51.3,1.4923990347919045,-0.030620217495248007,-0.10332138128407366,-0.032608277528954656,1.2703248142528205,0.07762155513050475,0.14918473026134274
2025-08-25T22:24:11.228000,0.0,0.019165607867762446,0.04452162398956716,33.69149338199142,399.36,51.3,1.4923990347919045,-0.030620217495248007,-0.10332138128407366,-0.032608277528954656,1.2703248142528205,0.07762155513050475,0.14918473026134274
2025-08-25T22:24:12.237000,0.0,0.019394200993701816,0.043576776050031185,28.685004107804417,399.36,51.3,1.4923990347919045,-0.030620217495248007,-0.10332138128407366,-0.032608277528954656,1.2703248142528205,0.07762155513050475,0.14918473026134274
2025-08-25T22:24:13.239000,0.0,0.018550665816292167,0.04393177502788603,34.14385143891481,399.36,51.3,1.4923990347919045,-0.030620217495248007,-0.10332138128407366,-0.032608277528954656,1.2703248142528205,0.07762155513050475,0.14918473026134274
2025-08-25T22:24:14.247000,0.0,0.01908203517086804,0.04451429098844528,33.69704350428333,399.36,51.3,1.4923990347919045,-0.030620217495248007,-0.10332138128407366,-0.032608277528954656,1.2703248142528205,0.07762155513050475,0.14918473026134274
2025-08-25T22:24:15.248000,0.0,0.019956384086981416,0.044025293085724115,34.07132343399132,399.36,51.3,1.4923990347919045,-0.030620217495248007,-0.10332138128407366,-0.032608277528954656,1.2703248142528205,0.07762155513050475,0.14918473026134274
2025-08-25T22:24:16.249000,0.0,0.019237330881878734,0.044935493962839246,27.817653479757954,399.36,51.3,1.4923990347919045,-0.030620217495248007,-0.10332138128407366,-0.032608277528954656,1.2703248142528205,0.07762155513050475,0.14918473026134274
2025-08-25T22:24:17.228000,0.0,0.018785516964271665,0.04389481199905276,34.17260335987628,399.36,51.3,1.4923990347919045,-0.030620217495248007,-0.10332138128407366,-0.032608277528954656,1.2703248142528205,0.07762155513050475,0.14918473026134274
2025-08-25T22:24:18.260000,0.0,0.018892758060246706,0.044414329109713435,28.144070282188327,399.36,51.3,1.4923990347919045,-0.030620217495248007,-0.10332138128407366,-0.032608277528954656,1.2703248142528205,0.07762155513050475,0.14918473026134274
2025-08-25T22:24:19.259000,0.0,0.019010609947144985,0.04425712488591671,33.89284784916924,399.36,51.3,1.4923990347919045,-0.030620217495248007,-0.10332138128407366,-0.032608277528954656,1.2703248142528205,0.07762155513050475,0.14918473026134274
2025-08-25T22:24:20.258000,0.0,0.018632685067132115,0.0441056820563972,28.341019608348304,399.36,51.3,1.4923990347919045,-0.030620217495248007,-0.10332138128407366,-0.032608277528954656,1.2703248142528205,0.07762155513050475,0.14918473026134274
2025-08-25T22:24:21.258000,0.0,0.01894961018115282,0.04398133000358939,39.78961072475748,399.36,51.3,1.4923990347919045,-0.030620217495248007,-0.10332138128407366,-0.032608277528954656,1.2703248142528205,0.07762155513050475,0.14918473026134274
2025-08-25T22:24:22.259000,0.0,0.018769999034702778,0.04593638004735112,32.65385732297084,399.36,51.3,1.4923990347919045,-0.030620217495248007,-0.10332138128407366,-0.032608277528954656,1.2703248142528205,0.07762155513050475,0.14918473026134274
2025-08-25T22:24:23.228000,0.0,0.018975498154759407,0.04411360714584589,28.335928092829477,399.36,51.3,1.4923990347919045,-0.030620217495248007,-0.10332138128407366,-0.032608277528954656,1.2703248142528205,0.07762155513050475,0.14918473026134274
2025-08-25T22:24:24.259000,0.0,0.01897499803453684,0.045145733980461955,33.22573071132555,399.36,51.3,1.4923990347919045,-0.030620217495248007,-0.10332138128407366,-0.032608277528954656,1.2703248142528205,0.07762155513050475,0.14918473026134274
2025-08-25T22:24:25.229000,0.0,0.018805332016199827,0.046346599934622645,32.36483371198716,399.36,51.3,1.4923990347919045,-0.030620217495248007,-0.10332138128407366,-0.032608277528954656,1.2703248142528205,0.07762155513050475,0.14918473026134274
2025-08-25T22:24:26.228000,0.0,0.018028427148237824,0.04601526912301779,27.164895996984228,399.36,51.3,1.4923990347919045,-0.030620217495248007,-0.10332138128407366,-0.032608277528954656,1.2703248142528205,0.07762155513050475,0.14918473026134274
2025-08-25T22:24:47.232000,0.0,,0.3707570640835911,5.394367885999432,409.6,51.6,1.4667523025168538,-0.00941504885024148,-0.11736264526958934,-0.03304149425512167,1.3136691175670216,0.0993010310397876,0.17688505486030245,-0.08071444729425123,1.1695703629639405,0.16500149011947216
2025-08-25T22:24:48.232000,0.0,0.03689968399703503,0.06764737004414201,29.565081372637835,409.6,51.6,1.4667523025168538,-0.00941504885024148,-0.11736264526958934,-0.03304149425512167,1.3136691175670216,0.0993010310397876,0.17688505486030245,-0.08071444729425123,1.1695703629639405,0.16500149011947216
2025-08-25T22:24:49.220000,0.0,0.032836493104696274,0.0660481711383909,34.06604545166839,409.6,51.6,1.4667523025168538,-0.00941504885024148,-0.11736264526958934,-0.03304149425512167,1.3136691175670216,0.0993010310397876,0.17688505486030245,-0.08071444729425123,1.1695703629639405,0.16500149011947216
2025-08-25T22:24:50.220000,0.0,0.0327375300694257,0.05299443192780018,33.022337184106696,409.6,51.6,1.4667523025168538,-0.00941504885024148,-0.11736264526958934,-0.03304149425512167,1.3136691175670216,0.0993010310397876,0.17688505486030245,-0.08071444729425123,1.1695703629639405,0.16500149011947216
2025-08-25T22:24:51.221000,0.0,0.026909271022304893,0.0522632859647274,38.26778135132578,409.6,51.6,1.4667523025168538,-0.00941504885024148,-0.11736264526958934,-0.03304149425512167,1.3136691175670216,0.0993010310397876,0.17688505486030245,-0.08071444729425123,1.1695703629639405,0.16500149011947216
2025-08-25T22:24:52.221000,0.0,0.02656290214508772,0.06610100390389562,30.256726553015834,409.6,51.6,1.4667523025168538,-0.00941504885024148,-0.11736264526958934,-0.03304149425512167,1.3136691175670216,0.0993010310397876,0.17688505486030245,-0.08071444729425123,1.1695703629639405,0.16500149011947216
2025-08-25T22:24:53.222000,0.0,0.03967012092471123,0.06847682991065085,32.8578294721852,409.6,51.6,1.4667523025168538,-0.00941504885024148,-0.11736264526958934,-0.03304149425512167,1.3136691175670216,0.0993010310397876,0.17688505486030245,-0.08071444729425123,1.1695703629639405,0.16500149011947216
2025-08-25T22:24:54.212000,0.0,0.031478886026889086,0.05354109685868025,32.685172749057934,409.6,51.6,1.4667523025168538,-0.00941504885024148,-0.11736264526958934,-0.03304149425512167,1.3136691175670216,0.0993010310397876,0.17688505486030245,-0.08071444729425123,1.1695703629639405,0.16500149011947216
2025-08-25T22:24:55.213000,0.0,0.02629514317959547,0.051278973929584026,34.12704790862423,409.6,51.6,1.4667523025168538,-0.00941504885024148,-0.11736264526958934,-0.03304149425512167,1.3136691175670216,0.0993010310397876,0.17688505486030245,-0.08071444729425123,1.1695703629639405,0.16500149011947216
2025-08-25T22:24:56.222000,0.0,0.026017310097813606,0.0515408250503242,29.103142965511708,409.6,51.6,1.4667523025168538,-0.00941504885024148,-0.11736264526958934,-0.03304149425512167,1.3136691175670216,0.0993010310397876,0.17688505486030245,-0.08071444729425123,1.1695703629639405,0.16500149011947216
2025-08-25T22:24:57.221000,0.0,0.026308475993573666,0.051733583910390735,33.82715574144706,409.6,51.6,1.4667523025168538,-0.00941504885024148,-0.11736264526958934,-0.03304149425512167,1.3136691175670216,0.0993010310397876,0.17688505486030245,-0.08071444729425123,1.1695703629639405,0.16500149011947216
2025-08-25T22:24:58.222000,0.0,0.026090217055752873,0.05284445104189217,33.11605978483348,409.6,51.6,1.4667523025168538,-0.00941504885024148,-0.11736264526958934,-0.03304149425512167,1.3136691175670216,0.0993010310397876,0.17688505486030245,-0.08071444729425123,1.1695703629639405,0.16500149011947216
2025-08-25T22:24:59.211000,0.0,0.026782030938193202,0.05588197917677462,35.78971306068615,409.6,51.6,1.4667523025168538,-0.00941504885024148,-0.11736264526958934,-0.03304149425512167,1.3136691175670216,0.0993010310397876,0.17688505486030245,-0.08071444729425123,1.1695703629639405,0.16500149011947216
2025-08-25T22:25:00.212000,0.0,0.02865298790857196,0.053338652942329645,32.80922752008992,409.6,51.6,1.4667523025168538,-0.00941504885024148,-0.11736264526958934,-0.03304149425512167,1.3136691175670216,0.0993010310397876,0.17688505486030245,-0.08071444729425123,1.1695703629639405,0.16500149011947216
2025-08-25T22:25:01.212000,0.0,0.02681832597590983,0.05433837207965553,36.8064026111818,409.6,51.6,1.4667523025168538,-0.00941504885024148,-0.11736264526958934,-0.03304149425512167,1.3136691175670216,0.0993010310397876,0.17688505486030245,-0.08071444729425123,1.1695703629639405,0.16500149011947216
2025-08-25T22:25:02.212000,0.0,0.027506286976858974,0.06753012910485268,29.616410134425212,409.6,51.6,1.4667523025168538,-0.00941504885024148,-0.11736264526958934,-0.03304149425512167,1.3136691175670216,0.0993010310397876,0.17688505486030245,-0.08071444729425123,1.1695703629639405,0.16500149011947216
2025-08-25T22:25:03.214000,0.0,0.040628117974847555,0.07545408699661493,26.50618514660024,409.6,51.6,1.4667523025168538,-0.00941504885024148,-0.11736264526958934,-0.03304149425512167,1.3136691175670216,0.0993010310397876,0.17688505486030245,-0.08071444729425123,1.1695703629639405,0.16500149011947216
2025-08-25T22:25:04.212000,0.0,0.04155635600909591,0.06904932809993625,28.96480031066151,409.6,51.6,1.4667523025168538,-0.00941504885024148,-0.11736264526958934,-0.03304149425512167,1.3136691175670216,0.0993010310397876,0.17688505486030245,-0.08071444729425123,1.1695703629639405,0.16500149011947216
2025-08-25T22:25:05.213000,0.0,0.03555141086690128,0.061229537008330226,28.580977180374905,409.6,51.6,1.4667523025168538,-0.00941504885024148,-0.11736264526958934,-0.03304149425512167,1.3136691175670216,0.0993010310397876,0.17688505486030245,-0.08071444729425123,1.1695703629639405,0.16500149011947216
2025-08-25T22:25:06.214000,0.0,0.03437330317683518,0.06193238589912653,32.29328195522028,409.6,51.6,1.4667523025168538,-0.00941504885024148,-0.11736264526958934,-0.03304149425512167,1.3136691175670216,0.0993010310397876,0.17688505486030245,-0.08071444729425123,1.1695703629639405,0.16500149011947216
2025-08-25T22:25:07.212000,0.0,0.03503043111413717,0.05783756612800062,34.57960169993653,409.6,51.6,1.4667523025168538,-0.00941504885024148,-0.11736264526958934,-0.03304149425512167,1.3136691175670216,0.0993010310397876,0.17688505486030245,-0.08071444729425123,1.1695703629639405,0.16500149011947216
2025-08-25T22:25:08.213000,0.0,0.030958683928474784,0.05166454706341028,33.87235734114056,409.6,51.6,1.4667523025168538,-0.00941504885024148,-0.11736264526958934,-0.03304149425512167,1.3136691175670216,0.0993010310397876,0.17688505486030245,-0.08071444729425123,1.1695703629639405,0.16500149011947216
2025-08-25T22:25:09.223000,0.0,0.02647617901675403,0.05149328918196261,29.13000944063682,409.6,51.6,1.4667523025168538,-0.00941504885024148,-0.11736264526958934,-0.03304149425512167,1.3136691175670216,0.0993010310397876,0.17688505486030245,-0.08071444729425123,1.1695703629639405,0.16500149011947216
2025-08-25T22:25:10.233000,0.0,0.02698886301368475,0.051640585064888,33.88807461807564,409.6,51.6,1.4667523025168538,-0.00941504885024148,-0.11736264526958934,-0.03304149425512167,1.3136691175670216,0.0993010310397876,0.17688505486030245,-0.08071444729425123,1.1695703629639405,0.16500149011947216
2025-08-25T22:25:11.228000,0.0,0.02698212186805904,0.050760438898578286,34.47566723165236,409.6,51.6,1.4667523025168538,-0.00941504885024148,-0.11736264526958934,-0.03304149425512167,1.3136691175670216,0.0993010310397876,0.17688505486030245,-0.08071444729425123,1.1695703629639405,0.16500149011947216
2025-08-25T22:25:12.228000,0.0,0.025926737114787102,0.05119502986781299,39.06629227806103,409.6,51.6,1.4667523025168538,-0.00941504885024148,-0.11736264526958934,-0.03304149425512167,1.3136691175670216,0.0993010310397876,0.17688505486030245,-0.08071444729425123,1.1695703629639405,0.16500149011947216
2025-08-25T22:25:13.229000,0.0,0.026721566915512085,0.05053319898433983,29.683456225773792,409.6,51.6,1.4667523025168538,-0.00941504885024148,-0.11736264526958934,-0.03304149425512167,1.3136691175670216,0.0993010310397876,0.17688505486030245,-0.08071444729425123,1.1695703629639405,0.16500149011947216
2025-08-25T22:25:14.228000,0.0,0.0259507920127362,0.051038511795923114,34.28783360685283,409.6,51.6,1.4667523025168538,-0.00941504885024148,-0.11736264526958934,-0.03304149425512167,1.3136691175670216,0.0993010310397876,0.17688505486030245,-0.08071444729425123,1.1695703629639405,0.16500149011947216
2025-08-25T22:25:15.228000,0.0,0.02637006901204586,0.05198058392852545,38.47590482534882,409.6,51.6,1.4667523025168538,-0.00941504885024148,-0.11736264526958934,-0.03304149425512167,1.3136691175670216,0.0993010310397876,0.17688505486030245,-0.08071444729425123,1.1695703629639405,0.16500149011947216
2025-08-25T22:25:16.218000,0.0,0.02652241988107562,0.05194699112325907,33.68818794235132,409.6,51.6,1.4667523025168538,-0.00941504885024148,-0.11736264526958934,-0.03304149425512167,1.3136691175670216,0.0993010310397876,0.17688505486030245,-0.08071444729425123,1.1695703629639405,0.16500149011947216
2025-08-25T22:25:17.219000,0.0,0.02597851399332285,0.05218532285653055,33.53433310762797,409.6,51.6,1.4667523025168538,-0.00941504885024148,-0.11736264526958934,-0.03304149425512167,1.3136691175670216,0.0993010310397876,0.17688505486030245,-0.08071444729425123,1.1695703629639405,0.16500149011947216
2025-08-25T22:25:18.219000,0.0,0.02663310500793159,0.051828436087816954,33.76524803941307,409.6,51.6,1.4667523025168538,-0.00941504885024148,-0.11736264526958934,-0.03304149425512167,1.3136691175670216,0.0993010310397876,0.17688505486030245,-0.08071444729425123,1.1695703629639405,0.16500149011947216
2025-08-25T22:25:19.219000,0.0,0.025498237926512957,0.05156006687320769,33.940995544157545,409.6,51.6,1.4667523025168538,-0.00941504885024148,-0.11736264526958934,-0.03304149425512167,1.3136691175670216,0.0993010310397876,0.17688505486030245,-0.08071444729425123,1.1695703629639405,0.16500149011947216
2025-08-25T22:25:20.220000,0.0,0.025947292102500796,0.05109584494493902,29.356594486625276,409.6,51.6,1.4667523025168538,-0.00941504885024148,-0.11736264526958934,-0.03304149425512167,1.3136691175670216,0.0993010310397876,0.17688505486030245,-0.08071444729425123,1.1695703629639405,0.16500149011947216
2025-08-25T22:25:21.229000,0.0,0.026360363932326436,0.0506049208343029,29.641386159094285,409.6,51.6,1.4667523025168538,-0.00941504885024148,-0.11736264526958934,-0.03304149425512167,1.3136691175670216,0.0993010310397876,0.17688505486030245,-0.08071444729425123,1.1695703629639405,0.16500149011947216
2025-08-25T22:25:22.230000,0.0,0.02595005091279745,0.05116630811244249,34.202194071814354,409.6,51.6,1.4667523025168538,-0.00941504885024148,-0.11736264526958934,-0.03304149425512167,1.3136691175670216,0.0993010310397876,0.17688505486030245,-0.08071444729425123,1.1695703629639405,0.16500149011947216
2025-08-25T22:25:23.228000,0.0,0.026295532006770372,0.05246815597638488,33.35356403201316,409.6,51.6,1.4667523025168538,-0.00941504885024148,-0.11736264526958934,-0.03304149425512167,1.3136691175670216,0.0993010310397876,0.17688505486030245,-0.08071444729425123,1.1695703629639405,0.16500149011947216
2025-08-25T22:25:24.228000,0.0,0.027560824062675238,0.051217901054769754,29.28663551432994,409.6,51.6,1.4667523025168538,-0.00941504885024148,-0.11736264526958934,-0.03304149425512167,1.3136691175670216,0.0993010310397876,0.17688505486030245,-0.08071444729425123,1.1695703629639405,0.16500149011947216
2025-08-25T22:25:25.230000,0.0,0.026303661055862904,0.05224154586903751,33.49824303413648,409.6,51.6,1.4667523025168538,-0.00941504885024148,-0.11736264526958934,-0.03304149425512167,1.3136691175670216,0.0993010310397876,0.17688505486030245,-0.08071444729425123,1.1695703629639405,0.16500149011947216
2025-08-25T22:25:26.230000,0.0,0.02755954605527222,0.0508181790355593,34.43649562443923,409.6,51.6,1.4667523025168538,-0.00941504885024148,-0.11736264526958934,-0.03304149425512167,1.3136691175670216,0.0993010310397876,0.17688505486030245,-0.08071444729425123,1.1695703629639405,0.16500149011947216
2025-08-25T22:25:27.239000,0.0,0.025995163014158607,0.051618213998153806,33.902761534186325,409.6,51.6,1.4667523025168538,-0.00941504885024148,-0.11736264526958934,-0.03304149425512167,1.3136691175670216,0.0993010310397876,0.17688505486030245,-0.08071444729425123,1.1695703629639405,0.16500149011947216
2025-08-25T22:25:28.230000,0.0,0.026780696818605065,0.051754046930000186,33.81378083083948,409.6,51.6,1.4667523025168538,-0.00941504885024148,-0.11736264526958934,-0.03304149425512167,1.3136691175670216,0.0993010310397876,0.17688505486030245,-0.08071444729425123,1.1695703629639405,0.16500149011947216
2025-08-25T22:25:29.219000,0.0,0.025638034101575613,0.052252396941185,28.706817061204838,409.6,51.6,1.4667523025168538,-0.00941504885024148,-0.11736264526958934,-0.03304149425512167,1.3136691175670216,0.0993010310397876,0.17688505486030245,-0.08071444729425123,1.1695703629639405,0.16500149011947216
2025-08-25T22:25:30.221000,0.0,0.02668641903437674,0.0518557308241725,33.74747539348624,409.6,51.6,1.4667523025168538,-0.00941504885024148,-0.11736264526958934,-0.03304149425512167,1.3136691175670216,0.0993010310397876,0.17688505486030245,-0.08071444729425123,1.1695703629639405,0.16500149011947216
2025-08-25T22:25:31.221000,0.0,0.026308772154152393,0.0519872501026839,33.66209977529974,409.6,51.6,1.4667523025168538,-0.00941504885024148,-0.11736264526958934,-0.03304149425512167,1.3136691175670216,0.0993010310397876,0.17688505486030245,-0.08071444729425123,1.1695703629639405,0.16500149011947216
2025-08-25T22:25:32.219000,0.0,0.026234772987663746,0.05167275108397007,33.866979467692644,409.6,51.6,1.4667523025168538,-0.00941504885024148,-0.11736264526958934,-0.03304149425512167,1.3136691175670216,0.0993010310397876,0.17688505486030245,-0.08071444729425123,1.1695703629639405,0.16500149011947216
2025-08-25T22:25:33.230000,0.0,0.02705947309732437,0.051704842830076814,33.84595918318948,409.6,51.6,1.4667523025168538,-0.00941504885024148,-0.11736264526958934,-0.03304149425512167,1.3136691175670216,0.0993010310397876,0.17688505486030245,-0.08071444729425123,1.1695703629639405,0.16500149011947216
2025-08-25T22:25:34.231000,0.0,0.027242787880823016,0.051728843012824655,33.8302559669882,409.6,51.6,1.4667523025168538,-0.00941504885024148,-0.11736264526958934,-0.03304149425512167,1.3136691175670216,0.0993010310397876,0.17688505486030245,-0.08071444729425123,1.1695703629639405,0.16500149011947216
2025-08-25T22:25:35.231000,0.0,0.026969935977831483,0.0643259349744767,34.97811576143827,409.6,51.6,1.4667523025168538,-0.00941504885024148,-0.11736264526958934,-0.03304149425512167,1.3136691175670216,0.0993010310397876,0.17688505486030245,-0.08071444729425123,1.1695703629639405,0.16500149011947216
2025-08-25T22:25:36.230000,0.0,0.03937554801814258,0.05870643304660916,29.80933961037166,409.6,51.6,1.4667523025168538,-0.00941504885024148,-0.11736264526958934,-0.03304149425512167,1.3136691175670216,0.0993010310397876,0.17688505486030245,-0.08071444729425123,1.1695703629639405,0.16500149011947216
2025-08-25T22:25:37.230000,0.0,0.027918860083445907,0.0518653430044651,33.74122098930974,409.6,51.6,1.4667523025168538,-0.00941504885024148,-0.11736264526958934,-0.03304149425512167,1.3136691175670216,0.0993010310397876,0.17688505486030245,-0.08071444729425123,1.1695703629639405,0.16500149011947216
2025-08-25T22:25:38.231000,0.0,0.02662788308225572,0.051485585048794746,33.990096419055334,409.6,51.6,1.4667523025168538,-0.00941504885024148,-0.11736264526958934,-0.03304149425512167,1.3136691175670216,0.0993010310397876,0.17688505486030245,-0.08071444729425123,1.1695703629639405,0.16500149011947216
2025-08-25T22:25:39.242000,0.0,0.02657875302247703,0.05109458602964878,29.357317801333384,409.6,51.6,1.4667523025168538,-0.00941504885024148,-0.11736264526958934,-0.03304149425512167,1.3136691175670216,0.0993010310397876,0.17688505486030245,-0.08071444729425123,1.1695703629639405,0.16500149011947216
2025-08-25T22:25:40.240000,0.0,0.026156347012147307,0.05177743500098586,33.79850701307793,409.6,51.6,1.4667523025168538,-0.00941504885024148,-0.11736264526958934,-0.03304149425512167,1.3136691175670216,0.0993010310397876,0.17688505486030245,-0.08071444729425123,1.1695703629639405,0.16500149011947216
2025-08-25T22:25:41.241000,0.0,0.0266366230789572,0.05221278686076403,33.51669399809546,409.6,51.6,1.4667523025168538,-0.00941504885024148,-0.11736264526958934,-0.03304149425512167,1.3136691175670216,0.0993010310397876,0.17688505486030245,-0.08071444729425123,1.1695703629639405,0.16500149011947216
2025-08-25T22:25:42.222000,0.0,0.026411346159875393,0.05301485792733729,33.00961406703335,409.6,51.6,1.4667523025168538,-0.00941504885024148,-0.11736264526958934,-0.03304149425512167,1.3136691175670216,0.0993010310397876,0.17688505486030245,-0.08071444729425123,1.1695703629639405,0.16500149011947216
2025-08-25T22:25:43.220000,0.0,0.02641175384633243,0.05354126403108239,28.015774882138956,409.6,51.6,1.4667523025168538,-0.00941504885024148,-0.11736264526958934,-0.03304149425512167,1.3136691175670216,0.0993010310397876,0.17688505486030245,-0.08071444729425123,1.1695703629639405,0.16500149011947216
2025-08-25T22:25:44.221000,0.0,0.02689365902915597,0.05234654503874481,33.431050677838,409.6,51.6,1.4667523025168538,-0.00941504885024148,-0.11736264526958934,-0.03304149425512167,1.3136691175670216,0.0993010310397876,0.17688505486030245,-0.08071444729425123,1.1695703629639405,0.16500149011947216
2025-08-25T22:25:45.221000,0.0,0.02637332701124251,0.058283119928091764,34.315252897708746,409.6,51.6,1.4667523025168538,-0.00941504885024148,-0.11736264526958934,-0.03304149425512167,1.3136691175670216,0.0993010310397876,0.17688505486030245,-0.08071444729425123,1.1695703629639405,0.16500149011947216
2025-08-25T22:26:06.853000,0.0,,0.36638653790578246,6.823394806724243,399.36,51.3,1.4749696610553538,-0.032104000538368614,-0.10774440350816844,-0.02525366060557984,1.2959848048517693,0.11593813828595505,0.18429018932050117,-0.0722016972638998,1.1620050681409901,0.16282268274628175,-0.069318801022317,0.16917888795705882,1.161605023219918
2025-08-25T22:26:07.853000,0.0,0.037665775045752525,0.06175931286998093,32.38377998489897,399.36,51.4,1.4749696610553538,-0.032104000538368614,-0.10774440350816844,-0.02525366060557984,1.2959848048517693,0.11593813828595505,0.18429018932050117,-0.0722016972638998,1.1620050681409901,0.16282268274628175,-0.069318801022317,0.16917888795705882,1.161605023219918
2025-08-25T22:26:08.874000,0.0,0.034453007159754634,0.060770204989239573,32.910864795571065,399.36,51.4,1.4749696610553538,-0.032104000538368614,-0.10774440350816844,-0.02525366060557984,1.2959848048517693,0.11593813828595505,0.18429018932050117,-0.0722016972638998,1.1620050681409901,0.16282268274628175,-0.069318801022317,0.16917888795705882,1.161605023219918
2025-08-25T22:26:09.873000,0.0,0.03450921014882624,0.06409571296535432,31.20333494193383,399.36,51.4,1.4749696610553538,-0.032104000538368614,-0.10774440350816844,-0.02525366060557984,1.2959848048517693,0.11593813828595505,0.18429018932050117,-0.0722016972638998,1.1620050681409901,0.16282268274628175,-0.069318801022317,0.16917888795705882,1.161605023219918
2025-08-25T22:26:10.868000,0.0,0.03730703517794609,0.06442469288595021,34.924497102114685,399.36,51.4,1.4749696610553538,-0.032104000538368614,-0.10774440350816844,-0.02525366060557984,1.2959848048517693,0.11593813828595505,0.18429018932050117,-0.0722016972638998,1.1620050681409901,0.16282268274628175,-0.069318801022317,0.16917888795705882,1.161605023219918
2025-08-25T22:26:11.869000,0.0,0.03778912592679262,0.06600476312451065,34.088448976865834,399.36,51.4,1.4749696610553538,-0.032104000538368614,-0.10774440350816844,-0.02525366060557984,1.2959848048517693,0.11593813828595505,0.18429018932050117,-0.0722016972638998,1.1620050681409901,0.16282268274628175,-0.069318801022317,0.16917888795705882,1.161605023219918
2025-08-25T22:26:12.868000,0.0,0.03911478794179857,0.0651808399707079,34.519346498314306,399.36,51.4,1.4749696610553538,-0.032104000538368614,-0.10774440350816844,-0.02525366060557984,1.2959848048517693,0.11593813828595505,0.18429018932050117,-0.0722016972638998,1.1620050681409901,0.16282268274628175,-0.069318801022317,0.16917888795705882,1.161605023219918
2025-08-25T22:26:13.869000,0.0,0.035589151084423065,0.0613090000115335,32.62163792630381,399.36,51.4,1.4749696610553538,-0.032104000538368614,-0.10774440350816844,-0.02525366060557984,1.2959848048517693,0.11593813828595505,0.18429018932050117,-0.0722016972638998,1.1620050681409901,0.16282268274628175,-0.069318801022317,0.16917888795705882,1.161605023219918
2025-08-25T22:26:14.869000,0.0,0.03474091296084225,0.07068572985008359,28.294254077050272,399.36,51.4,1.4749696610553538,-0.032104000538368614,-0.10774440350816844,-0.02525366060557984,1.2959848048517693,0.11593813828595505,0.18429018932050117,-0.0722016972638998,1.1620050681409901,0.16282268274628175,-0.069318801022317,0.16917888795705882,1.161605023219918
2025-08-25T22:26:15.868000,0.0,0.044134643860161304,0.05827324907295406,34.32106552864661,399.36,51.4,1.4749696610553538,-0.032104000538368614,-0.10774440350816844,-0.02525366060557984,1.2959848048517693,0.11593813828595505,0.18429018932050117,-0.0722016972638998,1.1620050681409901,0.16282268274628175,-0.069318801022317,0.16917888795705882,1.161605023219918
2025-08-25T22:26:16.880000,0.0,0.03300758497789502,0.05794637999497354,34.51466683809219,399.36,51.4,1.4749696610553538,-0.032104000538368614,-0.10774440350816844,-0.02525366060557984,1.2959848048517693,0.11593813828595505,0.18429018932050117,-0.0722016972638998,1.1620050681409901,0.16282268274628175,-0.069318801022317,0.16917888795705882,1.161605023219918
2025-08-25T22:26:17.879000,0.0,0.033132417825981975,0.05855495296418667,34.15594921958592,399.36,51.4,1.4749696610553538,-0.032104000538368614,-0.10774440350816844,-0.02525366060557984,1.2959848048517693,0.11593813828595505,0.18429018932050117,-0.0722016972638998,1.1620050681409901,0.16282268274628175,-0.069318801022317,0.16917888795705882,1.161605023219918
2025-08-25T22:26:18.879000,0.0,0.03360041696578264,0.05987281911075115,33.40413946937182,399.36,51.4,1.4749696610553538,-0.032104000538368614,-0.10774440350816844,-0.02525366060557984,1.2959848048517693,0.11593813828595505,0.18429018932050117,-0.0722016972638998,1.1620050681409901,0.16282268274628175,-0.069318801022317,0.16917888795705882,1.161605023219918
2025-08-25T22:26:19.870000,0.0,0.034117138013243675,0.060298520838841796,37.31434815811668,399.36,51.4,1.4749696610553538,-0.032104000538368614,-0.10774440350816844,-0.02525366060557984,1.2959848048517693,0.11593813828595505,0.18429018932050117,-0.0722016972638998,1.1620050681409901,0.16282268274628175,-0.069318801022317,0.16917888795705882,1.161605023219918
2025-08-25T22:26:20.869000,0.0,0.034012804040685296,0.05798634188249707,34.49088069829852,399.36,51.4,1.4749696610553538,-0.032104000538368614,-0.10774440350816844,-0.02525366060557984,1.2959848048517693,0.11593813828595505,0.18429018932050117,-0.0722016972638998,1.1620050681409901,0.16282268274628175,-0.069318801022317,0.16917888795705882,1.161605023219918
2025-08-25T22:26:21.880000,0.0,0.03365673101507127,0.05791517603211105,30.21660504026917,399.36,51.4,1.4749696610553538,-0.032104000538368614,-0.10774440350816844,-0.02525366060557984,1.2959848048517693,0.11593813828595505,0.18429018932050117,-0.0722016972638998,1.1620050681409901,0.16282268274628175,-0.069318801022317,0.16917888795705882,1.161605023219918
2025-08-25T22:26:22.880000,0.0,0.03343378705903888,0.05785380699671805,38.891131228885854,399.36,51.4,1.4749696610553538,-0.032104000538368614,-0.10774440350816844,-0.02525366060557984,1.2959848048517693,0.11593813828595505,0.18429018932050117,-0.0722016972638998,1.1620050681409901,0.16282268274628175,-0.069318801022317,0.16917888795705882,1.161605023219918
2025-08-25T22:26:23.890000,0.0,0.03356119408272207,0.05801960197277367,30.16222001697312,399.36,51.4,1.4749696610553538,-0.032104000538368614,-0.10774440350816844,-0.02525366060557984,1.2959848048517693,0.11593813828595505,0.18429018932050117,-0.0722016972638998,1.1620050681409901,0.16282268274628175,-0.069318801022317,0.16917888795705882,1.161605023219918
2025-08-25T22:26:24.889000,0.0,0.03358373185619712,0.058506062952801585,29.911429887390973,399.36,51.4,1.4749696610553538,-0.032104000538368614,-0.10774440350816844,-0.02525366060557984,1.2959848048517693,0.11593813828595505,0.18429018932050117,-0.0722016972638998,1.1620050681409901,0.16282268274628175,-0.069318801022317,0.16917888795705882,1.161605023219918
2025-08-25T22:26:25.890000,0.0,0.0340288789011538,0.059623098000884056,37.73705284429667,399.36,51.4,1.4749696610553538,-0.032104000538368614,-0.10774440350816844,-0.02525366060557984,1.2959848048517693,0.11593813828595505,0.18429018932050117,-0.0722016972638998,1.1620050681409901,0.16282268274628175,-0.069318801022317,0.16917888795705882,1.161605023219918
2025-08-25T22:26:26.890000,0.0,0.03484926396049559,0.0579932308755815,30.175935597629515,399.36,51.4,1.4749696610553538,-0.032104000538368614,-0.10774440350816844,-0.02525366060557984,1.2959848048517693,0.11593813828595505,0.18429018932050117,-0.0722016972638998,1.1620050681409901,0.16282268274628175,-0.069318801022317,0.16917888795705882,1.161605023219918
2025-08-25T22:26:27.890000,0.0,0.033347805961966515,0.05823480477556586,30.050757562327597,399.36,51.4,1.4749696610553538,-0.032104000538368614,-0.10774440350816844,-0.02525366060557984,1.2959848048517693,0.11593813828595505,0.18429018932050117,-0.0722016972638998,1.1620050681409901,0.16282268274628175,-0.069318801022317,0.16917888795705882,1.161605023219918
2025-08-25T22:26:28.891000,0.0,0.033611787017434835,0.05814641714096069,34.39592838801276,399.36,51.4,1.4749696610553538,-0.032104000538368614,-0.10774440350816844,-0.02525366060557984,1.2959848048517693,0.11593813828595505,0.18429018932050117,-0.0722016972638998,1.1620050681409901,0.16282268274628175,-0.069318801022317,0.16917888795705882,1.161605023219918
2025-08-25T22:26:29.891000,0.0,0.033693859819322824,0.06066174199804664,32.96970931142076,399.36,51.4,1.4749696610553538,-0.032104000538368614,-0.10774440350816844,-0.02525366060557984,1.2959848048517693,0.11593813828595505,0.18429018932050117,-0.0722016972638998,1.1620050681409901,0.16282268274628175,-0.069318801022317,0.16917888795705882,1.161605023219918
2025-08-25T22:26:30.860000,0.0,0.033939731074497104,0.06154514686204493,36.558528409128265,399.36,51.4,1.4749696610553538,-0.032104000538368614,-0.10774440350816844,-0.02525366060557984,1.2959848048517693,0.11593813828595505,0.18429018932050117,-0.0722016972638998,1.1620050681409901,0.16282268274628175,-0.069318801022317,0.16917888795705882,1.161605023219918
2025-08-25T22:26:31.861000,0.0,0.03456832095980644,0.06157966493628919,36.53803576761686,399.36,51.4,1.4749696610553538,-0.032104000538368614,-0.10774440350816844,-0.02525366060557984,1.2959848048517693,0.11593813828595505,0.18429018932050117,-0.0722016972638998,1.1620050681409901,0.16282268274628175,-0.069318801022317,0.16917888795705882,1.161605023219918
2025-08-25T22:26:32.859000,0.0,0.0343133769929409,0.05880172899924219,34.01260531005435,399.36,51.4,1.4749696610553538,-0.032104000538368614,-0.10774440350816844,-0.02525366060557984,1.2959848048517693,0.11593813828595505,0.18429018932050117,-0.0722016972638998,1.1620050681409901,0.16282268274628175,-0.069318801022317,0.16917888795705882,1.161605023219918
2025-08-25T22:26:33.881000,0.0,0.0337206011172384,0.05875045107677579,34.04229181808967,399.36,51.4,1.4749696610553538,-0.032104000538368614,-0.10774440350816844,-0.02525366060557984,1.2959848048517693,0.11593813828595505,0.18429018932050117,-0.0722016972638998,1.1620050681409901,0.16282268274628175,-0.069318801022317,0.16917888795705882,1.161605023219918
2025-08-25T22:26:34.880000,0.0,0.033669657073915005,0.05893378402106464,33.93639205799342,399.36,51.4,1.4749696610553538,-0.032104000538368614,-0.10774440350816844,-0.02525366060557984,1.2959848048517693,0.11593813828595505,0.18429018932050117,-0.0722016972638998,1.1620050681409901,0.16282268274628175,-0.069318801022317,0.16917888795705882,1.161605023219918
2025-08-25T22:26:35.881000,0.0,0.033882489893585443,0.058793229050934315,34.01752263457655,399.36,51.4,1.4749696610553538,-0.032104000538368614,-0.10774440350816844,-0.02525366060557984,1.2959848048517693,0.11593813828595505,0.18429018932050117,-0.0722016972638998,1.1620050681409901,0.16282268274628175,-0.069318801022317,0.16917888795705882,1.161605023219918
2025-08-25T22:26:36.882000,0.0,0.03393389703705907,0.05920526501722634,29.55818202132502,399.36,51.4,1.4749696610553538,-0.032104000538368614,-0.10774440350816844,-0.02525366060557984,1.2959848048517693,0.11593813828595505,0.18429018932050117,-0.0722016972638998,1.1620050681409901,0.16282268274628175,-0.069318801022317,0.16917888795705882,1.161605023219918
2025-08-25T22:26:37.881000,0.0,0.033411880023777485,0.058994543040171266,33.90144065762309,399.36,51.4,1.4749696610553538,-0.032104000538368614,-0.10774440350816844,-0.02525366060557984,1.2959848048517693,0.11593813828595505,0.18429018932050117,-0.0722016972638998,1.1620050681409901,0.16282268274628175,-0.069318801022317,0.16917888795705882,1.161605023219918
2025-08-25T22:26:38.880000,0.0,0.0335701759904623,0.06103490712121129,36.86415046936411,399.36,51.4,1.4749696610553538,-0.032104000538368614,-0.10774440350816844,-0.02525366060557984,1.2959848048517693,0.11593813828595505,0.18429018932050117,-0.0722016972638998,1.1620050681409901,0.16282268274628175,-0.069318801022317,0.16917888795705882,1.161605023219918
2025-08-25T22:26:39.861000,0.0,0.03406302607618272,0.06182734901085496,32.34814417886272,399.36,51.4,1.4749696610553538,-0.032104000538368614,-0.10774440350816844,-0.02525366060557984,1.2959848048517693,0.11593813828595505,0.18429018932050117,-0.0722016972638998,1.1620050681409901,0.16282268274628175,-0.069318801022317,0.16917888795705882,1.161605023219918
2025-08-25T22:26:40.861000,0.0,0.03413778520189226,0.06182297901250422,36.39423457004417,399.36,51.4,1.4749696610553538,-0.032104000538368614,-0.10774440350816844,-0.02525366060557984,1.2959848048517693,0.11593813828595505,0.18429018932050117,-0.0722016972638998,1.1620050681409901,0.16282268274628175,-0.069318801022317,0.16917888795705882,1.161605023219918
2025-08-25T22:26:41.861000,0.0,0.03409300814382732,0.061630293959751725,32.45157326859615,399.36,51.4,1.4749696610553538,-0.032104000538368614,-0.10774440350816844,-0.02525366060557984,1.2959848048517693,0.11593813828595505,0.18429018932050117,-0.0722016972638998,1.1620050681409901,0.16282268274628175,-0.069318801022317,0.16917888795705882,1.161605023219918
2025-08-25T22:26:42.862000,0.0,0.03381298994645476,0.05872650700621307,29.799150148924454,399.36,51.4,1.4749696610553538,-0.032104000538368614,-0.10774440350816844,-0.02525366060557984,1.2959848048517693,0.11593813828595505,0.18429018932050117,-0.0722016972638998,1.1620050681409901,0.16282268274628175,-0.069318801022317,0.16917888795705882,1.161605023219918
2025-08-25T22:26:43.882000,0.0,0.0337797119282186,0.06127990689128637,36.71676597015085,399.36,51.4,1.4749696610553538,-0.032104000538368614,-0.10774440350816844,-0.02525366060557984,1.2959848048517693,0.11593813828595505,0.18429018932050117,-0.0722016972638998,1.1620050681409901,0.16282268274628175,-0.069318801022317,0.16917888795705882,1.161605023219918
2025-08-25T22:26:44.861000,0.0,0.03442898788489401,0.06364171486347914,35.354169899830296,399.36,51.4,1.4749696610553538,-0.032104000538368614,-0.10774440350816844,-0.02525366060557984,1.2959848048517693,0.11593813828595505,0.18429018932050117,-0.0722016972638998,1.1620050681409901,0.16282268274628175,-0.069318801022317,0.16917888795705882,1.161605023219918
2025-08-25T22:26:45.861000,0.0,0.03662927797995508,0.05873022903688252,38.310764948440564,399.36,51.4,1.4749696610553538,-0.032104000538368614,-0.10774440350816844,-0.02525366060557984,1.2959848048517693,0.11593813828595505,0.18429018932050117,-0.0722016972638998,1.1620050681409901,0.16282268274628175,-0.069318801022317,0.16917888795705882,1.161605023219918
2025-08-25T22:26:46.881000,0.0,0.033679472049698234,0.05845136009156704,34.216483532067414,399.36,51.4,1.4749696610553538,-0.032104000538368614,-0.10774440350816844,-0.02525366060557984,1.2959848048517693,0.11593813828595505,0.18429018932050117,-0.0722016972638998,1.1620050681409901,0.16282268274628175,-0.069318801022317,0.16917888795705882,1.161605023219918
2025-08-25T22:26:47.892000,0.0,0.03381058317609131,0.05836328607983887,34.26811844117258,399.36,51.4,1.4749696610553538,-0.032104000538368614,-0.10774440350816844,-0.02525366060557984,1.2959848048517693,0.11593813828595505,0.18429018932050117,-0.0722016972638998,1.1620050681409901,0.16282268274628175,-0.069318801022317,0.16917888795705882,1.161605023219918
2025-08-25T22:26:48.892000,0.0,0.033773249946534634,0.058190287090837955,34.36999712474106,399.36,51.4,1.4749696610553538,-0.032104000538368614,-0.10774440350816844,-0.02525366060557984,1.2959848048517693,0.11593813828595505,0.18429018932050117,-0.0722016972638998,1.1620050681409901,0.16282268274628175,-0.069318801022317,0.16917888795705882,1.161605023219918
2025-08-25T22:26:49.901000,0.0,0.033765879925340414,0.05888422904536128,33.96495177782412,399.36,51.4,1.4749696610553538,-0.032104000538368614,-0.10774440350816844,-0.02525366060557984,1.2959848048517693,0.11593813828595505,0.18429018932050117,-0.0722016972638998,1.1620050681409901,0.16282268274628175,-0.069318801022317,0.16917888795705882,1.161605023219918
2025-08-25T22:26:50.891000,0.0,0.033961564069613814,0.0589911169372499,33.90340959516667,399.36,51.4,1.4749696610553538,-0.032104000538368614,-0.10774440350816844,-0.02525366060557984,1.2959848048517693,0.11593813828595505,0.18429018932050117,-0.0722016972638998,1.1620050681409901,0.16282268274628175,-0.069318801022317,0.16917888795705882,1.161605023219918
2025-08-25T22:26:51.892000,0.0,0.034022729843854904,0.05841363710351288,38.51840274922334,399.36,51.4,1.4749696610553538,-0.032104000538368614,-0.10774440350816844,-0.02525366060557984,1.2959848048517693,0.11593813828595505,0.18429018932050117,-0.0722016972638998,1.1620050681409901,0.16282268274628175,-0.069318801022317,0.16917888795705882,1.161605023219918
2025-08-25T22:26:52.892000,0.0,0.033557360991835594,0.06113172206096351,36.80576833343886,399.36,51.4,1.4749696610553538,-0.032104000538368614,-0.10774440350816844,-0.02525366060557984,1.2959848048517693,0.11593813828595505,0.18429018932050117,-0.0722016972638998,1.1620050681409901,0.16282268274628175,-0.069318801022317,0.16917888795705882,1.161605023219918
2025-08-25T22:26:53.873000,0.0,0.0342257481534034,0.06173157203011215,36.44812412848429,399.36,51.4,1.4749696610553538,-0.032104000538368614,-0.10774440350816844,-0.02525366060557984,1.2959848048517693,0.11593813828595505,0.18429018932050117,-0.0722016972638998,1.1620050681409901,0.16282268274628175,-0.069318801022317,0.16917888795705882,1.161605023219918
2025-08-25T22:26:54.862000,0.0,0.03492844896391034,0.062225033063441515,36.15908082694001,399.36,51.4,1.4749696610553538,-0.032104000538368614,-0.10774440350816844,-0.02525366060557984,1.2959848048517693,0.11593813828595505,0.18429018932050117,-0.0722016972638998,1.1620050681409901,0.16282268274628175,-0.069318801022317,0.16917888795705882,1.161605023219918
2025-08-25T22:26:55.882000,0.0,0.03640438918955624,0.057540307054296136,30.413463006874007,399.36,51.4,1.4749696610553538,-0.032104000538368614,-0.10774440350816844,-0.02525366060557984,1.2959848048517693,0.11593813828595505,0.18429018932050117,-0.0722016972638998,1.1620050681409901,0.16282268274628175,-0.069318801022317,0.16917888795705882,1.161605023219918
2025-08-25T22:26:56.903000,0.0,0.033158343052491546,0.06131507293321192,32.61840693198682,399.36,51.4,1.4749696610553538,-0.032104000538368614,-0.10774440350816844,-0.02525366060557984,1.2959848048517693,0.11593813828595505,0.18429018932050117,-0.0722016972638998,1.1620050681409901,0.16282268274628175,-0.069318801022317,0.16917888795705882,1.161605023219918
2025-08-25T22:26:57.872000,0.0,0.03411474893800914,0.058065600926056504,34.44380094415715,399.36,51.4,1.4749696610553538,-0.032104000538368614,-0.10774440350816844,-0.02525366060557984,1.2959848048517693,0.11593813828595505,0.18429018932050117,-0.0722016972638998,1.1620050681409901,0.16282268274628175,-0.069318801022317,0.16917888795705882,1.161605023219918
2025-08-25T22:26:58.893000,0.0,0.03340608300641179,0.05845245299860835,34.21584377387315,399.36,51.4,1.4749696610553538,-0.032104000538368614,-0.10774440350816844,-0.02525366060557984,1.2959848048517693,0.11593813828595505,0.18429018932050117,-0.0722016972638998,1.1620050681409901,0.16282268274628175,-0.069318801022317,0.16917888795705882,1.161605023219918
2025-08-25T22:26:59.894000,0.0,0.03351630503311753,0.058377025881782174,38.5425596116598,399.36,51.4,1.4749696610553538,-0.032104000538368614,-0.10774440350816844,-0.02525366060557984,1.2959848048517693,0.11593813828595505,0.18429018932050117,-0.0722016972638998,1.1620050681409901,0.16282268274628175,-0.069318801022317,0.16917888795705882,1.161605023219918
2025-08-25T22:27:00.894000,0.0,0.03373211994767189,0.05934404185973108,33.70178264445416,399.36,51.4,1.4749696610553538,-0.032104000538368614,-0.10774440350816844,-0.02525366060557984,1.2959848048517693,0.11593813828595505,0.18429018932050117,-0.0722016972638998,1.1620050681409901,0.16282268274628175,-0.069318801022317,0.16917888795705882,1.161605023219918
2025-08-25T22:27:01.893000,0.0,0.03441569209098816,0.0586321740411222,34.11096437592999,399.36,51.4,1.4749696610553538,-0.032104000538368614,-0.10774440350816844,-0.02525366060557984,1.2959848048517693,0.11593813828595505,0.18429018932050117,-0.0722016972638998,1.1620050681409901,0.16282268274628175,-0.069318801022317,0.16917888795705882,1.161605023219918
2025-08-25T22:27:02.893000,0.0,0.03379604616202414,0.05865293298847973,29.836530090383235,399.36,51.4,1.4749696610553538,-0.032104000538368614,-0.10774440350816844,-0.02525366060557984,1.2959848048517693,0.11593813828595505,0.18429018932050117,-0.0722016972638998,1.1620050681409901,0.16282268274628175,-0.069318801022317,0.16917888795705882,1.161605023219918
2025-08-25T22:27:03.894000,0.0,0.033865323988720775,0.05923033901490271,33.76647902516218,399.36,51.4,1.4749696610553538,-0.032104000538368614,-0.10774440350816844,-0.02525366060557984,1.2959848048517693,0.11593813828595505,0.18429018932050117,-0.0722016972638998,1.1620050681409901,0.16282268274628175,-0.069318801022317,0.16917888795705882,1.161605023219918
2025-08-25T22:27:04.893000,0.0,0.034350210102275014,0.05889102490618825,33.96103231665438,399.36,51.4,1.4749696610553538,-0.032104000538368614,-0.10774440350816844,-0.02525366060557984,1.2959848048517693,0.11593813828595505,0.18429018932050117,-0.0722016972638998,1.1620050681409901,0.16282268274628175,-0.069318801022317,0.16917888795705882,1.161605023219918
2025-08-25T22:27:27.612000,0.0,,0.37315639294683933,7.369564214840496,389.12,49.4,1.4751938604260189,-0.0707624455521628,-0.11468015050280121,-0.033511706471593114,1.2873512841588768,0.08140691735884051,0.1760852119067055,-0.07129180518171353,1.1955324365453657,0.15067841025963394,-0.09052236012311145,0.17532706292757574,1.1767793412848377,-0.06810147629624091,-0.13697984286625942,0.43778921448055264
2025-08-25T22:27:28.612000,0.0,0.044956780038774014,0.06950939306989312,39.56299830203962,389.12,49.4,1.4751938604260189,-0.0707624455521628,-0.11468015050280121,-0.033511706471593114,1.2873512841588768,0.08140691735884051,0.1760852119067055,-0.07129180518171353,1.1955324365453657,0.15067841025963394,-0.09052236012311145,0.17532706292757574,1.1767793412848377,-0.06810147629624091,-0.13697984286625942,0.43778921448055264
2025-08-25T22:27:29.611000,0.0,0.04207838303409517,0.06921300594694912,36.120378905609286,389.12,49.4,1.4751938604260189,-0.0707624455521628,-0.11468015050280121,-0.033511706471593114,1.2873512841588768,0.08140691735884051,0.1760852119067055,-0.07129180518171353,1.1955324365453657,0.15067841025963394,-0.09052236012311145,0.17532706292757574,1.1767793412848377,-0.06810147629624091,-0.13697984286625942,0.43778921448055264
2025-08-25T22:27:30.612000,0.0,0.042501789052039385,0.06856506410986185,36.46171752999807,389.12,49.5,1.4751938604260189,-0.0707624455521628,-0.11468015050280121,-0.033511706471593114,1.2873512841588768,0.08140691735884051,0.1760852119067055,-0.07129180518171353,1.1955324365453657,0.15067841025963394,-0.09052236012311145,0.17532706292757574,1.1767793412848377,-0.06810147629624091,-0.13697984286625942,0.43778921448055264
2025-08-25T22:27:31.614000,0.0,0.04202425293624401,0.06684458907693624,33.66016653061192,389.12,49.5,1.4751938604260189,-0.0707624455521628,-0.11468015050280121,-0.033511706471593114,1.2873512841588768,0.08140691735884051,0.1760852119067055,-0.07129180518171353,1.1955324365453657,0.15067841025963394,-0.09052236012311145,0.17532706292757574,1.1767793412848377,-0.06810147629624091,-0.13697984286625942,0.43778921448055264
2025-08-25T22:27:32.622000,0.0,0.04143510805442929,0.07096131495200098,35.230463269895985,389.12,49.5,1.4751938604260189,-0.0707624455521628,-0.11468015050280121,-0.033511706471593114,1.2873512841588768,0.08140691735884051,0.1760852119067055,-0.07129180518171353,1.1955324365453657,0.15067841025963394,-0.09052236012311145,0.17532706292757574,1.1767793412848377,-0.06810147629624091,-0.13697984286625942,0.43778921448055264
2025-08-25T22:27:33.602000,0.0,0.043714266968891025,0.07212612498551607,34.66150442023644,389.12,49.5,1.4751938604260189,-0.0707624455521628,-0.11468015050280121,-0.033511706471593114,1.2873512841588768,0.08140691735884051,0.1760852119067055,-0.07129180518171353,1.1955324365453657,0.15067841025963394,-0.09052236012311145,0.17532706292757574,1.1767793412848377,-0.06810147629624091,-0.13697984286625942,0.43778921448055264
2025-08-25T22:27:34.603000,0.0,0.04171684803441167,0.06879267492331564,39.97518635618483,389.12,49.5,1.4751938604260189,-0.0707624455521628,-0.11468015050280121,-0.033511706471593114,1.2873512841588768,0.08140691735884051,0.1760852119067055,-0.07129180518171353,1.1955324365453657,0.15067841025963394,-0.09052236012311145,0.17532706292757574,1.1767793412848377,-0.06810147629624091,-0.13697984286625942,0.43778921448055264
2025-08-25T22:27:35.602000,0.0,0.0418969951570034,0.0685658419970423,32.81517348094484,389.12,49.5,1.4751938604260189,-0.0707624455521628,-0.11468015050280121,-0.033511706471593114,1.2873512841588768,0.08140691735884051,0.1760852119067055,-0.07129180518171353,1.1955324365453657,0.15067841025963394,-0.09052236012311145,0.17532706292757574,1.1767793412848377,-0.06810147629624091,-0.13697984286625942,0.43778921448055264
2025-08-25T22:27:36.613000,0.0,0.04235597490333021,0.06781295617111027,36.866111450618156,389.12,49.5,1.4751938604260189,-0.0707624455521628,-0.11468015050280121,-0.033511706471593114,1.2873512841588768,0.08140691735884051,0.1760852119067055,-0.07129180518171353,1.1955324365453657,0.15067841025963394,-0.09052236012311145,0.17532706292757574,1.1767793412848377,-0.06810147629624091,-0.13697984286625942,0.43778921448055264
2025-08-25T22:27:37.613000,0.0,0.04155394108965993,0.06576803792268038,34.21114679816341,389.12,49.5,1.4751938604260189,-0.0707624455521628,-0.11468015050280121,-0.033511706471593114,1.2873512841588768,0.08140691735884051,0.1760852119067055,-0.07129180518171353,1.1955324365453657,0.15067841025963394,-0.09052236012311145,0.17532706292757574,1.1767793412848377,-0.06810147629624091,-0.13697984286625942,0.43778921448055264
2025-08-25T22:27:38.632000,0.0,0.04115392407402396,0.06562605709768832,34.2851620150017,389.12,49.5,1.4751938604260189,-0.0707624455521628,-0.11468015050280121,-0.033511706471593114,1.2873512841588768,0.08140691735884051,0.1760852119067055,-0.07129180518171353,1.1955324365453657,0.15067841025963394,-0.09052236012311145,0.17532706292757574,1.1767793412848377,-0.06810147629624091,-0.13697984286625942,0.43778921448055264
2025-08-25T22:27:39.632000,0.0,0.04118064604699612,0.06647585006430745,33.84687819446295,389.12,49.5,1.4751938604260189,-0.0707624455521628,-0.11468015050280121,-0.033511706471593114,1.2873512841588768,0.08140691735884051,0.1760852119067055,-0.07129180518171353,1.1955324365453657,0.15067841025963394,-0.09052236012311145,0.17532706292757574,1.1767793412848377,-0.06810147629624091,-0.13697984286625942,0.43778921448055264
2025-08-25T22:27:40.632000,0.0,0.041706366930156946,0.06573848286643624,38.02947514136271,389.12,49.5,1.4751938604260189,-0.0707624455521628,-0.11468015050280121,-0.033511706471593114,1.2873512841588768,0.08140691735884051,0.1760852119067055,-0.07129180518171353,1.1955324365453657,0.15067841025963394,-0.09052236012311145,0.17532706292757574,1.1767793412848377,-0.06810147629624091,-0.13697984286625942,0.43778921448055264
2025-08-25T22:27:41.632000,0.0,0.041132312966510653,0.06660651694983244,33.78047829305773,389.12,49.5,1.4751938604260189,-0.0707624455521628,-0.11468015050280121,-0.033511706471593114,1.2873512841588768,0.08140691735884051,0.1760852119067055,-0.07129180518171353,1.1955324365453657,0.15067841025963394,-0.09052236012311145,0.17532706292757574,1.1767793412848377,-0.06810147629624091,-0.13697984286625942,0.43778921448055264
2025-08-25T22:27:42.622000,0.0,0.0414298300165683,0.06737606902606785,37.10516265104067,389.12,49.5,1.4751938604260189,-0.0707624455521628,-0.11468015050280121,-0.033511706471593114,1.2873512841588768,0.08140691735884051,0.1760852119067055,-0.07129180518171353,1.1955324365453657,0.15067841025963394,-0.09052236012311145,0.17532706292757574,1.1767793412848377,-0.06810147629624091,-0.13697984286625942,0.43778921448055264
2025-08-25T22:27:43.623000,0.0,0.04146762588061392,0.06845864001661539,36.51840000609454,389.12,49.5,1.4751938604260189,-0.0707624455521628,-0.11468015050280121,-0.033511706471593114,1.2873512841588768,0.08140691735884051,0.1760852119067055,-0.07129180518171353,1.1955324365453657,0.15067841025963394,-0.09052236012311145,0.17532706292757574,1.1767793412848377,-0.06810147629624091,-0.13697984286625942,0.43778921448055264
2025-08-25T22:27:44.603000,0.0,0.04171166196465492,0.06935761799104512,36.045067180980325,389.12,49.5,1.4751938604260189,-0.0707624455521628,-0.11468015050280121,-0.033511706471593114,1.2873512841588768,0.08140691735884051,0.1760852119067055,-0.07129180518171353,1.1955324365453657,0.15067841025963394,-0.09052236012311145,0.17532706292757574,1.1767793412848377,-0.06810147629624091,-0.13697984286625942,0.43778921448055264
2025-08-25T22:27:45.603000,0.0,0.0424575861543417,0.07041437411680818,35.50411448453437,389.12,49.5,1.4751938604260189,-0.0707624455521628,-0.11468015050280121,-0.033511706471593114,1.2873512841588768,0.08140691735884051,0.1760852119067055,-0.07129180518171353,1.1955324365453657,0.15067841025963394,-0.09052236012311145,0.17532706292757574,1.1767793412848377,-0.06810147629624091,-0.13697984286625942,0.43778921448055264
2025-08-25T22:27:46.603000,0.0,0.04294523294083774,0.06816447409801185,33.00839667250689,389.12,49.5,1.4751938604260189,-0.0707624455521628,-0.11468015050280121,-0.033511706471593114,1.2873512841588768,0.08140691735884051,0.1760852119067055,-0.07129180518171353,1.1955324365453657,0.15067841025963394,-0.09052236012311145,0.17532706292757574,1.1767793412848377,-0.06810147629624091,-0.13697984286625942,0.43778921448055264
2025-08-25T22:27:47.614000,0.0,0.042107366025447845,0.0658190748654306,34.184619042431095,389.12,49.5,1.4751938604260189,-0.0707624455521628,-0.11468015050280121,-0.033511706471593114,1.2873512841588768,0.08140691735884051,0.1760852119067055,-0.07129180518171353,1.1955324365453657,0.15067841025963394,-0.09052236012311145,0.17532706292757574,1.1767793412848377,-0.06810147629624091,-0.13697984286625942,0.43778921448055264
2025-08-25T22:27:48.635000,0.0,0.04128770204260945,0.0843735821545124,32.59314029080739,389.12,49.5,1.4751938604260189,-0.0707624455521628,-0.11468015050280121,-0.033511706471593114,1.2873512841588768,0.08140691735884051,0.1760852119067055,-0.07129180518171353,1.1955324365453657,0.15067841025963394,-0.09052236012311145,0.17532706292757574,1.1767793412848377,-0.06810147629624091,-0.13697984286625942,0.43778921448055264
2025-08-25T22:27:49.634000,0.0,0.059579987078905106,0.07525602192617953,33.2199329171598,389.12,49.5,1.4751938604260189,-0.0707624455521628,-0.11468015050280121,-0.033511706471593114,1.2873512841588768,0.08140691735884051,0.1760852119067055,-0.07129180518171353,1.1955324365453657,0.15067841025963394,-0.09052236012311145,0.17532706292757574,1.1767793412848377,-0.06810147629624091,-0.13697984286625942,0.43778921448055264
2025-08-25T22:27:50.633000,0.0,0.045092910062521696,0.06580170500092208,34.19364285421582,389.12,49.5,1.4751938604260189,-0.0707624455521628,-0.11468015050280121,-0.033511706471593114,1.2873512841588768,0.08140691735884051,0.1760852119067055,-0.07129180518171353,1.1955324365453657,0.15067841025963394,-0.09052236012311145,0.17532706292757574,1.1767793412848377,-0.06810147629624091,-0.13697984286625942,0.43778921448055264
2025-08-25T22:27:51.634000,0.0,0.04132814588956535,0.06572213093750179,38.03893702681912,389.12,49.5,1.4751938604260189,-0.0707624455521628,-0.11468015050280121,-0.033511706471593114,1.2873512841588768,0.08140691735884051,0.1760852119067055,-0.07129180518171353,1.1955324365453657,0.15067841025963394,-0.09052236012311145,0.17532706292757574,1.1767793412848377,-0.06810147629624091,-0.13697984286625942,0.43778921448055264
2025-08-25T22:27:52.635000,0.0,0.04128279397264123,0.06634190701879561,33.91521439627202,389.12,49.5,1.4751938604260189,-0.0707624455521628,-0.11468015050280121,-0.033511706471593114,1.2873512841588768,0.08140691735884051,0.1760852119067055,-0.07129180518171353,1.1955324365453657,0.15067841025963394,-0.09052236012311145,0.17532706292757574,1.1767793412848377,-0.06810147629624091,-0.13697984286625942,0.43778921448055264
2025-08-25T22:27:53.635000,0.0,0.04186045890673995,0.07908541685901582,31.611390560875424,389.12,49.5,1.4751938604260189,-0.0707624455521628,-0.11468015050280121,-0.033511706471593114,1.2873512841588768,0.08140691735884051,0.1760852119067055,-0.07129180518171353,1.1955324365453657,0.15067841025963394,-0.09052236012311145,0.17532706292757574,1.1767793412848377,-0.06810147629624091,-0.13697984286625942,0.43778921448055264
2025-08-25T22:27:54.633000,0.0,0.05364500894211233,0.07288121595047414,34.302391465296715,389.12,49.5,1.4751938604260189,-0.0707624455521628,-0.11468015050280121,-0.033511706471593114,1.2873512841588768,0.08140691735884051,0.1760852119067055,-0.07129180518171353,1.1955324365453657,0.15067841025963394,-0.09052236012311145,0.17532706292757574,1.1767793412848377,-0.06810147629624091,-0.13697984286625942,0.43778921448055264
2025-08-25T22:27:55.634000,0.0,0.04263332695700228,0.06616276013664901,37.78560620561514,389.12,49.5,1.4751938604260189,-0.0707624455521628,-0.11468015050280121,-0.033511706471593114,1.2873512841588768,0.08140691735884051,0.1760852119067055,-0.07129180518171353,1.1955324365453657,0.15067841025963394,-0.09052236012311145,0.17532706292757574,1.1767793412848377,-0.06810147629624091,-0.13697984286625942,0.43778921448055264
2025-08-25T22:27:56.634000,0.0,0.041572107933461666,0.07342280796729028,34.04936516611814,389.12,49.5,1.4751938604260189,-0.0707624455521628,-0.11468015050280121,-0.033511706471593114,1.2873512841588768,0.08140691735884051,0.1760852119067055,-0.07129180518171353,1.1955324365453657,0.15067841025963394,-0.09052236012311145,0.17532706292757574,1.1767793412848377,-0.06810147629624091,-0.13697984286625942,0.43778921448055264
2025-08-25T22:27:57.634000,0.0,0.04875219310633838,0.06624414795078337,33.96526439847348,389.12,49.5,1.4751938604260189,-0.0707624455521628,-0.11468015050280121,-0.033511706471593114,1.2873512841588768,0.08140691735884051,0.1760852119067055,-0.07129180518171353,1.1955324365453657,0.15067841025963394,-0.09052236012311145,0.17532706292757574,1.1767793412848377,-0.06810147629624091,-0.13697984286625942,0.43778921448055264
2025-08-25T22:27:58.634000,0.0,0.041595182847231627,0.07015976286493242,32.069663695008835,389.12,49.5,1.4751938604260189,-0.0707624455521628,-0.11468015050280121,-0.033511706471593114,1.2873512841588768,0.08140691735884051,0.1760852119067055,-0.07129180518171353,1.1955324365453657,0.15067841025963394,-0.09052236012311145,0.17532706292757574,1.1767793412848377,-0.06810147629624091,-0.13697984286625942,0.43778921448055264
2025-08-25T22:27:59.604000,0.0,0.04262175294570625,0.06767336488701403,36.942155960086986,389.12,49.5,1.4751938604260189,-0.0707624455521628,-0.11468015050280121,-0.033511706471593114,1.2873512841588768,0.08140691735884051,0.1760852119067055,-0.07129180518171353,1.1955324365453657,0.15067841025963394,-0.09052236012311145,0.17532706292757574,1.1767793412848377,-0.06810147629624091,-0.13697984286625942,0.43778921448055264
2025-08-25T22:28:00.615000,0.0,0.041942107025533915,0.06601613108068705,34.08257895710328,389.12,49.7,1.4751938604260189,-0.0707624455521628,-0.11468015050280121,-0.033511706471593114,1.2873512841588768,0.08140691735884051,0.1760852119067055,-0.07129180518171353,1.1955324365453657,0.15067841025963394,-0.09052236012311145,0.17532706292757574,1.1767793412848377,-0.06810147629624091,-0.13697984286625942,0.43778921448055264
2025-08-25T22:28:01.634000,0.0,0.041545849991962314,0.06610757485032082,37.81714887681897,389.12,49.7,1.4751938604260189,-0.0707624455521628,-0.11468015050280121,-0.033511706471593114,1.2873512841588768,0.08140691735884051,0.1760852119067055,-0.07129180518171353,1.1955324365453657,0.15067841025963394,-0.09052236012311145,0.17532706292757574,1.1767793412848377,-0.06810147629624091,-0.13697984286625942,0.43778921448055264
2025-08-25T22:28:02.634000,0.0,0.04150523920543492,0.06599888997152448,34.09148246236822,389.12,49.7,1.4751938604260189,-0.0707624455521628,-0.11468015050280121,-0.033511706471593114,1.2873512841588768,0.08140691735884051,0.1760852119067055,-0.07129180518171353,1.1955324365453657,0.15067841025963394,-0.09052236012311145,0.17532706292757574,1.1767793412848377,-0.06810147629624091,-0.13697984286625942,0.43778921448055264
2025-08-25T22:28:03.634000,0.0,0.04139922000467777,0.06922650802880526,36.11333391191394,389.12,49.7,1.4751938604260189,-0.0707624455521628,-0.11468015050280121,-0.033511706471593114,1.2873512841588768,0.08140691735884051,0.1760852119067055,-0.07129180518171353,1.1955324365453657,0.15067841025963394,-0.09052236012311145,0.17532706292757574,1.1767793412848377,-0.06810147629624091,-0.13697984286625942,0.43778921448055264
2025-08-25T22:28:04.605000,0.0,0.04197421786375344,0.07003589416854084,32.12638357390553,389.12,49.7,1.4751938604260189,-0.0707624455521628,-0.11468015050280121,-0.033511706471593114,1.2873512841588768,0.08140691735884051,0.1760852119067055,-0.07129180518171353,1.1955324365453657,0.15067841025963394,-0.09052236012311145,0.17532706292757574,1.1767793412848377,-0.06810147629624091,-0.13697984286625942,0.43778921448055264
2025-08-25T22:28:05.605000,0.0,0.04241856816224754,0.06873837998136878,36.36978352817684,389.12,49.7,1.4751938604260189,-0.0707624455521628,-0.11468015050280121,-0.033511706471593114,1.2873512841588768,0.08140691735884051,0.1760852119067055,-0.07129180518171353,1.1955324365453657,0.15067841025963394,-0.09052236012311145,0.17532706292757574,1.1767793412848377,-0.06810147629624091,-0.13697984286625942,0.43778921448055264
2025-08-25T22:28:06.615000,0.0,0.04204180999659002,0.06745538604445755,37.06153276407566,389.12,49.7,1.4751938604260189,-0.0707624455521628,-0.11468015050280121,-0.033511706471593114,1.2873512841588768,0.08140691735884051,0.1760852119067055,-0.07129180518171353,1.1955324365453657,0.15067841025963394,-0.09052236012311145,0.17532706292757574,1.1767793412848377,-0.06810147629624091,-0.13697984286625942,0.43778921448055264
2025-08-25T22:28:07.616000,0.0,0.041606015991419554,0.06835327111184597,36.574694368456825,389.12,49.7,1.4751938604260189,-0.0707624455521628,-0.11468015050280121,-0.033511706471593114,1.2873512841588768,0.08140691735884051,0.1760852119067055,-0.07129180518171353,1.1955324365453657,0.15067841025963394,-0.09052236012311145,0.17532706292757574,1.1767793412848377,-0.06810147629624091,-0.13697984286625942,0.43778921448055264
2025-08-25T22:28:08.617000,0.0,0.04184212698601186,0.06847040099091828,32.86091460598325,389.12,49.7,1.4751938604260189,-0.0707624455521628,-0.11468015050280121,-0.033511706471593114,1.2873512841588768,0.08140691735884051,0.1760852119067055,-0.07129180518171353,1.1955324365453657,0.15067841025963394,-0.09052236012311145,0.17532706292757574,1.1767793412848377,-0.06810147629624091,-0.13697984286625942,0.43778921448055264
2025-08-25T22:28:09.617000,0.0,0.04229799518361688,0.06878825090825558,39.97775730142815,389.12,49.7,1.4751938604260189,-0.0707624455521628,-0.11468015050280121,-0.033511706471593114,1.2873512841588768,0.08140691735884051,0.1760852119067055,-0.07129180518171353,1.1955324365453657,0.15067841025963394,-0.09052236012311145,0.17532706292757574,1.1767793412848377,-0.06810147629624091,-0.13697984286625942,0.43778921448055264
2025-08-25T22:28:10.615000,0.0,0.042327865958213806,0.06917039793916047,36.14262855909615,389.12,49.7,1.4751938604260189,-0.0707624455521628,-0.11468015050280121,-0.033511706471593114,1.2873512841588768,0.08140691735884051,0.1760852119067055,-0.07129180518171353,1.1955324365453657,0.15067841025963394,-0.09052236012311145,0.17532706292757574,1.1767793412848377,-0.06810147629624091,-0.13697984286625942,0.43778921448055264
2025-08-25T22:28:11.601000,0.0,0.04194820090197027,0.06870530801825225,36.3872904744985,389.12,49.7,1.4751938604260189,-0.0707624455521628,-0.11468015050280121,-0.033511706471593114,1.2873512841588768,0.08140691735884051,0.1760852119067055,-0.07129180518171353,1.1955324365453657,0.15067841025963394,-0.09052236012311145,0.17532706292757574,1.1767793412848377,-0.06810147629624091,-0.13697984286625942,0.43778921448055264
2025-08-25T22:28:12.612000,0.0,0.042192774126306176,0.06813060608692467,36.694228094937436,389.12,49.7,1.4751938604260189,-0.0707624455521628,-0.11468015050280121,-0.033511706471593114,1.2873512841588768,0.08140691735884051,0.1760852119067055,-0.07129180518171353,1.1955324365453657,0.15067841025963394,-0.09052236012311145,0.17532706292757574,1.1767793412848377,-0.06810147629624091,-0.13697984286625942,0.43778921448055264
2025-08-25T22:28:13.622000,0.0,0.04291595588438213,0.0669960540253669,37.315630545246215,389.12,49.7,1.4751938604260189,-0.0707624455521628,-0.11468015050280121,-0.033511706471593114,1.2873512841588768,0.08140691735884051,0.1760852119067055,-0.07129180518171353,1.1955324365453657,0.15067841025963394,-0.09052236012311145,0.17532706292757574,1.1767793412848377,-0.06810147629624091,-0.13697984286625942,0.43778921448055264
2025-08-25T22:28:14.623000,0.0,0.0414148869458586,0.06745940493419766,33.3533923430651,389.12,49.7,1.4751938604260189,-0.0707624455521628,-0.11468015050280121,-0.033511706471593114,1.2873512841588768,0.08140691735884051,0.1760852119067055,-0.07129180518171353,1.1955324365453657,0.15067841025963394,-0.09052236012311145,0.17532706292757574,1.1767793412848377,-0.06810147629624091,-0.13697984286625942,0.43778921448055264
2025-08-25T22:28:15.622000,0.0,0.042206255020573735,0.0674214418977499,37.08019184448011,389.12,49.7,1.4751938604260189,-0.0707624455521628,-0.11468015050280121,-0.033511706471593114,1.2873512841588768,0.08140691735884051,0.1760852119067055,-0.07129180518171353,1.1955324365453657,0.15067841025963394,-0.09052236012311145,0.17532706292757574,1.1767793412848377,-0.06810147629624091,-0.13697984286625942,0.43778921448055264
2025-08-25T22:28:16.622000,0.0,0.04220653302036226,0.06638357508927584,33.89392627580072,389.12,49.7,1.4751938604260189,-0.0707624455521628,-0.11468015050280121,-0.033511706471593114,1.2873512841588768,0.08140691735884051,0.1760852119067055,-0.07129180518171353,1.1955324365453657,0.15067841025963394,-0.09052236012311145,0.17532706292757574,1.1767793412848377,-0.06810147629624091,-0.13697984286625942,0.43778921448055264
2025-08-25T22:28:17.622000,0.0,0.04159875703044236,0.06729875691235065,37.14778867692928,389.12,49.7,1.4751938604260189,-0.0707624455521628,-0.11468015050280121,-0.033511706471593114,1.2873512841588768,0.08140691735884051,0.1760852119067055,-0.07129180518171353,1.1955324365453657,0.15067841025963394,-0.09052236012311145,0.17532706292757574,1.1767793412848377,-0.06810147629624091,-0.13697984286625942,0.43778921448055264
2025-08-25T22:28:18.622000,0.0,0.04191814502701163,0.07045896793715656,39.029808135321446,389.12,49.7,1.4751938604260189,-0.0707624455521628,-0.11468015050280121,-0.033511706471593114,1.2873512841588768,0.08140691735884051,0.1760852119067055,-0.07129180518171353,1.1955324365453657,0.15067841025963394,-0.09052236012311145,0.17532706292757574,1.1767793412848377,-0.06810147629624091,-0.13697984286625942,0.43778921448055264
2025-08-25T22:28:19.614000,0.0,0.04365756502375007,0.06862471508793533,32.787021368567565,389.12,49.7,1.4751938604260189,-0.0707624455521628,-0.11468015050280121,-0.033511706471593114,1.2873512841588768,0.08140691735884051,0.1760852119067055,-0.07129180518171353,1.1955324365453657,0.15067841025963394,-0.09052236012311145,0.17532706292757574,1.1767793412848377,-0.06810147629624091,-0.13697984286625942,0.43778921448055264
2025-08-25T22:28:20.624000,0.0,0.0433905478566885,0.06744007207453251,37.06994852017701,389.12,49.7,1.4751938604260189,-0.0707624455521628,-0.11468015050280121,-0.033511706471593114,1.2873512841588768,0.08140691735884051,0.1760852119067055,-0.07129180518171353,1.1955324365453657,0.15067841025963394,-0.09052236012311145,0.17532706292757574,1.1767793412848377,-0.06810147629624091,-0.13697984286625942,0.43778921448055264
2025-08-25T22:28:21.623000,0.0,0.04203703301027417,0.06832149485126138,32.932534700804425,389.12,49.7,1.4751938604260189,-0.0707624455521628,-0.11468015050280121,-0.033511706471593114,1.2873512841588768,0.08140691735884051,0.1760852119067055,-0.07129180518171353,1.1955324365453657,0.15067841025963394,-0.09052236012311145,0.17532706292757574,1.1767793412848377,-0.06810147629624091,-0.13697984286625942,0.43778921448055264
2025-08-25T22:28:22.624000,0.0,0.042832141974940896,0.06768477405421436,36.93592886928422,389.12,49.7,1.4751938604260189,-0.0707624455521628,-0.11468015050280121,-0.033511706471593114,1.2873512841588768,0.08140691735884051,0.1760852119067055,-0.07129180518171353,1.1955324365453657,0.15067841025963394,-0.09052236012311145,0.17532706292757574,1.1767793412848377,-0.06810147629624091,-0.13697984286625942,0.43778921448055264
2025-08-25T22:28:23.623000,0.0,0.0422882370185107,0.0696952489670366,32.28340573206313,389.12,49.7,1.4751938604260189,-0.0707624455521628,-0.11468015050280121,-0.033511706471593114,1.2873512841588768,0.08140691735884051,0.1760852119067055,-0.07129180518171353,1.1955324365453657,0.15067841025963394,-0.09052236012311145,0.17532706292757574,1.1767793412848377,-0.06810147629624091,-0.13697984286625942,0.43778921448055264
2025-08-25T22:28:24.613000,0.0,0.042891789926216006,0.06884238217025995,39.946322502301534,389.12,49.7,1.4751938604260189,-0.0707624455521628,-0.11468015050280121,-0.033511706471593114,1.2873512841588768,0.08140691735884051,0.1760852119067055,-0.07129180518171353,1.1955324365453657,0.15067841025963394,-0.09052236012311145,0.17532706292757574,1.1767793412848377,-0.06810147629624091,-0.13697984286625942,0.43778921448055264
2025-08-25T22:28:25.613000,0.0,0.04211458913050592,0.06866058614104986,32.769892109248936,389.12,49.7,1.4751938604260189,-0.0707624455521628,-0.11468015050280121,-0.033511706471593114,1.2873512841588768,0.08140691735884051,0.1760852119067055,-0.07129180518171353,1.1955324365453657,0.15067841025963394,-0.09052236012311145,0.17532706292757574,1.1767793412848377,-0.06810147629624091,-0.13697984286625942,0.43778921448055264
2025-08-25T22:28:45.256000,0.0,,0.34077218594029546,3.6681397472357746,368.64,47.8,0.21962097057634683
2025-08-25T22:28:46.256000,0.0,0.004845760064199567,0.037845642073079944,33.02890191653303,368.64,47.8,0.21962097057634683
2025-08-25T22:28:47.255000,0.0,0.002894952893257141,0.03610118594951928,27.699921033019116,368.64,47.8,0.21962097057634683
2025-08-25T22:28:48.267000,0.0,0.003152858931571245,0.03615238913334906,27.660689209542866,368.64,47.8,0.21962097057634683
2025-08-25T22:28:49.265000,0.0,0.002699156990274787,0.0388239910826087,25.757269464445432,368.64,47.8,0.21962097057634683
2025-08-25T22:28:50.265000,0.0,0.003000618889927864,0.035686427960172296,28.021857528471873,368.64,47.8,0.21962097057634683
2025-08-25T22:28:51.265000,0.0,0.0026967490557581186,0.03591818595305085,27.841049692964358,368.64,47.8,0.21962097057634683
2025-08-25T22:28:52.266000,0.0,0.0031685619615018368,0.035386261995881796,28.259554516279717,368.64,47.8,0.21962097057634683
2025-08-25T22:28:53.266000,0.0,0.002654565032571554,0.035559187177568674,28.12212762362689,368.64,47.8,0.21962097057634683
2025-08-25T22:28:54.265000,0.0,0.0033578770235180855,0.03490206110291183,21.488702280032758,368.64,47.8,0.21962097057634683
2025-08-25T22:28:55.265000,0.0,0.002527028089389205,0.03571701981127262,20.998392474034944,368.64,47.8,0.21962097057634683
2025-08-25T22:28:56.266000,0.0,0.002520306035876274,0.03545689210295677,28.203261501214104,368.64,47.8,0.21962097057634683
2025-08-25T22:28:57.266000,0.0,0.003023581812158227,0.03327834396623075,22.537179156542393,368.64,47.8,0.21962097057634683
2025-08-25T22:28:58.276000,0.0,0.002334028948098421,0.033372177043929696,29.96508135156153,368.64,47.8,0.21962097057634683
2025-08-25T22:28:59.276000,0.0,0.0024284350220113993,0.03337477007880807,22.47206492296305,368.64,47.8,0.21962097057634683
2025-08-25T22:29:00.276000,0.0,0.002532324055209756,0.033437954960390925,29.90613514446482,368.64,47.8,0.21962097057634683
2025-08-25T22:29:01.277000,0.0,0.002423639176413417,0.0384921960067004,25.979292005734138,368.64,47.8,0.21962097057634683
2025-08-25T22:29:02.247000,0.0,0.0030812108889222145,0.034059545025229454,29.360345220678468,368.64,47.8,0.21962097057634683
2025-08-25T22:29:03.276000,0.0,0.002442861907184124,0.03359889914281666,22.32215992589542,368.64,47.8,0.21962097057634683
2025-08-25T22:29:04.276000,0.0,0.002409509848803282,0.037615903187543154,26.584500577169116,368.64,47.8,0.21962097057634683
2025-08-25T22:29:05.248000,0.0,0.0027487308252602816,0.037217403994873166,26.869149716560898,368.64,47.8,0.21962097057634683
2025-08-25T22:29:06.257000,0.0,0.0029522120021283627,0.03715738607570529,26.91254971387386,368.64,47.8,0.21962097057634683
2025-08-25T22:29:07.258000,0.0,0.0029601380228996277,0.03782253107056022,26.43926706370915,368.64,47.8,0.21962097057634683
2025-08-25T22:29:08.246000,0.0,0.002719359938055277,0.03717279387637973,26.901394695422283,368.64,47.8,0.21962097057634683
2025-08-25T22:29:09.248000,0.0,0.0026541762053966522,0.03687792411074042,27.116493786284895,368.64,47.8,0.21962097057634683
2025-08-25T22:29:10.257000,0.0,0.0028892860282212496,0.03583987196907401,20.92641404096404,368.64,47.8,0.21962097057634683
2025-08-25T22:29:11.261000,0.0,0.0029687860514968634,0.0353375228587538,28.298531393869432,368.64,47.8,0.21962097057634683
2025-08-25T22:29:12.261000,0.0,0.002576009137555957,0.035505559062585235,28.164603695925205,368.64,47.8,0.21962097057634683
2025-08-25T22:29:13.271000,0.0,0.0032969878520816565,0.03484581992961466,21.523385057803626,368.64,47.8,0.21962097057634683
2025-08-25T22:29:14.271000,0.0,0.0033214138820767403,0.0352015970274806,28.407802044303832,368.64,47.8,0.21962097057634683
2025-08-25T22:29:15.270000,0.0,0.0034985800739377737,0.039469192968681455,31.670270050665593,368.64,47.8,0.21962097057634683
2025-08-25T22:29:16.240000,0.0,0.0032409329432994127,0.038521751994267106,25.959359277035098,368.64,47.8,0.21962097057634683
2025-08-25T22:29:17.253000,0.0,0.0032957850489765406,0.038575770100578666,19.442256059815584,368.64,47.8,0.21962097057634683
2025-08-25T22:29:18.251000,0.0,0.003575654001906514,0.03782912506721914,19.82599382532104,368.64,47.8,0.21962097057634683
2025-08-25T22:29:19.251000,0.0,0.0034244880080223083,0.035299949115142226,21.246489550272727,368.64,47.8,0.21962097057634683
2025-08-25T22:29:20.271000,0.0,0.003414375940337777,0.034483266063034534,36.249466559085484,368.64,47.8,0.21962097057634683
2025-08-25T22:29:21.272000,0.0,0.0032968029845505953,0.03909417591057718,25.579257695247193,368.64,47.8,0.21962097057634683
2025-08-25T22:29:22.242000,0.0,0.00333428499288857,0.03788717999123037,32.99269041109292,368.64,47.8,0.21962097057634683
2025-08-25T22:29:23.252000,0.0,0.0034183769021183252,0.03603811212815344,27.74840137141273,368.64,47.8,0.21962097057634683
2025-08-25T22:29:24.262000,0.0,0.0034632280003279448,0.0364661670755595,27.422679162522872,368.64,47.8,0.21962097057634683
2025-08-25T22:29:25.261000,0.0,0.0036836531944572926,0.03436024812981486,21.827549008566184,368.64,47.8,0.21962097057634683
2025-08-25T22:29:26.272000,0.0,0.0033188029192388058,0.03437172994017601,21.820257557747567,368.64,47.8,0.21962097057634683
2025-08-25T22:29:27.271000,0.0,0.0033838951494544744,0.034385081147775054,21.8117850813494,368.64,47.8,0.21962097057634683
2025-08-25T22:29:28.272000,0.0,0.0033268961124122143,0.034147563856095076,29.28466593441882,368.64,47.8,0.21962097057634683
2025-08-25T22:29:29.272000,0.0,0.0033399700187146664,0.03429967421106994,21.866096901816274,368.64,47.8,0.21962097057634683
2025-08-25T22:29:30.272000,0.0,0.003349173115566373,0.0343559889588505,21.83025500730986,368.64,47.8,0.21962097057634683
2025-08-25T22:29:31.272000,0.0,0.003271321067586541,0.03430217504501343,29.152670309906505,368.64,47.8,0.21962097057634683
2025-08-25T22:29:32.272000,0.0,0.0034872088581323624,0.03924395306967199,25.48163275561518,368.64,47.8,0.21962097057634683
2025-08-25T22:29:33.242000,0.0,0.0033510809298604727,0.03886297391727567,32.164290943374205,368.64,47.8,0.21962097057634683
2025-08-25T22:29:34.243000,0.0,0.0036891349591314793,0.03438906301744282,21.80925952008676,368.64,47.8,0.21962097057634683
2025-08-25T22:29:35.273000,0.0,0.0034743219148367643,0.039240601006895304,31.854761851896217,368.64,47.9,0.21962097057634683
2025-08-25T22:29:36.252000,0.0,0.0036676169838756323,0.03687587007880211,27.11800420879864,368.64,47.9,0.21962097057634683
2025-08-25T22:29:37.262000,0.0,0.0037976899184286594,0.03487020987085998,28.677774057094208,368.64,47.9,0.21962097057634683
2025-08-25T22:29:38.273000,0.0,0.0034813208039849997,0.03992798808030784,25.045088622764105,368.64,47.9,0.21962097057634683
2025-08-25T22:29:39.244000,0.0,0.0033286360558122396,0.03961760085076094,31.551632939832825,368.64,47.9,0.21962097057634683
2025-08-25T22:29:40.243000,0.0,0.003673302009701729,0.038963343016803265,25.66514889568691,368.64,47.9,0.21962097057634683
2025-08-25T22:30:01.517000,0.0,,0.19777506310492754,7.584373765079791,378.88,48.2,0.22239923711200538,0.07668483663031002,0.03925070706206788,0.2156775290734488
2025-08-25T22:30:02.517000,0.0,0.015314409043639898,0.044333565980196,28.195340761858724,378.88,48.2,0.22239923711200538,0.07668483663031002,0.03925070706206788,0.2156775290734488
2025-08-25T22:30:03.516000,0.0,0.012698363047093153,0.043727919925004244,22.868684394662107,378.88,48.2,0.22239923711200538,0.07668483663031002,0.03925070706206788,0.2156775290734488
2025-08-25T22:30:04.516000,0.0,0.012282513082027435,0.044213399989530444,22.61757748186792,378.88,48.2,0.22239923711200538,0.07668483663031002,0.03925070706206788,0.2156775290734488
2025-08-25T22:30:05.505000,0.0,0.011689143953844905,0.04461897211149335,28.014988711002413,378.88,48.2,0.22239923711200538,0.07668483663031002,0.03925070706206788,0.2156775290734488
2025-08-25T22:30:06.496000,0.0,0.011127701960504055,0.04366431012749672,28.627499125717577,378.88,48.2,0.22239923711200538,0.07668483663031002,0.03925070706206788,0.2156775290734488
2025-08-25T22:30:07.505000,0.0,0.011308756889775395,0.04990636184811592,30.056288305788343,378.88,48.2,0.22239923711200538,0.07668483663031002,0.03925070706206788,0.2156775290734488
2025-08-25T22:30:08.505000,0.0,0.01634057192131877,0.06062697200104594,24.74146325457405,378.88,48.2,0.22239923711200538,0.07668483663031002,0.03925070706206788,0.2156775290734488
2025-08-25T22:30:09.485000,0.0,0.015924072824418545,0.05047573009505868,29.717252175948428,378.88,48.2,0.22239923711200538,0.07668483663031002,0.03925070706206788,0.2156775290734488
2025-08-25T22:30:10.486000,0.0,0.014658282045274973,0.04928832594305277,25.36097495874084,378.88,48.2,0.22239923711200538,0.07668483663031002,0.03925070706206788,0.2156775290734488
2025-08-25T22:30:11.482000,0.0,0.014554873807355762,0.04844621894881129,30.962168618049844,378.88,48.2,0.22239923711200538,0.07668483663031002,0.03925070706206788,0.2156775290734488
2025-08-25T22:30:12.491000,0.0,0.0142276540864259,0.04688348318450153,26.661841550485217,378.88,48.2,0.22239923711200538,0.07668483663031002,0.03925070706206788,0.2156775290734488
2025-08-25T22:30:13.501000,0.0,0.014333819970488548,0.04553274717181921,27.45276921866937,378.88,48.2,0.22239923711200538,0.07668483663031002,0.03925070706206788,0.2156775290734488
2025-08-25T22:30:14.511000,0.0,0.014440781902521849,0.050157435005530715,24.921529577063488,378.88,48.2,0.22239923711200538,0.07668483663031002,0.03925070706206788,0.2156775290734488
2025-08-25T22:30:15.482000,0.0,0.014980595093220472,0.04910321719944477,25.456580470538043,378.88,48.3,0.22239923711200538,0.07668483663031002,0.03925070706206788,0.2156775290734488
2025-08-25T22:30:16.492000,0.0,0.014265376143157482,0.04928110400214791,30.43762980501888,378.88,48.3,0.22239923711200538,0.07668483663031002,0.03925070706206788,0.2156775290734488
2025-08-25T22:30:17.492000,0.0,0.014242560835555196,0.04799905396066606,26.04217993597039,378.88,48.3,0.22239923711200538,0.07668483663031002,0.03925070706206788,0.2156775290734488
2025-08-25T22:30:18.492000,0.0,0.014223913894966245,0.04739316715858877,26.375110062115525,378.88,48.3,0.22239923711200538,0.07668483663031002,0.03925070706206788,0.2156775290734488
2025-08-25T22:30:19.501000,0.0,0.014481078833341599,0.04612913494929671,32.51741012808396,378.88,48.3,0.22239923711200538,0.07668483663031002,0.03925070706206788,0.2156775290734488
2025-08-25T22:30:20.502000,0.0,0.01313988002948463,0.042834182968363166,23.345840417653516,378.88,48.3,0.22239923711200538,0.07668483663031002,0.03925070706206788,0.2156775290734488
2025-08-25T22:30:21.511000,0.0,0.01156127406284213,0.04811110906302929,31.177830426543284,378.88,48.3,0.22239923711200538,0.07668483663031002,0.03925070706206788,0.2156775290734488
2025-08-25T22:30:22.482000,0.0,0.011836107121780515,0.04729451984167099,31.716148192677597,378.88,48.3,0.22239923711200538,0.07668483663031002,0.03925070706206788,0.2156775290734488
2025-08-25T22:30:23.482000,0.0,0.01136242295615375,0.04583965498022735,32.722759380431285,378.88,48.3,0.22239923711200538,0.07668483663031002,0.03925070706206788,0.2156775290734488
2025-08-25T22:30:24.491000,0.0,0.011475108098238707,0.046300726011395454,26.99741683731537,378.88,48.3,0.22239923711200538,0.07668483663031002,0.03925070706206788,0.2156775290734488
2025-08-25T22:30:25.493000,0.0,0.011039590928703547,0.045315582072362304,33.10119679373717,378.88,48.3,0.22239923711200538,0.07668483663031002,0.03925070706206788,0.2156775290734488
2025-08-25T22:30:26.493000,0.0,0.010846129152923822,0.04730539000593126,31.70886023372683,378.88,48.3,0.22239923711200538,0.07668483663031002,0.03925070706206788,0.2156775290734488
2025-08-25T22:30:27.482000,0.0,0.01148840389214456,0.04532717517577112,27.577275556059455,378.88,48.3,0.22239923711200538,0.07668483663031002,0.03925070706206788,0.2156775290734488
2025-08-25T22:30:28.493000,0.0,0.011034201830625534,0.04561732104048133,27.401872172430053,378.88,48.3,0.22239923711200538,0.07668483663031002,0.03925070706206788,0.2156775290734488
2025-08-25T22:30:29.492000,0.0,0.010740258963778615,0.04635476414114237,32.35913347402056,378.88,48.3,0.22239923711200538,0.07668483663031002,0.03925070706206788,0.2156775290734488
2025-08-25T22:30:30.493000,0.0,0.01126477587968111,0.04570217407308519,27.350996431834183,378.88,48.3,0.22239923711200538,0.07668483663031002,0.03925070706206788,0.2156775290734488
2025-08-25T22:30:31.494000,0.0,0.01102370209991932,0.045881617115810513,27.244026662026165,378.88,48.3,0.22239923711200538,0.07668483663031002,0.03925070706206788,0.2156775290734488
2025-08-25T22:30:32.493000,0.0,0.010893277125433087,0.04462834377773106,33.6109268914544,378.88,48.3,0.22239923711200538,0.07668483663031002,0.03925070706206788,0.2156775290734488
2025-08-25T22:30:33.503000,0.0,0.011502053122967482,0.04446221492253244,28.11375911384257,378.88,48.3,0.22239923711200538,0.07668483663031002,0.03925070706206788,0.2156775290734488
2025-08-25T22:30:34.503000,0.0,0.011064534774050117,0.045596322044730186,32.89739024407411,378.88,48.3,0.22239923711200538,0.07668483663031002,0.03925070706206788,0.2156775290734488
2025-08-25T22:30:35.492000,0.0,0.011178146116435528,0.044531770050525665,28.069847629719764,378.88,48.3,0.22239923711200538,0.07668483663031002,0.03925070706206788,0.2156775290734488
2025-08-25T22:30:36.502000,0.0,0.011602737009525299,0.044240530114620924,33.90556117012445,378.88,48.3,0.22239923711200538,0.07668483663031002,0.03925070706206788,0.2156775290734488
2025-08-25T22:30:37.502000,0.0,0.011262589832767844,0.0445571958553046,28.053830049343276,378.88,48.3,0.22239923711200538,0.07668483663031002,0.03925070706206788,0.2156775290734488
2025-08-25T22:30:38.503000,0.0,0.011669663013890386,0.04403460491448641,28.386765418412907,378.88,48.3,0.22239923711200538,0.07668483663031002,0.03925070706206788,0.2156775290734488
2025-08-25T22:30:39.504000,0.0,0.011534774908795953,0.04455921519547701,33.663070442771755,378.88,48.3,0.22239923711200538,0.07668483663031002,0.03925070706206788,0.2156775290734488
2025-08-25T22:30:40.504000,0.0,0.01141207106411457,0.044958436163142323,22.242766549335524,378.88,48.3,0.22239923711200538,0.07668483663031002,0.03925070706206788,0.2156775290734488
2025-08-25T22:30:41.503000,0.0,0.011407349025830626,0.04512947192415595,33.23770334651587,378.88,48.3,0.22239923711200538,0.07668483663031002,0.03925070706206788,0.2156775290734488
2025-08-25T22:30:42.504000,0.0,0.011487404117360711,0.04459304781630635,28.03127530437446,378.88,48.3,0.22239923711200538,0.07668483663031002,0.03925070706206788,0.2156775290734488
2025-08-25T22:30:43.503000,0.0,0.011151405051350594,0.042926202062517405,29.11974365166148,378.88,48.3,0.22239923711200538,0.07668483663031002,0.03925070706206788,0.2156775290734488
2025-08-25T22:30:44.514000,0.0,0.011527662863954902,0.04361103312112391,22.929977311536156,378.88,48.3,0.22239923711200538,0.07668483663031002,0.03925070706206788,0.2156775290734488
2025-08-25T22:30:45.514000,0.0,0.011938996147364378,0.04333309014327824,28.846315733933775,378.88,48.3,0.22239923711200538,0.07668483663031002,0.03925070706206788,0.2156775290734488
2025-08-25T22:30:46.514000,0.0,0.011590718990191817,0.043851236114278436,34.206561386112256,378.88,48.3,0.22239923711200538,0.07668483663031002,0.03925070706206788,0.2156775290734488
2025-08-25T22:30:47.515000,0.0,0.01225936389528215,0.04981588199734688,25.092399248628112,378.88,48.3,0.22239923711200538,0.07668483663031002,0.03925070706206788,0.2156775290734488
2025-08-25T22:30:48.485000,0.0,0.013764378149062395,0.050818118965253234,24.597525950433198,378.88,48.3,0.22239923711200538,0.07668483663031002,0.03925070706206788,0.2156775290734488
2025-08-25T22:30:49.484000,0.0,0.014859299873933196,0.05072595295496285,29.57066181352466,378.88,48.3,0.22239923711200538,0.07668483663031002,0.03925070706206788,0.2156775290734488
2025-08-25T22:30:50.484000,0.0,0.01463935594074428,0.05049900896847248,29.70355321104316,378.88,48.3,0.22239923711200538,0.07668483663031002,0.03925070706206788,0.2156775290734488
2025-08-25T22:30:51.485000,0.0,0.015089632011950016,0.050377806182950735,29.775016294927486,378.88,48.3,0.22239923711200538,0.07668483663031002,0.03925070706206788,0.2156775290734488
2025-08-25T22:30:52.484000,0.0,0.01453904202207923,0.04727494693361223,26.441066168838578,378.88,48.3,0.22239923711200538,0.07668483663031002,0.03925070706206788,0.2156775290734488
2025-08-25T22:30:53.494000,0.0,0.011857348028570414,0.0468909852206707,37.32060633327182,378.88,48.3,0.22239923711200538,0.07668483663031002,0.03925070706206788,0.2156775290734488
2025-08-25T22:30:54.495000,0.0,0.010703777894377708,0.046640170039609075,26.800931448973227,378.88,48.3,0.22239923711200538,0.07668483663031002,0.03925070706206788,0.2156775290734488
2025-08-25T22:30:55.495000,0.0,0.010651722084730864,0.04667196702212095,32.13920680242635,378.88,48.3,0.22239923711200538,0.07668483663031002,0.03925070706206788,0.2156775290734488
2025-08-25T22:30:56.495000,0.0,0.010851221857592463,0.04529641685076058,27.596001779090585,378.88,48.3,0.22239923711200538,0.07668483663031002,0.03925070706206788,0.2156775290734488
2025-08-25T22:31:19.505000,0.0,,0.3596025120932609,5.5616964085091505,378.88,48.7,0.2599068172009208,0.05211247526365314,0.06703152531376558,0.3254084382146078,0.17870098546442997,0.4057112520112676,0.6320177049007459
2025-08-25T22:31:20.505000,0.0,0.022731309989467263,0.054214646108448505,32.2791003098947,378.88,48.7,0.2599068172009208,0.05211247526365314,0.06703152531376558,0.3254084382146078,0.17870098546442997,0.4057112520112676,0.6320177049007459
2025-08-25T22:31:21.515000,0.0,0.019508044002577662,0.05094335996545851,29.444465402694753,378.88,48.7,0.2599068172009208,0.05211247526365314,0.06703152531376558,0.3254084382146078,0.17870098546442997,0.4057112520112676,0.6320177049007459
2025-08-25T22:31:22.534000,0.0,0.01957680215127766,0.051388229010626674,29.189564008710633,378.88,48.7,0.2599068172009208,0.05211247526365314,0.06703152531376558,0.3254084382146078,0.17870098546442997,0.4057112520112676,0.6320177049007459
2025-08-25T22:31:23.534000,0.0,0.019804375944659114,0.05049006617628038,34.66028334940341,378.88,48.7,0.2599068172009208,0.05211247526365314,0.06703152531376558,0.3254084382146078,0.17870098546442997,0.4057112520112676,0.6320177049007459
2025-08-25T22:31:24.534000,0.0,0.01942191505804658,0.05376044404692948,37.2020736706365,378.88,48.7,0.2599068172009208,0.05211247526365314,0.06703152531376558,0.3254084382146078,0.17870098546442997,0.4057112520112676,0.6320177049007459
2025-08-25T22:31:25.515000,0.0,0.018465158063918352,0.05186574603430927,33.740958798557024,378.88,48.7,0.2599068172009208,0.05211247526365314,0.06703152531376558,0.3254084382146078,0.17870098546442997,0.4057112520112676,0.6320177049007459
2025-08-25T22:31:26.526000,0.0,0.018777860794216394,0.05223941197618842,33.49961138149354,378.88,48.7,0.2599068172009208,0.05211247526365314,0.06703152531376558,0.3254084382146078,0.17870098546442997,0.4057112520112676,0.6320177049007459
2025-08-25T22:31:27.525000,0.0,0.01861149095930159,0.0525918360799551,33.275126529895076,378.88,48.7,0.2599068172009208,0.05211247526365314,0.06703152531376558,0.3254084382146078,0.17870098546442997,0.4057112520112676,0.6320177049007459
2025-08-25T22:31:28.525000,0.0,0.018838193966075778,0.052818224998191,28.39928831480775,378.88,48.7,0.2599068172009208,0.05211247526365314,0.06703152531376558,0.3254084382146078,0.17870098546442997,0.4057112520112676,0.6320177049007459
2025-08-25T22:31:29.526000,0.0,0.018843472003936768,0.05083028692752123,29.509965232713686,378.88,48.7,0.2599068172009208,0.05211247526365314,0.06703152531376558,0.3254084382146078,0.17870098546442997,0.4057112520112676,0.6320177049007459
2025-08-25T22:31:30.536000,0.0,0.01922732195816934,0.051332970848307014,34.091149822038375,378.88,48.7,0.2599068172009208,0.05211247526365314,0.06703152531376558,0.3254084382146078,0.17870098546442997,0.4057112520112676,0.6320177049007459
2025-08-25T22:31:31.535000,0.0,0.01965396897867322,0.05491199600510299,31.869174812683532,378.88,48.7,0.2599068172009208,0.05211247526365314,0.06703152531376558,0.3254084382146078,0.17870098546442997,0.4057112520112676,0.6320177049007459
2025-08-25T22:31:32.505000,0.0,0.01878649089485407,0.052485003834590316,28.579592081719152,378.88,48.7,0.2599068172009208,0.05211247526365314,0.06703152531376558,0.3254084382146078,0.17870098546442997,0.4057112520112676,0.6320177049007459
2025-08-25T22:31:33.526000,0.0,0.01890178699977696,0.05136121087707579,29.204918933667745,378.88,48.7,0.2599068172009208,0.05211247526365314,0.06703152531376558,0.3254084382146078,0.17870098546442997,0.4057112520112676,0.6320177049007459
2025-08-25T22:31:34.535000,0.0,0.019563783891499043,0.05127384210936725,34.13046356594951,378.88,48.7,0.2599068172009208,0.05211247526365314,0.06703152531376558,0.3254084382146078,0.17870098546442997,0.4057112520112676,0.6320177049007459
2025-08-25T22:31:35.536000,0.0,0.01948371110484004,0.06079534604214132,28.785098102525236,378.88,48.7,0.2599068172009208,0.05211247526365314,0.06703152531376558,0.3254084382146078,0.17870098546442997,0.4057112520112676,0.6320177049007459
2025-08-25T22:31:36.516000,0.0,0.025235004955902696,0.05228735716082156,28.687623193239233,378.88,48.7,0.2599068172009208,0.05211247526365314,0.06703152531376558,0.3254084382146078,0.17870098546442997,0.4057112520112676,0.6320177049007459
2025-08-25T22:31:37.525000,0.0,0.018295028945431113,0.06337052094750106,27.615363955264627,378.88,48.7,0.2599068172009208,0.05211247526365314,0.06703152531376558,0.3254084382146078,0.17870098546442997,0.4057112520112676,0.6320177049007459
2025-08-25T22:31:38.526000,0.0,0.029323250986635685,0.05756691191345453,21.71386232909721,378.88,48.7,0.2599068172009208,0.05211247526365314,0.06703152531376558,0.3254084382146078,0.17870098546442997,0.4057112520112676,0.6320177049007459
2025-08-25T22:31:39.527000,0.0,0.018352752085775137,0.052401652093976736,33.39589364208537,378.88,48.7,0.2599068172009208,0.05211247526365314,0.06703152531376558,0.3254084382146078,0.17870098546442997,0.4057112520112676,0.6320177049007459
2025-08-25T22:31:40.526000,0.0,0.019286636961624026,0.052633651066571474,28.498877991624706,378.88,48.7,0.2599068172009208,0.05211247526365314,0.06703152531376558,0.3254084382146078,0.17870098546442997,0.4057112520112676,0.6320177049007459
2025-08-25T22:31:41.526000,0.0,0.019290544791147113,0.052620207192376256,33.25718565877306,378.88,48.7,0.2599068172009208,0.05211247526365314,0.06703152531376558,0.3254084382146078,0.17870098546442997,0.4057112520112676,0.6320177049007459
2025-08-25T22:31:42.527000,0.0,0.01861410215497017,0.05254096700809896,28.549150984769543,378.88,48.7,0.2599068172009208,0.05211247526365314,0.06703152531376558,0.3254084382146078,0.17870098546442997,0.4057112520112676,0.6320177049007459
2025-08-25T22:31:43.528000,0.0,0.01912930398248136,0.053115242859348655,28.24048087235662,378.88,48.7,0.2599068172009208,0.05211247526365314,0.06703152531376558,0.3254084382146078,0.17870098546442997,0.4057112520112676,0.6320177049007459
2025-08-25T22:31:44.527000,0.0,0.019136378075927496,0.05137287895195186,34.06466672106796,378.88,48.7,0.2599068172009208,0.05211247526365314,0.06703152531376558,0.3254084382146078,0.17870098546442997,0.4057112520112676,0.6320177049007459
2025-08-25T22:31:45.536000,0.0,0.019856394035741687,0.05204920889809728,28.81888181887135,378.88,48.7,0.2599068172009208,0.05211247526365314,0.06703152531376558,0.3254084382146078,0.17870098546442997,0.4057112520112676,0.6320177049007459
2025-08-25T22:31:46.537000,0.0,0.019524061819538474,0.0525648919865489,28.536156801841333,378.88,48.7,0.2599068172009208,0.05211247526365314,0.06703152531376558,0.3254084382146078,0.17870098546442997,0.4057112520112676,0.6320177049007459
2025-08-25T22:31:47.527000,0.0,0.018992749974131584,0.05250639305450022,28.567949781717004,378.88,48.7,0.2599068172009208,0.05211247526365314,0.06703152531376558,0.3254084382146078,0.17870098546442997,0.4057112520112676,0.6320177049007459
2025-08-25T22:31:48.528000,0.0,0.018813027068972588,0.052848872961476445,28.382819082885174,378.88,48.7,0.2599068172009208,0.05211247526365314,0.06703152531376558,0.3254084382146078,0.17870098546442997,0.4057112520112676,0.6320177049007459
2025-08-25T22:31:49.527000,0.0,0.01861999207176268,0.05150804505683482,29.121664360292527,378.88,48.8,0.2599068172009208,0.05211247526365314,0.06703152531376558,0.3254084382146078,0.17870098546442997,0.4057112520112676,0.6320177049007459
2025-08-25T22:31:50.538000,0.0,0.019203211180865765,0.05154821090400219,33.948801894581024,378.88,48.8,0.2599068172009208,0.05211247526365314,0.06703152531376558,0.3254084382146078,0.17870098546442997,0.4057112520112676,0.6320177049007459
2025-08-25T22:31:51.538000,0.0,0.018746786983683705,0.05167489591985941,33.86557377326835,378.88,48.8,0.2599068172009208,0.05211247526365314,0.06703152531376558,0.3254084382146078,0.17870098546442997,0.4057112520112676,0.6320177049007459
2025-08-25T22:31:52.538000,0.0,0.019201155984774232,0.05201517301611602,28.837739317626,378.88,48.8,0.2599068172009208,0.05211247526365314,0.06703152531376558,0.3254084382146078,0.17870098546442997,0.4057112520112676,0.6320177049007459
2025-08-25T22:31:53.538000,0.0,0.019310376839712262,0.050824973033741117,29.513050582519917,378.88,48.8,0.2599068172009208,0.05211247526365314,0.06703152531376558,0.3254084382146078,0.17870098546442997,0.4057112520112676,0.6320177049007459
2025-08-25T22:31:54.547000,0.0,0.019218747969716787,0.05134611879475415,29.21350308863583,378.88,48.8,0.2599068172009208,0.05211247526365314,0.06703152531376558,0.3254084382146078,0.17870098546442997,0.4057112520112676,0.6320177049007459
2025-08-25T22:31:55.549000,0.0,0.01985169085673988,0.050612770952284336,29.636788734885737,378.88,48.8,0.2599068172009208,0.05211247526365314,0.06703152531376558,0.3254084382146078,0.17870098546442997,0.4057112520112676,0.6320177049007459
2025-08-25T22:31:56.548000,0.0,0.018919100984930992,0.051409192848950624,34.04060447208077,378.88,48.8,0.2599068172009208,0.05211247526365314,0.06703152531376558,0.3254084382146078,0.17870098546442997,0.4057112520112676,0.6320177049007459
2025-08-25T22:31:57.548000,0.0,0.019790321122854948,0.05087521392852068,29.48390550470132,378.88,48.8,0.2599068172009208,0.05211247526365314,0.06703152531376558,0.3254084382146078,0.17870098546442997,0.4057112520112676,0.6320177049007459
2025-08-25T22:31:58.548000,0.0,0.019390878034755588,0.050375883001834154,29.77615300451295,378.88,48.8,0.2599068172009208,0.05211247526365314,0.06703152531376558,0.3254084382146078,0.17870098546442997,0.4057112520112676,0.6320177049007459
2025-08-25T22:31:59.548000,0.0,0.018837213050574064,0.05125202797353268,29.26713457611151,378.88,48.8,0.2599068172009208,0.05211247526365314,0.06703152531376558,0.3254084382146078,0.17870098546442997,0.4057112520112676,0.6320177049007459
2025-08-25T22:32:00.549000,0.0,0.019699672935530543,0.0508703060913831,29.486750036562032,378.88,48.8,0.2599068172009208,0.05211247526365314,0.06703152531376558,0.3254084382146078,0.17870098546442997,0.4057112520112676,0.6320177049007459
2025-08-25T22:32:01.550000,0.0,0.01937389699742198,0.050665288930758834,29.60606821072255,378.88,48.8,0.2599068172009208,0.05211247526365314,0.06703152531376558,0.3254084382146078,0.17870098546442997,0.4057112520112676,0.6320177049007459
2025-08-25T22:32:02.548000,0.0,0.01917978608980775,0.051021344028413296,34.299370848118954,378.88,48.8,0.2599068172009208,0.05211247526365314,0.06703152531376558,0.3254084382146078,0.17870098546442997,0.4057112520112676,0.6320177049007459
2025-08-25T22:32:03.548000,0.0,0.019474692875519395,0.05464549805037677,32.024596031437234,378.88,48.8,0.2599068172009208,0.05211247526365314,0.06703152531376558,0.3254084382146078,0.17870098546442997,0.4057112520112676,0.6320177049007459
2025-08-25T22:32:04.519000,0.0,0.01972054410725832,0.05532394000329077,27.1130364162557,378.88,48.8,0.2599068172009208,0.05211247526365314,0.06703152531376558,0.3254084382146078,0.17870098546442997,0.4057112520112676,0.6320177049007459
2025-08-25T22:32:05.518000,0.0,0.019185508135706186,0.05190283991396427,33.716844837407194,378.88,48.8,0.2599068172009208,0.05211247526365314,0.06703152531376558,0.3254084382146078,0.17870098546442997,0.4057112520112676,0.6320177049007459
2025-08-25T22:32:06.539000,0.0,0.019329432863742113,0.05125382402911782,29.26610898628542,378.88,48.8,0.2599068172009208,0.05211247526365314,0.06703152531376558,0.3254084382146078,0.17870098546442997,0.4057112520112676,0.6320177049007459
2025-08-25T22:32:07.540000,0.0,0.018581103067845106,0.05082208407111466,29.514728240995353,378.88,48.8,0.2599068172009208,0.05211247526365314,0.06703152531376558,0.3254084382146078,0.17870098546442997,0.4057112520112676,0.6320177049007459
2025-08-25T22:32:08.549000,0.0,0.019246581941843033,0.05100306496024132,29.409997245641428,378.88,48.8,0.2599068172009208,0.05211247526365314,0.06703152531376558,0.3254084382146078,0.17870098546442997,0.4057112520112676,0.6320177049007459
2025-08-25T22:32:09.549000,0.0,0.01946665602736175,0.0506818441208452,29.596397408574664,378.88,48.8,0.2599068172009208,0.05211247526365314,0.06703152531376558,0.3254084382146078,0.17870098546442997,0.4057112520112676,0.6320177049007459
2025-08-25T22:32:10.550000,0.0,0.019132212037220597,0.057631487026810646,26.027438773222084,378.88,48.8,0.2599068172009208,0.05211247526365314,0.06703152531376558,0.3254084382146078,0.17870098546442997,0.4057112520112676,0.6320177049007459
2025-08-25T22:32:11.539000,0.0,0.025601282017305493,0.06420698296278715,27.255602416551262,378.88,48.8,0.2599068172009208,0.05211247526365314,0.06703152531376558,0.3254084382146078,0.17870098546442997,0.4057112520112676,0.6320177049007459
2025-08-25T22:32:12.531000,0.0,0.02422491693869233,0.05248061707243323,33.34564449927626,378.88,48.8,0.2599068172009208,0.05211247526365314,0.06703152531376558,0.3254084382146078,0.17870098546442997,0.4057112520112676,0.6320177049007459
2025-08-25T22:32:13.540000,0.0,0.019442081917077303,0.05219274596311152,28.7396260212141,378.88,48.8,0.2599068172009208,0.05211247526365314,0.06703152531376558,0.3254084382146078,0.17870098546442997,0.4057112520112676,0.6320177049007459
2025-08-25T22:32:14.540000,0.0,0.019886876922100782,0.051358601078391075,29.20640298808853,378.88,48.8,0.2599068172009208,0.05211247526365314,0.06703152531376558,0.3254084382146078,0.17870098546442997,0.4057112520112676,0.6320177049007459
2025-08-25T22:32:39.453000,0.0,,0.36791472509503365,6.795052846428565,389.12,49.6,0.23780399476261188,0.02602784656774617,0.06569404896059237,0.23169764751315447,0.2435596432025213,0.34550065839414257,0.648300941881032,0.3345666508662628,0.037320076070098115,0.0315021908906538
2025-08-25T22:32:40.453000,0.0,0.03041067416779697,0.06239812099374831,32.05224721751449,389.12,49.6,0.23780399476261188,0.02602784656774617,0.06569404896059237,0.23169764751315447,0.2435596432025213,0.34550065839414257,0.648300941881032,0.3345666508662628,0.037320076070098115,0.0315021908906538
2025-08-25T22:32:41.462000,0.0,0.026964908000081778,0.06269534095190465,27.9127599185151,389.12,49.6,0.23780399476261188,0.02602784656774617,0.06569404896059237,0.23169764751315447,0.2435596432025213,0.34550065839414257,0.648300941881032,0.3345666508662628,0.037320076070098115,0.0315021908906538
2025-08-25T22:32:42.463000,0.0,0.02745214686729014,0.06285091489553452,35.79900155375235,389.12,49.6,0.23780399476261188,0.02602784656774617,0.06569404896059237,0.23169764751315447,0.2435596432025213,0.34550065839414257,0.648300941881032,0.3345666508662628,0.037320076070098115,0.0315021908906538
2025-08-25T22:32:43.462000,0.0,0.027888959972187877,0.06233782391063869,28.072843904667465,389.12,49.6,0.23780399476261188,0.02602784656774617,0.06569404896059237,0.23169764751315447,0.2435596432025213,0.34550065839414257,0.648300941881032,0.3345666508662628,0.037320076070098115,0.0315021908906538
2025-08-25T22:32:44.463000,0.0,0.02766766515560448,0.06245845300145447,32.02128621330771,389.12,49.6,0.23780399476261188,0.02602784656774617,0.06569404896059237,0.23169764751315447,0.2435596432025213,0.34550065839414257,0.648300941881032,0.3345666508662628,0.037320076070098115,0.0315021908906538
2025-08-25T22:32:45.462000,0.0,0.027310555102303624,0.06282532284967601,35.8135843628474,389.12,49.6,0.23780399476261188,0.02602784656774617,0.06569404896059237,0.23169764751315447,0.2435596432025213,0.34550065839414257,0.648300941881032,0.3345666508662628,0.037320076070098115,0.0315021908906538
2025-08-25T22:32:46.462000,0.0,0.028164959978312254,0.06299354392103851,35.717945998090514,389.12,49.6,0.23780399476261188,0.02602784656774617,0.06569404896059237,0.23169764751315447,0.2435596432025213,0.34550065839414257,0.648300941881032,0.3345666508662628,0.037320076070098115,0.0315021908906538
2025-08-25T22:32:47.462000,0.0,0.027811461128294468,0.06240619393065572,36.05411351476014,389.12,49.6,0.23780399476261188,0.02602784656774617,0.06569404896059237,0.23169764751315447,0.2435596432025213,0.34550065839414257,0.648300941881032,0.3345666508662628,0.037320076070098115,0.0315021908906538
2025-08-25T22:32:48.463000,0.0,0.027603386901319027,0.062101381132379174,32.20540289976213,389.12,49.6,0.23780399476261188,0.02602784656774617,0.06569404896059237,0.23169764751315447,0.2435596432025213,0.34550065839414257,0.648300941881032,0.3345666508662628,0.037320076070098115,0.0315021908906538
2025-08-25T22:32:49.462000,0.0,0.026850352995097637,0.06209915806539357,32.206555810207604,389.12,49.6,0.23780399476261188,0.02602784656774617,0.06569404896059237,0.23169764751315447,0.2435596432025213,0.34550065839414257,0.648300941881032,0.3345666508662628,0.037320076070098115,0.0315021908906538
2025-08-25T22:32:50.463000,0.0,0.02743405499495566,0.05979887000285089,33.445448047841914,389.12,49.6,0.23780399476261188,0.02602784656774617,0.06569404896059237,0.23169764751315447,0.2435596432025213,0.34550065839414257,0.648300941881032,0.3345666508662628,0.037320076070098115,0.0315021908906538
2025-08-25T22:32:51.474000,0.0,0.026382762007415295,0.059355686884373426,33.695170673301426,389.12,49.6,0.23780399476261188,0.02602784656774617,0.06569404896059237,0.23169764751315447,0.2435596432025213,0.34550065839414257,0.648300941881032,0.3345666508662628,0.037320076070098115,0.0315021908906538
2025-08-25T22:32:52.473000,0.0,0.02655209507793188,0.06256971298716962,35.95989005833182,389.12,49.6,0.23780399476261188,0.02602784656774617,0.06569404896059237,0.23169764751315447,0.2435596432025213,0.34550065839414257,0.648300941881032,0.3345666508662628,0.037320076070098115,0.0315021908906538
2025-08-25T22:32:53.463000,0.0,0.027424313127994537,0.06687480909749866,33.64495585654171,389.12,49.6,0.23780399476261188,0.02602784656774617,0.06569404896059237,0.23169764751315447,0.2435596432025213,0.34550065839414257,0.648300941881032,0.3345666508662628,0.037320076070098115,0.0315021908906538
2025-08-25T22:32:54.463000,0.0,0.03137256018817425,0.06582831311970949,30.382063662529767,389.12,49.6,0.23780399476261188,0.02602784656774617,0.06569404896059237,0.23169764751315447,0.2435596432025213,0.34550065839414257,0.648300941881032,0.3345666508662628,0.037320076070098115,0.0315021908906538
2025-08-25T22:32:55.483000,0.0,0.034766122000291944,0.06626860797405243,30.180202378523784,389.12,49.6,0.23780399476261188,0.02602784656774617,0.06569404896059237,0.23169764751315447,0.2435596432025213,0.34550065839414257,0.648300941881032,0.3345666508662628,0.037320076070098115,0.0315021908906538
2025-08-25T22:32:56.483000,0.0,0.035067084012553096,0.06700845691375434,29.846978905575668,389.12,49.6,0.23780399476261188,0.02602784656774617,0.06569404896059237,0.23169764751315447,0.2435596432025213,0.34550065839414257,0.648300941881032,0.3345666508662628,0.037320076070098115,0.0315021908906538
2025-08-25T22:32:57.454000,0.0,0.03485389892011881,0.06643699598498642,30.10370909081924,389.12,49.6,0.23780399476261188,0.02602784656774617,0.06569404896059237,0.23169764751315447,0.2435596432025213,0.34550065839414257,0.648300941881032,0.3345666508662628,0.037320076070098115,0.0315021908906538
2025-08-25T22:32:58.494000,0.0,0.03494452894665301,0.06152117904275656,28.445488646824796,389.12,49.6,0.23780399476261188,0.02602784656774617,0.06569404896059237,0.23169764751315447,0.2435596432025213,0.34550065839414257,0.648300941881032,0.3345666508662628,0.037320076070098115,0.0315021908906538
2025-08-25T22:32:59.493000,0.0,0.030270692892372608,0.059498685877770185,29.412414311050185,389.12,49.6,0.23780399476261188,0.02602784656774617,0.06569404896059237,0.23169764751315447,0.2435596432025213,0.34550065839414257,0.648300941881032,0.3345666508662628,0.037320076070098115,0.0315021908906538
2025-08-25T22:33:00.463000,0.0,0.027497888077050447,0.05995511100627482,29.188504042913948,389.12,49.6,0.23780399476261188,0.02602784656774617,0.06569404896059237,0.23169764751315447,0.2435596432025213,0.34550065839414257,0.648300941881032,0.3345666508662628,0.037320076070098115,0.0315021908906538
2025-08-25T22:33:01.473000,0.0,0.02681948198005557,0.06069027492776513,32.954208930186006,389.12,49.6,0.23780399476261188,0.02602784656774617,0.06569404896059237,0.23169764751315447,0.2435596432025213,0.34550065839414257,0.648300941881032,0.3345666508662628,0.037320076070098115,0.0315021908906538
2025-08-25T22:33:02.474000,0.0,0.025991263100877404,0.059805389028042555,33.44180236102483,389.12,49.6,0.23780399476261188,0.02602784656774617,0.06569404896059237,0.23169764751315447,0.2435596432025213,0.34550065839414257,0.648300941881032,0.3345666508662628,0.037320076070098115,0.0315021908906538
2025-08-25T22:33:03.474000,0.0,0.026455725077539682,0.06017957301810384,37.38810176209007,389.12,49.6,0.23780399476261188,0.02602784656774617,0.06569404896059237,0.23169764751315447,0.2435596432025213,0.34550065839414257,0.648300941881032,0.3345666508662628,0.037320076070098115,0.0315021908906538
2025-08-25T22:33:04.474000,0.0,0.026547169080004096,0.058426097966730595,29.95236822073082,389.12,49.6,0.23780399476261188,0.02602784656774617,0.06569404896059237,0.23169764751315447,0.2435596432025213,0.34550065839414257,0.648300941881032,0.3345666508662628,0.037320076070098115,0.0315021908906538
2025-08-25T22:33:05.484000,0.0,0.026598223950713873,0.058266191044822335,34.32522298328142,389.12,49.6,0.23780399476261188,0.02602784656774617,0.06569404896059237,0.23169764751315447,0.2435596432025213,0.34550065839414257,0.648300941881032,0.3345666508662628,0.037320076070098115,0.0315021908906538
2025-08-25T22:33:06.483000,0.0,0.02692538988776505,0.05903305811807513,33.879322260413005,389.12,49.6,0.23780399476261188,0.02602784656774617,0.06569404896059237,0.23169764751315447,0.2435596432025213,0.34550065839414257,0.648300941881032,0.3345666508662628,0.037320076070098115,0.0315021908906538
2025-08-25T22:33:07.483000,0.0,0.026885390048846602,0.058925874065607786,25.45571064978816,389.12,49.6,0.23780399476261188,0.02602784656774617,0.06569404896059237,0.23169764751315447,0.2435596432025213,0.34550065839414257,0.648300941881032,0.3345666508662628,0.037320076070098115,0.0315021908906538
2025-08-25T22:33:08.495000,0.0,0.027349537005648017,0.058994595892727375,29.663734000010262,389.12,49.6,0.23780399476261188,0.02602784656774617,0.06569404896059237,0.23169764751315447,0.2435596432025213,0.34550065839414257,0.648300941881032,0.3345666508662628,0.037320076070098115,0.0315021908906538
2025-08-25T22:33:09.494000,0.0,0.02756533306092024,0.05792419193312526,38.843873775531826,389.12,49.7,0.23780399476261188,0.02602784656774617,0.06569404896059237,0.23169764751315447,0.2435596432025213,0.34550065839414257,0.648300941881032,0.3345666508662628,0.037320076070098115,0.0315021908906538
2025-08-25T22:33:10.494000,0.0,0.026525909081101418,0.05780158098787069,30.275988478018167,389.12,49.6,0.23780399476261188,0.02602784656774617,0.06569404896059237,0.23169764751315447,0.2435596432025213,0.34550065839414257,0.648300941881032,0.3345666508662628,0.037320076070098115,0.0315021908906538
2025-08-25T22:33:11.495000,0.0,0.026436095125973225,0.05851813405752182,34.17743973234097,389.12,49.6,0.23780399476261188,0.02602784656774617,0.06569404896059237,0.23169764751315447,0.2435596432025213,0.34550065839414257,0.648300941881032,0.3345666508662628,0.037320076070098115,0.0315021908906538
2025-08-25T22:33:12.484000,0.0,0.026412133127450943,0.06129406904801726,32.629584412697724,389.12,49.6,0.23780399476261188,0.02602784656774617,0.06569404896059237,0.23169764751315447,0.2435596432025213,0.34550065839414257,0.648300941881032,0.3345666508662628,0.037320076070098115,0.0315021908906538
2025-08-25T22:33:13.473000,0.0,0.02727118507027626,0.05947307497262955,29.425080186376523,389.12,49.6,0.23780399476261188,0.02602784656774617,0.06569404896059237,0.23169764751315447,0.2435596432025213,0.34550065839414257,0.648300941881032,0.3345666508662628,0.037320076070098115,0.0315021908906538
2025-08-25T22:33:14.484000,0.0,0.02745740581303835,0.06147323502227664,32.53448430484003,389.12,49.6,0.23780399476261188,0.02602784656774617,0.06569404896059237,0.23169764751315447,0.2435596432025213,0.34550065839414257,0.648300941881032,0.3345666508662628,0.037320076070098115,0.0315021908906538
2025-08-25T22:33:15.474000,0.0,0.027211833046749234,0.061734160874038935,32.396973923088694,389.12,49.6,0.23780399476261188,0.02602784656774617,0.06569404896059237,0.23169764751315447,0.2435596432025213,0.34550065839414257,0.648300941881032,0.3345666508662628,0.037320076070098115,0.0315021908906538
2025-08-25T22:33:16.474000,0.0,0.027045926079154015,0.06042492506094277,33.09892396197201,389.12,49.6,0.23780399476261188,0.02602784656774617,0.06569404896059237,0.23169764751315447,0.2435596432025213,0.34550065839414257,0.648300941881032,0.3345666508662628,0.037320076070098115,0.0315021908906538
2025-08-25T22:33:17.474000,0.0,0.026772520039230585,0.06226871395483613,32.1188582993799,389.12,49.6,0.23780399476261188,0.02602784656774617,0.06569404896059237,0.23169764751315447,0.2435596432025213,0.34550065839414257,0.648300941881032,0.3345666508662628,0.037320076070098115,0.0315021908906538
2025-08-25T22:33:18.474000,0.0,0.028727828059345484,0.05844315397553146,29.94362694273131,389.12,49.6,0.23780399476261188,0.02602784656774617,0.06569404896059237,0.23169764751315447,0.2435596432025213,0.34550065839414257,0.648300941881032,0.3345666508662628,0.037320076070098115,0.0315021908906538
2025-08-25T22:33:19.493000,0.0,0.027216888964176178,0.05845872708596289,34.21217155582229,389.12,49.6,0.23780399476261188,0.02602784656774617,0.06569404896059237,0.23169764751315447,0.2435596432025213,0.34550065839414257,0.648300941881032,0.3345666508662628,0.037320076070098115,0.0315021908906538
2025-08-25T22:33:20.495000,0.0,0.02695465018041432,0.057857507141306996,30.246723138726555,389.12,49.6,0.23780399476261188,0.02602784656774617,0.06569404896059237,0.23169764751315447,0.2435596432025213,0.34550065839414257,0.648300941881032,0.3345666508662628,0.037320076070098115,0.0315021908906538
2025-08-25T22:33:21.494000,0.0,0.026499280938878655,0.06632107100449502,26.386787388903866,389.12,49.6,0.23780399476261188,0.02602784656774617,0.06569404896059237,0.23169764751315447,0.2435596432025213,0.34550065839414257,0.648300941881032,0.3345666508662628,0.037320076070098115,0.0315021908906538
2025-08-25T22:33:22.494000,0.0,0.026004022918641567,0.058786947978660464,29.768512572471927,389.12,49.6,0.23780399476261188,0.02602784656774617,0.06569404896059237,0.23169764751315447,0.2435596432025213,0.34550065839414257,0.648300941881032,0.3345666508662628,0.037320076070098115,0.0315021908906538
2025-08-25T22:33:23.495000,0.0,0.027367332950234413,0.06272899080067873,31.883184704102035,389.12,49.6,0.23780399476261188,0.02602784656774617,0.06569404896059237,0.23169764751315447,0.2435596432025213,0.34550065839414257,0.648300941881032,0.3345666508662628,0.037320076070098115,0.0315021908906538
2025-08-25T22:33:24.464000,0.0,0.027121555991470814,0.05955127906054258,29.38643850488713,389.12,49.6,0.23780399476261188,0.02602784656774617,0.06569404896059237,0.23169764751315447,0.2435596432025213,0.34550065839414257,0.648300941881032,0.3345666508662628,0.037320076070098115,0.0315021908906538
2025-08-25T22:33:25.485000,0.0,0.02721275994554162,0.05902055883780122,29.650685023320637,389.12,49.6,0.23780399476261188,0.02602784656774617,0.06569404896059237,0.23169764751315447,0.2435596432025213,0.34550065839414257,0.648300941881032,0.3345666508662628,0.037320076070098115,0.0315021908906538
2025-08-25T22:33:26.485000,0.0,0.027012056903913617,0.057936284923925996,30.205595721193855,389.12,49.6,0.23780399476261188,0.02602784656774617,0.06569404896059237,0.23169764751315447,0.2435596432025213,0.34550065839414257,0.648300941881032,0.3345666508662628,0.037320076070098115,0.0315021908906538
2025-08-25T22:33:27.495000,0.0,0.026592391077429056,0.05811271001584828,34.415879064229046,389.12,49.6,0.23780399476261188,0.02602784656774617,0.06569404896059237,0.23169764751315447,0.2435596432025213,0.34550065839414257,0.648300941881032,0.3345666508662628,0.037320076070098115,0.0315021908906538
2025-08-25T22:33:28.495000,0.0,0.02695902017876506,0.062425825046375394,32.03802270157055,389.12,49.6,0.23780399476261188,0.02602784656774617,0.06569404896059237,0.23169764751315447,0.2435596432025213,0.34550065839414257,0.648300941881032,0.3345666508662628,0.037320076070098115,0.0315021908906538
2025-08-25T22:33:29.475000,0.0,0.027535517001524568,0.06134434696286917,32.60284115846268,389.12,49.6,0.23780399476261188,0.02602784656774617,0.06569404896059237,0.23169764751315447,0.2435596432025213,0.34550065839414257,0.648300941881032,0.3345666508662628,0.037320076070098115,0.0315021908906538
2025-08-25T22:33:30.474000,0.0,0.02749183285050094,0.05974948313087225,33.473092907253225,389.12,49.6,0.23780399476261188,0.02602784656774617,0.06569404896059237,0.23169764751315447,0.2435596432025213,0.34550065839414257,0.648300941881032,0.3345666508662628,0.037320076070098115,0.0315021908906538
2025-08-25T22:33:31.486000,0.0,0.027047352865338326,0.06520437193103135,30.672789887699835,389.12,49.6,0.23780399476261188,0.02602784656774617,0.06569404896059237,0.23169764751315447,0.2435596432025213,0.34550065839414257,0.648300941881032,0.3345666508662628,0.037320076070098115,0.0315021908906538
2025-08-25T22:33:32.486000,0.0,0.02573670889250934,0.05836922815069556,29.981551160517668,389.12,49.6,0.23780399476261188,0.02602784656774617,0.06569404896059237,0.23169764751315447,0.2435596432025213,0.34550065839414257,0.648300941881032,0.3345666508662628,0.037320076070098115,0.0315021908906538
2025-08-25T22:33:33.495000,0.0,0.026964371092617512,0.06315698893740773,31.6671208309529,389.12,49.6,0.23780399476261188,0.02602784656774617,0.06569404896059237,0.23169764751315447,0.2435596432025213,0.34550065839414257,0.648300941881032,0.3345666508662628,0.037320076070098115,0.0315021908906538
2025-08-25T22:33:34.466000,0.0,0.027253295993432403,0.06327124801464379,31.609934413449032,389.12,49.6,0.23780399476261188,0.02602784656774617,0.06569404896059237,0.23169764751315447,0.2435596432025213,0.34550065839414257,0.648300941881032,0.3345666508662628,0.037320076070098115,0.0315021908906538
2025-08-25T22:34:01.348000,0.0,,0.22143399389460683,9.032036882972525,378.88,49.0,0.3174537632494006,0.053291387016163164,0.05330644925981217,0.21530444098337295,0.27558360471580406,0.329198660405547,0.546420273491073,0.31968473326583385,0.06466140204287807,-0.02220114615083398,0.5040546469961089,0.12516437721199272,0.21709029837430213
2025-08-25T22:34:02.348000,0.0,0.038770555052906275,0.06571731599979103,34.2375516371842,378.88,49.1,0.3174537632494006,0.053291387016163164,0.05330644925981217,0.21530444098337295,0.27558360471580406,0.329198660405547,0.546420273491073,0.31968473326583385,0.06466140204287807,-0.02220114615083398,0.5040546469961089,0.12516437721199272,0.21709029837430213
2025-08-25T22:34:03.348000,0.0,0.034076291834935546,0.06640759110450745,30.117038831488273,378.88,49.1,0.3174537632494006,0.053291387016163164,0.05330644925981217,0.21530444098337295,0.27558360471580406,0.329198660405547,0.546420273491073,0.31968473326583385,0.06466140204287807,-0.02220114615083398,0.5040546469961089,0.12516437721199272,0.21709029837430213
2025-08-25T22:34:04.348000,0.0,0.034955159993842244,0.06534490897320211,34.43267479219719,378.88,49.1,0.3174537632494006,0.053291387016163164,0.05330644925981217,0.21530444098337295,0.27558360471580406,0.329198660405547,0.546420273491073,0.31968473326583385,0.06466140204287807,-0.02220114615083398,0.5040546469961089,0.12516437721199272,0.21709029837430213
2025-08-25T22:34:05.348000,0.0,0.0341117549687624,0.06916802609339356,36.143867928577734,378.88,49.1,0.3174537632494006,0.053291387016163164,0.05330644925981217,0.21530444098337295,0.27558360471580406,0.329198660405547,0.546420273491073,0.31968473326583385,0.06466140204287807,-0.02220114615083398,0.5040546469961089,0.12516437721199272,0.21709029837430213
2025-08-25T22:34:06.318000,0.0,0.034060311038047075,0.07197922095656395,31.25902128557025,378.88,49.1,0.3174537632494006,0.053291387016163164,0.05330644925981217,0.21530444098337295,0.27558360471580406,0.329198660405547,0.546420273491073,0.31968473326583385,0.06466140204287807,-0.02220114615083398,0.5040546469961089,0.12516437721199272,0.21709029837430213
2025-08-25T22:34:07.328000,0.0,0.038188538048416376,0.07629855815321207,29.48941702780158,378.88,49.1,0.3174537632494006,0.053291387016163164,0.05330644925981217,0.21530444098337295,0.27558360471580406,0.329198660405547,0.546420273491073,0.31968473326583385,0.06466140204287807,-0.02220114615083398,0.5040546469961089,0.12516437721199272,0.21709029837430213
2025-08-25T22:34:08.339000,0.0,0.044829959981143475,0.07712803594768047,32.4136349290141,378.88,49.1,0.3174537632494006,0.053291387016163164,0.05330644925981217,0.21530444098337295,0.27558360471580406,0.329198660405547,0.546420273491073,0.31968473326583385,0.06466140204287807,-0.02220114615083398,0.5040546469961089,0.12516437721199272,0.21709029837430213
2025-08-25T22:34:09.339000,0.0,0.04527992196381092,0.07824395899660885,28.75621362791104,378.88,49.1,0.3174537632494006,0.053291387016163164,0.05330644925981217,0.21530444098337295,0.27558360471580406,0.329198660405547,0.546420273491073,0.31968473326583385,0.06466140204287807,-0.02220114615083398,0.5040546469961089,0.12516437721199272,0.21709029837430213
2025-08-25T22:34:10.339000,0.0,0.044945552945137024,0.07268956885673106,30.953547192371968,378.88,49.1,0.3174537632494006,0.053291387016163164,0.05330644925981217,0.21530444098337295,0.27558360471580406,0.329198660405547,0.546420273491073,0.31968473326583385,0.06466140204287807,-0.02220114615083398,0.5040546469961089,0.12516437721199272,0.21709029837430213
2025-08-25T22:34:11.349000,0.0,0.04126965696923435,0.06739418115466833,33.385671603254444,378.88,49.1,0.3174537632494006,0.053291387016163164,0.05330644925981217,0.21530444098337295,0.27558360471580406,0.329198660405547,0.546420273491073,0.31968473326583385,0.06466140204287807,-0.02220114615083398,0.5040546469961089,0.12516437721199272,0.21709029837430213
2025-08-25T22:34:12.341000,0.0,0.036120675038546324,0.0711221310775727,31.63572246655444,378.88,49.1,0.3174537632494006,0.053291387016163164,0.05330644925981217,0.21530444098337295,0.27558360471580406,0.329198660405547,0.546420273491073,0.31968473326583385,0.06466140204287807,-0.02220114615083398,0.5040546469961089,0.12516437721199272,0.21709029837430213
2025-08-25T22:34:13.312000,0.0,0.03617517394013703,0.06996556115336716,28.585492162578124,378.88,49.1,0.3174537632494006,0.053291387016163164,0.05330644925981217,0.21530444098337295,0.27558360471580406,0.329198660405547,0.546420273491073,0.31968473326583385,0.06466140204287807,-0.02220114615083398,0.5040546469961089,0.12516437721199272,0.21709029837430213
2025-08-25T22:34:14.312000,0.0,0.03479393804445863,0.06989994994364679,32.18886425260594,378.88,49.1,0.3174537632494006,0.053291387016163164,0.05330644925981217,0.21530444098337295,0.27558360471580406,0.329198660405547,0.546420273491073,0.31968473326583385,0.06466140204287807,-0.02220114615083398,0.5040546469961089,0.12516437721199272,0.21709029837430213
2025-08-25T22:34:15.312000,0.0,0.03453058796003461,0.07008502399548888,32.10386287582381,378.88,49.1,0.3174537632494006,0.053291387016163164,0.05330644925981217,0.21530444098337295,0.27558360471580406,0.329198660405547,0.546420273491073,0.31968473326583385,0.06466140204287807,-0.02220114615083398,0.5040546469961089,0.12516437721199272,0.21709029837430213
2025-08-25T22:34:16.313000,0.0,0.03409708896651864,0.06921974895521998,32.50517423077594,378.88,49.1,0.3174537632494006,0.053291387016163164,0.05330644925981217,0.21530444098337295,0.27558360471580406,0.329198660405547,0.546420273491073,0.31968473326583385,0.06466140204287807,-0.02220114615083398,0.5040546469961089,0.12516437721199272,0.21709029837430213
2025-08-25T22:34:17.322000,0.0,0.03471956821158528,0.0671404218301177,29.788314483047323,378.88,49.1,0.3174537632494006,0.053291387016163164,0.05330644925981217,0.21530444098337295,0.27558360471580406,0.329198660405547,0.546420273491073,0.31968473326583385,0.06466140204287807,-0.02220114615083398,0.5040546469961089,0.12516437721199272,0.21709029837430213
2025-08-25T22:34:18.332000,0.0,0.03402231098152697,0.08403404988348484,29.749845490801636,378.88,49.1,0.3174537632494006,0.053291387016163164,0.05330644925981217,0.21530444098337295,0.27558360471580406,0.329198660405547,0.546420273491073,0.31968473326583385,0.06466140204287807,-0.02220114615083398,0.5040546469961089,0.12516437721199272,0.21709029837430213
2025-08-25T22:34:19.342000,0.0,0.05232006497681141,0.09635300911031663,28.540883418092854,378.88,49.1,0.3174537632494006,0.053291387016163164,0.05330644925981217,0.21530444098337295,0.27558360471580406,0.329198660405547,0.546420273491073,0.31968473326583385,0.06466140204287807,-0.02220114615083398,0.5040546469961089,0.12516437721199272,0.21709029837430213
2025-08-25T22:34:20.344000,0.0,0.05477133393287659,0.08815925801172853,28.35777043027513,378.88,49.1,0.3174537632494006,0.053291387016163164,0.05330644925981217,0.21530444098337295,0.27558360471580406,0.329198660405547,0.546420273491073,0.31968473326583385,0.06466140204287807,-0.02220114615083398,0.5040546469961089,0.12516437721199272,0.21709029837430213
2025-08-25T22:34:21.344000,0.0,0.04752911813557148,0.06554318708367646,34.328510713516394,378.88,49.1,0.3174537632494006,0.053291387016163164,0.05330644925981217,0.21530444098337295,0.27558360471580406,0.329198660405547,0.546420273491073,0.31968473326583385,0.06466140204287807,-0.02220114615083398,0.5040546469961089,0.12516437721199272,0.21709029837430213
2025-08-25T22:34:22.344000,0.0,0.033778738928958774,0.06955941393971443,32.346448490063764,378.88,49.1,0.3174537632494006,0.053291387016163164,0.05330644925981217,0.21530444098337295,0.27558360471580406,0.329198660405547,0.546420273491073,0.31968473326583385,0.06466140204287807,-0.02220114615083398,0.5040546469961089,0.12516437721199272,0.21709029837430213
2025-08-25T22:34:23.324000,0.0,0.0348794749006629,0.06953117297962308,32.35958640679606,378.88,49.1,0.3174537632494006,0.053291387016163164,0.05330644925981217,0.21530444098337295,0.27558360471580406,0.329198660405547,0.546420273491073,0.31968473326583385,0.06466140204287807,-0.02220114615083398,0.5040546469961089,0.12516437721199272,0.21709029837430213
2025-08-25T22:34:24.323000,0.0,0.03444029204547405,0.06783880898728967,33.1668558689113,378.88,49.1,0.3174537632494006,0.053291387016163164,0.05330644925981217,0.21530444098337295,0.27558360471580406,0.329198660405547,0.546420273491073,0.31968473326583385,0.06466140204287807,-0.02220114615083398,0.5040546469961089,0.12516437721199272,0.21709029837430213
2025-08-25T22:34:25.333000,0.0,0.03352634981274605,0.06621803715825081,33.97865742566253,378.88,49.1,0.3174537632494006,0.053291387016163164,0.05330644925981217,0.21530444098337295,0.27558360471580406,0.329198660405547,0.546420273491073,0.31968473326583385,0.06466140204287807,-0.02220114615083398,0.5040546469961089,0.12516437721199272,0.21709029837430213
2025-08-25T22:34:26.343000,0.0,0.034721827832981944,0.06541742803528905,34.394504149356756,378.88,49.1,0.3174537632494006,0.053291387016163164,0.05330644925981217,0.21530444098337295,0.27558360471580406,0.329198660405547,0.546420273491073,0.31968473326583385,0.06466140204287807,-0.02220114615083398,0.5040546469961089,0.12516437721199272,0.21709029837430213
2025-08-25T22:34:27.343000,0.0,0.03388368198648095,0.06575601897202432,34.21739994565747,378.88,49.1,0.3174537632494006,0.053291387016163164,0.05330644925981217,0.21530444098337295,0.27558360471580406,0.329198660405547,0.546420273491073,0.31968473326583385,0.06466140204287807,-0.02220114615083398,0.5040546469961089,0.12516437721199272,0.21709029837430213
2025-08-25T22:34:28.343000,0.0,0.034230995923280716,0.06573874200694263,34.226392707094625,378.88,49.1,0.3174537632494006,0.053291387016163164,0.05330644925981217,0.21530444098337295,0.27558360471580406,0.329198660405547,0.546420273491073,0.31968473326583385,0.06466140204287807,-0.02220114615083398,0.5040546469961089,0.12516437721199272,0.21709029837430213
2025-08-25T22:34:29.344000,0.0,0.03421471896581352,0.07034770795144141,31.983984489631673,378.88,49.1,0.3174537632494006,0.053291387016163164,0.05330644925981217,0.21530444098337295,0.27558360471580406,0.329198660405547,0.546420273491073,0.31968473326583385,0.06466140204287807,-0.02220114615083398,0.5040546469961089,0.12516437721199272,0.21709029837430213
2025-08-25T22:34:30.312000,0.0,0.03408642299473286,0.07060081791132689,31.869319174544806,378.88,49.1,0.3174537632494006,0.053291387016163164,0.05330644925981217,0.21530444098337295,0.27558360471580406,0.329198660405547,0.546420273491073,0.31968473326583385,0.06466140204287807,-0.02220114615083398,0.5040546469961089,0.12516437721199272,0.21709029837430213
2025-08-25T22:34:31.313000,0.0,0.034816569183021784,0.06921839714050293,28.894052486368654,378.88,49.1,0.3174537632494006,0.053291387016163164,0.05330644925981217,0.21530444098337295,0.27558360471580406,0.329198660405547,0.546420273491073,0.31968473326583385,0.06466140204287807,-0.02220114615083398,0.5040546469961089,0.12516437721199272,0.21709029837430213
2025-08-25T22:34:32.323000,0.0,0.03433738509193063,0.0866831720340997,34.60879349015782,378.88,49.1,0.3174537632494006,0.053291387016163164,0.05330644925981217,0.21530444098337295,0.27558360471580406,0.329198660405547,0.546420273491073,0.31968473326583385,0.06466140204287807,-0.02220114615083398,0.5040546469961089,0.12516437721199272,0.21709029837430213
2025-08-25T22:34:33.333000,0.0,0.05394554091617465,0.08273585210554302,30.216646548957755,378.88,49.1,0.3174537632494006,0.053291387016163164,0.05330644925981217,0.21530444098337295,0.27558360471580406,0.329198660405547,0.546420273491073,0.31968473326583385,0.06466140204287807,-0.02220114615083398,0.5040546469961089,0.12516437721199272,0.21709029837430213
2025-08-25T22:34:34.335000,0.0,0.043489168863743544,0.07225688709877431,34.598778059487614,378.88,49.1,0.3174537632494006,0.053291387016163164,0.05330644925981217,0.21530444098337295,0.27558360471580406,0.329198660405547,0.546420273491073,0.31968473326583385,0.06466140204287807,-0.02220114615083398,0.5040546469961089,0.12516437721199272,0.21709029837430213
2025-08-25T22:34:35.315000,0.0,0.03574213897809386,0.06989937694743276,35.765697910013415,378.88,49.1,0.3174537632494006,0.053291387016163164,0.05330644925981217,0.21530444098337295,0.27558360471580406,0.329198660405547,0.546420273491073,0.31968473326583385,0.06466140204287807,-0.02220114615083398,0.5040546469961089,0.12516437721199272,0.21709029837430213
2025-08-25T22:34:36.325000,0.0,0.03441019891761243,0.07056202320381999,31.88684079396235,378.88,49.1,0.3174537632494006,0.053291387016163164,0.05330644925981217,0.21530444098337295,0.27558360471580406,0.329198660405547,0.546420273491073,0.31968473326583385,0.06466140204287807,-0.02220114615083398,0.5040546469961089,0.12516437721199272,0.21709029837430213
2025-08-25T22:34:37.324000,0.0,0.03424940397962928,0.06929034204222262,32.47205791867833,378.88,49.1,0.3174537632494006,0.053291387016163164,0.05330644925981217,0.21530444098337295,0.27558360471580406,0.329198660405547,0.546420273491073,0.31968473326583385,0.06466140204287807,-0.02220114615083398,0.5040546469961089,0.12516437721199272,0.21709029837430213
2025-08-25T22:34:38.325000,0.0,0.03454173495993018,0.06772282812744379,36.915174234830026,378.88,49.1,0.3174537632494006,0.053291387016163164,0.05330644925981217,0.21530444098337295,0.27558360471580406,0.329198660405547,0.546420273491073,0.31968473326583385,0.06466140204287807,-0.02220114615083398,0.5040546469961089,0.12516437721199272,0.21709029837430213
2025-08-25T22:34:39.336000,0.0,0.0345027178991586,0.0665603328961879,33.80391747002305,378.88,49.1,0.3174537632494006,0.053291387016163164,0.05330644925981217,0.21530444098337295,0.27558360471580406,0.329198660405547,0.546420273491073,0.31968473326583385,0.06466140204287807,-0.02220114615083398,0.5040546469961089,0.12516437721199272,0.21709029837430213
2025-08-25T22:34:40.344000,0.0,0.03510610503144562,0.06811688304878771,33.03145856495617,378.88,49.1,0.3174537632494006,0.053291387016163164,0.05330644925981217,0.21530444098337295,0.27558360471580406,0.329198660405547,0.546420273491073,0.31968473326583385,0.06466140204287807,-0.02220114615083398,0.5040546469961089,0.12516437721199272,0.21709029837430213
2025-08-25T22:34:41.344000,0.0,0.03473906801082194,0.07060865219682455,31.865783158245648,378.88,49.1,0.3174537632494006,0.053291387016163164,0.05330644925981217,0.21530444098337295,0.27558360471580406,0.329198660405547,0.546420273491073,0.31968473326583385,0.06466140204287807,-0.02220114615083398,0.5040546469961089,0.12516437721199272,0.21709029837430213
2025-08-25T22:34:42.315000,0.0,0.03501480887643993,0.07152724196203053,38.44688994802559,378.88,49.1,0.3174537632494006,0.053291387016163164,0.05330644925981217,0.21530444098337295,0.27558360471580406,0.329198660405547,0.546420273491073,0.31968473326583385,0.06466140204287807,-0.02220114615083398,0.5040546469961089,0.12516437721199272,0.21709029837430213
2025-08-25T22:34:43.315000,0.0,0.03611663798801601,0.07104324293322861,31.670851541992572,378.88,49.1,0.3174537632494006,0.053291387016163164,0.05330644925981217,0.21530444098337295,0.27558360471580406,0.329198660405547,0.546420273491073,0.31968473326583385,0.06466140204287807,-0.02220114615083398,0.5040546469961089,0.12516437721199272,0.21709029837430213
2025-08-25T22:34:44.314000,0.0,0.03496227087453008,0.07038598693907261,35.518433550758914,378.88,49.1,0.3174537632494006,0.053291387016163164,0.05330644925981217,0.21530444098337295,0.27558360471580406,0.329198660405547,0.546420273491073,0.31968473326583385,0.06466140204287807,-0.02220114615083398,0.5040546469961089,0.12516437721199272,0.21709029837430213
2025-08-25T22:34:45.314000,0.0,0.0346686989068985,0.06978024705313146,32.24408188590707,378.88,49.1,0.3174537632494006,0.053291387016163164,0.05330644925981217,0.21530444098337295,0.27558360471580406,0.329198660405547,0.546420273491073,0.31968473326583385,0.06466140204287807,-0.02220114615083398,0.5040546469961089,0.12516437721199272,0.21709029837430213
2025-08-25T22:34:46.316000,0.0,0.03486295719631016,0.06869828794151545,32.75190790657661,378.88,49.1,0.3174537632494006,0.053291387016163164,0.05330644925981217,0.21530444098337295,0.27558360471580406,0.329198660405547,0.546420273491073,0.31968473326583385,0.06466140204287807,-0.02220114615083398,0.5040546469961089,0.12516437721199272,0.21709029837430213
2025-08-25T22:34:47.325000,0.0,0.034237719140946865,0.06820862297900021,32.98703157653257,378.88,49.1,0.3174537632494006,0.053291387016163164,0.05330644925981217,0.21530444098337295,0.27558360471580406,0.329198660405547,0.546420273491073,0.31968473326583385,0.06466140204287807,-0.02220114615083398,0.5040546469961089,0.12516437721199272,0.21709029837430213
2025-08-25T22:34:48.336000,0.0,0.03480675397440791,0.07005924708209932,32.115674856786875,378.88,49.1,0.3174537632494006,0.053291387016163164,0.05330644925981217,0.21530444098337295,0.27558360471580406,0.329198660405547,0.546420273491073,0.31968473326583385,0.06466140204287807,-0.02220114615083398,0.5040546469961089,0.12516437721199272,0.21709029837430213
2025-08-25T22:34:49.336000,0.0,0.03707587579265237,0.06819866015575826,36.657611664075354,378.88,49.1,0.3174537632494006,0.053291387016163164,0.05330644925981217,0.21530444098337295,0.27558360471580406,0.329198660405547,0.546420273491073,0.31968473326583385,0.06466140204287807,-0.02220114615083398,0.5040546469961089,0.12516437721199272,0.21709029837430213
2025-08-25T22:34:50.335000,0.0,0.03456088504754007,0.07023769104853272,35.59342516360041,378.88,49.1,0.3174537632494006,0.053291387016163164,0.05330644925981217,0.21530444098337295,0.27558360471580406,0.329198660405547,0.546420273491073,0.31968473326583385,0.06466140204287807,-0.02220114615083398,0.5040546469961089,0.12516437721199272,0.21709029837430213
2025-08-25T22:34:51.315000,0.0,0.0348462350666523,0.07173448195680976,34.85074307088811,378.88,49.1,0.3174537632494006,0.053291387016163164,0.05330644925981217,0.21530444098337295,0.27558360471580406,0.329198660405547,0.546420273491073,0.31968473326583385,0.06466140204287807,-0.02220114615083398,0.5040546469961089,0.12516437721199272,0.21709029837430213
2025-08-25T22:34:52.317000,0.0,0.03608299000188708,0.07025846815668046,35.58289933712761,378.88,49.1,0.3174537632494006,0.053291387016163164,0.05330644925981217,0.21530444098337295,0.27558360471580406,0.329198660405547,0.546420273491073,0.31968473326583385,0.06466140204287807,-0.02220114615083398,0.5040546469961089,0.12516437721199272,0.21709029837430213
2025-08-25T22:34:53.316000,0.0,0.034595679957419634,0.07115409499965608,35.1350122577208,378.88,49.1,0.3174537632494006,0.053291387016163164,0.05330644925981217,0.21530444098337295,0.27558360471580406,0.329198660405547,0.546420273491073,0.31968473326583385,0.06466140204287807,-0.02220114615083398,0.5040546469961089,0.12516437721199272,0.21709029837430213
2025-08-25T22:34:54.316000,0.0,0.03521321481093764,0.07032791199162602,35.5477637427601,378.88,49.1,0.3174537632494006,0.053291387016163164,0.05330644925981217,0.21530444098337295,0.27558360471580406,0.329198660405547,0.546420273491073,0.31968473326583385,0.06466140204287807,-0.02220114615083398,0.5040546469961089,0.12516437721199272,0.21709029837430213
2025-08-25T22:34:55.316000,0.0,0.03448410681448877,0.0703583201393485,35.532400362154185,378.88,49.1,0.3174537632494006,0.053291387016163164,0.05330644925981217,0.21530444098337295,0.27558360471580406,0.329198660405547,0.546420273491073,0.31968473326583385,0.06466140204287807,-0.02220114615083398,0.5040546469961089,0.12516437721199272,0.21709029837430213
2025-08-25T22:34:56.326000,0.0,0.03514042007736862,0.06856345594860613,32.81631546820606,378.88,49.1,0.3174537632494006,0.053291387016163164,0.05330644925981217,0.21530444098337295,0.27558360471580406,0.329198660405547,0.546420273491073,0.31968473326583385,0.06466140204287807,-0.02220114615083398,0.5040546469961089,0.12516437721199272,0.21709029837430213
2025-08-25T22:35:26.706000,0.0,,0.3829537960700691,7.833843222828558,378.88,49.0,0.22562200022505605,0.02450535002331425,0.03481368320428042,0.28456935352023444,0.18885677372993814,0.37337413314925166,0.5091135736466591,0.3071336772711422,0.11359132647123053,0.006237132504725862,0.38867410013622294,0.2672783550748466,0.3086607207301979,0.14281302505779,-0.05447611763879657,-0.09002325826761562
2025-08-25T22:35:27.706000,0.0,0.04510675696656108,0.07965206797234714,34.525155090194886,378.88,49.0,0.22562200022505605,0.02450535002331425,0.03481368320428042,0.28456935352023444,0.18885677372993814,0.37337413314925166,0.5091135736466591,0.3071336772711422,0.11359132647123053,0.006237132504725862,0.38867410013622294,0.2672783550748466,0.3086607207301979,0.14281302505779,-0.05447611763879657,-0.09002325826761562
2025-08-25T22:35:28.706000,0.0,0.04351626196876168,0.07673918805085123,35.83566714541856,378.88,49.1,0.22562200022505605,0.02450535002331425,0.03481368320428042,0.28456935352023444,0.18885677372993814,0.37337413314925166,0.5091135736466591,0.3071336772711422,0.11359132647123053,0.006237132504725862,0.38867410013622294,0.2672783550748466,0.3086607207301979,0.14281302505779,-0.05447611763879657,-0.09002325826761562
2025-08-25T22:35:29.717000,0.0,0.04271026491187513,0.07798018399626017,32.05942679129781,378.88,49.1,0.22562200022505605,0.02450535002331425,0.03481368320428042,0.28456935352023444,0.18885677372993814,0.37337413314925166,0.5091135736466591,0.3071336772711422,0.11359132647123053,0.006237132504725862,0.38867410013622294,0.2672783550748466,0.3086607207301979,0.14281302505779,-0.05447611763879657,-0.09002325826761562
2025-08-25T22:35:30.717000,0.0,0.04298604209907353,0.07809872087091208,32.01076755318688,378.88,49.1,0.22562200022505605,0.02450535002331425,0.03481368320428042,0.28456935352023444,0.18885677372993814,0.37337413314925166,0.5091135736466591,0.3071336772711422,0.11359132647123053,0.006237132504725862,0.38867410013622294,0.2672783550748466,0.3086607207301979,0.14281302505779,-0.05447611763879657,-0.09002325826761562
2025-08-25T22:35:31.717000,0.0,0.042854006169363856,0.07786757405847311,32.10579025003027,378.88,49.1,0.22562200022505605,0.02450535002331425,0.03481368320428042,0.28456935352023444,0.18885677372993814,0.37337413314925166,0.5091135736466591,0.3071336772711422,0.11359132647123053,0.006237132504725862,0.38867410013622294,0.2672783550748466,0.3086607207301979,0.14281302505779,-0.05447611763879657,-0.09002325826761562
2025-08-25T22:35:32.716000,0.0,0.04363529896363616,0.07820368395186961,35.16458382820522,378.88,49.1,0.22562200022505605,0.02450535002331425,0.03481368320428042,0.28456935352023444,0.18885677372993814,0.37337413314925166,0.5091135736466591,0.3071336772711422,0.11359132647123053,0.006237132504725862,0.38867410013622294,0.2672783550748466,0.3086607207301979,0.14281302505779,-0.05447611763879657,-0.09002325826761562
2025-08-25T22:35:33.718000,0.0,0.04406337207183242,0.07845712685957551,38.237444067631266,378.88,49.1,0.22562200022505605,0.02450535002331425,0.03481368320428042,0.28456935352023444,0.18885677372993814,0.37337413314925166,0.5091135736466591,0.3071336772711422,0.11359132647123053,0.006237132504725862,0.38867410013622294,0.2672783550748466,0.3086607207301979,0.14281302505779,-0.05447611763879657,-0.09002325826761562
2025-08-25T22:35:34.717000,0.0,0.042924060951918364,0.07545637805014849,33.1317254366289,378.88,49.1,0.22562200022505605,0.02450535002331425,0.03481368320428042,0.28456935352023444,0.18885677372993814,0.37337413314925166,0.5091135736466591,0.3071336772711422,0.11359132647123053,0.006237132504725862,0.38867410013622294,0.2672783550748466,0.3086607207301979,0.14281302505779,-0.05447611763879657,-0.09002325826761562
2025-08-25T22:35:35.727000,0.0,0.04264846909791231,0.07380773616023362,33.87178810866915,378.88,49.1,0.22562200022505605,0.02450535002331425,0.03481368320428042,0.28456935352023444,0.18885677372993814,0.37337413314925166,0.5091135736466591,0.3071336772711422,0.11359132647123053,0.006237132504725862,0.38867410013622294,0.2672783550748466,0.3086607207301979,0.14281302505779,-0.05447611763879657,-0.09002325826761562
2025-08-25T22:35:36.737000,0.0,0.04188580485060811,0.07842657202854753,35.064646189036246,378.88,49.1,0.22562200022505605,0.02450535002331425,0.03481368320428042,0.28456935352023444,0.18885677372993814,0.37337413314925166,0.5091135736466591,0.3071336772711422,0.11359132647123053,0.006237132504725862,0.38867410013622294,0.2672783550748466,0.3086607207301979,0.14281302505779,-0.05447611763879657,-0.09002325826761562
2025-08-25T22:35:37.708000,0.0,0.04276732006110251,0.07895007100887597,34.83214093234719,378.88,49.1,0.22562200022505605,0.02450535002331425,0.03481368320428042,0.28456935352023444,0.18885677372993814,0.37337413314925166,0.5091135736466591,0.3071336772711422,0.11359132647123053,0.006237132504725862,0.38867410013622294,0.2672783550748466,0.3086607207301979,0.14281302505779,-0.05447611763879657,-0.09002325826761562
2025-08-25T22:35:38.708000,0.0,0.04302487522363663,0.07904345891438425,34.79098761326584,378.88,49.1,0.22562200022505605,0.02450535002331425,0.03481368320428042,0.28456935352023444,0.18885677372993814,0.37337413314925166,0.5091135736466591,0.3071336772711422,0.11359132647123053,0.006237132504725862,0.38867410013622294,0.2672783550748466,0.3086607207301979,0.14281302505779,-0.05447611763879657,-0.09002325826761562
2025-08-25T22:35:39.707000,0.0,0.04302594903856516,0.07677770708687603,35.8176885497282,378.88,49.1,0.22562200022505605,0.02450535002331425,0.03481368320428042,0.28456935352023444,0.18885677372993814,0.37337413314925166,0.5091135736466591,0.3071336772711422,0.11359132647123053,0.006237132504725862,0.38867410013622294,0.2672783550748466,0.3086607207301979,0.14281302505779,-0.05447611763879657,-0.09002325826761562
2025-08-25T22:35:40.727000,0.0,0.04343824414536357,0.0773672228679061,35.544768159706045,378.88,49.1,0.22562200022505605,0.02450535002331425,0.03481368320428042,0.28456935352023444,0.18885677372993814,0.37337413314925166,0.5091135736466591,0.3071336772711422,0.11359132647123053,0.006237132504725862,0.38867410013622294,0.2672783550748466,0.3086607207301979,0.14281302505779,-0.05447611763879657,-0.09002325826761562
2025-08-25T22:35:41.726000,0.0,0.04393924307078123,0.0772619650233537,32.35744779781779,378.88,49.1,0.22562200022505605,0.02450535002331425,0.03481368320428042,0.28456935352023444,0.18885677372993814,0.37337413314925166,0.5091135736466591,0.3071336772711422,0.11359132647123053,0.006237132504725862,0.38867410013622294,0.2672783550748466,0.3086607207301979,0.14281302505779,-0.05447611763879657,-0.09002325826761562
2025-08-25T22:35:42.717000,0.0,0.04253746895119548,0.0787841270212084,34.90550830448042,378.88,49.1,0.22562200022505605,0.02450535002331425,0.03481368320428042,0.28456935352023444,0.18885677372993814,0.37337413314925166,0.5091135736466591,0.3071336772711422,0.11359132647123053,0.006237132504725862,0.38867410013622294,0.2672783550748466,0.3086607207301979,0.14281302505779,-0.05447611763879657,-0.09002325826761562
2025-08-25T22:35:43.717000,0.0,0.043132153106853366,0.07765814894810319,35.41160891998257,378.88,49.1,0.22562200022505605,0.02450535002331425,0.03481368320428042,0.28456935352023444,0.18885677372993814,0.37337413314925166,0.5091135736466591,0.3071336772711422,0.11359132647123053,0.006237132504725862,0.38867410013622294,0.2672783550748466,0.3086607207301979,0.14281302505779,-0.05447611763879657,-0.09002325826761562
2025-08-25T22:35:44.718000,0.0,0.043351300060749054,0.07845433102920651,35.05223948664137,378.88,49.1,0.22562200022505605,0.02450535002331425,0.03481368320428042,0.28456935352023444,0.18885677372993814,0.37337413314925166,0.5091135736466591,0.3071336772711422,0.11359132647123053,0.006237132504725862,0.38867410013622294,0.2672783550748466,0.3086607207301979,0.14281302505779,-0.05447611763879657,-0.09002325826761562
2025-08-25T22:35:45.708000,0.0,0.04300920898094773,0.07846012711524963,35.04965007207453,378.88,49.1,0.22562200022505605,0.02450535002331425,0.03481368320428042,0.28456935352023444,0.18885677372993814,0.37337413314925166,0.5091135736466591,0.3071336772711422,0.11359132647123053,0.006237132504725862,0.38867410013622294,0.2672783550748466,0.3086607207301979,0.14281302505779,-0.05447611763879657,-0.09002325826761562
2025-08-25T22:35:46.708000,0.0,0.04239526600576937,0.07894238503649831,34.83553225214247,378.88,49.1,0.22562200022505605,0.02450535002331425,0.03481368320428042,0.28456935352023444,0.18885677372993814,0.37337413314925166,0.5091135736466591,0.3071336772711422,0.11359132647123053,0.006237132504725862,0.38867410013622294,0.2672783550748466,0.3086607207301979,0.14281302505779,-0.05447611763879657,-0.09002325826761562
2025-08-25T22:35:47.709000,0.0,0.04282713518477976,0.0783785730600357,35.0861197472116,378.88,49.1,0.22562200022505605,0.02450535002331425,0.03481368320428042,0.28456935352023444,0.18885677372993814,0.37337413314925166,0.5091135736466591,0.3071336772711422,0.11359132647123053,0.006237132504725862,0.38867410013622294,0.2672783550748466,0.3086607207301979,0.14281302505779,-0.05447611763879657,-0.09002325826761562
2025-08-25T22:35:48.708000,0.0,0.04294445016421378,0.07862679404206574,31.795776878076428,378.88,49.1,0.22562200022505605,0.02450535002331425,0.03481368320428042,0.28456935352023444,0.18885677372993814,0.37337413314925166,0.5091135736466591,0.3071336772711422,0.11359132647123053,0.006237132504725862,0.38867410013622294,0.2672783550748466,0.3086607207301979,0.14281302505779,-0.05447611763879657,-0.09002325826761562
2025-08-25T22:35:49.709000,0.0,0.04278346919454634,0.07874625688418746,34.922294834209396,378.88,49.1,0.22562200022505605,0.02450535002331425,0.03481368320428042,0.28456935352023444,0.18885677372993814,0.37337413314925166,0.5091135736466591,0.3071336772711422,0.11359132647123053,0.006237132504725862,0.38867410013622294,0.2672783550748466,0.3086607207301979,0.14281302505779,-0.05447611763879657,-0.09002325826761562
2025-08-25T22:35:50.718000,0.0,0.04371205787174404,0.07873162720352411,34.92878399288174,378.88,49.1,0.22562200022505605,0.02450535002331425,0.03481368320428042,0.28456935352023444,0.18885677372993814,0.37337413314925166,0.5091135736466591,0.3071336772711422,0.11359132647123053,0.006237132504725862,0.38867410013622294,0.2672783550748466,0.3086607207301979,0.14281302505779,-0.05447611763879657,-0.09002325826761562
2025-08-25T22:35:51.719000,0.0,0.04348442889750004,0.08022578898817301,31.162049404943698,378.88,49.1,0.22562200022505605,0.02450535002331425,0.03481368320428042,0.28456935352023444,0.18885677372993814,0.37337413314925166,0.5091135736466591,0.3071336772711422,0.11359132647123053,0.006237132504725862,0.38867410013622294,0.2672783550748466,0.3086607207301979,0.14281302505779,-0.05447611763879657,-0.09002325826761562
2025-08-25T22:35:52.709000,0.0,0.04422324197366834,0.07878507091663778,34.90509011421404,378.88,49.1,0.22562200022505605,0.02450535002331425,0.03481368320428042,0.28456935352023444,0.18885677372993814,0.37337413314925166,0.5091135736466591,0.3071336772711422,0.11359132647123053,0.006237132504725862,0.38867410013622294,0.2672783550748466,0.3086607207301979,0.14281302505779,-0.05447611763879657,-0.09002325826761562
2025-08-25T22:35:53.708000,0.0,0.04244572902098298,0.07929469901137054,37.83355050720146,378.88,49.1,0.22562200022505605,0.02450535002331425,0.03481368320428042,0.28456935352023444,0.18885677372993814,0.37337413314925166,0.5091135736466591,0.3071336772711422,0.11359132647123053,0.006237132504725862,0.38867410013622294,0.2672783550748466,0.3086607207301979,0.14281302505779,-0.05447611763879657,-0.09002325826761562
2025-08-25T22:35:54.708000,0.0,0.04309683805331588,0.07968515995889902,34.51081733936927,378.88,49.1,0.22562200022505605,0.02450535002331425,0.03481368320428042,0.28456935352023444,0.18885677372993814,0.37337413314925166,0.5091135736466591,0.3071336772711422,0.11359132647123053,0.006237132504725862,0.38867410013622294,0.2672783550748466,0.3086607207301979,0.14281302505779,-0.05447611763879657,-0.09002325826761562
2025-08-25T22:35:55.708000,0.0,0.04333333810791373,0.07957867998629808,31.41544947001381,378.88,49.2,0.22562200022505605,0.02450535002331425,0.03481368320428042,0.28456935352023444,0.18885677372993814,0.37337413314925166,0.5091135736466591,0.3071336772711422,0.11359132647123053,0.006237132504725862,0.38867410013622294,0.2672783550748466,0.3086607207301979,0.14281302505779,-0.05447611763879657,-0.09002325826761562
2025-08-25T22:35:56.709000,0.0,0.04305817210115492,0.0791016819421202,34.76537960358668,378.88,49.2,0.22562200022505605,0.02450535002331425,0.03481368320428042,0.28456935352023444,0.18885677372993814,0.37337413314925166,0.5091135736466591,0.3071336772711422,0.11359132647123053,0.006237132504725862,0.38867410013622294,0.2672783550748466,0.3086607207301979,0.14281302505779,-0.05447611763879657,-0.09002325826761562
2025-08-25T22:35:57.708000,0.0,0.04288163618184626,0.07653287495486438,32.66570087004339,378.88,49.2,0.22562200022505605,0.02450535002331425,0.03481368320428042,0.28456935352023444,0.18885677372993814,0.37337413314925166,0.5091135736466591,0.3071336772711422,0.11359132647123053,0.006237132504725862,0.38867410013622294,0.2672783550748466,0.3086607207301979,0.14281302505779,-0.05447611763879657,-0.09002325826761562
2025-08-25T22:35:58.728000,0.0,0.043537409976124763,0.07680305885151029,35.8058655621619,378.88,49.2,0.22562200022505605,0.02450535002331425,0.03481368320428042,0.28456935352023444,0.18885677372993814,0.37337413314925166,0.5091135736466591,0.3071336772711422,0.11359132647123053,0.006237132504725862,0.38867410013622294,0.2672783550748466,0.3086607207301979,0.14281302505779,-0.05447611763879657,-0.09002325826761562
2025-08-25T22:35:59.730000,0.0,0.043561800150200725,0.07633917196653783,32.748586808038546,378.88,49.2,0.22562200022505605,0.02450535002331425,0.03481368320428042,0.28456935352023444,0.18885677372993814,0.37337413314925166,0.5091135736466591,0.3071336772711422,0.11359132647123053,0.006237132504725862,0.38867410013622294,0.2672783550748466,0.3086607207301979,0.14281302505779,-0.05447611763879657,-0.09002325826761562
2025-08-25T22:36:00.730000,0.0,0.04308637510985136,0.07472741790115833,33.454922841128756,378.88,49.2,0.22562200022505605,0.02450535002331425,0.03481368320428042,0.28456935352023444,0.18885677372993814,0.37337413314925166,0.5091135736466591,0.3071336772711422,0.11359132647123053,0.006237132504725862,0.38867410013622294,0.2672783550748466,0.3086607207301979,0.14281302505779,-0.05447611763879657,-0.09002325826761562
2025-08-25T22:36:01.739000,0.0,0.043112060986459255,0.07887568208388984,34.86499168495516,378.88,49.2,0.22562200022505605,0.02450535002331425,0.03481368320428042,0.28456935352023444,0.18885677372993814,0.37337413314925166,0.5091135736466591,0.3071336772711422,0.11359132647123053,0.006237132504725862,0.38867410013622294,0.2672783550748466,0.3086607207301979,0.14281302505779,-0.05447611763879657,-0.09002325826761562
2025-08-25T22:36:02.720000,0.0,0.04359515104442835,0.07831216580234468,35.115872123124696,378.88,49.2,0.22562200022505605,0.02450535002331425,0.03481368320428042,0.28456935352023444,0.18885677372993814,0.37337413314925166,0.5091135736466591,0.3071336772711422,0.11359132647123053,0.006237132504725862,0.38867410013622294,0.2672783550748466,0.3086607207301979,0.14281302505779,-0.05447611763879657,-0.09002325826761562
2025-08-25T22:36:03.720000,0.0,0.042971173068508506,0.07873388705775142,31.75252859250037,378.88,49.2,0.22562200022505605,0.02450535002331425,0.03481368320428042,0.28456935352023444,0.18885677372993814,0.37337413314925166,0.5091135736466591,0.3071336772711422,0.11359132647123053,0.006237132504725862,0.38867410013622294,0.2672783550748466,0.3086607207301979,0.14281302505779,-0.05447611763879657,-0.09002325826761562
2025-08-25T22:36:04.709000,0.0,0.043148597003892064,0.07931993994861841,34.66971863293607,378.88,49.2,0.22562200022505605,0.02450535002331425,0.03481368320428042,0.28456935352023444,0.18885677372993814,0.37337413314925166,0.5091135736466591,0.3071336772711422,0.11359132647123053,0.006237132504725862,0.38867410013622294,0.2672783550748466,0.3086607207301979,0.14281302505779,-0.05447611763879657,-0.09002325826761562
2025-08-25T22:36:05.709000,0.0,0.04256559885106981,0.08112365589477122,33.898866732129555,378.88,49.2,0.22562200022505605,0.02450535002331425,0.03481368320428042,0.28456935352023444,0.18885677372993814,0.37337413314925166,0.5091135736466591,0.3071336772711422,0.11359132647123053,0.006237132504725862,0.38867410013622294,0.2672783550748466,0.3086607207301979,0.14281302505779,-0.05447611763879657,-0.09002325826761562
2025-08-25T22:36:06.709000,0.0,0.04513973882421851,0.07906486699357629,31.61960672371903,378.88,49.2,0.22562200022505605,0.02450535002331425,0.03481368320428042,0.28456935352023444,0.18885677372993814,0.37337413314925166,0.5091135736466591,0.3071336772711422,0.11359132647123053,0.006237132504725862,0.38867410013622294,0.2672783550748466,0.3086607207301979,0.14281302505779,-0.05447611763879657,-0.09002325826761562
2025-08-25T22:36:07.720000,0.0,0.04333844897337258,0.07679778197780252,35.808325828926165,378.88,49.2,0.22562200022505605,0.02450535002331425,0.03481368320428042,0.28456935352023444,0.18885677372993814,0.37337413314925166,0.5091135736466591,0.3071336772711422,0.11359132647123053,0.006237132504725862,0.38867410013622294,0.2672783550748466,0.3086607207301979,0.14281302505779,-0.05447611763879657,-0.09002325826761562
2025-08-25T22:36:08.730000,0.0,0.04287037602625787,0.07664411584846675,32.61829003211141,378.88,49.2,0.22562200022505605,0.02450535002331425,0.03481368320428042,0.28456935352023444,0.18885677372993814,0.37337413314925166,0.5091135736466591,0.3071336772711422,0.11359132647123053,0.006237132504725862,0.38867410013622294,0.2672783550748466,0.3086607207301979,0.14281302505779,-0.05447611763879657,-0.09002325826761562
2025-08-25T22:36:09.732000,0.0,0.042857320979237556,0.07485432480461895,33.39820386497804,378.88,49.2,0.22562200022505605,0.02450535002331425,0.03481368320428042,0.28456935352023444,0.18885677372993814,0.37337413314925166,0.5091135736466591,0.3071336772711422,0.11359132647123053,0.006237132504725862,0.38867410013622294,0.2672783550748466,0.3086607207301979,0.14281302505779,-0.05447611763879657,-0.09002325826761562
2025-08-25T22:36:10.741000,0.0,0.04213934182189405,0.07551184203475714,33.107389948840456,378.88,49.2,0.22562200022505605,0.02450535002331425,0.03481368320428042,0.28456935352023444,0.18885677372993814,0.37337413314925166,0.5091135736466591,0.3071336772711422,0.11359132647123053,0.006237132504725862,0.38867410013622294,0.2672783550748466,0.3086607207301979,0.14281302505779,-0.05447611763879657,-0.09002325826761562
2025-08-25T22:36:11.736000,0.0,0.04338272614404559,0.07723796600475907,35.60425192748528,378.88,49.2,0.22562200022505605,0.02450535002331425,0.03481368320428042,0.28456935352023444,0.18885677372993814,0.37337413314925166,0.5091135736466591,0.3071336772711422,0.11359132647123053,0.006237132504725862,0.38867410013622294,0.2672783550748466,0.3086607207301979,0.14281302505779,-0.05447611763879657,-0.09002325826761562
2025-08-25T22:36:12.735000,0.0,0.04537675715982914,0.07916264492087066,34.73860686121375,378.88,49.2,0.22562200022505605,0.02450535002331425,0.03481368320428042,0.28456935352023444,0.18885677372993814,0.37337413314925166,0.5091135736466591,0.3071336772711422,0.11359132647123053,0.006237132504725862,0.38867410013622294,0.2672783550748466,0.3086607207301979,0.14281302505779,-0.05447611763879657,-0.09002325826761562
2025-08-25T22:36:13.715000,0.0,0.04305713507346809,0.0796079020947218,34.54430939189789,378.88,49.2,0.22562200022505605,0.02450535002331425,0.03481368320428042,0.28456935352023444,0.18885677372993814,0.37337413314925166,0.5091135736466591,0.3071336772711422,0.11359132647123053,0.006237132504725862,0.38867410013622294,0.2672783550748466,0.3086607207301979,0.14281302505779,-0.05447611763879657,-0.09002325826761562
2025-08-25T22:36:14.715000,0.0,0.04384272382594645,0.07672428293153644,32.58420808221535,378.88,49.2,0.22562200022505605,0.02450535002331425,0.03481368320428042,0.28456935352023444,0.18885677372993814,0.37337413314925166,0.5091135736466591,0.3071336772711422,0.11359132647123053,0.006237132504725862,0.38867410013622294,0.2672783550748466,0.3086607207301979,0.14281302505779,-0.05447611763879657,-0.09002325826761562
2025-08-25T22:36:15.727000,0.0,0.043076653964817524,0.07669333810918033,32.597355410988186,378.88,49.2,0.22562200022505605,0.02450535002331425,0.03481368320428042,0.28456935352023444,0.18885677372993814,0.37337413314925166,0.5091135736466591,0.3071336772711422,0.11359132647123053,0.006237132504725862,0.38867410013622294,0.2672783550748466,0.3086607207301979,0.14281302505779,-0.05447611763879657,-0.09002325826761562
2025-08-25T22:36:16.726000,0.0,0.04336013412103057,0.07757048308849335,32.228753779294074,378.88,49.2,0.22562200022505605,0.02450535002331425,0.03481368320428042,0.28456935352023444,0.18885677372993814,0.37337413314925166,0.5091135736466591,0.3071336772711422,0.11359132647123053,0.006237132504725862,0.38867410013622294,0.2672783550748466,0.3086607207301979,0.14281302505779,-0.05447611763879657,-0.09002325826761562
2025-08-25T22:36:17.725000,0.0,0.043721891939640045,0.07571989693678916,33.016421061521406,378.88,49.2,0.22562200022505605,0.02450535002331425,0.03481368320428042,0.28456935352023444,0.18885677372993814,0.37337413314925166,0.5091135736466591,0.3071336772711422,0.11359132647123053,0.006237132504725862,0.38867410013622294,0.2672783550748466,0.3086607207301979,0.14281302505779,-0.05447611763879657,-0.09002325826761562
2025-08-25T22:36:18.737000,0.0,0.04363494785502553,0.0776127609424293,35.43231765765747,378.88,49.2,0.22562200022505605,0.02450535002331425,0.03481368320428042,0.28456935352023444,0.18885677372993814,0.37337413314925166,0.5091135736466591,0.3071336772711422,0.11359132647123053,0.006237132504725862,0.38867410013622294,0.2672783550748466,0.3086607207301979,0.14281302505779,-0.05447611763879657,-0.09002325826761562
2025-08-25T22:36:19.737000,0.0,0.04551586788147688,0.07894018199294806,34.83650443377051,378.88,49.2,0.22562200022505605,0.02450535002331425,0.03481368320428042,0.28456935352023444,0.18885677372993814,0.37337413314925166,0.5091135736466591,0.3071336772711422,0.11359132647123053,0.006237132504725862,0.38867410013622294,0.2672783550748466,0.3086607207301979,0.14281302505779,-0.05447611763879657,-0.09002325826761562
2025-08-25T22:36:20.707000,0.0,0.04215547093190253,0.07959364401176572,31.409543199585016,378.88,49.2,0.22562200022505605,0.02450535002331425,0.03481368320428042,0.28456935352023444,0.18885677372993814,0.37337413314925166,0.5091135736466591,0.3071336772711422,0.11359132647123053,0.006237132504725862,0.38867410013622294,0.2672783550748466,0.3086607207301979,0.14281302505779,-0.05447611763879657,-0.09002325826761562
2025-08-25T22:36:21.717000,0.0,0.04398890980519354,0.07957345806062222,37.701013291572885,378.88,49.2,0.22562200022505605,0.02450535002331425,0.03481368320428042,0.28456935352023444,0.18885677372993814,0.37337413314925166,0.5091135736466591,0.3071336772711422,0.11359132647123053,0.006237132504725862,0.38867410013622294,0.2672783550748466,0.3086607207301979,0.14281302505779,-0.05447611763879657,-0.09002325826761562
2025-08-25T22:36:44.718000,0.0,,0.3511140609625727,4.984135341098031,358.4,46.9,0.5521780469252608
2025-08-25T22:36:45.718000,0.0,0.00531464908272028,0.04941794788464904,20.23556304551971,358.4,46.9,0.5521780469252608
2025-08-25T22:36:46.720000,0.0,0.002949601039290428,0.04698186297900975,26.606011782855116,358.4,46.9,0.5521780469252608
2025-08-25T22:36:47.719000,0.0,0.002696175826713443,0.046462920028716326,26.903173524768942,358.4,46.9,0.5521780469252608
2025-08-25T22:36:48.719000,0.0,0.0027751580346375704,0.045856403885409236,27.25900624749389,358.4,46.9,0.5521780469252608
2025-08-25T22:36:49.729000,0.0,0.0024742700625211,0.04497525910846889,27.79305833425741,358.4,46.9,0.5521780469252608
2025-08-25T22:36:50.739000,0.0,0.003384063020348549,0.04463490820489824,28.00498646175871,358.4,46.9,0.5521780469252608
2025-08-25T22:36:51.740000,0.0,0.0032653971575200558,0.0447298891376704,22.35641579441796,358.4,46.9,0.5521780469252608
2025-08-25T22:36:52.739000,0.0,0.003548674052581191,0.044272945960983634,22.587157422983495,358.4,46.9,0.5521780469252608
2025-08-25T22:36:53.739000,0.0,0.0031140081118792295,0.04447714891284704,28.104319421404288,358.4,46.9,0.5521780469252608
2025-08-25T22:36:54.740000,0.0,0.0030321571975946426,0.043634596979245543,34.37639175889333,358.4,46.9,0.5521780469252608
2025-08-25T22:36:55.740000,0.0,0.0025881219189614058,0.04433796415105462,28.19254388273929,358.4,46.9,0.5521780469252608
2025-08-25T22:36:56.739000,0.0,0.0026123428251594305,0.04768482409417629,26.213790734160114,358.4,46.9,0.5521780469252608
2025-08-25T22:36:57.720000,0.0,0.0034121000207960606,0.044157519936561584,22.64619936619317,358.4,46.9,0.5521780469252608
2025-08-25T22:36:58.741000,0.0,0.00311280507594347,0.04297089506871998,29.089456898698312,358.4,46.9,0.5521780469252608
2025-08-25T22:36:59.750000,0.0,0.003034027060493827,0.043239024002105,28.909070656616116,358.4,46.9,0.5521780469252608
2025-08-25T22:37:00.750000,0.0,0.003711968893185258,0.04547485010698438,27.48772117025699,358.4,46.9,0.5521780469252608
2025-08-25T22:37:01.741000,0.0,0.0035903218667954206,0.050466740038245916,24.768788296068116,358.4,46.9,0.5521780469252608
2025-08-25T22:37:02.751000,0.0,0.0033940072171390057,0.04288993310183287,23.315494515360864,358.4,46.9,0.5521780469252608
2025-08-25T22:37:03.721000,0.0,0.0033003780990839005,0.0466936610173434,21.416183229422707,358.4,46.9,0.5521780469252608
2025-08-25T22:37:04.731000,0.0,0.003316081129014492,0.046802214812487364,32.04976529443635,358.4,46.9,0.5521780469252608
2025-08-25T22:37:05.730000,0.0,0.003366063116118312,0.04635199508629739,26.967555499451272,358.4,46.9,0.5521780469252608
2025-08-25T22:37:06.730000,0.0,0.0036766361445188522,0.0468864010181278,26.660182331262384,358.4,46.9,0.5521780469252608
2025-08-25T22:37:07.732000,0.0,0.003361137118190527,0.0468050679191947,26.706509691600083,358.4,46.9,0.5521780469252608
2025-08-25T22:37:08.731000,0.0,0.0037090249825268984,0.045234405901283026,22.107066072280595,358.4,46.9,0.5521780469252608
2025-08-25T22:37:09.741000,0.0,0.0034008219372481108,0.04475346393883228,22.34463909579812,358.4,46.9,0.5521780469252608
2025-08-25T22:37:10.741000,0.0,0.0037560248747467995,0.04290467407554388,29.134354867701617,358.4,46.9,0.5521780469252608
2025-08-25T22:37:11.750000,0.0,0.0035436181351542473,0.04569142288528383,27.35743211889806,358.4,46.9,0.5521780469252608
2025-08-25T22:37:12.739000,0.0,0.0036517851985991,0.0417612511664629,23.94564272066482,358.4,46.9,0.5521780469252608
2025-08-25T22:37:13.758000,0.0,0.0033594700507819653,0.04660684592090547,21.456075394955523,358.4,46.9,0.5521780469252608
2025-08-25T22:37:14.728000,0.0,0.003630894934758544,0.046416995115578175,26.9297914888183,358.4,46.9,0.5521780469252608
2025-08-25T22:37:15.730000,0.0,0.0033431178890168667,0.04514072183519602,27.69118324167777,358.4,46.9,0.5521780469252608
2025-08-25T22:37:16.739000,0.0,0.003766783978790045,0.041991325095295906,23.814442571901694,358.4,46.9,0.5521780469252608
2025-08-25T22:37:17.760000,0.0,0.0033083599992096424,0.04216432408429682,23.716732610269712,358.4,46.9,0.5521780469252608
2025-08-25T22:37:18.758000,0.0,0.003386989003047347,0.0416095859836787,24.032923576607363,358.4,46.9,0.5521780469252608
2025-08-25T22:37:19.758000,0.0,0.0036880059633404016,0.04428342916071415,22.58181037359962,358.4,46.9,0.5521780469252608
2025-08-25T22:37:20.749000,0.0,0.003349933074787259,0.04350769007578492,22.984442480354726,358.4,46.9,0.5521780469252608
2025-08-25T22:37:21.750000,0.0,0.0034448038786649704,0.04202806483954191,23.793624660519168,358.4,46.9,0.5521780469252608
2025-08-25T22:37:22.759000,0.0,0.003904931014403701,0.04175428790040314,29.937045100173986,358.4,46.9,0.5521780469252608
2025-08-25T22:37:23.760000,0.0,0.003554451046511531,0.04179767705500126,29.90596817988597,358.4,46.9,0.5521780469252608
2025-08-25T22:37:24.759000,0.0,0.0036126549821347,0.04157843696884811,24.050928146943342,358.4,46.9,0.5521780469252608
2025-08-25T22:37:25.759000,0.0,0.003527803113684058,0.04191169491969049,29.824611063695173,358.4,46.9,0.5521780469252608
2025-08-25T22:37:26.759000,0.0,0.0034536549355834723,0.04715488199144602,21.206711962112017,358.4,46.9,0.5521780469252608
2025-08-25T22:37:27.730000,0.0,0.0032602669671177864,0.04729056591168046,26.43233329739519,358.4,46.9,0.5521780469252608
2025-08-25T22:37:28.730000,0.0,0.003320323070511222,0.0422743980307132,23.654979055491292,358.4,46.9,0.5521780469252608
2025-08-25T22:37:29.760000,0.0,0.003933264873921871,0.042216656962409616,23.68733272486353,358.4,46.9,0.5521780469252608
2025-08-25T22:37:30.759000,0.0,0.003622117917984724,0.04789878590963781,31.316033830789646,358.4,46.9,0.5521780469252608
2025-08-25T22:37:31.721000,0.0,0.0035644881427288055,0.04189347312785685,29.83758343895428,358.4,46.9,0.5521780469252608
2025-08-25T22:37:32.760000,0.0,0.0036003589630126953,0.04640740295872092,26.935357729711452,358.4,46.9,0.5521780469252608
2025-08-25T22:37:33.731000,0.0,0.0033053038641810417,0.04768763901665807,20.969794701949123,358.4,46.9,0.5521780469252608
2025-08-25T22:37:34.730000,0.0,0.0033642849884927273,0.04798119398765266,26.051873580337425,358.4,46.9,0.5521780469252608
2025-08-25T22:37:35.730000,0.0,0.0033438969403505325,0.04752506618387997,26.30190971567769,358.4,46.9,0.5521780469252608
2025-08-25T22:37:36.731000,0.0,0.0036421921104192734,0.04746580682694912,26.334746706345243,358.4,46.9,0.5521780469252608
2025-08-25T22:38:01.643000,0.0,,0.36009698500856757,4.859801866872965,368.64,47.9,0.5568364380703621,0.07796279413229722,-0.0012960738224535389,0.20347991876020954
2025-08-25T22:38:02.643000,0.0,0.015248893992975354,0.05877151107415557,29.776331559552418,368.64,47.9,0.5568364380703621,0.07796279413229722,-0.0012960738224535389,0.20347991876020954
2025-08-25T22:38:03.643000,0.0,0.011958312010392547,0.057178849121555686,26.23347659221227,368.64,47.9,0.5568364380703621,0.07796279413229722,-0.0012960738224535389,0.20347991876020954
2025-08-25T22:38:04.632000,0.0,0.011593999108299613,0.05620185215957463,26.689511864146382,368.64,47.9,0.5568364380703621,0.07796279413229722,-0.0012960738224535389,0.20347991876020954
2025-08-25T22:38:05.634000,0.0,0.011723869014531374,0.05212499597109854,28.776980641526855,368.64,47.9,0.5568364380703621,0.07796279413229722,-0.0012960738224535389,0.20347991876020954
2025-08-25T22:38:06.663000,0.0,0.011421795934438705,0.0535719720646739,27.99971593707839,368.64,47.9,0.5568364380703621,0.07796279413229722,-0.0012960738224535389,0.20347991876020954
2025-08-25T22:38:07.653000,0.0,0.011451276950538158,0.05296099302358925,28.32273177604318,368.64,47.9,0.5568364380703621,0.07796279413229722,-0.0012960738224535389,0.20347991876020954
2025-08-25T22:38:08.655000,0.0,0.010691317031159997,0.05255516106262803,28.541440453631534,368.64,47.9,0.5568364380703621,0.07796279413229722,-0.0012960738224535389,0.20347991876020954
2025-08-25T22:38:09.654000,0.0,0.01107692695222795,0.05247880890965462,23.819138162071607,368.64,47.9,0.5568364380703621,0.07796279413229722,-0.0012960738224535389,0.20347991876020954
2025-08-25T22:38:10.653000,0.0,0.011089222971349955,0.05281677097082138,28.40007013735632,368.64,47.9,0.5568364380703621,0.07796279413229722,-0.0012960738224535389,0.20347991876020954
2025-08-25T22:38:11.646000,0.0,0.011259276885539293,0.05140753509476781,24.315501564035134,368.64,47.9,0.5568364380703621,0.07796279413229722,-0.0012960738224535389,0.20347991876020954
2025-08-25T22:38:12.656000,0.0,0.012207107851281762,0.050876056076958776,29.483417459304633,368.64,47.9,0.5568364380703621,0.07796279413229722,-0.0012960738224535389,0.20347991876020954
2025-08-25T22:38:13.656000,0.0,0.011147574987262487,0.05138381291180849,24.326727215541286,368.64,47.9,0.5568364380703621,0.07796279413229722,-0.0012960738224535389,0.20347991876020954
2025-08-25T22:38:14.656000,0.0,0.01147018512710929,0.05161060905084014,29.06379187508618,368.64,47.9,0.5568364380703621,0.07796279413229722,-0.0012960738224535389,0.20347991876020954
2025-08-25T22:38:15.656000,0.0,0.011441851034760475,0.05151490494608879,33.97075083087916,368.64,47.9,0.5568364380703621,0.07796279413229722,-0.0012960738224535389,0.20347991876020954
2025-08-25T22:38:16.657000,0.0,0.011771480087190866,0.05150986788794398,24.267194835740185,368.64,47.9,0.5568364380703621,0.07796279413229722,-0.0012960738224535389,0.20347991876020954
2025-08-25T22:38:17.656000,0.0,0.010948205133900046,0.051177609944716096,29.309692297478655,368.64,47.9,0.5568364380703621,0.07796279413229722,-0.0012960738224535389,0.20347991876020954
2025-08-25T22:38:18.656000,0.0,0.01096814894117415,0.0502596499864012,24.870845705018468,368.64,47.9,0.5568364380703621,0.07796279413229722,-0.0012960738224535389,0.20347991876020954
2025-08-25T22:38:19.656000,0.0,0.01178688695654273,0.04985578102059662,30.086781699003502,368.64,47.9,0.5568364380703621,0.07796279413229722,-0.0012960738224535389,0.20347991876020954
2025-08-25T22:38:20.666000,0.0,0.011620275909081101,0.055101930163800716,22.685230740269184,368.64,47.9,0.5568364380703621,0.07796279413229722,-0.0012960738224535389,0.20347991876020954
2025-08-25T22:38:21.637000,0.0,0.011874127900227904,0.055273263016715646,27.137894854269508,368.64,47.9,0.5568364380703621,0.07796279413229722,-0.0012960738224535389,0.20347991876020954
2025-08-25T22:38:22.637000,0.0,0.012211181921884418,0.05269867996685207,28.46371106341717,368.64,47.9,0.5568364380703621,0.07796279413229722,-0.0012960738224535389,0.20347991876020954
2025-08-25T22:38:23.657000,0.0,0.01226570107974112,0.051391517044976354,29.187696457514807,368.64,47.9,0.5568364380703621,0.07796279413229722,-0.0012960738224535389,0.20347991876020954
2025-08-25T22:38:24.658000,0.0,0.01113466708920896,0.052383773028850555,28.634821687507735,368.64,47.9,0.5568364380703621,0.07796279413229722,-0.0012960738224535389,0.20347991876020954
2025-08-25T22:38:25.658000,0.0,0.012378755025565624,0.05041555711068213,29.752720905313375,368.64,47.9,0.5568364380703621,0.07796279413229722,-0.0012960738224535389,0.20347991876020954
2025-08-25T22:38:26.667000,0.0,0.012210479006171227,0.05520826391875744,31.69815306228876,368.64,47.9,0.5568364380703621,0.07796279413229722,-0.0012960738224535389,0.20347991876020954
2025-08-25T22:38:27.638000,0.0,0.011339630000293255,0.05569779919460416,26.931046139887204,368.64,47.9,0.5568364380703621,0.07796279413229722,-0.0012960738224535389,0.20347991876020954
2025-08-25T22:38:28.637000,0.0,0.011907534906640649,0.07276365091092885,24.05046995432115,368.64,47.9,0.5568364380703621,0.07796279413229722,-0.0012960738224535389,0.20347991876020954
2025-08-25T22:38:29.638000,0.0,0.017462220042943954,0.061658576130867004,24.327516042801552,368.64,47.9,0.5568364380703621,0.07796279413229722,-0.0012960738224535389,0.20347991876020954
2025-08-25T22:38:30.669000,0.0,0.014111453900113702,0.056201483123004436,26.689687115854543,368.64,47.9,0.5568364380703621,0.07796279413229722,-0.0012960738224535389,0.20347991876020954
2025-08-25T22:38:31.649000,0.0,0.014263934921473265,0.0537698611151427,27.89666867072374,368.64,47.9,0.5568364380703621,0.07796279413229722,-0.0012960738224535389,0.20347991876020954
2025-08-25T22:38:32.658000,0.0,0.014581840950995684,0.052671347046270967,23.732068194532175,368.64,47.9,0.5568364380703621,0.07796279413229722,-0.0012960738224535389,0.20347991876020954
2025-08-25T22:38:33.667000,0.0,0.014641174115240574,0.05905504710972309,21.16669211485926,368.64,47.9,0.5568364380703621,0.07796279413229722,-0.0012960738224535389,0.20347991876020954
2025-08-25T22:38:34.637000,0.0,0.01447528600692749,0.05644337087869644,26.575308608404907,368.64,47.9,0.5568364380703621,0.07796279413229722,-0.0012960738224535389,0.20347991876020954
2025-08-25T22:38:35.649000,0.0,0.01424000901170075,0.05682535097002983,21.99722445461495,368.64,47.9,0.5568364380703621,0.07796279413229722,-0.0012960738224535389,0.20347991876020954
2025-08-25T22:38:36.648000,0.0,0.01403367705643177,0.05561213195323944,26.97253184361396,368.64,47.9,0.5568364380703621,0.07796279413229722,-0.0012960738224535389,0.20347991876020954
2025-08-25T22:38:37.649000,0.0,0.013511419063434005,0.05321401101537049,28.188064973466258,368.64,47.9,0.5568364380703621,0.07796279413229722,-0.0012960738224535389,0.20347991876020954
2025-08-25T22:38:38.648000,0.0,0.01061665010638535,0.04991365200839937,30.05189842144982,368.64,47.9,0.5568364380703621,0.07796279413229722,-0.0012960738224535389,0.20347991876020954
2025-08-25T22:38:39.668000,0.0,0.01191357197239995,0.05519919004291296,27.17431177584015,368.64,47.9,0.5568364380703621,0.07796279413229722,-0.0012960738224535389,0.20347991876020954
2025-08-25T22:38:40.668000,0.0,0.016753630945459008,0.072057134937495,24.28628339883312,368.64,47.9,0.5568364380703621,0.07796279413229722,-0.0012960738224535389,0.20347991876020954
2025-08-25T22:38:41.639000,0.0,0.017559702042490244,0.06032746913842857,24.864295178006543,368.64,47.9,0.5568364380703621,0.07796279413229722,-0.0012960738224535389,0.20347991876020954
2025-08-25T22:38:42.649000,0.0,0.014263564953580499,0.05614551994949579,31.169005141890725,368.64,47.9,0.5568364380703621,0.07796279413229722,-0.0012960738224535389,0.20347991876020954
2025-08-25T22:38:43.650000,0.0,0.014673340832814574,0.05733499792404473,26.16203112080263,368.64,47.9,0.5568364380703621,0.07796279413229722,-0.0012960738224535389,0.20347991876020954
2025-08-25T22:38:44.648000,0.0,0.014486008090898395,0.057014203164726496,26.309233782785395,368.64,47.9,0.5568364380703621,0.07796279413229722,-0.0012960738224535389,0.20347991876020954
2025-08-25T22:38:45.649000,0.0,0.014541284879669547,0.05490061710588634,27.322097256338225,368.64,47.9,0.5568364380703621,0.07796279413229722,-0.0012960738224535389,0.20347991876020954
2025-08-25T22:38:46.659000,0.0,0.014717192854732275,0.05454148887656629,27.501999503437297,368.64,47.9,0.5568364380703621,0.07796279413229722,-0.0012960738224535389,0.20347991876020954
2025-08-25T22:38:47.659000,0.0,0.014606710989028215,0.05312358518131077,23.530038413894097,368.64,47.9,0.5568364380703621,0.07796279413229722,-0.0012960738224535389,0.20347991876020954
2025-08-25T22:38:48.669000,0.0,0.014764932915568352,0.05274753109551966,33.1769082581507,368.64,47.9,0.5568364380703621,0.07796279413229722,-0.0012960738224535389,0.20347991876020954
2025-08-25T22:38:49.639000,0.0,0.011541721876710653,0.05551418918184936,22.51676586512609,368.64,47.9,0.5568364380703621,0.07796279413229722,-0.0012960738224535389,0.20347991876020954
2025-08-25T22:38:50.639000,0.0,0.011959719937294722,0.055630243849009275,26.963750223193934,368.64,47.9,0.5568364380703621,0.07796279413229722,-0.0012960738224535389,0.20347991876020954
2025-08-25T22:38:51.639000,0.0,0.01150796189904213,0.05583705799654126,31.341192799026196,368.64,47.9,0.5568364380703621,0.07796279413229722,-0.0012960738224535389,0.20347991876020954
2025-08-25T22:38:52.642000,0.0,0.011929849861189723,0.05572852212935686,26.91619915055657,368.64,47.9,0.5568364380703621,0.07796279413229722,-0.0012960738224535389,0.20347991876020954
2025-08-25T22:38:53.639000,0.0,0.011446777964010835,0.055455707013607025,31.556716057565097,368.64,47.9,0.5568364380703621,0.07796279413229722,-0.0012960738224535389,0.20347991876020954
2025-08-25T22:39:21.149000,0.0,,0.39083776203915477,7.036167604819327,378.88,48.3,0.5785618763636736,0.1727793514306029,0.017008474013224802,0.16318123684466077,0.23708710443995532,0.3601017571813484,0.3024125004674745
2025-08-25T22:39:22.149000,0.0,0.03400377812795341,0.07592991995625198,29.632587539883666,378.88,48.3,0.5785618763636736,0.1727793514306029,0.017008474013224802,0.16318123684466077,0.23708710443995532,0.3601017571813484,0.3024125004674745
2025-08-25T22:39:23.180000,0.0,0.02472227206453681,0.06320116389542818,27.689363488551166,378.88,48.3,0.5785618763636736,0.1727793514306029,0.017008474013224802,0.16318123684466077,0.23708710443995532,0.3601017571813484,0.3024125004674745
2025-08-25T22:39:24.178000,0.0,0.02503667795099318,0.06356675596907735,27.53011339529913,378.88,48.3,0.5785618763636736,0.1727793514306029,0.017008474013224802,0.16318123684466077,0.23708710443995532,0.3601017571813484,0.3024125004674745
2025-08-25T22:39:25.178000,0.0,0.025183862075209618,0.06300657195970416,27.7748803905602,378.88,48.3,0.5785618763636736,0.1727793514306029,0.017008474013224802,0.16318123684466077,0.23708710443995532,0.3601017571813484,0.3024125004674745
2025-08-25T22:39:26.180000,0.0,0.024968232959508896,0.0627547218464315,27.88634780793821,378.88,48.3,0.5785618763636736,0.1727793514306029,0.017008474013224802,0.16318123684466077,0.23708710443995532,0.3601017571813484,0.3024125004674745
2025-08-25T22:39:27.180000,0.0,0.0247468079905957,0.062395666958764195,28.046819359372186,378.88,48.3,0.5785618763636736,0.1727793514306029,0.017008474013224802,0.16318123684466077,0.23708710443995532,0.3601017571813484,0.3024125004674745
2025-08-25T22:39:28.180000,0.0,0.024529309011995792,0.06468560406938195,27.053933022298942,378.88,48.3,0.5785618763636736,0.1727793514306029,0.017008474013224802,0.16318123684466077,0.23708710443995532,0.3601017571813484,0.3024125004674745
2025-08-25T22:39:29.168000,0.0,0.02457919716835022,0.06404436496086419,31.228352427604655,378.88,48.3,0.5785618763636736,0.1727793514306029,0.017008474013224802,0.16318123684466077,0.23708710443995532,0.3601017571813484,0.3024125004674745
2025-08-25T22:39:30.170000,0.0,0.024388642981648445,0.062374536879360676,28.05632053645068,378.88,48.3,0.5785618763636736,0.1727793514306029,0.017008474013224802,0.16318123684466077,0.23708710443995532,0.3601017571813484,0.3024125004674745
2025-08-25T22:39:31.179000,0.0,0.024507123976945877,0.06504904804751277,30.746030265334134,378.88,48.3,0.5785618763636736,0.1727793514306029,0.017008474013224802,0.16318123684466077,0.23708710443995532,0.3601017571813484,0.3024125004674745
2025-08-25T22:39:32.170000,0.0,0.02464145701378584,0.06293198000639677,27.80780137256331,378.88,48.3,0.5785618763636736,0.1727793514306029,0.017008474013224802,0.16318123684466077,0.23708710443995532,0.3601017571813484,0.3024125004674745
2025-08-25T22:39:33.179000,0.0,0.024839289020746946,0.062250168062746525,24.09632048684675,378.88,48.3,0.5785618763636736,0.1727793514306029,0.017008474013224802,0.16318123684466077,0.23708710443995532,0.3601017571813484,0.3024125004674745
2025-08-25T22:39:34.180000,0.0,0.024515568045899272,0.062427815049886703,28.032376250899766,378.88,48.3,0.5785618763636736,0.1727793514306029,0.017008474013224802,0.16318123684466077,0.23708710443995532,0.3601017571813484,0.3024125004674745
2025-08-25T22:39:35.180000,0.0,0.02447327203117311,0.06377005204558372,27.442348623913347,378.88,48.3,0.5785618763636736,0.1727793514306029,0.017008474013224802,0.16318123684466077,0.23708710443995532,0.3601017571813484,0.3024125004674745
2025-08-25T22:39:36.179000,0.0,0.024513067910447717,0.0635669780895114,27.530017197541728,378.88,48.3,0.5785618763636736,0.1727793514306029,0.017008474013224802,0.16318123684466077,0.23708710443995532,0.3601017571813484,0.3024125004674745
2025-08-25T22:39:37.179000,0.0,0.024541548918932676,0.06257683411240578,27.965620581835598,378.88,48.3,0.5785618763636736,0.1727793514306029,0.017008474013224802,0.16318123684466077,0.23708710443995532,0.3601017571813484,0.3024125004674745
2025-08-25T22:39:38.181000,0.0,0.02438899502158165,0.059312085155397654,29.50494819757234,378.88,48.3,0.5785618763636736,0.1727793514306029,0.017008474013224802,0.16318123684466077,0.23708710443995532,0.3601017571813484,0.3024125004674745
2025-08-25T22:39:39.171000,0.0,0.019588121911510825,0.0595265100710094,33.598475664274524,378.88,48.3,0.5785618763636736,0.1727793514306029,0.017008474013224802,0.16318123684466077,0.23708710443995532,0.3601017571813484,0.3024125004674745
2025-08-25T22:39:40.171000,0.0,0.018877143040299416,0.05876477109268308,25.52549720025678,378.88,48.3,0.5785618763636736,0.1727793514306029,0.017008474013224802,0.16318123684466077,0.23708710443995532,0.3601017571813484,0.3024125004674745
2025-08-25T22:39:41.172000,0.0,0.01844603195786476,0.059080121805891395,29.62079201105336,378.88,48.3,0.5785618763636736,0.1727793514306029,0.017008474013224802,0.16318123684466077,0.23708710443995532,0.3601017571813484,0.3024125004674745
2025-08-25T22:39:42.171000,0.0,0.01877716090530157,0.058896807953715324,29.71298548768998,378.88,48.3,0.5785618763636736,0.1727793514306029,0.017008474013224802,0.16318123684466077,0.23708710443995532,0.3601017571813484,0.3024125004674745
2025-08-25T22:39:43.172000,0.0,0.018488662084564567,0.06016249000094831,33.243304922526924,378.88,48.3,0.5785618763636736,0.1727793514306029,0.017008474013224802,0.16318123684466077,0.23708710443995532,0.3601017571813484,0.3024125004674745
2025-08-25T22:39:44.171000,0.0,0.019165734061971307,0.059454787988215685,29.43413069350896,378.88,48.3,0.5785618763636736,0.1727793514306029,0.017008474013224802,0.16318123684466077,0.23708710443995532,0.3601017571813484,0.3024125004674745
2025-08-25T22:39:45.171000,0.0,0.018579809926450253,0.06000315700657666,33.33157953307009,378.88,48.3,0.5785618763636736,0.1727793514306029,0.017008474013224802,0.16318123684466077,0.23708710443995532,0.3601017571813484,0.3024125004674745
2025-08-25T22:39:46.171000,0.0,0.018290570005774498,0.06259329593740404,27.958265718266084,378.88,48.3,0.5785618763636736,0.1727793514306029,0.017008474013224802,0.16318123684466077,0.23708710443995532,0.3601017571813484,0.3024125004674745
2025-08-25T22:39:47.162000,0.0,0.019817788153886795,0.06318475701846182,31.653203943090674,378.88,48.3,0.5785618763636736,0.1727793514306029,0.017008474013224802,0.16318123684466077,0.23708710443995532,0.3601017571813484,0.3024125004674745
2025-08-25T22:39:48.151000,0.0,0.019209031015634537,0.06321412813849747,31.638496945147292,378.88,48.3,0.5785618763636736,0.1727793514306029,0.017008474013224802,0.16318123684466077,0.23708710443995532,0.3601017571813484,0.3024125004674745
2025-08-25T22:39:49.152000,0.0,0.019767713034525514,0.06383036589249969,31.33304927890143,378.88,48.3,0.5785618763636736,0.1727793514306029,0.017008474013224802,0.16318123684466077,0.23708710443995532,0.3601017571813484,0.3024125004674745
2025-08-25T22:39:50.152000,0.0,0.019917139085009694,0.0643499200232327,34.965078421040204,378.88,48.3,0.5785618763636736,0.1727793514306029,0.017008474013224802,0.16318123684466077,0.23708710443995532,0.3601017571813484,0.3024125004674745
2025-08-25T22:39:51.150000,0.0,0.0203004889190197,0.06460279016755521,27.08861328529571,378.88,48.3,0.5785618763636736,0.1727793514306029,0.017008474013224802,0.16318123684466077,0.23708710443995532,0.3601017571813484,0.3024125004674745
2025-08-25T22:39:52.153000,0.0,0.02055621100589633,0.06321712792851031,35.59162008347603,378.88,48.3,0.5785618763636736,0.1727793514306029,0.017008474013224802,0.16318123684466077,0.23708710443995532,0.3601017571813484,0.3024125004674745
2025-08-25T22:39:53.151000,0.0,0.019213808001950383,0.06388325500302017,31.307108567110497,378.88,48.3,0.5785618763636736,0.1727793514306029,0.017008474013224802,0.16318123684466077,0.23708710443995532,0.3601017571813484,0.3024125004674745
2025-08-25T22:39:54.152000,0.0,0.019777342909947038,0.0628089439123869,31.842598767299545,378.88,48.3,0.5785618763636736,0.1727793514306029,0.017008474013224802,0.16318123684466077,0.23708710443995532,0.3601017571813484,0.3024125004674745
2025-08-25T22:39:55.153000,0.0,0.018887717043980956,0.06301366607658565,31.73914683156569,378.88,48.3,0.5785618763636736,0.1727793514306029,0.017008474013224802,0.16318123684466077,0.23708710443995532,0.3601017571813484,0.3024125004674745
2025-08-25T22:39:56.162000,0.0,0.01962913991883397,0.05917828995734453,29.57165543751602,378.88,48.3,0.5785618763636736,0.1727793514306029,0.017008474013224802,0.16318123684466077,0.23708710443995532,0.3601017571813484,0.3024125004674745
2025-08-25T22:39:57.171000,0.0,0.01876221620477736,0.059516195207834244,29.403761344099678,378.88,48.3,0.5785618763636736,0.1727793514306029,0.017008474013224802,0.16318123684466077,0.23708710443995532,0.3601017571813484,0.3024125004674745
2025-08-25T22:39:58.182000,0.0,0.019861306063830853,0.05804431205615401,30.149379637869668,378.88,48.3,0.5785618763636736,0.1727793514306029,0.017008474013224802,0.16318123684466077,0.23708710443995532,0.3601017571813484,0.3024125004674745
2025-08-25T22:39:59.183000,0.0,0.019881936023011804,0.058628736063838005,29.848844056513794,378.88,48.3,0.5785618763636736,0.1727793514306029,0.017008474013224802,0.16318123684466077,0.23708710443995532,0.3601017571813484,0.3024125004674745
2025-08-25T22:40:00.183000,0.0,0.01887267897836864,0.05863953195512295,29.843348704407198,378.88,48.3,0.5785618763636736,0.1727793514306029,0.017008474013224802,0.16318123684466077,0.23708710443995532,0.3601017571813484,0.3024125004674745
2025-08-25T22:40:01.183000,0.0,0.01893127104267478,0.058621180010959506,34.11736167074925,378.88,48.3,0.5785618763636736,0.1727793514306029,0.017008474013224802,0.16318123684466077,0.23708710443995532,0.3601017571813484,0.3024125004674745
2025-08-25T22:40:02.182000,0.0,0.01887973491102457,0.0636719421017915,31.411009841708175,378.88,48.3,0.5785618763636736,0.1727793514306029,0.017008474013224802,0.16318123684466077,0.23708710443995532,0.3601017571813484,0.3024125004674745
2025-08-25T22:40:03.152000,0.0,0.01973884296603501,0.06342531181871891,31.53315202795252,378.88,48.3,0.5785618763636736,0.1727793514306029,0.017008474013224802,0.16318123684466077,0.23708710443995532,0.3601017571813484,0.3024125004674745
2025-08-25T22:40:04.153000,0.0,0.01938062207773328,0.05828481004573405,30.024975609026683,378.88,48.3,0.5785618763636736,0.1727793514306029,0.017008474013224802,0.16318123684466077,0.23708710443995532,0.3601017571813484,0.3024125004674745
2025-08-25T22:40:05.182000,0.0,0.01871917978860438,0.06012654607184231,29.105280684325628,378.88,48.3,0.5785618763636736,0.1727793514306029,0.017008474013224802,0.16318123684466077,0.23708710443995532,0.3601017571813484,0.3024125004674745
2025-08-25T22:40:06.173000,0.0,0.019233827013522387,0.058015701128169894,30.164248056466125,378.88,48.3,0.5785618763636736,0.1727793514306029,0.017008474013224802,0.16318123684466077,0.23708710443995532,0.3601017571813484,0.3024125004674745
2025-08-25T22:40:07.184000,0.0,0.018182496074587107,0.06371014495380223,27.46815285491776,378.88,48.3,0.5785618763636736,0.1727793514306029,0.017008474013224802,0.16318123684466077,0.23708710443995532,0.3601017571813484,0.3024125004674745
2025-08-25T22:40:08.152000,0.0,0.019524918170645833,0.06892568408511579,32.64385446245973,378.88,48.3,0.5785618763636736,0.1727793514306029,0.017008474013224802,0.16318123684466077,0.23708710443995532,0.3601017571813484,0.3024125004674745
2025-08-25T22:40:09.152000,0.0,0.02487512305378914,0.06905614607967436,25.3416980145536,378.88,48.3,0.5785618763636736,0.1727793514306029,0.017008474013224802,0.16318123684466077,0.23708710443995532,0.3601017571813484,0.3024125004674745
2025-08-25T22:40:10.153000,0.0,0.025193121982738376,0.06880075787194073,25.43576632189565,378.88,48.3,0.5785618763636736,0.1727793514306029,0.017008474013224802,0.16318123684466077,0.23708710443995532,0.3601017571813484,0.3024125004674745
2025-08-25T22:40:11.155000,0.0,0.025112417992204428,0.0682710011024028,32.9568918525908,378.88,48.3,0.5785618763636736,0.1727793514306029,0.017008474013224802,0.16318123684466077,0.23708710443995532,0.3601017571813484,0.3024125004674745
2025-08-25T22:40:12.157000,0.0,0.025300399167463183,0.06643632100895047,26.341013069706893,378.88,48.3,0.5785618763636736,0.1727793514306029,0.017008474013224802,0.16318123684466077,0.23708710443995532,0.3601017571813484,0.3024125004674745
2025-08-25T22:40:13.166000,0.0,0.024892844958230853,0.06876294291578233,32.72111263119864,378.88,48.3,0.5785618763636736,0.1727793514306029,0.017008474013224802,0.16318123684466077,0.23708710443995532,0.3601017571813484,0.3024125004674745
2025-08-25T22:40:43.978000,0.0,,0.3710940380115062,6.73683687670164,378.88,48.9,0.5762435986934508,0.08857001751411886,-0.010659354089660747,0.20051626943152326,0.20801027014932644,0.26427156444945277,0.23642703025090875,0.19819229798743432,0.2161315218366133,0.1665303342938321
2025-08-25T22:40:44.978000,0.0,0.02937222016043961,0.06959795905277133,35.92059356373387,378.88,48.9,0.5762435986934508,0.08857001751411886,-0.010659354089660747,0.20051626943152326,0.20801027014932644,0.26427156444945277,0.23642703025090875,0.19819229798743432,0.2161315218366133,0.1665303342938321
2025-08-25T22:40:45.979000,0.0,0.027321449015289545,0.07132434309460223,31.546031864824492,378.88,48.9,0.5762435986934508,0.08857001751411886,-0.010659354089660747,0.20051626943152326,0.20801027014932644,0.26427156444945277,0.23642703025090875,0.19819229798743432,0.2161315218366133,0.1665303342938321
2025-08-25T22:40:46.949000,0.0,0.02703135716728866,0.07178345182910562,34.82696828165528,378.88,48.9,0.5762435986934508,0.08857001751411886,-0.010659354089660747,0.20051626943152326,0.20801027014932644,0.26427156444945277,0.23642703025090875,0.19819229798743432,0.2161315218366133,0.1665303342938321
2025-08-25T22:40:47.949000,0.0,0.028235797071829438,0.07230620994232595,31.117659213429633,378.88,48.9,0.5762435986934508,0.08857001751411886,-0.010659354089660747,0.20051626943152326,0.20801027014932644,0.26427156444945277,0.23642703025090875,0.19819229798743432,0.2161315218366133,0.1665303342938321
2025-08-25T22:40:48.948000,0.0,0.027912390884011984,0.07110221404582262,31.64458421154091,378.88,48.9,0.5762435986934508,0.08857001751411886,-0.010659354089660747,0.20051626943152326,0.20801027014932644,0.26427156444945277,0.23642703025090875,0.19819229798743432,0.2161315218366133,0.1665303342938321
2025-08-25T22:40:49.960000,0.0,0.027416688855737448,0.07117438083514571,28.099998574380397,378.88,48.9,0.5762435986934508,0.08857001751411886,-0.010659354089660747,0.20051626943152326,0.20801027014932644,0.26427156444945277,0.23642703025090875,0.19819229798743432,0.2161315218366133,0.1665303342938321
2025-08-25T22:40:50.960000,0.0,0.02760805911384523,0.07123551005497575,31.58537081104027,378.88,48.9,0.5762435986934508,0.08857001751411886,-0.010659354089660747,0.20051626943152326,0.20801027014932644,0.26427156444945277,0.23642703025090875,0.19819229798743432,0.2161315218366133,0.1665303342938321
2025-08-25T22:40:51.961000,0.0,0.027714502066373825,0.0703394019510597,31.987761305754166,378.88,48.9,0.5762435986934508,0.08857001751411886,-0.010659354089660747,0.20051626943152326,0.20801027014932644,0.26427156444945277,0.23642703025090875,0.19819229798743432,0.2161315218366133,0.1665303342938321
2025-08-25T22:40:52.960000,0.0,0.02721461607143283,0.07123413984663785,35.09553151596077,378.88,48.9,0.5762435986934508,0.08857001751411886,-0.010659354089660747,0.20051626943152326,0.20801027014932644,0.26427156444945277,0.23642703025090875,0.19819229798743432,0.2161315218366133,0.1665303342938321
2025-08-25T22:40:53.960000,0.0,0.02758883684873581,0.06926620216108859,28.874110859272413,378.88,48.9,0.5762435986934508,0.08857001751411886,-0.010659354089660747,0.20051626943152326,0.20801027014932644,0.26427156444945277,0.23642703025090875,0.19819229798743432,0.2161315218366133,0.1665303342938321
2025-08-25T22:40:54.960000,0.0,0.02665161807090044,0.07008882914669812,32.1021199439739,378.88,48.9,0.5762435986934508,0.08857001751411886,-0.010659354089660747,0.20051626943152326,0.20801027014932644,0.26427156444945277,0.23642703025090875,0.19819229798743432,0.2161315218366133,0.1665303342938321
2025-08-25T22:40:55.960000,0.0,0.02700735698454082,0.06956751504912972,32.34268175902229,378.88,48.9,0.5762435986934508,0.08857001751411886,-0.010659354089660747,0.20051626943152326,0.20801027014932644,0.26427156444945277,0.23642703025090875,0.19819229798743432,0.2161315218366133,0.1665303342938321
2025-08-25T22:40:56.970000,0.0,0.027662726119160652,0.06916105397976935,32.532760426961616,378.88,48.9,0.5762435986934508,0.08857001751411886,-0.010659354089660747,0.20051626943152326,0.20801027014932644,0.26427156444945277,0.23642703025090875,0.19819229798743432,0.2161315218366133,0.1665303342938321
2025-08-25T22:40:57.969000,0.0,0.027937724953517318,0.06883092503994703,32.688795024826064,378.88,48.9,0.5762435986934508,0.08857001751411886,-0.010659354089660747,0.20051626943152326,0.20801027014932644,0.26427156444945277,0.23642703025090875,0.19819229798743432,0.2161315218366133,0.1665303342938321
2025-08-25T22:40:58.971000,0.0,0.02711194916628301,0.0688654431141913,32.672410112414966,378.88,48.9,0.5762435986934508,0.08857001751411886,-0.010659354089660747,0.20051626943152326,0.20801027014932644,0.26427156444945277,0.23642703025090875,0.19819229798743432,0.2161315218366133,0.1665303342938321
2025-08-25T22:40:59.971000,0.0,0.026649524923413992,0.06880109198391438,29.069306057926454,378.88,48.9,0.5762435986934508,0.08857001751411886,-0.010659354089660747,0.20051626943152326,0.20801027014932644,0.26427156444945277,0.23642703025090875,0.19819229798743432,0.2161315218366133,0.1665303342938321
2025-08-25T22:41:00.970000,0.0,0.02715304191224277,0.06842677900567651,29.228323020057495,378.88,48.9,0.5762435986934508,0.08857001751411886,-0.010659354089660747,0.20051626943152326,0.20801027014932644,0.26427156444945277,0.23642703025090875,0.19819229798743432,0.2161315218366133,0.1665303342938321
2025-08-25T22:41:01.970000,0.0,0.027291596867144108,0.06616832315921783,30.225943540801126,378.88,48.9,0.5762435986934508,0.08857001751411886,-0.010659354089660747,0.20051626943152326,0.20801027014932644,0.26427156444945277,0.23642703025090875,0.19819229798743432,0.2161315218366133,0.1665303342938321
2025-08-25T22:41:02.981000,0.0,0.026379618095234036,0.06642791512422264,30.107824342521187,378.88,48.9,0.5762435986934508,0.08857001751411886,-0.010659354089660747,0.20051626943152326,0.20801027014932644,0.26427156444945277,0.23642703025090875,0.19819229798743432,0.2161315218366133,0.1665303342938321
2025-08-25T22:41:03.982000,0.0,0.026226600166410208,0.06668502488173544,33.740708712193275,378.88,48.9,0.5762435986934508,0.08857001751411886,-0.010659354089660747,0.20051626943152326,0.20801027014932644,0.26427156444945277,0.23642703025090875,0.19819229798743432,0.2161315218366133,0.1665303342938321
2025-08-25T22:41:04.981000,0.0,0.02690261695533991,0.06644072895869613,33.86476992747539,378.88,48.9,0.5762435986934508,0.08857001751411886,-0.010659354089660747,0.20051626943152326,0.20801027014932644,0.26427156444945277,0.23642703025090875,0.19819229798743432,0.2161315218366133,0.1665303342938321
2025-08-25T22:41:05.982000,0.0,0.026709320954978466,0.07126952894032001,35.07810472682444,378.88,48.9,0.5762435986934508,0.08857001751411886,-0.010659354089660747,0.20051626943152326,0.20801027014932644,0.26427156444945277,0.23642703025090875,0.19819229798743432,0.2161315218366133,0.1665303342938321
2025-08-25T22:41:06.952000,0.0,0.027803966077044606,0.06778705795295537,33.1921766181608,378.88,48.9,0.5762435986934508,0.08857001751411886,-0.010659354089660747,0.20051626943152326,0.20801027014932644,0.26427156444945277,0.23642703025090875,0.19819229798743432,0.2161315218366133,0.1665303342938321
2025-08-25T22:41:07.951000,0.0,0.02751639182679355,0.07032853085547686,31.99270584257878,378.88,48.9,0.5762435986934508,0.08857001751411886,-0.010659354089660747,0.20051626943152326,0.20801027014932644,0.26427156444945277,0.23642703025090875,0.19819229798743432,0.2161315218366133,0.1665303342938321
2025-08-25T22:41:08.951000,0.0,0.026732339058071375,0.06655391422100365,30.050824559449712,378.88,48.9,0.5762435986934508,0.08857001751411886,-0.010659354089660747,0.20051626943152326,0.20801027014932644,0.26427156444945277,0.23642703025090875,0.19819229798743432,0.2161315218366133,0.1665303342938321
2025-08-25T22:41:09.982000,0.0,0.02605073107406497,0.06956262700259686,32.34495442381792,378.88,48.9,0.5762435986934508,0.08857001751411886,-0.010659354089660747,0.20051626943152326,0.20801027014932644,0.26427156444945277,0.23642703025090875,0.19819229798743432,0.2161315218366133,0.1665303342938321
2025-08-25T22:41:10.971000,0.0,0.027133468072861433,0.07113971398212016,31.627903375679217,378.88,48.9,0.5762435986934508,0.08857001751411886,-0.010659354089660747,0.20051626943152326,0.20801027014932644,0.26427156444945277,0.23642703025090875,0.19819229798743432,0.2161315218366133,0.1665303342938321
2025-08-25T22:41:11.960000,0.0,0.027647911105304956,0.06575569417327642,26.613664748006254,378.88,48.9,0.5762435986934508,0.08857001751411886,-0.010659354089660747,0.20051626943152326,0.20801027014932644,0.26427156444945277,0.23642703025090875,0.19819229798743432,0.2161315218366133,0.1665303342938321
2025-08-25T22:41:12.981000,0.0,0.02739852201193571,0.07082890090532601,28.23706106456907,378.88,48.9,0.5762435986934508,0.08857001751411886,-0.010659354089660747,0.20051626943152326,0.20801027014932644,0.26427156444945277,0.23642703025090875,0.19819229798743432,0.2161315218366133,0.1665303342938321
2025-08-25T22:41:13.950000,0.0,0.026369581930339336,0.06563141685910523,30.473210783998734,378.88,48.9,0.5762435986934508,0.08857001751411886,-0.010659354089660747,0.20051626943152326,0.20801027014932644,0.26427156444945277,0.23642703025090875,0.19819229798743432,0.2161315218366133,0.1665303342938321
2025-08-25T22:41:14.960000,0.0,0.026674247113987803,0.0663489701692015,26.375691974377308,378.88,48.9,0.5762435986934508,0.08857001751411886,-0.010659354089660747,0.20051626943152326,0.20801027014932644,0.26427156444945277,0.23642703025090875,0.19819229798743432,0.2161315218366133,0.1665303342938321
2025-08-25T22:41:15.970000,0.0,0.027466151863336563,0.0770883250515908,32.43033232758507,378.88,48.9,0.5762435986934508,0.08857001751411886,-0.010659354089660747,0.20051626943152326,0.20801027014932644,0.26427156444945277,0.23642703025090875,0.19819229798743432,0.2161315218366133,0.1665303342938321
2025-08-25T22:41:16.980000,0.0,0.03831213596276939,0.07397368689998984,27.036640781525257,378.88,48.9,0.5762435986934508,0.08857001751411886,-0.010659354089660747,0.20051626943152326,0.20801027014932644,0.26427156444945277,0.23642703025090875,0.19819229798743432,0.2161315218366133,0.1665303342938321
2025-08-25T22:41:17.980000,0.0,0.026468006893992424,0.06982749700546265,32.222263384637394,378.88,48.9,0.5762435986934508,0.08857001751411886,-0.010659354089660747,0.20051626943152326,0.20801027014932644,0.26427156444945277,0.23642703025090875,0.19819229798743432,0.2161315218366133,0.1665303342938321
2025-08-25T22:41:18.970000,0.0,0.02791424305178225,0.06715670903213322,33.503726320529104,378.88,48.9,0.5762435986934508,0.08857001751411886,-0.010659354089660747,0.20051626943152326,0.20801027014932644,0.26427156444945277,0.23642703025090875,0.19819229798743432,0.2161315218366133,0.1665303342938321
2025-08-25T22:41:19.981000,0.0,0.027229615952819586,0.06624841596931219,30.189401070759075,378.88,48.9,0.5762435986934508,0.08857001751411886,-0.010659354089660747,0.20051626943152326,0.20801027014932644,0.26427156444945277,0.23642703025090875,0.19819229798743432,0.2161315218366133,0.1665303342938321
2025-08-25T22:41:20.981000,0.0,0.026367987971752882,0.06682696915231645,29.928036919368793,378.88,48.9,0.5762435986934508,0.08857001751411886,-0.010659354089660747,0.20051626943152326,0.20801027014932644,0.26427156444945277,0.23642703025090875,0.19819229798743432,0.2161315218366133,0.1665303342938321
2025-08-25T22:41:21.982000,0.0,0.026590321911498904,0.06674415478482842,29.965170829529725,378.88,48.9,0.5762435986934508,0.08857001751411886,-0.010659354089660747,0.20051626943152326,0.20801027014932644,0.26427156444945277,0.23642703025090875,0.19819229798743432,0.2161315218366133,0.1665303342938321
2025-08-25T22:41:22.981000,0.0,0.026831487892195582,0.06694530206732452,33.60952793576673,378.88,48.9,0.5762435986934508,0.08857001751411886,-0.010659354089660747,0.20051626943152326,0.20801027014932644,0.26427156444945277,0.23642703025090875,0.19819229798743432,0.2161315218366133,0.1665303342938321
2025-08-25T22:41:23.981000,0.0,0.026456507155671716,0.06679030298255384,29.944466646939183,378.88,48.9,0.5762435986934508,0.08857001751411886,-0.010659354089660747,0.20051626943152326,0.20801027014932644,0.26427156444945277,0.23642703025090875,0.19819229798743432,0.2161315218366133,0.1665303342938321
2025-08-25T22:41:24.982000,0.0,0.02617882308550179,0.06629428616724908,30.168512486193777,378.88,48.9,0.5762435986934508,0.08857001751411886,-0.010659354089660747,0.20051626943152326,0.20801027014932644,0.26427156444945277,0.23642703025090875,0.19819229798743432,0.2161315218366133,0.1665303342938321
2025-08-25T22:41:25.981000,0.0,0.02616561995819211,0.06673020985908806,33.71786189120575,378.88,48.9,0.5762435986934508,0.08857001751411886,-0.010659354089660747,0.20051626943152326,0.20801027014932644,0.26427156444945277,0.23642703025090875,0.19819229798743432,0.2161315218366133,0.1665303342938321
2025-08-25T22:41:26.981000,0.0,0.026412025094032288,0.06457299506291747,30.9726999351855,378.88,48.9,0.5762435986934508,0.08857001751411886,-0.010659354089660747,0.20051626943152326,0.20801027014932644,0.26427156444945277,0.23642703025090875,0.19819229798743432,0.2161315218366133,0.1665303342938321
2025-08-25T22:41:27.991000,0.0,0.026496377075091004,0.06523327110335231,30.65920144999853,378.88,48.9,0.5762435986934508,0.08857001751411886,-0.010659354089660747,0.20051626943152326,0.20801027014932644,0.26427156444945277,0.23642703025090875,0.19819229798743432,0.2161315218366133,0.1665303342938321
2025-08-25T22:41:28.992000,0.0,0.027258597081527114,0.06614369410090148,34.01684817554408,378.88,48.9,0.5762435986934508,0.08857001751411886,-0.010659354089660747,0.20051626943152326,0.20801027014932644,0.26427156444945277,0.23642703025090875,0.19819229798743432,0.2161315218366133,0.1665303342938321
2025-08-25T22:41:29.982000,0.0,0.025956768076866865,0.06677359901368618,33.695952191207,378.88,48.9,0.5762435986934508,0.08857001751411886,-0.010659354089660747,0.20051626943152326,0.20801027014932644,0.26427156444945277,0.23642703025090875,0.19819229798743432,0.2161315218366133,0.1665303342938321
2025-08-25T22:41:30.981000,0.0,0.02625556313432753,0.06523219705559313,34.492169535275174,378.88,48.9,0.5762435986934508,0.08857001751411886,-0.010659354089660747,0.20051626943152326,0.20801027014932644,0.26427156444945277,0.23642703025090875,0.19819229798743432,0.2161315218366133,0.1665303342938321
2025-08-25T22:41:31.992000,0.0,0.026955598033964634,0.06703772791661322,33.56319001143241,378.88,48.9,0.5762435986934508,0.08857001751411886,-0.010659354089660747,0.20051626943152326,0.20801027014932644,0.26427156444945277,0.23642703025090875,0.19819229798743432,0.2161315218366133,0.1665303342938321
2025-08-25T22:41:32.982000,0.0,0.026567748049274087,0.06685741292312741,33.65371021141731,378.88,48.9,0.5762435986934508,0.08857001751411886,-0.010659354089660747,0.20051626943152326,0.20801027014932644,0.26427156444945277,0.23642703025090875,0.19819229798743432,0.2161315218366133,0.1665303342938321
2025-08-25T22:41:33.982000,0.0,0.0266563028562814,0.06687032105401158,29.90863463007204,378.88,48.9,0.5762435986934508,0.08857001751411886,-0.010659354089660747,0.20051626943152326,0.20801027014932644,0.26427156444945277,0.23642703025090875,0.19819229798743432,0.2161315218366133,0.1665303342938321
2025-08-25T22:41:34.981000,0.0,0.026054361136630177,0.0670934128575027,29.809185653557,378.88,48.9,0.5762435986934508,0.08857001751411886,-0.010659354089660747,0.20051626943152326,0.20801027014932644,0.26427156444945277,0.23642703025090875,0.19819229798743432,0.2161315218366133,0.1665303342938321
2025-08-25T22:41:35.982000,0.0,0.026468711206689477,0.06742243003100157,33.37168356236081,378.88,48.9,0.5762435986934508,0.08857001751411886,-0.010659354089660747,0.20051626943152326,0.20801027014932644,0.26427156444945277,0.23642703025090875,0.19819229798743432,0.2161315218366133,0.1665303342938321
2025-08-25T22:42:09.154000,0.0,,0.38128125201910734,7.212523525447755,378.88,49.2,0.4576757603958744,0.1259668457399297,0.05897436199917464,0.1808612077641902,0.08804256508639734,0.2618103599267934,0.2146223898012913,0.25871961515267183,0.16123707493170206,0.14858909064615602,0.45381839012582115,0.13837848166423264,-0.02460701893528913
2025-08-25T22:42:10.154000,0.0,0.038370802998542786,0.07579525583423674,36.281954190038554,378.88,49.2,0.4576757603958744,0.1259668457399297,0.05897436199917464,0.1808612077641902,0.08804256508639734,0.2618103599267934,0.2146223898012913,0.25871961515267183,0.16123707493170206,0.14858909064615602,0.45381839012582115,0.13837848166423264,-0.02460701893528913
2025-08-25T22:42:11.155000,0.0,0.03506997902877629,0.07598238508217037,29.61212651546483,378.88,49.2,0.4576757603958744,0.1259668457399297,0.05897436199917464,0.1808612077641902,0.08804256508639734,0.2618103599267934,0.2146223898012913,0.25871961515267183,0.16123707493170206,0.14858909064615602,0.45381839012582115,0.13837848166423264,-0.02460701893528913
2025-08-25T22:42:12.141000,0.0,0.03440620400942862,0.07309828302823007,34.200529703748415,378.88,49.2,0.4576757603958744,0.1259668457399297,0.05897436199917464,0.1808612077641902,0.08804256508639734,0.2618103599267934,0.2146223898012913,0.25871961515267183,0.16123707493170206,0.14858909064615602,0.45381839012582115,0.13837848166423264,-0.02460701893528913
2025-08-25T22:42:13.152000,0.0,0.034934683004394174,0.0731362821534276,30.764484244357345,378.88,49.2,0.4576757603958744,0.1259668457399297,0.05897436199917464,0.1808612077641902,0.08804256508639734,0.2618103599267934,0.2146223898012913,0.25871961515267183,0.16123707493170206,0.14858909064615602,0.45381839012582115,0.13837848166423264,-0.02460701893528913
2025-08-25T22:42:14.153000,0.0,0.03507857210934162,0.0734324490185827,34.044894776250615,378.88,49.2,0.4576757603958744,0.1259668457399297,0.05897436199917464,0.1808612077641902,0.08804256508639734,0.2618103599267934,0.2146223898012913,0.25871961515267183,0.16123707493170206,0.14858909064615602,0.45381839012582115,0.13837848166423264,-0.02460701893528913
2025-08-25T22:42:15.153000,0.0,0.03372413199394941,0.0788826160132885,34.86192698701534,378.88,49.2,0.4576757603958744,0.1259668457399297,0.05897436199917464,0.1808612077641902,0.08804256508639734,0.2618103599267934,0.2146223898012913,0.25871961515267183,0.16123707493170206,0.14858909064615602,0.45381839012582115,0.13837848166423264,-0.02460701893528913
2025-08-25T22:42:16.122000,0.0,0.03493235004134476,0.07865785784088075,28.604897994445594,378.88,49.2,0.4576757603958744,0.1259668457399297,0.05897436199917464,0.1808612077641902,0.08804256508639734,0.2618103599267934,0.2146223898012913,0.25871961515267183,0.16123707493170206,0.14858909064615602,0.45381839012582115,0.13837848166423264,-0.02460701893528913
2025-08-25T22:42:17.123000,0.0,0.03458866593427956,0.07807328598573804,32.021196090769386,378.88,49.2,0.4576757603958744,0.1259668457399297,0.05897436199917464,0.1808612077641902,0.08804256508639734,0.2618103599267934,0.2146223898012913,0.25871961515267183,0.16123707493170206,0.14858909064615602,0.45381839012582115,0.13837848166423264,-0.02460701893528913
2025-08-25T22:42:18.122000,0.0,0.03438355587422848,0.0782532470766455,28.75280047863348,378.88,49.2,0.4576757603958744,0.1259668457399297,0.05897436199917464,0.1808612077641902,0.08804256508639734,0.2618103599267934,0.2146223898012913,0.25871961515267183,0.16123707493170206,0.14858909064615602,0.45381839012582115,0.13837848166423264,-0.02460701893528913
2025-08-25T22:42:19.123000,0.0,0.03438935219310224,0.09026615391485393,30.46546109180635,378.88,49.2,0.4576757603958744,0.1259668457399297,0.05897436199917464,0.1808612077641902,0.08804256508639734,0.2618103599267934,0.2146223898012913,0.25871961515267183,0.16123707493170206,0.14858909064615602,0.45381839012582115,0.13837848166423264,-0.02460701893528913
2025-08-25T22:42:20.133000,0.0,0.047063181875273585,0.07930246694013476,31.524870492203412,378.88,49.2,0.4576757603958744,0.1259668457399297,0.05897436199917464,0.1808612077641902,0.08804256508639734,0.2618103599267934,0.2146223898012913,0.25871961515267183,0.16123707493170206,0.14858909064615602,0.45381839012582115,0.13837848166423264,-0.02460701893528913
2025-08-25T22:42:21.134000,0.0,0.0347484250087291,0.07547783083282411,33.122308529736195,378.88,49.2,0.4576757603958744,0.1259668457399297,0.05897436199917464,0.1808612077641902,0.08804256508639734,0.2618103599267934,0.2146223898012913,0.25871961515267183,0.16123707493170206,0.14858909064615602,0.45381839012582115,0.13837848166423264,-0.02460701893528913
2025-08-25T22:42:22.144000,0.0,0.0344365369528532,0.07641481002792716,32.716171107227474,378.88,49.3,0.4576757603958744,0.1259668457399297,0.05897436199917464,0.1808612077641902,0.08804256508639734,0.2618103599267934,0.2146223898012913,0.25871961515267183,0.16123707493170206,0.14858909064615602,0.45381839012582115,0.13837848166423264,-0.02460701893528913
2025-08-25T22:42:23.144000,0.0,0.035413662903010845,0.07621469907462597,32.80207138982606,378.88,49.3,0.4576757603958744,0.1259668457399297,0.05897436199917464,0.1808612077641902,0.08804256508639734,0.2618103599267934,0.2146223898012913,0.25871961515267183,0.16123707493170206,0.14858909064615602,0.45381839012582115,0.13837848166423264,-0.02460701893528913
2025-08-25T22:42:24.143000,0.0,0.03528747917152941,0.07660427200607955,35.898781203504385,378.88,49.3,0.4576757603958744,0.1259668457399297,0.05897436199917464,0.1808612077641902,0.08804256508639734,0.2618103599267934,0.2146223898012913,0.25871961515267183,0.16123707493170206,0.14858909064615602,0.45381839012582115,0.13837848166423264,-0.02460701893528913
2025-08-25T22:42:25.143000,0.0,0.03569510718807578,0.07878272817470133,31.73284370726818,378.88,49.3,0.4576757603958744,0.1259668457399297,0.05897436199917464,0.1808612077641902,0.08804256508639734,0.2618103599267934,0.2146223898012913,0.25871961515267183,0.16123707493170206,0.14858909064615602,0.45381839012582115,0.13837848166423264,-0.02460701893528913
2025-08-25T22:42:26.145000,0.0,0.03741058288142085,0.0769456229172647,32.49047710859526,378.88,49.2,0.4576757603958744,0.1259668457399297,0.05897436199917464,0.1808612077641902,0.08804256508639734,0.2618103599267934,0.2146223898012913,0.25871961515267183,0.16123707493170206,0.14858909064615602,0.45381839012582115,0.13837848166423264,-0.02460701893528913
2025-08-25T22:42:27.144000,0.0,0.0356499960180372,0.07760739792138338,32.21342380957678,378.88,49.2,0.4576757603958744,0.1259668457399297,0.05897436199917464,0.1808612077641902,0.08804256508639734,0.2618103599267934,0.2146223898012913,0.25871961515267183,0.16123707493170206,0.14858909064615602,0.45381839012582115,0.13837848166423264,-0.02460701893528913
2025-08-25T22:42:28.144000,0.0,0.03715265798382461,0.08250695699825883,27.270427632514416,378.88,49.2,0.4576757603958744,0.1259668457399297,0.05897436199917464,0.1808612077641902,0.08804256508639734,0.2618103599267934,0.2146223898012913,0.25871961515267183,0.16123707493170206,0.14858909064615602,0.45381839012582115,0.13837848166423264,-0.02460701893528913
2025-08-25T22:42:29.144000,0.0,0.041187812108546495,0.08981184102594852,30.619570521947693,378.88,49.2,0.4576757603958744,0.1259668457399297,0.05897436199917464,0.1808612077641902,0.08804256508639734,0.2618103599267934,0.2146223898012913,0.25871961515267183,0.16123707493170206,0.14858909064615602,0.45381839012582115,0.13837848166423264,-0.02460701893528913
2025-08-25T22:42:30.143000,0.0,0.044731114991009235,0.08942945301532745,27.95499598517679,378.88,49.2,0.4576757603958744,0.1259668457399297,0.05897436199917464,0.1808612077641902,0.08804256508639734,0.2618103599267934,0.2146223898012913,0.25871961515267183,0.16123707493170206,0.14858909064615602,0.45381839012582115,0.13837848166423264,-0.02460701893528913
2025-08-25T22:42:31.144000,0.0,0.044920929009094834,0.08714203396812081,31.55767515142076,378.88,49.2,0.4576757603958744,0.1259668457399297,0.05897436199917464,0.1808612077641902,0.08804256508639734,0.2618103599267934,0.2146223898012913,0.25871961515267183,0.16123707493170206,0.14858909064615602,0.45381839012582115,0.13837848166423264,-0.02460701893528913
2025-08-25T22:42:32.145000,0.0,0.04538814979605377,0.07611592090688646,32.844639731262944,378.88,49.2,0.4576757603958744,0.1259668457399297,0.05897436199917464,0.1808612077641902,0.08804256508639734,0.2618103599267934,0.2146223898012913,0.25871961515267183,0.16123707493170206,0.14858909064615602,0.45381839012582115,0.13837848166423264,-0.02460701893528913
2025-08-25T22:42:33.154000,0.0,0.03624127199873328,0.0751705919392407,33.25768675628768,378.88,49.2,0.4576757603958744,0.1259668457399297,0.05897436199917464,0.1808612077641902,0.08804256508639734,0.2618103599267934,0.2146223898012913,0.25871961515267183,0.16123707493170206,0.14858909064615602,0.45381839012582115,0.13837848166423264,-0.02460701893528913
2025-08-25T22:42:34.155000,0.0,0.03471025894396007,0.07433020486496389,30.270332283996588,378.88,49.2,0.4576757603958744,0.1259668457399297,0.05897436199917464,0.1808612077641902,0.08804256508639734,0.2618103599267934,0.2146223898012913,0.25871961515267183,0.16123707493170206,0.14858909064615602,0.45381839012582115,0.13837848166423264,-0.02460701893528913
2025-08-25T22:42:35.154000,0.0,0.0344319820869714,0.0745778710115701,30.169807336695477,378.88,49.2,0.4576757603958744,0.1259668457399297,0.05897436199917464,0.1808612077641902,0.08804256508639734,0.2618103599267934,0.2146223898012913,0.25871961515267183,0.16123707493170206,0.14858909064615602,0.45381839012582115,0.13837848166423264,-0.02460701893528913
2025-08-25T22:42:36.154000,0.0,0.03437661100178957,0.07868482102639973,34.949561607026176,378.88,49.2,0.4576757603958744,0.1259668457399297,0.05897436199917464,0.1808612077641902,0.08804256508639734,0.2618103599267934,0.2146223898012913,0.25871961515267183,0.16123707493170206,0.14858909064615602,0.45381839012582115,0.13837848166423264,-0.02460701893528913
2025-08-25T22:42:37.136000,0.0,0.035652182064950466,0.07611453300341964,36.129762497215026,378.88,49.2,0.4576757603958744,0.1259668457399297,0.05897436199917464,0.1808612077641902,0.08804256508639734,0.2618103599267934,0.2146223898012913,0.25871961515267183,0.16123707493170206,0.14858909064615602,0.45381839012582115,0.13837848166423264,-0.02460701893528913
2025-08-25T22:42:38.145000,0.0,0.03522209101356566,0.07709862198680639,32.42600108245581,378.88,49.2,0.4576757603958744,0.1259668457399297,0.05897436199917464,0.1808612077641902,0.08804256508639734,0.2618103599267934,0.2146223898012913,0.25871961515267183,0.16123707493170206,0.14858909064615602,0.45381839012582115,0.13837848166423264,-0.02460701893528913
2025-08-25T22:42:39.145000,0.0,0.035609533078968525,0.07773282402195036,32.161445714283985,378.88,49.2,0.4576757603958744,0.1259668457399297,0.05897436199917464,0.1808612077641902,0.08804256508639734,0.2618103599267934,0.2146223898012913,0.25871961515267183,0.16123707493170206,0.14858909064615602,0.45381839012582115,0.13837848166423264,-0.02460701893528913
2025-08-25T22:42:40.135000,0.0,0.03494766494259238,0.07797308289445937,32.062346481590666,378.88,49.2,0.4576757603958744,0.1259668457399297,0.05897436199917464,0.1808612077641902,0.08804256508639734,0.2618103599267934,0.2146223898012913,0.25871961515267183,0.16123707493170206,0.14858909064615602,0.45381839012582115,0.13837848166423264,-0.02460701893528913
2025-08-25T22:42:41.135000,0.0,0.034976091934368014,0.076410902896896,35.98962838733446,378.88,49.2,0.4576757603958744,0.1259668457399297,0.05897436199917464,0.1808612077641902,0.08804256508639734,0.2618103599267934,0.2146223898012913,0.25871961515267183,0.16123707493170206,0.14858909064615602,0.45381839012582115,0.13837848166423264,-0.02460701893528913
2025-08-25T22:42:42.145000,0.0,0.03531688591465354,0.07744188094511628,35.51050111952903,378.88,49.2,0.4576757603958744,0.1259668457399297,0.05897436199917464,0.1808612077641902,0.08804256508639734,0.2618103599267934,0.2146223898012913,0.25871961515267183,0.16123707493170206,0.14858909064615602,0.45381839012582115,0.13837848166423264,-0.02460701893528913
2025-08-25T22:42:43.145000,0.0,0.03523766505531967,0.07849695207551122,31.848370336660174,378.88,49.2,0.4576757603958744,0.1259668457399297,0.05897436199917464,0.1808612077641902,0.08804256508639734,0.2618103599267934,0.2146223898012913,0.25871961515267183,0.16123707493170206,0.14858909064615602,0.45381839012582115,0.13837848166423264,-0.02460701893528913
2025-08-25T22:42:44.135000,0.0,0.035824032966047525,0.07839128491468728,35.08043021609855,378.88,49.2,0.4576757603958744,0.1259668457399297,0.05897436199917464,0.1808612077641902,0.08804256508639734,0.2618103599267934,0.2146223898012913,0.25871961515267183,0.16123707493170206,0.14858909064615602,0.45381839012582115,0.13837848166423264,-0.02460701893528913
2025-08-25T22:42:45.134000,0.0,0.03512981301173568,0.09406023402698338,31.894456047593035,378.88,49.2,0.4576757603958744,0.1259668457399297,0.05897436199917464,0.1808612077641902,0.08804256508639734,0.2618103599267934,0.2146223898012913,0.25871961515267183,0.16123707493170206,0.14858909064615602,0.45381839012582115,0.13837848166423264,-0.02460701893528913
2025-08-25T22:42:46.134000,0.0,0.04902043496258557,0.08029348193667829,31.135777645955336,378.88,49.2,0.4576757603958744,0.1259668457399297,0.05897436199917464,0.1808612077641902,0.08804256508639734,0.2618103599267934,0.2146223898012913,0.25871961515267183,0.16123707493170206,0.14858909064615602,0.45381839012582115,0.13837848166423264,-0.02460701893528913
2025-08-25T22:42:47.136000,0.0,0.03519160905852914,0.08313858392648399,33.07730141797683,378.88,49.2,0.4576757603958744,0.1259668457399297,0.05897436199917464,0.1808612077641902,0.08804256508639734,0.2618103599267934,0.2146223898012913,0.25871961515267183,0.16123707493170206,0.14858909064615602,0.45381839012582115,0.13837848166423264,-0.02460701893528913
2025-08-25T22:42:48.135000,0.0,0.039230966940522194,0.0830329549498856,30.108527409495494,378.88,49.2,0.4576757603958744,0.1259668457399297,0.05897436199917464,0.1808612077641902,0.08804256508639734,0.2618103599267934,0.2146223898012913,0.25871961515267183,0.16123707493170206,0.14858909064615602,0.45381839012582115,0.13837848166423264,-0.02460701893528913
2025-08-25T22:42:49.156000,0.0,0.03599019907414913,0.07571440492756665,33.01881593590559,378.88,49.2,0.4576757603958744,0.1259668457399297,0.05897436199917464,0.1808612077641902,0.08804256508639734,0.2618103599267934,0.2146223898012913,0.25871961515267183,0.16123707493170206,0.14858909064615602,0.45381839012582115,0.13837848166423264,-0.02460701893528913
2025-08-25T22:42:50.155000,0.0,0.035789143992587924,0.07684014202095568,29.281570033881266,378.88,49.2,0.4576757603958744,0.1259668457399297,0.05897436199917464,0.1808612077641902,0.08804256508639734,0.2618103599267934,0.2146223898012913,0.25871961515267183,0.16123707493170206,0.14858909064615602,0.45381839012582115,0.13837848166423264,-0.02460701893528913
2025-08-25T22:42:51.145000,0.0,0.035725163063034415,0.08000690909102559,34.37203150631968,378.88,49.2,0.4576757603958744,0.1259668457399297,0.05897436199917464,0.1808612077641902,0.08804256508639734,0.2618103599267934,0.2146223898012913,0.25871961515267183,0.16123707493170206,0.14858909064615602,0.45381839012582115,0.13837848166423264,-0.02460701893528913
2025-08-25T22:42:52.126000,0.0,0.03481907304376364,0.07463263091631234,33.49741218158791,378.88,49.2,0.4576757603958744,0.1259668457399297,0.05897436199917464,0.1808612077641902,0.08804256508639734,0.2618103599267934,0.2146223898012913,0.25871961515267183,0.16123707493170206,0.14858909064615602,0.45381839012582115,0.13837848166423264,-0.02460701893528913
2025-08-25T22:42:53.156000,0.0,0.0346485550981015,0.07948904111981392,31.450876306731313,378.88,49.3,0.4576757603958744,0.1259668457399297,0.05897436199917464,0.1808612077641902,0.08804256508639734,0.2618103599267934,0.2146223898012913,0.25871961515267183,0.16123707493170206,0.14858909064615602,0.45381839012582115,0.13837848166423264,-0.02460701893528913
2025-08-25T22:42:54.126000,0.0,0.03483375906944275,0.0784758219961077,38.2283348385791,378.88,49.3,0.4576757603958744,0.1259668457399297,0.05897436199917464,0.1808612077641902,0.08804256508639734,0.2618103599267934,0.2146223898012913,0.25871961515267183,0.16123707493170206,0.14858909064615602,0.45381839012582115,0.13837848166423264,-0.02460701893528913
2025-08-25T22:42:55.135000,0.0,0.03504429501481354,0.07526436890475452,29.89462388035598,378.88,49.3,0.4576757603958744,0.1259668457399297,0.05897436199917464,0.1808612077641902,0.08804256508639734,0.2618103599267934,0.2146223898012913,0.25871961515267183,0.16123707493170206,0.14858909064615602,0.45381839012582115,0.13837848166423264,-0.02460701893528913
2025-08-25T22:42:56.156000,0.0,0.035253220004960895,0.09621285693719983,28.582458597970632,378.88,49.3,0.4576757603958744,0.1259668457399297,0.05897436199917464,0.1808612077641902,0.08804256508639734,0.2618103599267934,0.2146223898012913,0.25871961515267183,0.16123707493170206,0.14858909064615602,0.45381839012582115,0.13837848166423264,-0.02460701893528913
2025-08-25T22:42:57.146000,0.0,0.05407458613626659,0.08263169694691896,30.254733865697908,378.88,49.3,0.4576757603958744,0.1259668457399297,0.05897436199917464,0.1808612077641902,0.08804256508639734,0.2618103599267934,0.2146223898012913,0.25871961515267183,0.16123707493170206,0.14858909064615602,0.45381839012582115,0.13837848166423264,-0.02460701893528913
2025-08-25T22:42:58.156000,0.0,0.034783591981977224,0.07557112700305879,33.08141745588691,378.88,49.3,0.4576757603958744,0.1259668457399297,0.05897436199917464,0.1808612077641902,0.08804256508639734,0.2618103599267934,0.2146223898012913,0.25871961515267183,0.16123707493170206,0.14858909064615602,0.45381839012582115,0.13837848166423264,-0.02460701893528913
2025-08-25T22:42:59.156000,0.0,0.03487620200030506,0.07518018409609795,33.253443444676314,378.88,49.3,0.4576757603958744,0.1259668457399297,0.05897436199917464,0.1808612077641902,0.08804256508639734,0.2618103599267934,0.2146223898012913,0.25871961515267183,0.16123707493170206,0.14858909064615602,0.45381839012582115,0.13837848166423264,-0.02460701893528913
2025-08-25T22:43:00.156000,0.0,0.0355882931035012,0.07706041913479567,32.44207633528419,378.88,49.3,0.4576757603958744,0.1259668457399297,0.05897436199917464,0.1808612077641902,0.08804256508639734,0.2618103599267934,0.2146223898012913,0.25871961515267183,0.16123707493170206,0.14858909064615602,0.45381839012582115,0.13837848166423264,-0.02460701893528913
2025-08-25T22:43:01.146000,0.0,0.03438940807245672,0.07849758095107973,31.84811518660639,378.88,49.3,0.4576757603958744,0.1259668457399297,0.05897436199917464,0.1808612077641902,0.08804256508639734,0.2618103599267934,0.2146223898012913,0.25871961515267183,0.16123707493170206,0.14858909064615602,0.45381839012582115,0.13837848166423264,-0.02460701893528913
2025-08-25T22:43:37.723000,0.0,,0.385286615928635,8.435278739612391,389.12,49.6,0.4951933719077827,0.2285350427072519,-0.02032939569537436,0.1316569499271165,0.24735281596387498,0.2644991432076314,0.2343018511372484,0.21159291862276025,0.17791686030129247,0.1918979473063744,0.40746271822720614,0.0889169577865153,-0.025058298581600823,-0.08994466716418655,-0.008541542607000437,-0.015462352237800759
2025-08-25T22:43:38.723000,0.0,0.045463798101991415,0.1036078529432416,31.368278635987068,389.12,49.6,0.4951933719077827,0.2285350427072519,-0.02032939569537436,0.1316569499271165,0.24735281596387498,0.2644991432076314,0.2343018511372484,0.21159291862276025,0.17791686030129247,0.1918979473063744,0.40746271822720614,0.0889169577865153,-0.025058298581600823,-0.08994466716418655,-0.008541542607000437,-0.015462352237800759
2025-08-25T22:43:39.724000,0.0,0.06530351284891367,0.10398675920441747,28.849826871732503,389.12,49.6,0.4951933719077827,0.2285350427072519,-0.02032939569537436,0.1316569499271165,0.24735281596387498,0.2644991432076314,0.2343018511372484,0.21159291862276025,0.17791686030129247,0.1918979473063744,0.40746271822720614,0.0889169577865153,-0.025058298581600823,-0.08994466716418655,-0.008541542607000437,-0.015462352237800759
2025-08-25T22:43:40.723000,0.0,0.05514960107393563,0.08948824997060001,30.73029141706823,389.12,49.6,0.4951933719077827,0.2285350427072519,-0.02032939569537436,0.1316569499271165,0.24735281596387498,0.2644991432076314,0.2343018511372484,0.21159291862276025,0.17791686030129247,0.1918979473063744,0.40746271822720614,0.0889169577865153,-0.025058298581600823,-0.08994466716418655,-0.008541542607000437,-0.015462352237800759
2025-08-25T22:43:41.721000,0.0,0.05127590917982161,0.1072120638564229,30.31375279140583,389.12,49.6,0.4951933719077827,0.2285350427072519,-0.02032939569537436,0.1316569499271165,0.24735281596387498,0.2644991432076314,0.2343018511372484,0.21159291862276025,0.17791686030129247,0.1918979473063744,0.40746271822720614,0.0889169577865153,-0.025058298581600823,-0.08994466716418655,-0.008541542607000437,-0.015462352237800759
2025-08-25T22:43:42.694000,0.0,0.06319726002402604,0.10080049186944962,29.76175953471923,389.12,49.6,0.4951933719077827,0.2285350427072519,-0.02032939569537436,0.1316569499271165,0.24735281596387498,0.2644991432076314,0.2343018511372484,0.21159291862276025,0.17791686030129247,0.1918979473063744,0.40746271822720614,0.0889169577865153,-0.025058298581600823,-0.08994466716418655,-0.008541542607000437,-0.015462352237800759
2025-08-25T22:43:43.703000,0.0,0.05539813684299588,0.08946549100801349,33.53248237056356,389.12,49.6,0.4951933719077827,0.2285350427072519,-0.02032939569537436,0.1316569499271165,0.24735281596387498,0.2644991432076314,0.2343018511372484,0.21159291862276025,0.17791686030129247,0.1918979473063744,0.40746271822720614,0.0889169577865153,-0.025058298581600823,-0.08994466716418655,-0.008541542607000437,-0.015462352237800759
2025-08-25T22:43:44.704000,0.0,0.04716666298918426,0.08382271300069988,35.78982226422302,389.12,49.6,0.4951933719077827,0.2285350427072519,-0.02032939569537436,0.1316569499271165,0.24735281596387498,0.2644991432076314,0.2343018511372484,0.21159291862276025,0.17791686030129247,0.1918979473063744,0.40746271822720614,0.0889169577865153,-0.025058298581600823,-0.08994466716418655,-0.008541542607000437,-0.015462352237800759
2025-08-25T22:43:45.703000,0.0,0.04241125308908522,0.08400178700685501,35.713525948623605,389.12,49.6,0.4951933719077827,0.2285350427072519,-0.02032939569537436,0.1316569499271165,0.24735281596387498,0.2644991432076314,0.2343018511372484,0.21159291862276025,0.17791686030129247,0.1918979473063744,0.40746271822720614,0.0889169577865153,-0.025058298581600823,-0.08994466716418655,-0.008541542607000437,-0.015462352237800759
2025-08-25T22:43:46.703000,0.0,0.04195797583088279,0.08433943311683834,32.60633725377684,389.12,49.6,0.4951933719077827,0.2285350427072519,-0.02032939569537436,0.1316569499271165,0.24735281596387498,0.2644991432076314,0.2343018511372484,0.21159291862276025,0.17791686030129247,0.1918979473063744,0.40746271822720614,0.0889169577865153,-0.025058298581600823,-0.08994466716418655,-0.008541542607000437,-0.015462352237800759
2025-08-25T22:43:47.704000,0.0,0.042540751863271,0.08493278292007744,29.435041618176566,389.12,49.6,0.4951933719077827,0.2285350427072519,-0.02032939569537436,0.1316569499271165,0.24735281596387498,0.2644991432076314,0.2343018511372484,0.21159291862276025,0.17791686030129247,0.1918979473063744,0.40746271822720614,0.0889169577865153,-0.025058298581600823,-0.08994466716418655,-0.008541542607000437,-0.015462352237800759
2025-08-25T22:43:48.703000,0.0,0.042784251971170306,0.08398663811385632,32.743303717812275,389.12,49.6,0.4951933719077827,0.2285350427072519,-0.02032939569537436,0.1316569499271165,0.24735281596387498,0.2644991432076314,0.2343018511372484,0.21159291862276025,0.17791686030129247,0.1918979473063744,0.40746271822720614,0.0889169577865153,-0.025058298581600823,-0.08994466716418655,-0.008541542607000437,-0.015462352237800759
2025-08-25T22:43:49.703000,0.0,0.04180073598399758,0.08470119209960103,35.41862783315131,389.12,49.7,0.4951933719077827,0.2285350427072519,-0.02032939569537436,0.1316569499271165,0.24735281596387498,0.2644991432076314,0.2343018511372484,0.21159291862276025,0.17791686030129247,0.1918979473063744,0.40746271822720614,0.0889169577865153,-0.025058298581600823,-0.08994466716418655,-0.008541542607000437,-0.015462352237800759
2025-08-25T22:43:50.704000,0.0,0.04249801184050739,0.0843730999622494,32.59332656060289,389.12,49.7,0.4951933719077827,0.2285350427072519,-0.02032939569537436,0.1316569499271165,0.24735281596387498,0.2644991432076314,0.2343018511372484,0.21159291862276025,0.17791686030129247,0.1918979473063744,0.40746271822720614,0.0889169577865153,-0.025058298581600823,-0.08994466716418655,-0.008541542607000437,-0.015462352237800759
2025-08-25T22:43:51.703000,0.0,0.04237378994002938,0.08399004605598748,35.71851833490168,389.12,49.7,0.4951933719077827,0.2285350427072519,-0.02032939569537436,0.1316569499271165,0.24735281596387498,0.2644991432076314,0.2343018511372484,0.21159291862276025,0.17791686030129247,0.1918979473063744,0.40746271822720614,0.0889169577865153,-0.025058298581600823,-0.08994466716418655,-0.008541542607000437,-0.015462352237800759
2025-08-25T22:43:52.703000,0.0,0.04189023608341813,0.08436161791905761,32.597762677317625,389.12,49.7,0.4951933719077827,0.2285350427072519,-0.02032939569537436,0.1316569499271165,0.24735281596387498,0.2644991432076314,0.2343018511372484,0.21159291862276025,0.17791686030129247,0.1918979473063744,0.40746271822720614,0.0889169577865153,-0.025058298581600823,-0.08994466716418655,-0.008541542607000437,-0.015462352237800759
2025-08-25T22:43:53.704000,0.0,0.04193849489092827,0.08332508406601846,33.00326703326462,389.12,49.7,0.4951933719077827,0.2285350427072519,-0.02032939569537436,0.1316569499271165,0.24735281596387498,0.2644991432076314,0.2343018511372484,0.21159291862276025,0.17791686030129247,0.1918979473063744,0.40746271822720614,0.0889169577865153,-0.025058298581600823,-0.08994466716418655,-0.008541542607000437,-0.015462352237800759
2025-08-25T22:43:54.713000,0.0,0.04295513988472521,0.08128901687450707,36.90535468809202,389.12,49.7,0.4951933719077827,0.2285350427072519,-0.02032939569537436,0.1316569499271165,0.24735281596387498,0.2644991432076314,0.2343018511372484,0.21159291862276025,0.17791686030129247,0.1918979473063744,0.40746271822720614,0.0889169577865153,-0.025058298581600823,-0.08994466716418655,-0.008541542607000437,-0.015462352237800759
2025-08-25T22:43:55.724000,0.0,0.04352663899771869,0.0814969060011208,30.67601118459159,389.12,49.7,0.4951933719077827,0.2285350427072519,-0.02032939569537436,0.1316569499271165,0.24735281596387498,0.2644991432076314,0.2343018511372484,0.21159291862276025,0.17791686030129247,0.1918979473063744,0.40746271822720614,0.0889169577865153,-0.025058298581600823,-0.08994466716418655,-0.008541542607000437,-0.015462352237800759
2025-08-25T22:43:56.724000,0.0,0.04337908304296434,0.0830357710365206,36.12900756567397,389.12,49.7,0.4951933719077827,0.2285350427072519,-0.02032939569537436,0.1316569499271165,0.24735281596387498,0.2644991432076314,0.2343018511372484,0.21159291862276025,0.17791686030129247,0.1918979473063744,0.40746271822720614,0.0889169577865153,-0.025058298581600823,-0.08994466716418655,-0.008541542607000437,-0.015462352237800759
2025-08-25T22:43:57.725000,0.0,0.045364354038611054,0.08144607301801443,33.764672722670554,389.12,49.7,0.4951933719077827,0.2285350427072519,-0.02032939569537436,0.1316569499271165,0.24735281596387498,0.2644991432076314,0.2343018511372484,0.21159291862276025,0.17791686030129247,0.1918979473063744,0.40746271822720614,0.0889169577865153,-0.025058298581600823,-0.08994466716418655,-0.008541542607000437,-0.015462352237800759
2025-08-25T22:43:58.726000,0.0,0.0430113251786679,0.08165840501897037,33.67687624269814,389.12,49.7,0.4951933719077827,0.2285350427072519,-0.02032939569537436,0.1316569499271165,0.24735281596387498,0.2644991432076314,0.2343018511372484,0.21159291862276025,0.17791686030129247,0.1918979473063744,0.40746271822720614,0.0889169577865153,-0.025058298581600823,-0.08994466716418655,-0.008541542607000437,-0.015462352237800759
2025-08-25T22:43:59.724000,0.0,0.04281977005302906,0.0806313338689506,34.10584778951489,389.12,49.7,0.4951933719077827,0.2285350427072519,-0.02032939569537436,0.1316569499271165,0.24735281596387498,0.2644991432076314,0.2343018511372484,0.21159291862276025,0.17791686030129247,0.1918979473063744,0.40746271822720614,0.0889169577865153,-0.025058298581600823,-0.08994466716418655,-0.008541542607000437,-0.015462352237800759
2025-08-25T22:44:00.724000,0.0,0.04266484500840306,0.08314499305561185,36.081547303677844,389.12,49.7,0.4951933719077827,0.2285350427072519,-0.02032939569537436,0.1316569499271165,0.24735281596387498,0.2644991432076314,0.2343018511372484,0.21159291862276025,0.17791686030129247,0.1918979473063744,0.40746271822720614,0.0889169577865153,-0.025058298581600823,-0.08994466716418655,-0.008541542607000437,-0.015462352237800759
2025-08-25T22:44:01.714000,0.0,0.04287640005350113,0.08451522910036147,35.49656117523498,389.12,49.7,0.4951933719077827,0.2285350427072519,-0.02032939569537436,0.1316569499271165,0.24735281596387498,0.2644991432076314,0.2343018511372484,0.21159291862276025,0.17791686030129247,0.1918979473063744,0.40746271822720614,0.0889169577865153,-0.025058298581600823,-0.08994466716418655,-0.008541542607000437,-0.015462352237800759
2025-08-25T22:44:02.714000,0.0,0.04431841382756829,0.08293069805949926,33.160217679911206,389.12,49.7,0.4951933719077827,0.2285350427072519,-0.02032939569537436,0.1316569499271165,0.24735281596387498,0.2644991432076314,0.2343018511372484,0.21159291862276025,0.17791686030129247,0.1918979473063744,0.40746271822720614,0.0889169577865153,-0.025058298581600823,-0.08994466716418655,-0.008541542607000437,-0.015462352237800759
2025-08-25T22:44:03.713000,0.0,0.04251736402511597,0.08293412299826741,33.158848259086746,389.12,49.7,0.4951933719077827,0.2285350427072519,-0.02032939569537436,0.1316569499271165,0.24735281596387498,0.2644991432076314,0.2343018511372484,0.21159291862276025,0.17791686030129247,0.1918979473063744,0.40746271822720614,0.0889169577865153,-0.025058298581600823,-0.08994466716418655,-0.008541542607000437,-0.015462352237800759
2025-08-25T22:44:04.715000,0.0,0.04254890000447631,0.08224492100998759,33.43671519443777,389.12,49.7,0.4951933719077827,0.2285350427072519,-0.02032939569537436,0.1316569499271165,0.24735281596387498,0.2644991432076314,0.2343018511372484,0.21159291862276025,0.17791686030129247,0.1918979473063744,0.40746271822720614,0.0889169577865153,-0.025058298581600823,-0.08994466716418655,-0.008541542607000437,-0.015462352237800759
2025-08-25T22:44:05.715000,0.0,0.04228001297451556,0.08305941894650459,36.1187212486065,389.12,49.7,0.4951933719077827,0.2285350427072519,-0.02032939569537436,0.1316569499271165,0.24735281596387498,0.2644991432076314,0.2343018511372484,0.21159291862276025,0.17791686030129247,0.1918979473063744,0.40746271822720614,0.0889169577865153,-0.025058298581600823,-0.08994466716418655,-0.008541542607000437,-0.015462352237800759
2025-08-25T22:44:06.715000,0.0,0.042250365018844604,0.09331610915251076,32.148790034708675,389.12,49.7,0.4951933719077827,0.2285350427072519,-0.02032939569537436,0.1316569499271165,0.24735281596387498,0.2644991432076314,0.2343018511372484,0.21159291862276025,0.17791686030129247,0.1918979473063744,0.40746271822720614,0.0889169577865153,-0.025058298581600823,-0.08994466716418655,-0.008541542607000437,-0.015462352237800759
2025-08-25T22:44:07.715000,0.0,0.051570223877206445,0.08810301404446363,31.213461081049076,389.12,49.7,0.4951933719077827,0.2285350427072519,-0.02032939569537436,0.1316569499271165,0.24735281596387498,0.2644991432076314,0.2343018511372484,0.21159291862276025,0.17791686030129247,0.1918979473063744,0.40746271822720614,0.0889169577865153,-0.025058298581600823,-0.08994466716418655,-0.008541542607000437,-0.015462352237800759
2025-08-25T22:44:08.715000,0.0,0.041806274093687534,0.08325849217362702,36.03236044370999,389.12,49.7,0.4951933719077827,0.2285350427072519,-0.02032939569537436,0.1316569499271165,0.24735281596387498,0.2644991432076314,0.2343018511372484,0.21159291862276025,0.17791686030129247,0.1918979473063744,0.40746271822720614,0.0889169577865153,-0.025058298581600823,-0.08994466716418655,-0.008541542607000437,-0.015462352237800759
2025-08-25T22:44:09.715000,0.0,0.04253025306388736,0.08543511503376067,35.11436718747849,389.12,49.7,0.4951933719077827,0.2285350427072519,-0.02032939569537436,0.1316569499271165,0.24735281596387498,0.2644991432076314,0.2343018511372484,0.21159291862276025,0.17791686030129247,0.1918979473063744,0.40746271822720614,0.0889169577865153,-0.025058298581600823,-0.08994466716418655,-0.008541542607000437,-0.015462352237800759
2025-08-25T22:44:10.695000,0.0,0.041684791911393404,0.08543143002316356,35.11588181523611,389.12,49.7,0.4951933719077827,0.2285350427072519,-0.02032939569537436,0.1316569499271165,0.24735281596387498,0.2644991432076314,0.2343018511372484,0.21159291862276025,0.17791686030129247,0.1918979473063744,0.40746271822720614,0.0889169577865153,-0.025058298581600823,-0.08994466716418655,-0.008541542607000437,-0.015462352237800759
2025-08-25T22:44:11.690000,0.0,0.041992939077317715,0.08546193013899028,35.103349469418724,389.12,49.7,0.4951933719077827,0.2285350427072519,-0.02032939569537436,0.1316569499271165,0.24735281596387498,0.2644991432076314,0.2343018511372484,0.21159291862276025,0.17791686030129247,0.1918979473063744,0.40746271822720614,0.0889169577865153,-0.025058298581600823,-0.08994466716418655,-0.008541542607000437,-0.015462352237800759
2025-08-25T22:44:12.691000,0.0,0.0416785329580307,0.08494152408093214,35.31841502092228,389.12,49.7,0.4951933719077827,0.2285350427072519,-0.02032939569537436,0.1316569499271165,0.24735281596387498,0.2644991432076314,0.2343018511372484,0.21159291862276025,0.17791686030129247,0.1918979473063744,0.40746271822720614,0.0889169577865153,-0.025058298581600823,-0.08994466716418655,-0.008541542607000437,-0.015462352237800759
2025-08-25T22:44:13.701000,0.0,0.04189032898284495,0.08421399001963437,32.654906855248484,389.12,49.7,0.4951933719077827,0.2285350427072519,-0.02032939569537436,0.1316569499271165,0.24735281596387498,0.2644991432076314,0.2343018511372484,0.21159291862276025,0.17791686030129247,0.1918979473063744,0.40746271822720614,0.0889169577865153,-0.025058298581600823,-0.08994466716418655,-0.008541542607000437,-0.015462352237800759
2025-08-25T22:44:14.701000,0.0,0.04209238407202065,0.08549867104738951,32.164242628703995,389.12,49.7,0.4951933719077827,0.2285350427072519,-0.02032939569537436,0.1316569499271165,0.24735281596387498,0.2644991432076314,0.2343018511372484,0.21159291862276025,0.17791686030129247,0.1918979473063744,0.40746271822720614,0.0889169577865153,-0.025058298581600823,-0.08994466716418655,-0.008541542607000437,-0.015462352237800759
2025-08-25T22:44:15.701000,0.0,0.04279667790979147,0.08600383601151407,34.882165018760205,389.12,49.7,0.4951933719077827,0.2285350427072519,-0.02032939569537436,0.1316569499271165,0.24735281596387498,0.2644991432076314,0.2343018511372484,0.21159291862276025,0.17791686030129247,0.1918979473063744,0.40746271822720614,0.0889169577865153,-0.025058298581600823,-0.08994466716418655,-0.008541542607000437,-0.015462352237800759
2025-08-25T22:44:16.692000,0.0,0.04177508899010718,0.0864598520565778,34.69818567393325,389.12,49.7,0.4951933719077827,0.2285350427072519,-0.02032939569537436,0.1316569499271165,0.24735281596387498,0.2644991432076314,0.2343018511372484,0.21159291862276025,0.17791686030129247,0.1918979473063744,0.40746271822720614,0.0889169577865153,-0.025058298581600823,-0.08994466716418655,-0.008541542607000437,-0.015462352237800759
2025-08-25T22:44:17.701000,0.0,0.04371913801878691,0.08279854897409678,33.213142429106014,389.12,49.7,0.4951933719077827,0.2285350427072519,-0.02032939569537436,0.1316569499271165,0.24735281596387498,0.2644991432076314,0.2343018511372484,0.21159291862276025,0.17791686030129247,0.1918979473063744,0.40746271822720614,0.0889169577865153,-0.025058298581600823,-0.08994466716418655,-0.008541542607000437,-0.015462352237800759
2025-08-25T22:44:18.711000,0.0,0.04186819912865758,0.08254323503933847,36.344589578663786,389.12,49.7,0.4951933719077827,0.2285350427072519,-0.02032939569537436,0.1316569499271165,0.24735281596387498,0.2644991432076314,0.2343018511372484,0.21159291862276025,0.17791686030129247,0.1918979473063744,0.40746271822720614,0.0889169577865153,-0.025058298581600823,-0.08994466716418655,-0.008541542607000437,-0.015462352237800759
2025-08-25T22:44:19.711000,0.0,0.042192328022792935,0.087446368066594,37.16563731411781,389.12,49.7,0.4951933719077827,0.2285350427072519,-0.02032939569537436,0.1316569499271165,0.24735281596387498,0.2644991432076314,0.2343018511372484,0.21159291862276025,0.17791686030129247,0.1918979473063744,0.40746271822720614,0.0889169577865153,-0.025058298581600823,-0.08994466716418655,-0.008541542607000437,-0.015462352237800759
2025-08-25T22:44:20.692000,0.0,0.04375652619637549,0.08392593497410417,32.766986758604645,389.12,49.7,0.4951933719077827,0.2285350427072519,-0.02032939569537436,0.1316569499271165,0.24735281596387498,0.2644991432076314,0.2343018511372484,0.21159291862276025,0.17791686030129247,0.1918979473063744,0.40746271822720614,0.0889169577865153,-0.025058298581600823,-0.08994466716418655,-0.008541542607000437,-0.015462352237800759
2025-08-25T22:44:21.701000,0.0,0.042018884094431996,0.08373106620274484,32.84324593862541,389.12,49.7,0.4951933719077827,0.2285350427072519,-0.02032939569537436,0.1316569499271165,0.24735281596387498,0.2644991432076314,0.2343018511372484,0.21159291862276025,0.17791686030129247,0.1918979473063744,0.40746271822720614,0.0889169577865153,-0.025058298581600823,-0.08994466716418655,-0.008541542607000437,-0.015462352237800759
2025-08-25T22:44:22.713000,0.0,0.04282667790539563,0.08366910181939602,29.87960842936169,389.12,49.7,0.4951933719077827,0.2285350427072519,-0.02032939569537436,0.1316569499271165,0.24735281596387498,0.2644991432076314,0.2343018511372484,0.21159291862276025,0.17791686030129247,0.1918979473063744,0.40746271822720614,0.0889169577865153,-0.025058298581600823,-0.08994466716418655,-0.008541542607000437,-0.015462352237800759
2025-08-25T22:44:23.713000,0.0,0.0425425861030817,0.0809586860705167,33.96794258252619,389.12,49.7,0.4951933719077827,0.2285350427072519,-0.02032939569537436,0.1316569499271165,0.24735281596387498,0.2644991432076314,0.2343018511372484,0.21159291862276025,0.17791686030129247,0.1918979473063744,0.40746271822720614,0.0889169577865153,-0.025058298581600823,-0.08994466716418655,-0.008541542607000437,-0.015462352237800759
2025-08-25T22:44:24.722000,0.0,0.0424625298473984,0.08167283097282052,33.67092786235404,389.12,49.7,0.4951933719077827,0.2285350427072519,-0.02032939569537436,0.1316569499271165,0.24735281596387498,0.2644991432076314,0.2343018511372484,0.21159291862276025,0.17791686030129247,0.1918979473063744,0.40746271822720614,0.0889169577865153,-0.025058298581600823,-0.08994466716418655,-0.008541542607000437,-0.015462352237800759
2025-08-25T22:44:25.722000,0.0,0.042159216944128275,0.08226229203864932,36.46871398368688,389.12,49.7,0.4951933719077827,0.2285350427072519,-0.02032939569537436,0.1316569499271165,0.24735281596387498,0.2644991432076314,0.2343018511372484,0.21159291862276025,0.17791686030129247,0.1918979473063744,0.40746271822720614,0.0889169577865153,-0.025058298581600823,-0.08994466716418655,-0.008541542607000437,-0.015462352237800759
2025-08-25T22:44:26.721000,0.0,0.042389957001432776,0.08686951803974807,34.53455328976665,389.12,49.7,0.4951933719077827,0.2285350427072519,-0.02032939569537436,0.1316569499271165,0.24735281596387498,0.2644991432076314,0.2343018511372484,0.21159291862276025,0.17791686030129247,0.1918979473063744,0.40746271822720614,0.0889169577865153,-0.025058298581600823,-0.08994466716418655,-0.008541542607000437,-0.015462352237800759
2025-08-25T22:44:27.693000,0.0,0.04317652899771929,0.08676507393829525,34.57612451449586,389.12,49.7,0.4951933719077827,0.2285350427072519,-0.02032939569537436,0.1316569499271165,0.24735281596387498,0.2644991432076314,0.2343018511372484,0.21159291862276025,0.17791686030129247,0.1918979473063744,0.40746271822720614,0.0889169577865153,-0.025058298581600823,-0.08994466716418655,-0.008541542607000437,-0.015462352237800759
2025-08-25T22:44:28.692000,0.0,0.042404438834637403,0.08690653694793582,34.519842872086635,389.12,49.7,0.4951933719077827,0.2285350427072519,-0.02032939569537436,0.1316569499271165,0.24735281596387498,0.2644991432076314,0.2343018511372484,0.21159291862276025,0.17791686030129247,0.1918979473063744,0.40746271822720614,0.0889169577865153,-0.025058298581600823,-0.08994466716418655,-0.008541542607000437,-0.015462352237800759
2025-08-25T22:44:29.693000,0.0,0.04233238287270069,0.08618639106862247,34.80827962283867,389.12,49.7,0.4951933719077827,0.2285350427072519,-0.02032939569537436,0.1316569499271165,0.24735281596387498,0.2644991432076314,0.2343018511372484,0.21159291862276025,0.17791686030129247,0.1918979473063744,0.40746271822720614,0.0889169577865153,-0.025058298581600823,-0.08994466716418655,-0.008541542607000437,-0.015462352237800759
2025-08-25T22:44:55.675000,0.0,,0.36039162520319223,4.162138893084027,368.64,47.8,0.5101724048890136
2025-08-25T22:44:56.675000,0.0,0.006321867927908897,0.0538446051068604,27.857944115720727,368.64,47.8,0.5101724048890136
2025-08-25T22:44:57.676000,0.0,0.0034952289424836636,0.05251040612347424,23.80480541439229,368.64,47.8,0.5101724048890136
2025-08-25T22:44:58.685000,0.0,0.003461414948105812,0.0521860180888325,28.74333116289253,368.64,47.8,0.5101724048890136
2025-08-25T22:44:59.686000,0.0,0.0034780630376189947,0.05214524082839489,23.97150689386306,368.64,47.8,0.5101724048890136
2025-08-25T22:45:00.685000,0.0,0.003615081077441573,0.0507523741107434,24.629389696577167,368.64,47.8,0.5101724048890136
2025-08-25T22:45:01.695000,0.0,0.0038820430636405945,0.056275116046890616,26.6547651141245,368.64,47.8,0.5101724048890136
2025-08-25T22:45:02.665000,0.0,0.0035256370902061462,0.05569663713686168,26.931608030733756,368.64,47.8,0.5101724048890136
2025-08-25T22:45:03.666000,0.0,0.0036490987986326218,0.05391890206374228,27.819557568637627,368.64,47.8,0.5101724048890136
2025-08-25T22:45:04.675000,0.0,0.003372414968907833,0.05372038297355175,23.26863530767144,368.64,47.8,0.5101724048890136
2025-08-25T22:45:05.674000,0.0,0.0033243789803236723,0.052617388078942895,33.25896749900333,368.64,47.8,0.5101724048890136
2025-08-25T22:45:06.685000,0.0,0.0034694329369813204,0.052510906010866165,23.80457880009362,368.64,47.8,0.5101724048890136
2025-08-25T22:45:07.686000,0.0,0.0034316550008952618,0.052287870086729527,23.90611814798742,368.64,47.8,0.5101724048890136
2025-08-25T22:45:08.685000,0.0,0.0035700248554348946,0.05189751903526485,28.903115753582526,368.64,47.8,0.5101724048890136
2025-08-25T22:45:09.686000,0.0,0.0035765809006989002,0.051464668940752745,29.146209057068752,368.64,47.8,0.5101724048890136
2025-08-25T22:45:10.687000,0.0,0.0028314541559666395,0.05023508006706834,29.85961200813013,368.64,47.8,0.5101724048890136
2025-08-25T22:45:11.691000,0.0,0.003161786124110222,0.054563085082918406,22.909261785699506,368.64,47.8,0.5101724048890136
2025-08-25T22:45:12.661000,0.0,0.002623101929202676,0.054274345049634576,27.637367132264774,368.64,47.8,0.5101724048890136
2025-08-25T22:45:13.662000,0.0,0.0025274548679590225,0.05325416289269924,23.472343420712818,368.64,47.8,0.5101724048890136
2025-08-25T22:45:14.671000,0.0,0.00250538089312613,0.050853986060246825,29.49621290694725,368.64,47.8,0.5101724048890136
2025-08-25T22:45:15.681000,0.0,0.002660935977473855,0.050118135986849666,29.92928548646815,368.64,47.8,0.5101724048890136
2025-08-25T22:45:16.692000,0.0,0.002813731087371707,0.050036154920235276,24.981935602219934,368.64,47.8,0.5101724048890136
2025-08-25T22:45:17.692000,0.0,0.00310663809068501,0.05425454885698855,23.03954279105503,368.64,47.8,0.5101724048890136
2025-08-25T22:45:18.662000,0.0,0.002677416894584894,0.05581041402183473,26.876704398092567,368.64,47.8,0.5101724048890136
2025-08-25T22:45:19.661000,0.0,0.002705138875171542,0.05568413692526519,31.427262711258642,368.64,47.8,0.5101724048890136
2025-08-25T22:45:20.662000,0.0,0.0034414709080010653,0.05615530186332762,31.16357568977639,368.64,47.8,0.5101724048890136
2025-08-25T22:45:21.662000,0.0,0.0031776761170476675,0.056269375840201974,26.65748424613384,368.64,47.8,0.5101724048890136
2025-08-25T22:45:22.662000,0.0,0.0027878989931195974,0.05354751390404999,28.012504981795573,368.64,47.8,0.5101724048890136
2025-08-25T22:45:23.672000,0.0,0.0025172329042106867,0.05229446291923523,23.90310427187189,368.64,47.8,0.5101724048890136
2025-08-25T22:45:24.672000,0.0,0.0024782700929790735,0.05170185398310423,24.177082709809753,368.64,47.8,0.5101724048890136
2025-08-25T22:45:25.682000,0.0,0.002652510069310665,0.050050266087055206,24.974892197892082,368.64,47.8,0.5101724048890136
2025-08-25T22:45:26.692000,0.0,0.0029515649657696486,0.05035539506934583,24.823556607560384,368.64,47.8,0.5101724048890136
2025-08-25T22:45:27.691000,0.0,0.003016193863004446,0.05542093398980796,27.065585005763733,368.64,47.8,0.5101724048890136
2025-08-25T22:45:28.662000,0.0,0.0027931758668273687,0.05614828388206661,26.714974996397835,368.64,47.8,0.5101724048890136
2025-08-25T22:45:29.662000,0.0,0.0028163250535726547,0.05019858083687723,24.901102365063956,368.64,47.8,0.5101724048890136
2025-08-25T22:45:30.692000,0.0,0.0025303990114480257,0.05595304281450808,26.80819352349998,368.64,47.8,0.5101724048890136
2025-08-25T22:45:31.663000,0.0,0.002753712935373187,0.05021445103920996,19.91458592705062,368.64,47.8,0.5101724048890136
2025-08-25T22:45:32.693000,0.0,0.003152064047753811,0.055929302936419845,31.289501354761278,368.64,47.8,0.5101724048890136
2025-08-25T22:45:33.663000,0.0,0.0032539519015699625,0.07001468306407332,24.994757148275106,368.64,47.8,0.5101724048890136
2025-08-25T22:45:34.663000,0.0,0.004052987089380622,0.0703423679806292,24.87832085041436,368.64,47.8,0.5101724048890136
2025-08-25T22:45:35.662000,0.0,0.00430167093873024,0.052914350060746074,23.62308142432078,368.64,47.8,0.5101724048890136
2025-08-25T22:45:36.672000,0.0,0.0025012148544192314,0.05251209205016494,23.80404114933927,368.64,47.8,0.5101724048890136
2025-08-25T22:45:37.672000,0.0,0.0024916401598602533,0.055437896866351366,22.547752902919356,368.64,47.8,0.5101724048890136
2025-08-25T22:45:38.664000,0.0,0.002495751017704606,0.05327203404158354,23.46446916264324,368.64,47.8,0.5101724048890136
2025-08-25T22:45:39.673000,0.0,0.0025742321740835905,0.05295796087011695,28.32435341834293,368.64,47.8,0.5101724048890136
2025-08-25T22:45:40.674000,0.0,0.0024605479557067156,0.05325014493428171,28.168937415123036,368.64,47.8,0.5101724048890136
2025-08-25T22:45:41.674000,0.0,0.0025444920174777508,0.053005553083494306,28.298921768389317,368.64,47.8,0.5101724048890136
2025-08-25T22:45:42.674000,0.0,0.0024928441271185875,0.05235353601165116,28.651359855926273,368.64,47.8,0.5101724048890136
2025-08-25T22:45:43.683000,0.0,0.0024770470336079597,0.0536459400318563,23.30092452956806,368.64,47.8,0.5101724048890136
2025-08-25T22:45:44.673000,0.0,0.0024845099542289972,0.05184772307984531,28.930875087609408,368.64,47.8,0.5101724048890136
2025-08-25T22:46:13.516000,0.0,,0.364158745855093,4.805596515032957,378.88,48.4,0.5877369538160744,0.24678538902382988,0.3261167843071757,0.31084709434972896
2025-08-25T22:46:14.516000,0.0,0.013680641073733568,0.06070138094946742,32.94817957543599,378.88,48.4,0.5877369538160744,0.24678538902382988,0.3261167843071757,0.31084709434972896
2025-08-25T22:46:15.515000,0.0,0.011147742858156562,0.059969530906528234,29.181485556851396,378.88,48.4,0.5877369538160744,0.24678538902382988,0.3261167843071757,0.31084709434972896
2025-08-25T22:46:16.515000,0.0,0.010809613158926368,0.06026643794029951,29.037720824542063,378.88,48.4,0.5877369538160744,0.24678538902382988,0.3261167843071757,0.31084709434972896
2025-08-25T22:46:17.515000,0.0,0.010936280013993382,0.05987691995687783,29.226620227966343,378.88,48.4,0.5877369538160744,0.24678538902382988,0.3261167843071757,0.31084709434972896
2025-08-25T22:46:18.516000,0.0,0.010792410001158714,0.06041358504444361,28.96699473657472,378.88,48.4,0.5877369538160744,0.24678538902382988,0.3261167843071757,0.31084709434972896
2025-08-25T22:46:19.516000,0.0,0.010832502972334623,0.059841234935447574,29.244048888492717,378.88,48.4,0.5877369538160744,0.24678538902382988,0.3261167843071757,0.31084709434972896
2025-08-25T22:46:20.517000,0.0,0.010942538967356086,0.05996630806475878,29.183053892698354,378.88,48.4,0.5877369538160744,0.24678538902382988,0.3261167843071757,0.31084709434972896
2025-08-25T22:46:21.514000,0.0,0.01175961084663868,0.05953799607232213,25.193995413918273,378.88,48.4,0.5877369538160744,0.24678538902382988,0.3261167843071757,0.31084709434972896
2025-08-25T22:46:22.515000,0.0,0.010781280929222703,0.0596484390553087,29.33857159912146,378.88,48.4,0.5877369538160744,0.24678538902382988,0.3261167843071757,0.31084709434972896
2025-08-25T22:46:23.516000,0.0,0.011141241993755102,0.059993735048919916,29.16971244702513,378.88,48.4,0.5877369538160744,0.24678538902382988,0.3261167843071757,0.31084709434972896
2025-08-25T22:46:24.517000,0.0,0.010815207147970796,0.05926514393649995,25.30998661890102,378.88,48.4,0.5877369538160744,0.24678538902382988,0.3261167843071757,0.31084709434972896
2025-08-25T22:46:25.516000,0.0,0.010742521146312356,0.06012521591037512,29.105924585927845,378.88,48.4,0.5877369538160744,0.24678538902382988,0.3261167843071757,0.31084709434972896
2025-08-25T22:46:26.515000,0.0,0.010735502000898123,0.06027262285351753,29.034741100500767,378.88,48.4,0.5877369538160744,0.24678538902382988,0.3261167843071757,0.31084709434972896
2025-08-25T22:46:27.516000,0.0,0.01077481685206294,0.05991617892868817,29.207470023795164,378.88,48.4,0.5877369538160744,0.24678538902382988,0.3261167843071757,0.31084709434972896
2025-08-25T22:46:28.516000,0.0,0.010715336073189974,0.060339196817949414,29.002706238864377,378.88,48.4,0.5877369538160744,0.24678538902382988,0.3261167843071757,0.31084709434972896
2025-08-25T22:46:29.517000,0.0,0.0108123361133039,0.059318718034774065,29.501649023738423,378.88,48.4,0.5877369538160744,0.24678538902382988,0.3261167843071757,0.31084709434972896
2025-08-25T22:46:30.517000,0.0,0.010644244030117989,0.058568888111039996,25.610866935976954,378.88,48.4,0.5877369538160744,0.24678538902382988,0.3261167843071757,0.31084709434972896
2025-08-25T22:46:31.527000,0.0,0.01076974393799901,0.06216604309156537,24.128928357087066,378.88,48.4,0.5877369538160744,0.24678538902382988,0.3261167843071757,0.31084709434972896
2025-08-25T22:46:32.526000,0.0,0.014175974065437913,0.06691386108286679,26.153026767245507,378.88,48.4,0.5877369538160744,0.24678538902382988,0.3261167843071757,0.31084709434972896
2025-08-25T22:46:33.497000,0.0,0.01463704602792859,0.06605821615085006,26.49178409546627,378.88,48.4,0.5877369538160744,0.24678538902382988,0.3261167843071757,0.31084709434972896
2025-08-25T22:46:34.496000,0.0,0.01459795399568975,0.06179047003388405,28.32151946797483,378.88,48.4,0.5877369538160744,0.24678538902382988,0.3261167843071757,0.31084709434972896
2025-08-25T22:46:35.527000,0.0,0.014782786136493087,0.06680136197246611,26.19707066333938,378.88,48.4,0.5877369538160744,0.24678538902382988,0.3261167843071757,0.31084709434972896
2025-08-25T22:46:36.496000,0.0,0.014451491180807352,0.0656874580308795,22.83540945205873,378.88,48.4,0.5877369538160744,0.24678538902382988,0.3261167843071757,0.31084709434972896
2025-08-25T22:46:37.506000,0.0,0.014923933194950223,0.06523453304544091,26.82628231248312,378.88,48.4,0.5877369538160744,0.24678538902382988,0.3261167843071757,0.31084709434972896
2025-08-25T22:46:38.508000,0.0,0.014660934917628765,0.06426924001425505,23.33931441646594,378.88,48.4,0.5877369538160744,0.24678538902382988,0.3261167843071757,0.31084709434972896
2025-08-25T22:46:39.508000,0.0,0.014705731067806482,0.06540375505574048,26.756873493097856,378.88,48.4,0.5877369538160744,0.24678538902382988,0.3261167843071757,0.31084709434972896
2025-08-25T22:46:40.507000,0.0,0.014652249868959188,0.0654140510596335,26.75266202982372,378.88,48.4,0.5877369538160744,0.24678538902382988,0.3261167843071757,0.31084709434972896
2025-08-25T22:46:41.507000,0.0,0.014677972067147493,0.06521877413615584,26.83276438693204,378.88,48.4,0.5877369538160744,0.24678538902382988,0.3261167843071757,0.31084709434972896
2025-08-25T22:46:42.507000,0.0,0.014696268131956458,0.06440551695413888,31.0532403834929,378.88,48.4,0.5877369538160744,0.24678538902382988,0.3261167843071757,0.31084709434972896
2025-08-25T22:46:43.508000,0.0,0.01454180502332747,0.06421149987727404,27.25368513965165,378.88,48.4,0.5877369538160744,0.24678538902382988,0.3261167843071757,0.31084709434972896
2025-08-25T22:46:44.518000,0.0,0.014320047106593847,0.06466651591472328,27.061918757270902,378.88,48.4,0.5877369538160744,0.24678538902382988,0.3261167843071757,0.31084709434972896
2025-08-25T22:46:45.518000,0.0,0.014297860907390714,0.062331227120012045,24.064984267227228,378.88,48.4,0.5877369538160744,0.24678538902382988,0.3261167843071757,0.31084709434972896
2025-08-25T22:46:46.528000,0.0,0.014540361007675529,0.06230944884009659,28.08562798382304,378.88,48.5,0.5877369538160744,0.24678538902382988,0.3261167843071757,0.31084709434972896
2025-08-25T22:46:47.529000,0.0,0.01439893594942987,0.06466186908073723,27.06386352387905,378.88,48.5,0.5877369538160744,0.24678538902382988,0.3261167843071757,0.31084709434972896
2025-08-25T22:46:48.519000,0.0,0.014183843974024057,0.06089491699822247,28.738030795757386,378.88,48.5,0.5877369538160744,0.24678538902382988,0.3261167843071757,0.31084709434972896
2025-08-25T22:46:49.528000,0.0,0.013670586049556732,0.059163738042116165,29.578928882996813,378.88,48.5,0.5877369538160744,0.24678538902382988,0.3261167843071757,0.31084709434972896
2025-08-25T22:46:50.528000,0.0,0.011084538884460926,0.06270202295854688,31.89689751034393,378.88,48.5,0.5877369538160744,0.24678538902382988,0.3261167843071757,0.31084709434972896
2025-08-25T22:46:51.498000,0.0,0.011316687101498246,0.0634935200214386,31.499277395940585,378.88,48.5,0.5877369538160744,0.24678538902382988,0.3261167843071757,0.31084709434972896
2025-08-25T22:46:52.509000,0.0,0.01233962713740766,0.0636126680765301,27.510243681253705,378.88,48.5,0.5877369538160744,0.24678538902382988,0.3261167843071757,0.31084709434972896
2025-08-25T22:46:53.508000,0.0,0.012214165180921555,0.06305979890748858,27.751436419379193,378.88,48.5,0.5877369538160744,0.24678538902382988,0.3261167843071757,0.31084709434972896
2025-08-25T22:46:54.509000,0.0,0.011779241031035781,0.061330322874709964,28.534009246535913,378.88,48.5,0.5877369538160744,0.24678538902382988,0.3261167843071757,0.31084709434972896
2025-08-25T22:46:55.519000,0.0,0.010827279882505536,0.060985268792137504,24.596103775694093,378.88,48.5,0.5877369538160744,0.24678538902382988,0.3261167843071757,0.31084709434972896
2025-08-25T22:46:56.519000,0.0,0.010809928178787231,0.059081719955429435,25.388563520687306,378.88,48.5,0.5877369538160744,0.24678538902382988,0.3261167843071757,0.31084709434972896
2025-08-25T22:46:57.528000,0.0,0.010973075870424509,0.057955112075433135,25.88209989220086,378.88,48.5,0.5877369538160744,0.24678538902382988,0.3261167843071757,0.31084709434972896
2025-08-25T22:46:58.539000,0.0,0.011648241197690368,0.05767629807814956,26.007217002164662,378.88,48.5,0.5877369538160744,0.24678538902382988,0.3261167843071757,0.31084709434972896
2025-08-25T22:46:59.539000,0.0,0.011190815828740597,0.05802086996845901,30.161560847869612,378.88,48.5,0.5877369538160744,0.24678538902382988,0.3261167843071757,0.31084709434972896
2025-08-25T22:47:00.540000,0.0,0.011481611989438534,0.057607167866081,26.03842638970027,378.88,48.5,0.5877369538160744,0.24678538902382988,0.3261167843071757,0.31084709434972896
2025-08-25T22:47:01.539000,0.0,0.011199372122064233,0.0581229068338871,30.108611136766367,378.88,48.5,0.5877369538160744,0.24678538902382988,0.3261167843071757,0.31084709434972896
2025-08-25T22:47:02.539000,0.0,0.01182105508632958,0.06424305494874716,31.13176983248443,378.88,48.5,0.5877369538160744,0.24678538902382988,0.3261167843071757,0.31084709434972896
2025-08-25T22:47:34.376000,0.0,,0.3735527200624347,6.023246195674702,378.88,48.4,0.7419090082643466,0.32748000257720117,0.3363911114906219,0.2441090549192491,0.13517767379668655,0.21106617794592614,0.5890479747025116
2025-08-25T22:47:35.376000,0.0,0.023344000102952123,0.07063710899092257,28.31372954769514,378.88,48.4,0.7419090082643466,0.32748000257720117,0.3363911114906219,0.2441090549192491,0.13517767379668655,0.21106617794592614,0.5890479747025116
2025-08-25T22:47:36.365000,0.0,0.02004164014942944,0.07085794187150896,28.225488169366812,378.88,48.5,0.7419090082643466,0.32748000257720117,0.3363911114906219,0.2441090549192491,0.13517767379668655,0.21106617794592614,0.5890479747025116
2025-08-25T22:47:37.364000,0.0,0.020223973086103797,0.06893718801438808,32.63840700218861,378.88,48.5,0.7419090082643466,0.32748000257720117,0.3363911114906219,0.2441090549192491,0.13517767379668655,0.21106617794592614,0.5890479747025116
2025-08-25T22:47:38.375000,0.0,0.019643269944936037,0.06614914094097912,34.014047166652325,378.88,48.5,0.7419090082643466,0.32748000257720117,0.3363911114906219,0.2441090549192491,0.13517767379668655,0.21106617794592614,0.5890479747025116
2025-08-25T22:47:39.386000,0.0,0.0188835880253464,0.06955335289239883,25.160541184941383,378.88,48.5,0.7419090082643466,0.32748000257720117,0.3363911114906219,0.2441090549192491,0.13517767379668655,0.21106617794592614,0.5890479747025116
2025-08-25T22:47:40.385000,0.0,0.022462964989244938,0.06598554993979633,30.309666310650663,378.88,48.5,0.7419090082643466,0.32748000257720117,0.3363911114906219,0.2441090549192491,0.13517767379668655,0.21106617794592614,0.5890479747025116
2025-08-25T22:47:41.385000,0.0,0.018820663215592504,0.071928994031623,27.80519909844308,378.88,48.5,0.7419090082643466,0.32748000257720117,0.3363911114906219,0.2441090549192491,0.13517767379668655,0.21106617794592614,0.5890479747025116
2025-08-25T22:47:42.356000,0.0,0.019360382109880447,0.07066523795947433,31.840266373833547,378.88,48.5,0.7419090082643466,0.32748000257720117,0.3363911114906219,0.2441090549192491,0.13517767379668655,0.21106617794592614,0.5890479747025116
2025-08-25T22:47:43.357000,0.0,0.019534271210432053,0.06558364303782582,30.495408723277052,378.88,48.5,0.7419090082643466,0.32748000257720117,0.3363911114906219,0.2441090549192491,0.13517767379668655,0.21106617794592614,0.5890479747025116
2025-08-25T22:47:44.386000,0.0,0.01893036486580968,0.07149666198529303,27.973333921678815,378.88,48.5,0.7419090082643466,0.32748000257720117,0.3363911114906219,0.2441090549192491,0.13517767379668655,0.21106617794592614,0.5890479747025116
2025-08-25T22:47:45.356000,0.0,0.019451346015557647,0.07160230912268162,27.932060076068314,378.88,48.5,0.7419090082643466,0.32748000257720117,0.3363911114906219,0.2441090549192491,0.13517767379668655,0.21106617794592614,0.5890479747025116
2025-08-25T22:47:46.356000,0.0,0.020302250050008297,0.07084755296818912,31.75833046781809,378.88,48.5,0.7419090082643466,0.32748000257720117,0.3363911114906219,0.2441090549192491,0.13517767379668655,0.21106617794592614,0.5890479747025116
2025-08-25T22:47:47.357000,0.0,0.01937906793318689,0.07134940288960934,31.534952065137883,378.88,48.5,0.7419090082643466,0.32748000257720117,0.3363911114906219,0.2441090549192491,0.13517767379668655,0.21106617794592614,0.5890479747025116
2025-08-25T22:47:48.356000,0.0,0.019234142964705825,0.06916059507057071,28.918201151381417,378.88,48.5,0.7419090082643466,0.32748000257720117,0.3363911114906219,0.2441090549192491,0.13517767379668655,0.21106617794592614,0.5890479747025116
2025-08-25T22:47:49.366000,0.0,0.01913042110390961,0.0702773320954293,32.01601331343555,378.88,48.5,0.7419090082643466,0.32748000257720117,0.3363911114906219,0.2441090549192491,0.13517767379668655,0.21106617794592614,0.5890479747025116
2025-08-25T22:47:50.365000,0.0,0.019350678892806172,0.06879844795912504,29.070423233795246,378.88,48.5,0.7419090082643466,0.32748000257720117,0.3363911114906219,0.2441090549192491,0.13517767379668655,0.21106617794592614,0.5890479747025116
2025-08-25T22:47:51.376000,0.0,0.019315345911309123,0.06610375293530524,30.255468278138036,378.88,48.5,0.7419090082643466,0.32748000257720117,0.3363911114906219,0.2441090549192491,0.13517767379668655,0.21106617794592614,0.5890479747025116
2025-08-25T22:47:52.388000,0.0,0.018541310913860798,0.09127759793773293,24.6500789989553,378.88,48.5,0.7419090082643466,0.32748000257720117,0.3363911114906219,0.2441090549192491,0.13517767379668655,0.21106617794592614,0.5890479747025116
2025-08-25T22:47:53.386000,0.0,0.030225737020373344,0.08086326206102967,27.824749368901504,378.88,48.5,0.7419090082643466,0.32748000257720117,0.3363911114906219,0.2441090549192491,0.13517767379668655,0.21106617794592614,0.5890479747025116
2025-08-25T22:47:54.386000,0.0,0.02470244001597166,0.07138779200613499,28.01599466514062,378.88,48.5,0.7419090082643466,0.32748000257720117,0.3363911114906219,0.2441090549192491,0.13517767379668655,0.21106617794592614,0.5890479747025116
2025-08-25T22:47:55.386000,0.0,0.024678810965269804,0.07722619897685945,29.13519025679615,378.88,48.5,0.7419090082643466,0.32748000257720117,0.3363911114906219,0.2441090549192491,0.13517767379668655,0.21106617794592614,0.5890479747025116
2025-08-25T22:47:56.358000,0.0,0.02516221604309976,0.07721760589629412,29.13843253599216,378.88,48.5,0.7419090082643466,0.32748000257720117,0.3363911114906219,0.2441090549192491,0.13517767379668655,0.21106617794592614,0.5890479747025116
2025-08-25T22:47:57.358000,0.0,0.025223956909030676,0.07716716197319329,29.15748023468341,378.88,48.5,0.7419090082643466,0.32748000257720117,0.3363911114906219,0.2441090549192491,0.13517767379668655,0.21106617794592614,0.5890479747025116
2025-08-25T22:47:58.357000,0.0,0.025515567045658827,0.07427331898361444,30.29351630962355,378.88,48.5,0.7419090082643466,0.32748000257720117,0.3363911114906219,0.2441090549192491,0.13517767379668655,0.21106617794592614,0.5890479747025116
2025-08-25T22:47:59.378000,0.0,0.02490443899296224,0.0742221160326153,26.946146336236833,378.88,48.5,0.7419090082643466,0.32748000257720117,0.3363911114906219,0.2441090549192491,0.13517767379668655,0.21106617794592614,0.5890479747025116
2025-08-25T22:48:00.377000,0.0,0.02503408817574382,0.07477968814782798,26.745230550391014,378.88,48.5,0.7419090082643466,0.32748000257720117,0.3363911114906219,0.2441090549192491,0.13517767379668655,0.21106617794592614,0.5890479747025116
2025-08-25T22:48:01.377000,0.0,0.02545043802820146,0.07447980088181794,26.852918191517926,378.88,48.5,0.7419090082643466,0.32748000257720117,0.3363911114906219,0.2441090549192491,0.13517767379668655,0.21106617794592614,0.5890479747025116
2025-08-25T22:48:02.378000,0.0,0.025722548132762313,0.07463681907393038,30.145979262209615,378.88,48.5,0.7419090082643466,0.32748000257720117,0.3363911114906219,0.2441090549192491,0.13517767379668655,0.21106617794592614,0.5890479747025116
2025-08-25T22:48:03.378000,0.0,0.025096180150285363,0.07552894507534802,26.47991439579611,378.88,48.5,0.7419090082643466,0.32748000257720117,0.3363911114906219,0.2441090549192491,0.13517767379668655,0.21106617794592614,0.5890479747025116
2025-08-25T22:48:04.379000,0.0,0.0266625820659101,0.07815569592639804,25.58994550932574,378.88,48.5,0.7419090082643466,0.32748000257720117,0.3363911114906219,0.2441090549192491,0.13517767379668655,0.21106617794592614,0.5890479747025116
2025-08-25T22:48:05.379000,0.0,0.024973975960165262,0.07424806011840701,26.936730694518612,378.88,48.5,0.7419090082643466,0.32748000257720117,0.3363911114906219,0.2441090549192491,0.13517767379668655,0.21106617794592614,0.5890479747025116
2025-08-25T22:48:06.378000,0.0,0.02531245700083673,0.07208688207902014,31.21233621303856,378.88,48.5,0.7419090082643466,0.32748000257720117,0.3363911114906219,0.2441090549192491,0.13517767379668655,0.21106617794592614,0.5890479747025116
2025-08-25T22:48:07.378000,0.0,0.02300514909438789,0.07121636695228517,24.57300301730505,378.88,48.5,0.7419090082643466,0.32748000257720117,0.3363911114906219,0.2441090549192491,0.13517767379668655,0.21106617794592614,0.5890479747025116
2025-08-25T22:48:08.378000,0.0,0.021604301873594522,0.08021331997588277,24.933514790328204,378.88,48.5,0.7419090082643466,0.32748000257720117,0.3363911114906219,0.2441090549192491,0.13517767379668655,0.21106617794592614,0.5890479747025116
2025-08-25T22:48:09.378000,0.0,0.02516271616332233,0.07383313495665789,30.474122510452922,378.88,48.5,0.7419090082643466,0.32748000257720117,0.3363911114906219,0.2441090549192491,0.13517767379668655,0.21106617794592614,0.5890479747025116
2025-08-25T22:48:10.378000,0.0,0.02499258704483509,0.07394661684520543,27.046538236990813,378.88,48.5,0.7419090082643466,0.32748000257720117,0.3363911114906219,0.2441090549192491,0.13517767379668655,0.21106617794592614,0.5890479747025116
2025-08-25T22:48:11.379000,0.0,0.02510017901659012,0.07407709816470742,30.373759984457326,378.88,48.5,0.7419090082643466,0.32748000257720117,0.3363911114906219,0.2441090549192491,0.13517767379668655,0.21106617794592614,0.5890479747025116
2025-08-25T22:48:12.374000,0.0,0.025004402035847306,0.0716574580874294,27.91056302275966,378.88,48.5,0.7419090082643466,0.32748000257720117,0.3363911114906219,0.2441090549192491,0.13517767379668655,0.21106617794592614,0.5890479747025116
2025-08-25T22:48:13.384000,0.0,0.024874735856428742,0.07285880600102246,30.881647991437315,378.88,48.5,0.7419090082643466,0.32748000257720117,0.3363911114906219,0.2441090549192491,0.13517767379668655,0.21106617794592614,0.5890479747025116
2025-08-25T22:48:14.383000,0.0,0.02506006881594658,0.0727415659930557,30.931420973460945,378.88,48.5,0.7419090082643466,0.32748000257720117,0.3363911114906219,0.2441090549192491,0.13517767379668655,0.21106617794592614,0.5890479747025116
2025-08-25T22:48:15.383000,0.0,0.025044069159775972,0.07260849210433662,24.101863973229193,378.88,48.5,0.7419090082643466,0.32748000257720117,0.3363911114906219,0.2441090549192491,0.13517767379668655,0.21106617794592614,0.5890479747025116
2025-08-25T22:48:16.385000,0.0,0.02502703107893467,0.07196375308558345,27.791768970434905,378.88,48.5,0.7419090082643466,0.32748000257720117,0.3363911114906219,0.2441090549192491,0.13517767379668655,0.21106617794592614,0.5890479747025116
2025-08-25T22:48:17.383000,0.0,0.024854198098182678,0.0769349040929228,29.24550341003234,378.88,48.5,0.7419090082643466,0.32748000257720117,0.3363911114906219,0.2441090549192491,0.13517767379668655,0.21106617794592614,0.5890479747025116
2025-08-25T22:48:18.353000,0.0,0.024925199104472995,0.07292739790864289,30.852602238991185,378.88,48.5,0.7419090082643466,0.32748000257720117,0.3363911114906219,0.2441090549192491,0.13517767379668655,0.21106617794592614,0.5890479747025116
2025-08-25T22:48:19.363000,0.0,0.022751928074285388,0.06944576115347445,28.79945394478528,378.88,48.5,0.7419090082643466,0.32748000257720117,0.3363911114906219,0.2441090549192491,0.13517767379668655,0.21106617794592614,0.5890479747025116
2025-08-25T22:48:20.373000,0.0,0.02001771400682628,0.06616208609193563,30.228792925618198,378.88,48.5,0.7419090082643466,0.32748000257720117,0.3363911114906219,0.2441090549192491,0.13517767379668655,0.21106617794592614,0.5890479747025116
2025-08-25T22:48:21.385000,0.0,0.018779941136017442,0.06587545690126717,26.565280641967654,378.88,48.5,0.7419090082643466,0.32748000257720117,0.3363911114906219,0.2441090549192491,0.13517767379668655,0.21106617794592614,0.5890479747025116
2025-08-25T22:48:22.384000,0.0,0.018669200129806995,0.07187423505820334,31.304680991428423,378.88,48.5,0.7419090082643466,0.32748000257720117,0.3363911114906219,0.2441090549192491,0.13517767379668655,0.21106617794592614,0.5890479747025116
2025-08-25T22:48:23.354000,0.0,0.01904981001280248,0.07162627205252647,27.922715264774293,378.88,48.5,0.7419090082643466,0.32748000257720117,0.3363911114906219,0.2441090549192491,0.13517767379668655,0.21106617794592614,0.5890479747025116
2025-08-25T22:48:58.547000,0.0,,0.38361352402716875,7.168673229062753,378.88,48.8,0.6874261408807847,0.2558279916890611,0.41954716016108273,0.21232399339769406,0.1388124044986394,0.1007645336254848,0.6481769815999757,0.33971336250195655,0.03408450528809789,0.0033624055403681085
2025-08-25T22:48:59.547000,0.0,0.030641864985227585,0.07551494613289833,33.106029044902655,378.88,48.8,0.6874261408807847,0.2558279916890611,0.41954716016108273,0.21232399339769406,0.1388124044986394,0.1007645336254848,0.6481769815999757,0.33971336250195655,0.03408450528809789,0.0033624055403681085
2025-08-25T22:49:00.568000,0.0,0.027262635063380003,0.0790815451182425,34.77423203970274,378.88,48.8,0.6874261408807847,0.2558279916890611,0.41954716016108273,0.21232399339769406,0.1388124044986394,0.1007645336254848,0.6481769815999757,0.33971336250195655,0.03408450528809789,0.0033624055403681085
2025-08-25T22:49:01.548000,0.0,0.02663424890488386,0.07604925893247128,26.298744104474736,378.88,48.8,0.6874261408807847,0.2558279916890611,0.41954716016108273,0.21232399339769406,0.1388124044986394,0.1007645336254848,0.6481769815999757,0.33971336250195655,0.03408450528809789,0.0033624055403681085
2025-08-25T22:49:02.567000,0.0,0.027462542057037354,0.07337808283045888,30.663106927972677,378.88,48.8,0.6874261408807847,0.2558279916890611,0.41954716016108273,0.21232399339769406,0.1388124044986394,0.1007645336254848,0.6481769815999757,0.33971336250195655,0.03408450528809789,0.0033624055403681085
2025-08-25T22:49:03.577000,0.0,0.02646726812236011,0.07602566690184176,32.88363130346275,378.88,48.8,0.6874261408807847,0.2558279916890611,0.41954716016108273,0.21232399339769406,0.1388124044986394,0.1007645336254848,0.6481769815999757,0.33971336250195655,0.03408450528809789,0.0033624055403681085
2025-08-25T22:49:04.568000,0.0,0.027056080987676978,0.07366082211956382,27.151475403759573,378.88,48.8,0.6874261408807847,0.2558279916890611,0.41954716016108273,0.21232399339769406,0.1388124044986394,0.1007645336254848,0.6481769815999757,0.33971336250195655,0.03408450528809789,0.0033624055403681085
2025-08-25T22:49:05.579000,0.0,0.02635719394311309,0.07319880509749055,30.738206682517728,378.88,48.8,0.6874261408807847,0.2558279916890611,0.41954716016108273,0.21232399339769406,0.1388124044986394,0.1007645336254848,0.6481769815999757,0.33971336250195655,0.03408450528809789,0.0033624055403681085
2025-08-25T22:49:06.577000,0.0,0.026300861034542322,0.07280062092468143,30.906329800783116,378.88,48.8,0.6874261408807847,0.2558279916890611,0.41954716016108273,0.21232399339769406,0.1388124044986394,0.1007645336254848,0.6481769815999757,0.33971336250195655,0.03408450528809789,0.0033624055403681085
2025-08-25T22:49:07.578000,0.0,0.02610513917170465,0.07296673092059791,30.83597101874328,378.88,48.8,0.6874261408807847,0.2558279916890611,0.41954716016108273,0.21232399339769406,0.1388124044986394,0.1007645336254848,0.6481769815999757,0.33971336250195655,0.03408450528809789,0.0033624055403681085
2025-08-25T22:49:08.578000,0.0,0.02626330591738224,0.07432378293015063,26.909286922055603,378.88,48.8,0.6874261408807847,0.2558279916890611,0.41954716016108273,0.21232399339769406,0.1388124044986394,0.1007645336254848,0.6481769815999757,0.33971336250195655,0.03408450528809789,0.0033624055403681085
2025-08-25T22:49:09.578000,0.0,0.027020857902243733,0.0788676009979099,28.52882516433617,378.88,48.8,0.6874261408807847,0.2558279916890611,0.41954716016108273,0.21232399339769406,0.1388124044986394,0.1007645336254848,0.6481769815999757,0.33971336250195655,0.03408450528809789,0.0033624055403681085
2025-08-25T22:49:10.549000,0.0,0.027277784189209342,0.07887095399200916,31.69734703923226,378.88,48.8,0.6874261408807847,0.2558279916890611,0.41954716016108273,0.21232399339769406,0.1388124044986394,0.1007645336254848,0.6481769815999757,0.33971336250195655,0.03408450528809789,0.0033624055403681085
2025-08-25T22:49:11.548000,0.0,0.026421750197187066,0.09366414789110422,29.360220126031937,378.88,48.8,0.6874261408807847,0.2558279916890611,0.41954716016108273,0.21232399339769406,0.1388124044986394,0.1007645336254848,0.6481769815999757,0.33971336250195655,0.03408450528809789,0.0033624055403681085
2025-08-25T22:49:12.548000,0.0,0.04169631190598011,0.08523941482417285,23.46332391095653,378.88,48.8,0.6874261408807847,0.2558279916890611,0.41954716016108273,0.21232399339769406,0.1388124044986394,0.1007645336254848,0.6481769815999757,0.33971336250195655,0.03408450528809789,0.0033624055403681085
2025-08-25T22:49:13.555000,0.0,0.03479326004162431,0.08428160310722888,29.66246378606869,378.88,48.8,0.6874261408807847,0.2558279916890611,0.41954716016108273,0.21232399339769406,0.1388124044986394,0.1007645336254848,0.6481769815999757,0.33971336250195655,0.03408450528809789,0.0033624055403681085
2025-08-25T22:49:14.566000,0.0,0.035331962164491415,0.08240653481334448,27.303659899016203,378.88,48.8,0.6874261408807847,0.2558279916890611,0.41954716016108273,0.21232399339769406,0.1388124044986394,0.1007645336254848,0.6481769815999757,0.33971336250195655,0.03408450528809789,0.0033624055403681085
2025-08-25T22:49:15.576000,0.0,0.035597534850239754,0.07384459907189012,33.85487945524905,378.88,48.8,0.6874261408807847,0.2558279916890611,0.41954716016108273,0.21232399339769406,0.1388124044986394,0.1007645336254848,0.6481769815999757,0.33971336250195655,0.03408450528809789,0.0033624055403681085
2025-08-25T22:49:16.576000,0.0,0.026304194005206227,0.07299980497919023,27.39733346643994,378.88,48.8,0.6874261408807847,0.2558279916890611,0.41954716016108273,0.21232399339769406,0.1388124044986394,0.1007645336254848,0.6481769815999757,0.33971336250195655,0.03408450528809789,0.0033624055403681085
2025-08-25T22:49:17.577000,0.0,0.025931455194950104,0.07739675394259393,32.30109626889812,378.88,48.8,0.6874261408807847,0.2558279916890611,0.41954716016108273,0.21232399339769406,0.1388124044986394,0.1007645336254848,0.6481769815999757,0.33971336250195655,0.03408450528809789,0.0033624055403681085
2025-08-25T22:49:18.557000,0.0,0.027007600059732795,0.07759358687326312,32.21915754562798,378.88,48.8,0.6874261408807847,0.2558279916890611,0.41954716016108273,0.21232399339769406,0.1388124044986394,0.1007645336254848,0.6481769815999757,0.33971336250195655,0.03408450528809789,0.0033624055403681085
2025-08-25T22:49:19.558000,0.0,0.027203098870813847,0.07770780893042684,35.38897876353854,378.88,48.8,0.6874261408807847,0.2558279916890611,0.41954716016108273,0.21232399339769406,0.1388124044986394,0.1007645336254848,0.6481769815999757,0.33971336250195655,0.03408450528809789,0.0033624055403681085
2025-08-25T22:49:20.556000,0.0,0.027240155031904578,0.07770030898973346,28.95741380252798,378.88,48.8,0.6874261408807847,0.2558279916890611,0.41954716016108273,0.21232399339769406,0.1388124044986394,0.1007645336254848,0.6481769815999757,0.33971336250195655,0.03408450528809789,0.0033624055403681085
2025-08-25T22:49:21.556000,0.0,0.027157857781276107,0.07761419913731515,32.21060099553417,378.88,48.8,0.6874261408807847,0.2558279916890611,0.41954716016108273,0.21232399339769406,0.1388124044986394,0.1007645336254848,0.6481769815999757,0.33971336250195655,0.03408450528809789,0.0033624055403681085
2025-08-25T22:49:22.558000,0.0,0.026721007889136672,0.07831693696789443,31.92157529124066,378.88,48.8,0.6874261408807847,0.2558279916890611,0.41954716016108273,0.21232399339769406,0.1388124044986394,0.1007645336254848,0.6481769815999757,0.33971336250195655,0.03408450528809789,0.0033624055403681085
2025-08-25T22:49:23.557000,0.0,0.027723263949155807,0.07806421490386128,32.02491696200199,378.88,48.8,0.6874261408807847,0.2558279916890611,0.41954716016108273,0.21232399339769406,0.1388124044986394,0.1007645336254848,0.6481769815999757,0.33971336250195655,0.03408450528809789,0.0033624055403681085
2025-08-25T22:49:24.558000,0.0,0.027243599062785506,0.07770814280956984,32.17166064728178,378.88,48.8,0.6874261408807847,0.2558279916890611,0.41954716016108273,0.21232399339769406,0.1388124044986394,0.1007645336254848,0.6481769815999757,0.33971336250195655,0.03408450528809789,0.0033624055403681085
2025-08-25T22:49:25.558000,0.0,0.02718126610852778,0.0784454729873687,31.869270523775683,378.88,48.8,0.6874261408807847,0.2558279916890611,0.41954716016108273,0.21232399339769406,0.1388124044986394,0.1007645336254848,0.6481769815999757,0.33971336250195655,0.03408450528809789,0.0033624055403681085
2025-08-25T22:49:26.557000,0.0,0.027789114974439144,0.07805886399000883,32.0271122613317,378.88,48.8,0.6874261408807847,0.2558279916890611,0.41954716016108273,0.21232399339769406,0.1388124044986394,0.1007645336254848,0.6481769815999757,0.33971336250195655,0.03408450528809789,0.0033624055403681085
2025-08-25T22:49:27.558000,0.0,0.027598449029028416,0.07775386492721736,32.15274253363736,378.88,48.8,0.6874261408807847,0.2558279916890611,0.41954716016108273,0.21232399339769406,0.1388124044986394,0.1007645336254848,0.6481769815999757,0.33971336250195655,0.03408450528809789,0.0033624055403681085
2025-08-25T22:49:28.558000,0.0,0.027113395975902677,0.07370437798090279,30.527358911881514,378.88,48.8,0.6874261408807847,0.2558279916890611,0.41954716016108273,0.21232399339769406,0.1388124044986394,0.1007645336254848,0.6481769815999757,0.33971336250195655,0.03408450528809789,0.0033624055403681085
2025-08-25T22:49:29.578000,0.0,0.026611712062731385,0.07851488096639514,31.841097754067317,378.88,48.8,0.6874261408807847,0.2558279916890611,0.41954716016108273,0.21232399339769406,0.1388124044986394,0.1007645336254848,0.6481769815999757,0.33971336250195655,0.03408450528809789,0.0033624055403681085
2025-08-25T22:49:30.548000,0.0,0.026283305138349533,0.0946131821256131,26.423379320239164,378.88,48.8,0.6874261408807847,0.2558279916890611,0.41954716016108273,0.21232399339769406,0.1388124044986394,0.1007645336254848,0.6481769815999757,0.33971336250195655,0.03408450528809789,0.0033624055403681085
2025-08-25T22:49:31.547000,0.0,0.041854145005345345,0.10349889402277768,26.570332233644695,378.88,48.8,0.6874261408807847,0.2558279916890611,0.41954716016108273,0.21232399339769406,0.1388124044986394,0.1007645336254848,0.6481769815999757,0.33971336250195655,0.03408450528809789,0.0033624055403681085
2025-08-25T22:49:32.548000,0.0,0.03848230396397412,0.07831030804663897,31.924277433707964,378.88,48.8,0.6874261408807847,0.2558279916890611,0.41954716016108273,0.21232399339769406,0.1388124044986394,0.1007645336254848,0.6481769815999757,0.33971336250195655,0.03408450528809789,0.0033624055403681085
2025-08-25T22:49:33.558000,0.0,0.02776880096644163,0.07817784510552883,28.78053234855502,378.88,48.8,0.6874261408807847,0.2558279916890611,0.41954716016108273,0.21232399339769406,0.1388124044986394,0.1007645336254848,0.6481769815999757,0.33971336250195655,0.03408450528809789,0.0033624055403681085
2025-08-25T22:49:34.558000,0.0,0.027257153997197747,0.07599111110903323,32.8985846306813,378.88,48.8,0.6874261408807847,0.2558279916890611,0.41954716016108273,0.21232399339769406,0.1388124044986394,0.1007645336254848,0.6481769815999757,0.33971336250195655,0.03408450528809789,0.0033624055403681085
2025-08-25T22:49:35.568000,0.0,0.026778378058224916,0.0773855319712311,32.30578037415764,378.88,48.8,0.6874261408807847,0.2558279916890611,0.41954716016108273,0.21232399339769406,0.1388124044986394,0.1007645336254848,0.6481769815999757,0.33971336250195655,0.03408450528809789,0.0033624055403681085
2025-08-25T22:49:36.568000,0.0,0.02767885709181428,0.07681829412467778,29.289898007214234,378.88,48.8,0.6874261408807847,0.2558279916890611,0.41954716016108273,0.21232399339769406,0.1388124044986394,0.1007645336254848,0.6481769815999757,0.33971336250195655,0.03408450528809789,0.0033624055403681085
2025-08-25T22:49:37.568000,0.0,0.027234581066295505,0.07720668194815516,29.142555323267068,378.88,48.8,0.6874261408807847,0.2558279916890611,0.41954716016108273,0.21232399339769406,0.1388124044986394,0.1007645336254848,0.6481769815999757,0.33971336250195655,0.03408450528809789,0.0033624055403681085
2025-08-25T22:49:38.569000,0.0,0.027648652903735638,0.07764514302834868,28.97798770463463,378.88,48.8,0.6874261408807847,0.2558279916890611,0.41954716016108273,0.21232399339769406,0.1388124044986394,0.1007645336254848,0.6481769815999757,0.33971336250195655,0.03408450528809789,0.0033624055403681085
2025-08-25T22:49:39.569000,0.0,0.027780893025919795,0.07793999393470585,32.075958359637646,378.88,48.8,0.6874261408807847,0.2558279916890611,0.41954716016108273,0.21232399339769406,0.1388124044986394,0.1007645336254848,0.6481769815999757,0.33971336250195655,0.03408450528809789,0.0033624055403681085
2025-08-25T22:49:40.559000,0.0,0.02690569218248129,0.07892226800322533,31.67673792519215,378.88,48.8,0.6874261408807847,0.2558279916890611,0.41954716016108273,0.21232399339769406,0.1388124044986394,0.1007645336254848,0.6481769815999757,0.33971336250195655,0.03408450528809789,0.0033624055403681085
2025-08-25T22:49:41.559000,0.0,0.027513690991327167,0.07873880607075989,31.7505449314709,378.88,48.8,0.6874261408807847,0.2558279916890611,0.41954716016108273,0.21232399339769406,0.1388124044986394,0.1007645336254848,0.6481769815999757,0.33971336250195655,0.03408450528809789,0.0033624055403681085
2025-08-25T22:49:42.559000,0.0,0.027295746840536594,0.07862115791067481,31.79805622858308,378.88,48.8,0.6874261408807847,0.2558279916890611,0.41954716016108273,0.21232399339769406,0.1388124044986394,0.1007645336254848,0.6481769815999757,0.33971336250195655,0.03408450528809789,0.0033624055403681085
2025-08-25T22:49:43.559000,0.0,0.02744167298078537,0.07569605601020157,29.724137803120993,378.88,48.8,0.6874261408807847,0.2558279916890611,0.41954716016108273,0.21232399339769406,0.1388124044986394,0.1007645336254848,0.6481769815999757,0.33971336250195655,0.03408450528809789,0.0033624055403681085
2025-08-25T22:49:44.579000,0.0,0.026897248113527894,0.07517828000709414,29.928857108564827,378.88,48.8,0.6874261408807847,0.2558279916890611,0.41954716016108273,0.21232399339769406,0.1388124044986394,0.1007645336254848,0.6481769815999757,0.33971336250195655,0.03408450528809789,0.0033624055403681085
2025-08-25T22:49:45.578000,0.0,0.026533285854384303,0.07503872597590089,26.652904536816862,378.88,48.8,0.6874261408807847,0.2558279916890611,0.41954716016108273,0.21232399339769406,0.1388124044986394,0.1007645336254848,0.6481769815999757,0.33971336250195655,0.03408450528809789,0.0033624055403681085
2025-08-25T22:49:46.579000,0.0,0.027063359040766954,0.08020837604999542,34.285696026133955,378.88,48.8,0.6874261408807847,0.2558279916890611,0.41954716016108273,0.21232399339769406,0.1388124044986394,0.1007645336254848,0.6481769815999757,0.33971336250195655,0.03408450528809789,0.0033624055403681085
2025-08-25T22:49:47.549000,0.0,0.02668698877096176,0.07954737800173461,28.285030336901016,378.88,48.8,0.6874261408807847,0.2558279916890611,0.41954716016108273,0.21232399339769406,0.1388124044986394,0.1007645336254848,0.6481769815999757,0.33971336250195655,0.03408450528809789,0.0033624055403681085
2025-08-25T22:50:24.802000,0.0,,0.3898754520341754,7.6947650444456634,389.12,50.2,0.3333709055827908,0.3800851342995089,0.3307218530518125,0.30292295974957884,0.11230067571046268,0.10569153149964741,0.6579215506861784,0.396588754428622,-0.048138752670909876,0.017694594902100753,-0.12595796959409628,-0.12970048439813392,0.015560310123972285
2025-08-25T22:50:25.802000,0.0,0.03851821203716099,0.10058814403600991,32.30997083350594,389.12,50.2,0.3333709055827908,0.3800851342995089,0.3307218530518125,0.30292295974957884,0.11230067571046268,0.10569153149964741,0.6579215506861784,0.396588754428622,-0.048138752670909876,0.017694594902100753,-0.12595796959409628,-0.12970048439813392,0.015560310123972285
2025-08-25T22:50:26.802000,0.0,0.04899575305171311,0.09660134301520884,28.46751312315635,389.12,50.2,0.3333709055827908,0.3800851342995089,0.3307218530518125,0.30292295974957884,0.11230067571046268,0.10569153149964741,0.6579215506861784,0.396588754428622,-0.048138752670909876,0.017694594902100753,-0.12595796959409628,-0.12970048439813392,0.015560310123972285
2025-08-25T22:50:27.802000,0.0,0.04521126393228769,0.10327339498326182,29.049107957439123,389.12,50.2,0.3333709055827908,0.3800851342995089,0.3307218530518125,0.30292295974957884,0.11230067571046268,0.10569153149964741,0.6579215506861784,0.396588754428622,-0.048138752670909876,0.017694594902100753,-0.12595796959409628,-0.12970048439813392,0.015560310123972285
2025-08-25T22:50:28.802000,0.0,0.05341840488836169,0.08777688792906702,34.17756166548467,389.12,50.2,0.3333709055827908,0.3800851342995089,0.3307218530518125,0.30292295974957884,0.11230067571046268,0.10569153149964741,0.6579215506861784,0.396588754428622,-0.048138752670909876,0.017694594902100753,-0.12595796959409628,-0.12970048439813392,0.015560310123972285
2025-08-25T22:50:29.811000,0.0,0.03462842805311084,0.08100605802610517,33.94807829204287,389.12,50.2,0.3333709055827908,0.3800851342995089,0.3307218530518125,0.30292295974957884,0.11230067571046268,0.10569153149964741,0.6579215506861784,0.396588754428622,-0.048138752670909876,0.017694594902100753,-0.12595796959409628,-0.12970048439813392,0.015560310123972285
2025-08-25T22:50:30.822000,0.0,0.03453729813918471,0.08636785601265728,31.840549562756486,389.12,50.2,0.3333709055827908,0.3800851342995089,0.3307218530518125,0.30292295974957884,0.11230067571046268,0.10569153149964741,0.6579215506861784,0.396588754428622,-0.048138752670909876,0.017694594902100753,-0.12595796959409628,-0.12970048439813392,0.015560310123972285
2025-08-25T22:50:31.793000,0.0,0.0340539300814271,0.08481625095009804,32.42303177981727,389.12,50.2,0.3333709055827908,0.3800851342995089,0.3307218530518125,0.30292295974957884,0.11230067571046268,0.10569153149964741,0.6579215506861784,0.396588754428622,-0.048138752670909876,0.017694594902100753,-0.12595796959409628,-0.12970048439813392,0.015560310123972285
2025-08-25T22:50:32.802000,0.0,0.03446265100501478,0.08347371709533036,29.949546839335483,389.12,50.2,0.3333709055827908,0.3800851342995089,0.3307218530518125,0.30292295974957884,0.11230067571046268,0.10569153149964741,0.6579215506861784,0.396588754428622,-0.048138752670909876,0.017694594902100753,-0.12595796959409628,-0.12970048439813392,0.015560310123972285
2025-08-25T22:50:33.811000,0.0,0.03478879691101611,0.08146413112990558,33.75718812509936,389.12,50.2,0.3333709055827908,0.3800851342995089,0.3307218530518125,0.30292295974957884,0.11230067571046268,0.10569153149964741,0.6579215506861784,0.396588754428622,-0.048138752670909876,0.017694594902100753,-0.12595796959409628,-0.12970048439813392,0.015560310123972285
2025-08-25T22:50:34.823000,0.0,0.03470614901743829,0.0811340759973973,30.813193707662222,389.12,50.2,0.3333709055827908,0.3800851342995089,0.3307218530518125,0.30292295974957884,0.11230067571046268,0.10569153149964741,0.6579215506861784,0.396588754428622,-0.048138752670909876,0.017694594902100753,-0.12595796959409628,-0.12970048439813392,0.015560310123972285
2025-08-25T22:50:35.822000,0.0,0.033952689031139016,0.08467343589290977,32.47771831862394,389.12,50.2,0.3333709055827908,0.3800851342995089,0.3307218530518125,0.30292295974957884,0.11230067571046268,0.10569153149964741,0.6579215506861784,0.396588754428622,-0.048138752670909876,0.017694594902100753,-0.12595796959409628,-0.12970048439813392,0.015560310123972285
2025-08-25T22:50:36.792000,0.0,0.0331627291161567,0.08638278301805258,31.8350474934951,389.12,50.2,0.3333709055827908,0.3800851342995089,0.3307218530518125,0.30292295974957884,0.11230067571046268,0.10569153149964741,0.6579215506861784,0.396588754428622,-0.048138752670909876,0.017694594902100753,-0.12595796959409628,-0.12970048439813392,0.015560310123972285
2025-08-25T22:50:37.793000,0.0,0.034520835150033236,0.08527889708057046,32.24713374754155,389.12,50.2,0.3333709055827908,0.3800851342995089,0.3307218530518125,0.30292295974957884,0.11230067571046268,0.10569153149964741,0.6579215506861784,0.396588754428622,-0.048138752670909876,0.017694594902100753,-0.12595796959409628,-0.12970048439813392,0.015560310123972285
2025-08-25T22:50:38.793000,0.0,0.03443822404369712,0.0861679119989276,31.914432370534996,389.12,50.2,0.3333709055827908,0.3800851342995089,0.3307218530518125,0.30292295974957884,0.11230067571046268,0.10569153149964741,0.6579215506861784,0.396588754428622,-0.048138752670909876,0.017694594902100753,-0.12595796959409628,-0.12970048439813392,0.015560310123972285
2025-08-25T22:50:39.792000,0.0,0.03414065111428499,0.08462049206718802,29.543671265998483,389.12,50.2,0.3333709055827908,0.3800851342995089,0.3307218530518125,0.30292295974957884,0.11230067571046268,0.10569153149964741,0.6579215506861784,0.396588754428622,-0.048138752670909876,0.017694594902100753,-0.12595796959409628,-0.12970048439813392,0.015560310123972285
2025-08-25T22:50:40.802000,0.0,0.03476564888842404,0.08424241887405515,32.643886972325845,389.12,50.2,0.3333709055827908,0.3800851342995089,0.3307218530518125,0.30292295974957884,0.11230067571046268,0.10569153149964741,0.6579215506861784,0.396588754428622,-0.048138752670909876,0.017694594902100753,-0.12595796959409628,-0.12970048439813392,0.015560310123972285
2025-08-25T22:50:41.802000,0.0,0.034486631164327264,0.08391436422243714,32.77150492030644,389.12,50.2,0.3333709055827908,0.3800851342995089,0.3307218530518125,0.30292295974957884,0.11230067571046268,0.10569153149964741,0.6579215506861784,0.396588754428622,-0.048138752670909876,0.017694594902100753,-0.12595796959409628,-0.12970048439813392,0.015560310123972285
2025-08-25T22:50:42.803000,0.0,0.03458248311653733,0.08331160596571863,33.00860628147735,389.12,50.2,0.3333709055827908,0.3800851342995089,0.3307218530518125,0.30292295974957884,0.11230067571046268,0.10569153149964741,0.6579215506861784,0.396588754428622,-0.048138752670909876,0.017694594902100753,-0.12595796959409628,-0.12970048439813392,0.015560310123972285
2025-08-25T22:50:43.814000,0.0,0.035209352150559425,0.08085829904302955,30.918285810953638,389.12,50.2,0.3333709055827908,0.3800851342995089,0.3307218530518125,0.30292295974957884,0.11230067571046268,0.10569153149964741,0.6579215506861784,0.396588754428622,-0.048138752670909876,0.017694594902100753,-0.12595796959409628,-0.12970048439813392,0.015560310123972285
2025-08-25T22:50:44.823000,0.0,0.034447927959263325,0.09975403593853116,30.073971160913043,389.12,50.2,0.3333709055827908,0.3800851342995089,0.3307218530518125,0.30292295974957884,0.11230067571046268,0.10569153149964741,0.6579215506861784,0.396588754428622,-0.048138752670909876,0.017694594902100753,-0.12595796959409628,-0.12970048439813392,0.015560310123972285
2025-08-25T22:50:45.824000,0.0,0.053128925152122974,0.11928682611323893,27.245255036920433,389.12,50.2,0.3333709055827908,0.3800851342995089,0.3307218530518125,0.30292295974957884,0.11230067571046268,0.10569153149964741,0.6579215506861784,0.396588754428622,-0.048138752670909876,0.017694594902100753,-0.12595796959409628,-0.12970048439813392,0.015560310123972285
2025-08-25T22:50:46.794000,0.0,0.05485979001969099,0.11787827499210835,27.570814047097304,389.12,50.2,0.3333709055827908,0.3800851342995089,0.3307218530518125,0.30292295974957884,0.11230067571046268,0.10569153149964741,0.6579215506861784,0.396588754428622,-0.048138752670909876,0.017694594902100753,-0.12595796959409628,-0.12970048439813392,0.015560310123972285
2025-08-25T22:50:47.794000,0.0,0.0534909600391984,0.08536956296302378,29.284441822465684,389.12,50.2,0.3333709055827908,0.3800851342995089,0.3307218530518125,0.30292295974957884,0.11230067571046268,0.10569153149964741,0.6579215506861784,0.396588754428622,-0.048138752670909876,0.017694594902100753,-0.12595796959409628,-0.12970048439813392,0.015560310123972285
2025-08-25T22:50:48.794000,0.0,0.033976041013374925,0.08423764118924737,32.64573842733637,389.12,50.2,0.3333709055827908,0.3800851342995089,0.3307218530518125,0.30292295974957884,0.11230067571046268,0.10569153149964741,0.6579215506861784,0.396588754428622,-0.048138752670909876,0.017694594902100753,-0.12595796959409628,-0.12970048439813392,0.015560310123972285
2025-08-25T22:50:49.804000,0.0,0.03407511510886252,0.0848792870528996,29.453593294697537,389.12,50.2,0.3333709055827908,0.3800851342995089,0.3307218530518125,0.30292295974957884,0.11230067571046268,0.10569153149964741,0.6579215506861784,0.396588754428622,-0.048138752670909876,0.017694594902100753,-0.12595796959409628,-0.12970048439813392,0.015560310123972285
2025-08-25T22:50:50.804000,0.0,0.03489583404734731,0.08552695205435157,32.15360695015048,389.12,50.2,0.3333709055827908,0.3800851342995089,0.3307218530518125,0.30292295974957884,0.11230067571046268,0.10569153149964741,0.6579215506861784,0.396588754428622,-0.048138752670909876,0.017694594902100753,-0.12595796959409628,-0.12970048439813392,0.015560310123972285
2025-08-25T22:50:51.804000,0.0,0.03488303814083338,0.08352414309047163,29.931465412246116,389.12,50.2,0.3333709055827908,0.3800851342995089,0.3307218530518125,0.30292295974957884,0.11230067571046268,0.10569153149964741,0.6579215506861784,0.396588754428622,-0.048138752670909876,0.017694594902100753,-0.12595796959409628,-0.12970048439813392,0.015560310123972285
2025-08-25T22:50:52.813000,0.0,0.03464327985420823,0.08398792007938027,29.766185394723284,389.12,50.2,0.3333709055827908,0.3800851342995089,0.3307218530518125,0.30292295974957884,0.11230067571046268,0.10569153149964741,0.6579215506861784,0.396588754428622,-0.048138752670909876,0.017694594902100753,-0.12595796959409628,-0.12970048439813392,0.015560310123972285
2025-08-25T22:50:53.814000,0.0,0.03452837187796831,0.08383327210322022,29.82109533935174,389.12,50.2,0.3333709055827908,0.3800851342995089,0.3307218530518125,0.30292295974957884,0.11230067571046268,0.10569153149964741,0.6579215506861784,0.396588754428622,-0.048138752670909876,0.017694594902100753,-0.12595796959409628,-0.12970048439813392,0.015560310123972285
2025-08-25T22:50:54.814000,0.0,0.03481120499782264,0.08273994200862944,33.23666820691235,389.12,50.2,0.3333709055827908,0.3800851342995089,0.3307218530518125,0.30292295974957884,0.11230067571046268,0.10569153149964741,0.6579215506861784,0.396588754428622,-0.048138752670909876,0.017694594902100753,-0.12595796959409628,-0.12970048439813392,0.015560310123972285
2025-08-25T22:50:55.815000,0.0,0.03439385397359729,0.0834029030520469,32.972473371626776,389.12,50.2,0.3333709055827908,0.3800851342995089,0.3307218530518125,0.30292295974957884,0.11230067571046268,0.10569153149964741,0.6579215506861784,0.396588754428622,-0.048138752670909876,0.017694594902100753,-0.12595796959409628,-0.12970048439813392,0.015560310123972285
2025-08-25T22:50:56.815000,0.0,0.03449368686415255,0.08371247607283294,32.850539477620806,389.12,50.2,0.3333709055827908,0.3800851342995089,0.3307218530518125,0.30292295974957884,0.11230067571046268,0.10569153149964741,0.6579215506861784,0.396588754428622,-0.048138752670909876,0.017694594902100753,-0.12595796959409628,-0.12970048439813392,0.015560310123972285
2025-08-25T22:50:57.815000,0.0,0.03453439101576805,0.0835588842164725,29.919020861065952,389.12,50.2,0.3333709055827908,0.3800851342995089,0.3307218530518125,0.30292295974957884,0.11230067571046268,0.10569153149964741,0.6579215506861784,0.396588754428622,-0.048138752670909876,0.017694594902100753,-0.12595796959409628,-0.12970048439813392,0.015560310123972285
2025-08-25T22:50:58.815000,0.0,0.03465424198657274,0.08512261998839676,32.30633644000671,389.12,50.2,0.3333709055827908,0.3800851342995089,0.3307218530518125,0.30292295974957884,0.11230067571046268,0.10569153149964741,0.6579215506861784,0.396588754428622,-0.048138752670909876,0.017694594902100753,-0.12595796959409628,-0.12970048439813392,0.015560310123972285
2025-08-25T22:50:59.795000,0.0,0.033713540993630886,0.08741361182183027,31.459631316975432,389.12,50.2,0.3333709055827908,0.3800851342995089,0.3307218530518125,0.30292295974957884,0.11230067571046268,0.10569153149964741,0.6579215506861784,0.396588754428622,-0.048138752670909876,0.017694594902100753,-0.12595796959409628,-0.12970048439813392,0.015560310123972285
2025-08-25T22:51:00.794000,0.0,0.03424779884517193,0.08604611712507904,29.054187260605445,389.12,50.2,0.3333709055827908,0.3800851342995089,0.3307218530518125,0.30292295974957884,0.11230067571046268,0.10569153149964741,0.6579215506861784,0.396588754428622,-0.048138752670909876,0.017694594902100753,-0.12595796959409628,-0.12970048439813392,0.015560310123972285
2025-08-25T22:51:01.795000,0.0,0.03380404110066593,0.08594495104625821,31.99722574185818,389.12,50.2,0.3333709055827908,0.3800851342995089,0.3307218530518125,0.30292295974957884,0.11230067571046268,0.10569153149964741,0.6579215506861784,0.396588754428622,-0.048138752670909876,0.017694594902100753,-0.12595796959409628,-0.12970048439813392,0.015560310123972285
2025-08-25T22:51:02.796000,0.0,0.03363970899954438,0.08750211307778955,31.42781246385708,389.12,50.2,0.3333709055827908,0.3800851342995089,0.3307218530518125,0.30292295974957884,0.11230067571046268,0.10569153149964741,0.6579215506861784,0.396588754428622,-0.048138752670909876,0.017694594902100753,-0.12595796959409628,-0.12970048439813392,0.015560310123972285
2025-08-25T22:51:03.795000,0.0,0.03498624195344746,0.08473323308862746,32.454798427478856,389.12,50.2,0.3333709055827908,0.3800851342995089,0.3307218530518125,0.30292295974957884,0.11230067571046268,0.10569153149964741,0.6579215506861784,0.396588754428622,-0.048138752670909876,0.017694594902100753,-0.12595796959409628,-0.12970048439813392,0.015560310123972285
2025-08-25T22:51:04.805000,0.0,0.034770538099110126,0.08551271096803248,29.235419760397146,389.12,50.2,0.3333709055827908,0.3800851342995089,0.3307218530518125,0.30292295974957884,0.11230067571046268,0.10569153149964741,0.6579215506861784,0.396588754428622,-0.048138752670909876,0.017694594902100753,-0.12595796959409628,-0.12970048439813392,0.015560310123972285
2025-08-25T22:51:05.804000,0.0,0.035118815023452044,0.08506788010708988,29.388295521797964,389.12,50.2,0.3333709055827908,0.3800851342995089,0.3307218530518125,0.30292295974957884,0.11230067571046268,0.10569153149964741,0.6579215506861784,0.396588754428622,-0.048138752670909876,0.017694594902100753,-0.12595796959409628,-0.12970048439813392,0.015560310123972285
2025-08-25T22:51:06.806000,0.0,0.034621261060237885,0.08516789693385363,32.2891617499477,389.12,50.2,0.3333709055827908,0.3800851342995089,0.3307218530518125,0.30292295974957884,0.11230067571046268,0.10569153149964741,0.6579215506861784,0.396588754428622,-0.048138752670909876,0.017694594902100753,-0.12595796959409628,-0.12970048439813392,0.015560310123972285
2025-08-25T22:51:07.804000,0.0,0.03522731503471732,0.0854718410409987,32.17433913329384,389.12,50.2,0.3333709055827908,0.3800851342995089,0.3307218530518125,0.30292295974957884,0.11230067571046268,0.10569153149964741,0.6579215506861784,0.396588754428622,-0.048138752670909876,0.017694594902100753,-0.12595796959409628,-0.12970048439813392,0.015560310123972285
2025-08-25T22:51:08.806000,0.0,0.034535391023382545,0.08423304907046258,32.647518169496124,389.12,50.2,0.3333709055827908,0.3800851342995089,0.3307218530518125,0.30292295974957884,0.11230067571046268,0.10569153149964741,0.6579215506861784,0.396588754428622,-0.048138752670909876,0.017694594902100753,-0.12595796959409628,-0.12970048439813392,0.015560310123972285
2025-08-25T22:51:09.806000,0.0,0.03487794497050345,0.0841213830281049,32.69085577303469,389.12,50.2,0.3333709055827908,0.3800851342995089,0.3307218530518125,0.30292295974957884,0.11230067571046268,0.10569153149964741,0.6579215506861784,0.396588754428622,-0.048138752670909876,0.017694594902100753,-0.12595796959409628,-0.12970048439813392,0.015560310123972285
2025-08-25T22:51:10.816000,0.0,0.03476668708026409,0.08741516899317503,34.31898644769824,389.12,50.2,0.3333709055827908,0.3800851342995089,0.3307218530518125,0.30292295974957884,0.11230067571046268,0.10569153149964741,0.6579215506861784,0.396588754428622,-0.048138752670909876,0.017694594902100753,-0.12595796959409628,-0.12970048439813392,0.015560310123972285
2025-08-25T22:51:11.795000,0.0,0.035349203972145915,0.08544611884281039,32.184024707535045,389.12,50.2,0.3333709055827908,0.3800851342995089,0.3307218530518125,0.30292295974957884,0.11230067571046268,0.10569153149964741,0.6579215506861784,0.396588754428622,-0.048138752670909876,0.017694594902100753,-0.12595796959409628,-0.12970048439813392,0.015560310123972285
2025-08-25T22:51:12.805000,0.0,0.034784870920702815,0.08484295383095741,32.412827180429545,389.12,50.2,0.3333709055827908,0.3800851342995089,0.3307218530518125,0.30292295974957884,0.11230067571046268,0.10569153149964741,0.6579215506861784,0.396588754428622,-0.048138752670909876,0.017694594902100753,-0.12595796959409628,-0.12970048439813392,0.015560310123972285
2025-08-25T22:51:13.803000,0.0,0.034915297059342265,0.0850532129406929,32.33269978780866,389.12,50.2,0.3333709055827908,0.3800851342995089,0.3307218530518125,0.30292295974957884,0.11230067571046268,0.10569153149964741,0.6579215506861784,0.396588754428622,-0.048138752670909876,0.017694594902100753,-0.12595796959409628,-0.12970048439813392,0.015560310123972285
2025-08-25T22:51:54.018000,0.0,,0.3968903571367264,8.188659516563698,389.12,50.0,0.526166607324946,0.34707546093490116,0.31249085516593134,0.25249012192138126,0.13328594399330715,0.19680590524519465,0.6272369643082465,0.35223933576031846,0.05931333502835386,0.015406684515432147,-0.08967231250359625,-0.12124411647114335,0.07096594596172913,-0.07884286925107513,0.24229855574830217,0.2760587007020311
2025-08-25T22:51:55.018000,0.0,0.0457623191177845,0.09289281698875129,32.29528500963924,389.12,50.0,0.526166607324946,0.34707546093490116,0.31249085516593134,0.25249012192138126,0.13328594399330715,0.19680590524519465,0.6272369643082465,0.35223933576031846,0.05931333502835386,0.015406684515432147,-0.08967231250359625,-0.12124411647114335,0.07096594596172913,-0.07884286925107513,0.24229855574830217,0.2760587007020311
2025-08-25T22:51:56.018000,0.0,0.042608957970514894,0.09420707286335528,31.844742744012873,389.12,50.0,0.526166607324946,0.34707546093490116,0.31249085516593134,0.25249012192138126,0.13328594399330715,0.19680590524519465,0.6272369643082465,0.35223933576031846,0.05931333502835386,0.015406684515432147,-0.08967231250359625,-0.12124411647114335,0.07096594596172913,-0.07884286925107513,0.24229855574830217,0.2760587007020311
2025-08-25T22:51:57.018000,0.0,0.04234095895662904,0.09076876915059984,33.051015542830015,389.12,50.0,0.526166607324946,0.34707546093490116,0.31249085516593134,0.25249012192138126,0.13328594399330715,0.19680590524519465,0.6272369643082465,0.35223933576031846,0.05931333502835386,0.015406684515432147,-0.08967231250359625,-0.12124411647114335,0.07096594596172913,-0.07884286925107513,0.24229855574830217,0.2760587007020311
2025-08-25T22:51:58.027000,0.0,0.04239003197290003,0.09049275098368526,30.389174493057702,389.12,50.0,0.526166607324946,0.34707546093490116,0.31249085516593134,0.25249012192138126,0.13328594399330715,0.19680590524519465,0.6272369643082465,0.35223933576031846,0.05931333502835386,0.015406684515432147,-0.08967231250359625,-0.12124411647114335,0.07096594596172913,-0.07884286925107513,0.24229855574830217,0.2760587007020311
2025-08-25T22:51:59.027000,0.0,0.04207920003682375,0.09022754803299904,36.02004122744633,389.12,50.0,0.526166607324946,0.34707546093490116,0.31249085516593134,0.25249012192138126,0.13328594399330715,0.19680590524519465,0.6272369643082465,0.35223933576031846,0.05931333502835386,0.015406684515432147,-0.08967231250359625,-0.12124411647114335,0.07096594596172913,-0.07884286925107513,0.24229855574830217,0.2760587007020311
2025-08-25T22:52:00.027000,0.0,0.04231423698365688,0.09164771088398993,30.006204993826934,389.12,50.0,0.526166607324946,0.34707546093490116,0.31249085516593134,0.25249012192138126,0.13328594399330715,0.19680590524519465,0.6272369643082465,0.35223933576031846,0.05931333502835386,0.015406684515432147,-0.08967231250359625,-0.12124411647114335,0.07096594596172913,-0.07884286925107513,0.24229855574830217,0.2760587007020311
2025-08-25T22:52:01.028000,0.0,0.04277086514048278,0.0932721309363842,29.483619301843273,389.12,50.0,0.526166607324946,0.34707546093490116,0.31249085516593134,0.25249012192138126,0.13328594399330715,0.19680590524519465,0.6272369643082465,0.35223933576031846,0.05931333502835386,0.015406684515432147,-0.08967231250359625,-0.12124411647114335,0.07096594596172913,-0.07884286925107513,0.24229855574830217,0.2760587007020311
2025-08-25T22:52:02.027000,0.0,0.043973656836897135,0.09155726595781744,32.766378163609104,389.12,50.0,0.526166607324946,0.34707546093490116,0.31249085516593134,0.25249012192138126,0.13328594399330715,0.19680590524519465,0.6272369643082465,0.35223933576031846,0.05931333502835386,0.015406684515432147,-0.08967231250359625,-0.12124411647114335,0.07096594596172913,-0.07884286925107513,0.24229855574830217,0.2760587007020311
2025-08-25T22:52:03.027000,0.0,0.042294773971661925,0.09056508401408792,30.36490309634397,389.12,50.0,0.526166607324946,0.34707546093490116,0.31249085516593134,0.25249012192138126,0.13328594399330715,0.19680590524519465,0.6272369643082465,0.35223933576031846,0.05931333502835386,0.015406684515432147,-0.08967231250359625,-0.12124411647114335,0.07096594596172913,-0.07884286925107513,0.24229855574830217,0.2760587007020311
2025-08-25T22:52:04.028000,0.0,0.04165262798778713,0.09494490409269929,34.23037846061589,389.12,50.0,0.526166607324946,0.34707546093490116,0.31249085516593134,0.25249012192138126,0.13328594399330715,0.19680590524519465,0.6272369643082465,0.35223933576031846,0.05931333502835386,0.015406684515432147,-0.08967231250359625,-0.12124411647114335,0.07096594596172913,-0.07884286925107513,0.24229855574830217,0.2760587007020311
2025-08-25T22:52:05,0.0,0.04256925405934453,0.09506308916024864,34.187822305263694,389.12,50.0,0.526166607324946,0.34707546093490116,0.31249085516593134,0.25249012192138126,0.13328594399330715,0.19680590524519465,0.6272369643082465,0.35223933576031846,0.05931333502835386,0.015406684515432147,-0.08967231250359625,-0.12124411647114335,0.07096594596172913,-0.07884286925107513,0.24229855574830217,0.2760587007020311
2025-08-25T22:52:05.998000,0.0,0.04233445879071951,0.09584784507751465,33.9079089088713,389.12,50.0,0.526166607324946,0.34707546093490116,0.31249085516593134,0.25249012192138126,0.13328594399330715,0.19680590524519465,0.6272369643082465,0.35223933576031846,0.05931333502835386,0.015406684515432147,-0.08967231250359625,-0.12124411647114335,0.07096594596172913,-0.07884286925107513,0.24229855574830217,0.2760587007020311
2025-08-25T22:52:07.009000,0.0,0.04345008498057723,0.09184569120407104,35.38543787295184,389.12,50.0,0.526166607324946,0.34707546093490116,0.31249085516593134,0.25249012192138126,0.13328594399330715,0.19680590524519465,0.6272369643082465,0.35223933576031846,0.05931333502835386,0.015406684515432147,-0.08967231250359625,-0.12124411647114335,0.07096594596172913,-0.07884286925107513,0.24229855574830217,0.2760587007020311
2025-08-25T22:52:08.018000,0.0,0.04190977499820292,0.09288915107026696,32.296559559798794,389.12,50.0,0.526166607324946,0.34707546093490116,0.31249085516593134,0.25249012192138126,0.13328594399330715,0.19680590524519465,0.6272369643082465,0.35223933576031846,0.05931333502835386,0.015406684515432147,-0.08967231250359625,-0.12124411647114335,0.07096594596172913,-0.07884286925107513,0.24229855574830217,0.2760587007020311
2025-08-25T22:52:09.019000,0.0,0.04239753307774663,0.09066464006900787,33.08897490484251,389.12,50.0,0.526166607324946,0.34707546093490116,0.31249085516593134,0.25249012192138126,0.13328594399330715,0.19680590524519465,0.6272369643082465,0.35223933576031846,0.05931333502835386,0.015406684515432147,-0.08967231250359625,-0.12124411647114335,0.07096594596172913,-0.07884286925107513,0.24229855574830217,0.2760587007020311
2025-08-25T22:52:10.030000,0.0,0.04234860697761178,0.09543582797050476,34.05429668409708,389.12,50.0,0.526166607324946,0.34707546093490116,0.31249085516593134,0.25249012192138126,0.13328594399330715,0.19680590524519465,0.6272369643082465,0.35223933576031846,0.05931333502835386,0.015406684515432147,-0.08967231250359625,-0.12124411647114335,0.07096594596172913,-0.07884286925107513,0.24229855574830217,0.2760587007020311
2025-08-25T22:52:10.999000,0.0,0.04235873697325587,0.09284413186833262,32.312219842331984,389.12,50.0,0.526166607324946,0.34707546093490116,0.31249085516593134,0.25249012192138126,0.13328594399330715,0.19680590524519465,0.6272369643082465,0.35223933576031846,0.05931333502835386,0.015406684515432147,-0.08967231250359625,-0.12124411647114335,0.07096594596172913,-0.07884286925107513,0.24229855574830217,0.2760587007020311
2025-08-25T22:52:12.019000,0.0,0.04174192389473319,0.09065017593093216,35.852109128571875,389.12,50.0,0.526166607324946,0.34707546093490116,0.31249085516593134,0.25249012192138126,0.13328594399330715,0.19680590524519465,0.6272369643082465,0.35223933576031846,0.05931333502835386,0.015406684515432147,-0.08967231250359625,-0.12124411647114335,0.07096594596172913,-0.07884286925107513,0.24229855574830217,0.2760587007020311
2025-08-25T22:52:13.027000,0.0,0.04249673616141081,0.09149478492327034,35.521150224305146,389.12,50.0,0.526166607324946,0.34707546093490116,0.31249085516593134,0.25249012192138126,0.13328594399330715,0.19680590524519465,0.6272369643082465,0.35223933576031846,0.05931333502835386,0.015406684515432147,-0.08967231250359625,-0.12124411647114335,0.07096594596172913,-0.07884286925107513,0.24229855574830217,0.2760587007020311
2025-08-25T22:52:14.028000,0.0,0.04387454711832106,0.09579402999952435,31.31719168736169,389.12,50.0,0.526166607324946,0.34707546093490116,0.31249085516593134,0.25249012192138126,0.13328594399330715,0.19680590524519465,0.6272369643082465,0.35223933576031846,0.05931333502835386,0.015406684515432147,-0.08967231250359625,-0.12124411647114335,0.07096594596172913,-0.07884286925107513,0.24229855574830217,0.2760587007020311
2025-08-25T22:52:14.998000,0.0,0.04257327318191528,0.09459823812358081,31.713064212474006,389.12,50.0,0.526166607324946,0.34707546093490116,0.31249085516593134,0.25249012192138126,0.13328594399330715,0.19680590524519465,0.6272369643082465,0.35223933576031846,0.05931333502835386,0.015406684515432147,-0.08967231250359625,-0.12124411647114335,0.07096594596172913,-0.07884286925107513,0.24229855574830217,0.2760587007020311
2025-08-25T22:52:16.008000,0.0,0.04266012506559491,0.09432740602642298,31.804118509944196,389.12,50.0,0.526166607324946,0.34707546093490116,0.31249085516593134,0.25249012192138126,0.13328594399330715,0.19680590524519465,0.6272369643082465,0.35223933576031846,0.05931333502835386,0.015406684515432147,-0.08967231250359625,-0.12124411647114335,0.07096594596172913,-0.07884286925107513,0.24229855574830217,0.2760587007020311
2025-08-25T22:52:17.009000,0.0,0.042570846853777766,0.09259313391521573,32.39981058149489,389.12,50.0,0.526166607324946,0.34707546093490116,0.31249085516593134,0.25249012192138126,0.13328594399330715,0.19680590524519465,0.6272369643082465,0.35223933576031846,0.05931333502835386,0.015406684515432147,-0.08967231250359625,-0.12124411647114335,0.07096594596172913,-0.07884286925107513,0.24229855574830217,0.2760587007020311
2025-08-25T22:52:18.019000,0.0,0.04190321988426149,0.09205848700366914,32.58797855194443,389.12,50.0,0.526166607324946,0.34707546093490116,0.31249085516593134,0.25249012192138126,0.13328594399330715,0.19680590524519465,0.6272369643082465,0.35223933576031846,0.05931333502835386,0.015406684515432147,-0.08967231250359625,-0.12124411647114335,0.07096594596172913,-0.07884286925107513,0.24229855574830217,0.2760587007020311
2025-08-25T22:52:19.019000,0.0,0.042450662003830075,0.0930456689093262,34.929084159384324,389.12,50.0,0.526166607324946,0.34707546093490116,0.31249085516593134,0.25249012192138126,0.13328594399330715,0.19680590524519465,0.6272369643082465,0.35223933576031846,0.05931333502835386,0.015406684515432147,-0.08967231250359625,-0.12124411647114335,0.07096594596172913,-0.07884286925107513,0.24229855574830217,0.2760587007020311
2025-08-25T22:52:20.018000,0.0,0.04247364308685064,0.10956352413631976,29.663156836360884,389.12,50.0,0.526166607324946,0.34707546093490116,0.31249085516593134,0.25249012192138126,0.13328594399330715,0.19680590524519465,0.6272369643082465,0.35223933576031846,0.05931333502835386,0.015406684515432147,-0.08967231250359625,-0.12124411647114335,0.07096594596172913,-0.07884286925107513,0.24229855574830217,0.2760587007020311
2025-08-25T22:52:21.019000,0.0,0.05869413004256785,0.10809960286132991,30.06486530916374,389.12,50.0,0.526166607324946,0.34707546093490116,0.31249085516593134,0.25249012192138126,0.13328594399330715,0.19680590524519465,0.6272369643082465,0.35223933576031846,0.05931333502835386,0.015406684515432147,-0.08967231250359625,-0.12124411647114335,0.07096594596172913,-0.07884286925107513,0.24229855574830217,0.2760587007020311
2025-08-25T22:52:22.019000,0.0,0.055927823996171355,0.10526363016106188,30.874861479004778,389.12,50.0,0.526166607324946,0.34707546093490116,0.31249085516593134,0.25249012192138126,0.13328594399330715,0.19680590524519465,0.6272369643082465,0.35223933576031846,0.05931333502835386,0.015406684515432147,-0.08967231250359625,-0.12124411647114335,0.07096594596172913,-0.07884286925107513,0.24229855574830217,0.2760587007020311
2025-08-25T22:52:23.018000,0.0,0.055020770989358425,0.10575186996720731,33.096341474484866,389.12,50.0,0.526166607324946,0.34707546093490116,0.31249085516593134,0.25249012192138126,0.13328594399330715,0.19680590524519465,0.6272369643082465,0.35223933576031846,0.05931333502835386,0.015406684515432147,-0.08967231250359625,-0.12124411647114335,0.07096594596172913,-0.07884286925107513,0.24229855574830217,0.2760587007020311
2025-08-25T22:52:24.019000,0.0,0.05468569789081812,0.10577385104261339,30.725930539208967,389.12,50.0,0.526166607324946,0.34707546093490116,0.31249085516593134,0.25249012192138126,0.13328594399330715,0.19680590524519465,0.6272369643082465,0.35223933576031846,0.05931333502835386,0.015406684515432147,-0.08967231250359625,-0.12124411647114335,0.07096594596172913,-0.07884286925107513,0.24229855574830217,0.2760587007020311
2025-08-25T22:52:25.019000,0.0,0.05543910292908549,0.09210817189887166,32.57039997812372,389.12,50.0,0.526166607324946,0.34707546093490116,0.31249085516593134,0.25249012192138126,0.13328594399330715,0.19680590524519465,0.6272369643082465,0.35223933576031846,0.05931333502835386,0.015406684515432147,-0.08967231250359625,-0.12124411647114335,0.07096594596172913,-0.07884286925107513,0.24229855574830217,0.2760587007020311
2025-08-25T22:52:26.019000,0.0,0.04165229480713606,0.09528106986545026,34.10960859895363,389.12,50.1,0.526166607324946,0.34707546093490116,0.31249085516593134,0.25249012192138126,0.13328594399330715,0.19680590524519465,0.6272369643082465,0.35223933576031846,0.05931333502835386,0.015406684515432147,-0.08967231250359625,-0.12124411647114335,0.07096594596172913,-0.07884286925107513,0.24229855574830217,0.2760587007020311
2025-08-25T22:52:27.009000,0.0,0.043976916000247,0.09409627714194357,31.882239033480943,389.12,50.1,0.526166607324946,0.34707546093490116,0.31249085516593134,0.25249012192138126,0.13328594399330715,0.19680590524519465,0.6272369643082465,0.35223933576031846,0.05931333502835386,0.015406684515432147,-0.08967231250359625,-0.12124411647114335,0.07096594596172913,-0.07884286925107513,0.24229855574830217,0.2760587007020311
2025-08-25T22:52:28.010000,0.0,0.04216797789558768,0.09434938686899841,34.44643476605219,389.12,50.1,0.526166607324946,0.34707546093490116,0.31249085516593134,0.25249012192138126,0.13328594399330715,0.19680590524519465,0.6272369643082465,0.35223933576031846,0.05931333502835386,0.015406684515432147,-0.08967231250359625,-0.12124411647114335,0.07096594596172913,-0.07884286925107513,0.24229855574830217,0.2760587007020311
2025-08-25T22:52:29.010000,0.0,0.04314780794084072,0.09357016696594656,32.061500981309884,389.12,50.1,0.526166607324946,0.34707546093490116,0.31249085516593134,0.25249012192138126,0.13328594399330715,0.19680590524519465,0.6272369643082465,0.35223933576031846,0.05931333502835386,0.015406684515432147,-0.08967231250359625,-0.12124411647114335,0.07096594596172913,-0.07884286925107513,0.24229855574830217,0.2760587007020311
2025-08-25T22:52:30.009000,0.0,0.042383550899103284,0.09307937300764024,34.91643631648878,389.12,50.1,0.526166607324946,0.34707546093490116,0.31249085516593134,0.25249012192138126,0.13328594399330715,0.19680590524519465,0.6272369643082465,0.35223933576031846,0.05931333502835386,0.015406684515432147,-0.08967231250359625,-0.12124411647114335,0.07096594596172913,-0.07884286925107513,0.24229855574830217,0.2760587007020311
2025-08-25T22:52:31.019000,0.0,0.04261164297349751,0.09136004489846528,32.83711170823233,389.12,50.1,0.526166607324946,0.34707546093490116,0.31249085516593134,0.25249012192138126,0.13328594399330715,0.19680590524519465,0.6272369643082465,0.35223933576031846,0.05931333502835386,0.015406684515432147,-0.08967231250359625,-0.12124411647114335,0.07096594596172913,-0.07884286925107513,0.24229855574830217,0.2760587007020311
2025-08-25T22:52:32.029000,0.0,0.042170219123363495,0.09008069685660303,33.30347238294173,389.12,50.1,0.526166607324946,0.34707546093490116,0.31249085516593134,0.25249012192138126,0.13328594399330715,0.19680590524519465,0.6272369643082465,0.35223933576031846,0.05931333502835386,0.015406684515432147,-0.08967231250359625,-0.12124411647114335,0.07096594596172913,-0.07884286925107513,0.24229855574830217,0.2760587007020311
2025-08-25T22:52:33.030000,0.0,0.0424071061424911,0.08968467987142503,30.662985071056486,389.12,50.1,0.526166607324946,0.34707546093490116,0.31249085516593134,0.25249012192138126,0.13328594399330715,0.19680590524519465,0.6272369643082465,0.35223933576031846,0.05931333502835386,0.015406684515432147,-0.08967231250359625,-0.12124411647114335,0.07096594596172913,-0.07884286925107513,0.24229855574830217,0.2760587007020311
2025-08-25T22:52:34.029000,0.0,0.042575031984597445,0.0914508409332484,35.538218859815714,389.12,50.1,0.526166607324946,0.34707546093490116,0.31249085516593134,0.25249012192138126,0.13328594399330715,0.19680590524519465,0.6272369643082465,0.35223933576031846,0.05931333502835386,0.015406684515432147,-0.08967231250359625,-0.12124411647114335,0.07096594596172913,-0.07884286925107513,0.24229855574830217,0.2760587007020311
2025-08-25T22:52:35.029000,0.0,0.042463643942028284,0.09142609988339245,32.813387028718424,389.12,50.1,0.526166607324946,0.34707546093490116,0.31249085516593134,0.25249012192138126,0.13328594399330715,0.19680590524519465,0.6272369643082465,0.35223933576031846,0.05931333502835386,0.015406684515432147,-0.08967231250359625,-0.12124411647114335,0.07096594596172913,-0.07884286925107513,0.24229855574830217,0.2760587007020311
2025-08-25T22:52:36.029000,0.0,0.04339616000652313,0.09393986989744008,34.59659890468539,389.12,50.1,0.526166607324946,0.34707546093490116,0.31249085516593134,0.25249012192138126,0.13328594399330715,0.19680590524519465,0.6272369643082465,0.35223933576031846,0.05931333502835386,0.015406684515432147,-0.08967231250359625,-0.12124411647114335,0.07096594596172913,-0.07884286925107513,0.24229855574830217,0.2760587007020311
2025-08-25T22:52:37.021000,0.0,0.04244143981486559,0.09301346610300243,32.25339432763259,389.12,50.1,0.526166607324946,0.34707546093490116,0.31249085516593134,0.25249012192138126,0.13328594399330715,0.19680590524519465,0.6272369643082465,0.35223933576031846,0.05931333502835386,0.015406684515432147,-0.08967231250359625,-0.12124411647114335,0.07096594596172913,-0.07884286925107513,0.24229855574830217,0.2760587007020311
2025-08-25T22:52:38.021000,0.0,0.04282551305368543,0.09375316696241498,31.998919046678232,389.12,50.1,0.526166607324946,0.34707546093490116,0.31249085516593134,0.25249012192138126,0.13328594399330715,0.19680590524519465,0.6272369643082465,0.35223933576031846,0.05931333502835386,0.015406684515432147,-0.08967231250359625,-0.12124411647114335,0.07096594596172913,-0.07884286925107513,0.24229855574830217,0.2760587007020311
2025-08-25T22:52:39.010000,0.0,0.042472013970837,0.09312570607289672,32.214520850468546,389.12,50.1,0.526166607324946,0.34707546093490116,0.31249085516593134,0.25249012192138126,0.13328594399330715,0.19680590524519465,0.6272369643082465,0.35223933576031846,0.05931333502835386,0.015406684515432147,-0.08967231250359625,-0.12124411647114335,0.07096594596172913,-0.07884286925107513,0.24229855574830217,0.2760587007020311
2025-08-25T22:52:40.022000,0.0,0.042813458014279604,0.09131534118205309,30.115421619214892,389.12,50.1,0.526166607324946,0.34707546093490116,0.31249085516593134,0.25249012192138126,0.13328594399330715,0.19680590524519465,0.6272369643082465,0.35223933576031846,0.05931333502835386,0.015406684515432147,-0.08967231250359625,-0.12124411647114335,0.07096594596172913,-0.07884286925107513,0.24229855574830217,0.2760587007020311
2025-08-25T22:52:41.030000,0.0,0.043075438821688294,0.09211528394371271,29.853894839865884,389.12,50.1,0.526166607324946,0.34707546093490116,0.31249085516593134,0.25249012192138126,0.13328594399330715,0.19680590524519465,0.6272369643082465,0.35223933576031846,0.05931333502835386,0.015406684515432147,-0.08967231250359625,-0.12124411647114335,0.07096594596172913,-0.07884286925107513,0.24229855574830217,0.2760587007020311
2025-08-25T22:52:42.031000,0.0,0.0428839020896703,0.09048397419974208,33.155042387700256,389.12,50.1,0.526166607324946,0.34707546093490116,0.31249085516593134,0.25249012192138126,0.13328594399330715,0.19680590524519465,0.6272369643082465,0.35223933576031846,0.05931333502835386,0.015406684515432147,-0.08967231250359625,-0.12124411647114335,0.07096594596172913,-0.07884286925107513,0.24229855574830217,0.2760587007020311
2025-08-25T22:52:43.031000,0.0,0.04174553509801626,0.08940019900910556,33.55697228027948,389.12,50.1,0.526166607324946,0.34707546093490116,0.31249085516593134,0.25249012192138126,0.13328594399330715,0.19680590524519465,0.6272369643082465,0.35223933576031846,0.05931333502835386,0.015406684515432147,-0.08967231250359625,-0.12124411647114335,0.07096594596172913,-0.07884286925107513,0.24229855574830217,0.2760587007020311
2025-08-25T22:53:12.017000,0.0,,0.3633872240316123,4.815799467533753,368.64,48.1,0.4938572973011358
2025-08-25T22:53:13.017000,0.0,0.005456889979541302,0.059207184007391334,25.334763426896888,378.88,48.2,0.4938572973011358
2025-08-25T22:53:14.017000,0.0,0.002629935974255204,0.06459000008180737,27.093977361565567,378.88,48.2,0.4938572973011358
2025-08-25T22:53:14.987000,0.0,0.0029744720086455345,0.06396192801184952,23.4514506773792,378.88,48.2,0.4938572973011358
2025-08-25T22:53:15.989000,0.0,0.00267997314222157,0.059099128004163504,29.611266005087593,378.88,48.2,0.4938572973011358
2025-08-25T22:53:17.017000,0.0,0.0025431960821151733,0.06237184000201523,32.06575274892223,378.88,48.2,0.4938572973011358
2025-08-25T22:53:17.989000,0.0,0.0028414169792085886,0.05924783204682171,25.317382057364814,378.88,48.2,0.4938572973011358
2025-08-25T22:53:18.989000,0.0,0.0025244918651878834,0.06597971799783409,26.52330220716327,378.88,48.2,0.4938572973011358
2025-08-25T22:53:19.989000,0.0,0.003640619106590748,0.05826068692840636,25.746349366653416,378.88,48.2,0.4938572973011358
2025-08-25T22:53:21.018000,0.0,0.0028458249289542437,0.05867842608131468,25.56305784209959,378.88,48.2,0.4938572973011358
2025-08-25T22:53:22.019000,0.0,0.0031043048948049545,0.05901657301001251,25.416589332381744,378.88,48.2,0.4938572973011358
2025-08-25T22:53:22.988000,0.0,0.0025086409877985716,0.05791907594539225,25.8982032347038,378.88,48.2,0.4938572973011358
2025-08-25T22:53:24.009000,0.0,0.0027894170489162207,0.0607153819873929,28.823008975935977,378.88,48.2,0.4938572973011358
2025-08-25T22:53:25.008000,0.0,0.0025979368947446346,0.059396868105977774,25.25385677446267,378.88,48.2,0.4938572973011358
2025-08-25T22:53:26.020000,0.0,0.0025390658993273973,0.059054794954136014,25.400138992354616,378.88,48.2,0.4938572973011358
2025-08-25T22:53:27.019000,0.0,0.002585900016129017,0.05908183287829161,25.38851499563264,378.88,48.2,0.4938572973011358
2025-08-25T22:53:28.019000,0.0,0.0025251589249819517,0.058747258968651295,25.53310616245844,378.88,48.2,0.4938572973011358
2025-08-25T22:53:29.019000,0.0,0.0025095848832279444,0.05907175806351006,25.392845061210323,378.88,48.2,0.4938572973011358
2025-08-25T22:53:30.019000,0.0,0.0025049729738384485,0.059309238800778985,25.291169307340883,378.88,48.2,0.4938572973011358
2025-08-25T22:53:31.018000,0.0,0.0024930660147219896,0.05935742403380573,25.27063841493054,378.88,48.2,0.4938572973011358
2025-08-25T22:53:32.020000,0.0,0.002567361807450652,0.0579997249878943,21.551826327813068,378.88,48.2,0.4938572973011358
2025-08-25T22:53:33.028000,0.0,0.0029127129819244146,0.05718472716398537,26.23078004199527,378.88,48.2,0.4938572973011358
2025-08-25T22:53:34.029000,0.0,0.0024881400167942047,0.057537781074643135,26.069827024681995,378.88,48.2,0.4938572973011358
2025-08-25T22:53:35.029000,0.0,0.0024592329282313585,0.057771152118220925,21.637096616006055,368.64,48.2,0.4938572973011358
2025-08-25T22:53:36.029000,0.0,0.0025616770144551992,0.05772463302128017,25.985440209676824,368.64,48.2,0.4938572973011358
2025-08-25T22:53:37.030000,0.0,0.0025827509816735983,0.05712856003083289,26.256569379491562,368.64,48.2,0.4938572973011358
2025-08-25T22:53:38.029000,0.0,0.002435473958030343,0.05741811520420015,26.124159503763845,368.64,48.2,0.4938572973011358
2025-08-25T22:53:39.030000,0.0,0.0025678619276732206,0.06274517299607396,27.890591681204015,368.64,48.2,0.4938572973011358
2025-08-25T22:53:40,0.0,0.0028612499590963125,0.05809529894031584,21.516370907811392,368.64,48.2,0.4938572973011358
2025-08-25T22:53:41.010000,0.0,0.0024994919076561928,0.061417066026479006,24.423179045272384,368.64,48.2,0.4938572973011358
2025-08-25T22:53:42.009000,0.0,0.0027261399663984776,0.05881498195230961,21.253088218467635,368.64,48.2,0.4938572973011358
2025-08-25T22:53:43.019000,0.0,0.002516436157748103,0.05890788813121617,29.707396674990562,368.64,48.2,0.4938572973011358
2025-08-25T22:53:44.019000,0.0,0.002519214991480112,0.062403080984950066,28.04348715445732,368.64,48.2,0.4938572973011358
2025-08-25T22:53:45.010000,0.0,0.003341544885188341,0.06260878406465054,27.95134941756564,368.64,48.2,0.4938572973011358
2025-08-25T22:53:46.009000,0.0,0.0031388788484036922,0.05900944396853447,21.18304996513022,368.64,48.2,0.4938572973011358
2025-08-25T22:53:47.020000,0.0,0.002514604013413191,0.058915147092193365,25.460345497444614,368.64,48.2,0.4938572973011358
2025-08-25T22:53:48.020000,0.0,0.002400010824203491,0.059043072862550616,29.63937876461683,368.64,48.2,0.4938572973011358
2025-08-25T22:53:49.021000,0.0,0.0024495290126651525,0.059210739098489285,25.33324229418855,368.64,48.2,0.4938572973011358
2025-08-25T22:53:50.020000,0.0,0.0030395458452403545,0.062139507848769426,28.162437402288877,378.88,48.2,0.4938572973011358
2025-08-25T22:53:51.012000,0.0,0.003241803962737322,0.061411269940435886,24.425484140857122,378.88,48.2,0.4938572973011358
2025-08-25T22:53:52.011000,0.0,0.003119841916486621,0.0598573861643672,25.0595640090438,378.88,48.2,0.4938572973011358
2025-08-25T22:53:53.021000,0.0,0.00248078815639019,0.05801096512004733,25.857180567430355,378.88,48.2,0.4938572973011358
2025-08-25T22:53:54.031000,0.0,0.002783695003017783,0.05931283091194928,25.289637620344557,378.88,48.2,0.4938572973011358
2025-08-25T22:53:55.011000,0.0,0.0031216940842568874,0.05793605791404843,25.890612064516137,378.88,48.2,0.4938572973011358
2025-08-25T22:53:56.032000,0.0,0.0024917330592870712,0.0580360759049654,25.84599280034425,378.88,48.2,0.4938572973011358
2025-08-25T22:53:57.032000,0.0,0.002526602940633893,0.05811840994283557,25.8093778111849,378.88,48.2,0.4938572973011358
2025-08-25T22:53:58.032000,0.0,0.0024231220595538616,0.06004668097011745,24.980564716749953,378.88,48.2,0.4938572973011358
2025-08-25T22:54:30.360000,0.0,,0.3747319490648806,6.004291882810437,378.88,48.7,0.6510188826949524,0.30320168480497844,0.03896802590094647,0.2272758580705132
2025-08-25T22:54:31.360000,0.0,0.013809698168188334,0.07082522194832563,28.23852781512227,378.88,48.7,0.6510188826949524,0.30320168480497844,0.03896802590094647,0.2272758580705132
2025-08-25T22:54:32.360000,0.0,0.011277742916718125,0.07003140891902149,28.55861435420486,378.88,48.7,0.6510188826949524,0.30320168480497844,0.03896802590094647,0.2272758580705132
2025-08-25T22:54:33.370000,0.0,0.012248924002051353,0.07338175107724965,27.25473255461876,378.88,48.7,0.6510188826949524,0.30320168480497844,0.03896802590094647,0.2272758580705132
2025-08-25T22:54:34.370000,0.0,0.015569821000099182,0.07279927097260952,27.47280258826288,378.88,48.7,0.6510188826949524,0.30320168480497844,0.03896802590094647,0.2272758580705132
2025-08-25T22:54:35.371000,0.0,0.014750212896615267,0.0734566010069102,23.82359074626093,378.88,48.7,0.6510188826949524,0.30320168480497844,0.03896802590094647,0.2272758580705132
2025-08-25T22:54:36.361000,0.0,0.015058711869642138,0.07294467790052295,27.418038677577922,378.88,48.7,0.6510188826949524,0.30320168480497844,0.03896802590094647,0.2272758580705132
2025-08-25T22:54:37.370000,0.0,0.014950878918170929,0.07122492301277816,28.08005843181031,378.88,48.7,0.6510188826949524,0.30320168480497844,0.03896802590094647,0.2272758580705132
2025-08-25T22:54:38.381000,0.0,0.014542491175234318,0.07572715007700026,26.41060700113999,378.88,48.7,0.6510188826949524,0.30320168480497844,0.03896802590094647,0.2272758580705132
2025-08-25T22:54:39.362000,0.0,0.014479176141321659,0.07421837700530887,26.947503848769706,378.88,48.7,0.6510188826949524,0.30320168480497844,0.03896802590094647,0.2272758580705132
2025-08-25T22:54:40.361000,0.0,0.01455082418397069,0.07492189388722181,26.69446668033453,378.88,48.7,0.6510188826949524,0.30320168480497844,0.03896802590094647,0.2272758580705132
2025-08-25T22:54:41.360000,0.0,0.014437695033848286,0.0692975779529661,25.253407863515427,378.88,48.7,0.6510188826949524,0.30320168480497844,0.03896802590094647,0.2272758580705132
2025-08-25T22:54:42.380000,0.0,0.014232603134587407,0.07155640400014818,27.949979152052695,378.88,48.7,0.6510188826949524,0.30320168480497844,0.03896802590094647,0.2272758580705132
2025-08-25T22:54:43.361000,0.0,0.014666379895061255,0.07499730004929006,26.667626683701318,378.88,48.7,0.6510188826949524,0.30320168480497844,0.03896802590094647,0.2272758580705132
2025-08-25T22:54:44.362000,0.0,0.014573805965483189,0.07179303281009197,24.37562436774518,378.88,48.7,0.6510188826949524,0.30320168480497844,0.03896802590094647,0.2272758580705132
2025-08-25T22:54:45.370000,0.0,0.014849989907816052,0.07132257195189595,28.04161354905873,378.88,48.7,0.6510188826949524,0.30320168480497844,0.03896802590094647,0.2272758580705132
2025-08-25T22:54:46.371000,0.0,0.01485117501579225,0.072705919155851,27.50807669060397,378.88,48.7,0.6510188826949524,0.30320168480497844,0.03896802590094647,0.2272758580705132
2025-08-25T22:54:47.372000,0.0,0.014870398212224245,0.07290612300857902,27.432538139007306,378.88,48.7,0.6510188826949524,0.30320168480497844,0.03896802590094647,0.2272758580705132
2025-08-25T22:54:48.371000,0.0,0.014987453119829297,0.07313886191695929,27.34524365816255,378.88,48.7,0.6510188826949524,0.30320168480497844,0.03896802590094647,0.2272758580705132
2025-08-25T22:54:49.371000,0.0,0.014958878979086876,0.07153607113286853,27.9579234409621,378.88,48.7,0.6510188826949524,0.30320168480497844,0.03896802590094647,0.2272758580705132
2025-08-25T22:54:50.382000,0.0,0.014274880988523364,0.06913631898351014,25.312310891434052,378.88,48.7,0.6510188826949524,0.30320168480497844,0.03896802590094647,0.2272758580705132
2025-08-25T22:54:51.392000,0.0,0.014293566113337874,0.06922504119575024,28.89127930374974,378.88,48.7,0.6510188826949524,0.30320168480497844,0.03896802590094647,0.2272758580705132
2025-08-25T22:54:52.391000,0.0,0.014529491076245904,0.06954326294362545,25.16419169774399,378.88,48.7,0.6510188826949524,0.30320168480497844,0.03896802590094647,0.2272758580705132
2025-08-25T22:54:53.391000,0.0,0.015192914986982942,0.07416771003045142,26.96591278305473,378.88,48.7,0.6510188826949524,0.30320168480497844,0.03896802590094647,0.2272758580705132
2025-08-25T22:54:54.361000,0.0,0.014262899057939649,0.07366323098540306,27.150587521694135,378.88,48.7,0.6510188826949524,0.30320168480497844,0.03896802590094647,0.2272758580705132
2025-08-25T22:54:55.362000,0.0,0.014349102973937988,0.07446606201119721,26.857872512438124,378.88,48.7,0.6510188826949524,0.30320168480497844,0.03896802590094647,0.2272758580705132
2025-08-25T22:54:56.362000,0.0,0.014254992129281163,0.07488720794208348,23.368477048222015,378.88,48.7,0.6510188826949524,0.30320168480497844,0.03896802590094647,0.2272758580705132
2025-08-25T22:54:57.363000,0.0,0.014447287889197469,0.07294386299327016,27.418344983792853,378.88,48.7,0.6510188826949524,0.30320168480497844,0.03896802590094647,0.2272758580705132
2025-08-25T22:54:58.361000,0.0,0.01306084799580276,0.06670534610748291,29.982604344446155,378.88,48.7,0.6510188826949524,0.30320168480497844,0.03896802590094647,0.2272758580705132
2025-08-25T22:54:59.393000,0.0,0.01179503696039319,0.06630716100335121,30.16265467765873,378.88,48.7,0.6510188826949524,0.30320168480497844,0.03896802590094647,0.2272758580705132
2025-08-25T22:55:00.393000,0.0,0.011379705043509603,0.0661145318299532,26.469218665890477,378.88,48.7,0.6510188826949524,0.30320168480497844,0.03896802590094647,0.2272758580705132
2025-08-25T22:55:01.392000,0.0,0.011189964832738042,0.06654297607019544,26.298793702192576,378.88,48.7,0.6510188826949524,0.30320168480497844,0.03896802590094647,0.2272758580705132
2025-08-25T22:55:02.392000,0.0,0.01092353998683393,0.06608066195622087,30.266040635685194,378.88,48.7,0.6510188826949524,0.30320168480497844,0.03896802590094647,0.2272758580705132
2025-08-25T22:55:03.393000,0.0,0.010903391987085342,0.07095592492260039,28.186511587039796,378.88,48.7,0.6510188826949524,0.30320168480497844,0.03896802590094647,0.2272758580705132
2025-08-25T22:55:04.364000,0.0,0.011146872071549296,0.07171075604856014,31.37604627228204,378.88,48.7,0.6510188826949524,0.30320168480497844,0.03896802590094647,0.2272758580705132
2025-08-25T22:55:05.363000,0.0,0.011497536906972528,0.07097107288427651,24.657933561938183,378.88,48.7,0.6510188826949524,0.30320168480497844,0.03896802590094647,0.2272758580705132
2025-08-25T22:55:06.363000,0.0,0.01084979996085167,0.0698466869071126,32.21341053716939,378.88,48.7,0.6510188826949524,0.30320168480497844,0.03896802590094647,0.2272758580705132
2025-08-25T22:55:07.373000,0.0,0.011976165929809213,0.06979537289589643,25.073295368881066,378.88,48.7,0.6510188826949524,0.30320168480497844,0.03896802590094647,0.2272758580705132
2025-08-25T22:55:08.374000,0.0,0.012555757071822882,0.06815996998921037,29.342735924275708,378.88,48.7,0.6510188826949524,0.30320168480497844,0.03896802590094647,0.2272758580705132
2025-08-25T22:55:09.384000,0.0,0.011360185919329524,0.0720213099848479,27.76955876560442,378.88,48.7,0.6510188826949524,0.30320168480497844,0.03896802590094647,0.2272758580705132
2025-08-25T22:55:10.364000,0.0,0.011256020050495863,0.0696858549490571,28.700229070334558,378.88,48.7,0.6510188826949524,0.30320168480497844,0.03896802590094647,0.2272758580705132
2025-08-25T22:55:11.373000,0.0,0.011932166991755366,0.06763443490490317,25.87439375313152,378.88,48.7,0.6510188826949524,0.30320168480497844,0.03896802590094647,0.2272758580705132
2025-08-25T22:55:12.384000,0.0,0.01083818799816072,0.06779693416319788,33.18734140077491,378.88,48.7,0.6510188826949524,0.30320168480497844,0.03896802590094647,0.2272758580705132
2025-08-25T22:55:13.388000,0.0,0.010906614130362868,0.06749175116419792,29.633250960318513,378.88,48.7,0.6510188826949524,0.30320168480497844,0.03896802590094647,0.2272758580705132
2025-08-25T22:55:14.388000,0.0,0.010765742976218462,0.06928500393405557,28.866275332878903,378.88,48.7,0.6510188826949524,0.30320168480497844,0.03896802590094647,0.2272758580705132
2025-08-25T22:55:15.390000,0.0,0.011260982835665345,0.06832359917461872,25.613404755323664,378.88,48.7,0.6510188826949524,0.30320168480497844,0.03896802590094647,0.2272758580705132
2025-08-25T22:55:16.389000,0.0,0.010925797978416085,0.06686776992864907,26.171053735863126,378.88,48.7,0.6510188826949524,0.30320168480497844,0.03896802590094647,0.2272758580705132
2025-08-25T22:55:51.993000,0.0,,0.38045748695731163,6.5710364119619555,378.88,49.2,0.6545495097863705,0.24643365824948943,0.02827187180355718,0.2209912982603265,0.3346951174235304,-0.03221594010520081,0.13544246562919854
2025-08-25T22:55:52.993000,0.0,0.02204911597073078,0.07785218092612922,28.900924460099258,378.88,49.2,0.6545495097863705,0.24643365824948943,0.02827187180355718,0.2209912982603265,0.3346951174235304,-0.03221594010520081,0.13544246562919854
2025-08-25T22:55:53.992000,0.0,0.020164363086223602,0.07545087300240993,26.50731423526565,378.88,49.2,0.6545495097863705,0.24643365824948943,0.02827187180355718,0.2209912982603265,0.3346951174235304,-0.03221594010520081,0.13544246562919854
2025-08-25T22:55:54.992000,0.0,0.018982606939971447,0.07784484815783799,32.115163163154975,378.88,49.2,0.6545495097863705,0.24643365824948943,0.02827187180355718,0.2209912982603265,0.3346951174235304,-0.03221594010520081,0.13544246562919854
2025-08-25T22:55:55.993000,0.0,0.019669994013383985,0.09481409005820751,26.367389050142346,378.88,49.2,0.6545495097863705,0.24643365824948943,0.02827187180355718,0.2209912982603265,0.3346951174235304,-0.03221594010520081,0.13544246562919854
2025-08-25T22:55:56.992000,0.0,0.02968990709632635,0.07778075500391424,28.927464125113822,378.88,49.2,0.6545495097863705,0.24643365824948943,0.02827187180355718,0.2209912982603265,0.3346951174235304,-0.03221594010520081,0.13544246562919854
2025-08-25T22:55:57.993000,0.0,0.020168436923995614,0.07879371498711407,31.7284189533244,378.88,49.2,0.6545495097863705,0.24643365824948943,0.02827187180355718,0.2209912982603265,0.3346951174235304,-0.03221594010520081,0.13544246562919854
2025-08-25T22:55:58.983000,0.0,0.018738033948466182,0.07356462092138827,27.18698166252038,378.88,49.2,0.6545495097863705,0.24643365824948943,0.02827187180355718,0.2209912982603265,0.3346951174235304,-0.03221594010520081,0.13544246562919854
2025-08-25T22:56:00.013000,0.0,0.018662588903680444,0.07326047308743,27.299851007147822,378.88,49.2,0.6545495097863705,0.24643365824948943,0.02827187180355718,0.2209912982603265,0.3346951174235304,-0.03221594010520081,0.13544246562919854
2025-08-25T22:56:01.013000,0.0,0.018297998001798987,0.0734629170037806,30.627697507358786,378.88,49.2,0.6545495097863705,0.24643365824948943,0.02827187180355718,0.2209912982603265,0.3346951174235304,-0.03221594010520081,0.13544246562919854
2025-08-25T22:56:02.014000,0.0,0.018355739070102572,0.07287265895865858,24.014493570116613,378.88,49.2,0.6545495097863705,0.24643365824948943,0.02827187180355718,0.2209912982603265,0.3346951174235304,-0.03221594010520081,0.13544246562919854
2025-08-25T22:56:03.013000,0.0,0.018225053092464805,0.07898682518862188,28.485763222245712,378.88,49.2,0.6545495097863705,0.24643365824948943,0.02827187180355718,0.2209912982603265,0.3346951174235304,-0.03221594010520081,0.13544246562919854
2025-08-25T22:56:03.983000,0.0,0.01871599699370563,0.07978130411356688,31.335662255423873,378.88,49.2,0.6545495097863705,0.24643365824948943,0.02827187180355718,0.2209912982603265,0.3346951174235304,-0.03221594010520081,0.13544246562919854
2025-08-25T22:56:04.984000,0.0,0.01880927407182753,0.07888477086089551,28.522615651221457,378.88,49.2,0.6545495097863705,0.24643365824948943,0.02827187180355718,0.2209912982603265,0.3346951174235304,-0.03221594010520081,0.13544246562919854
2025-08-25T22:56:05.984000,0.0,0.018708775052800775,0.07888108491897583,28.523948451154364,378.88,49.2,0.6545495097863705,0.24643365824948943,0.02827187180355718,0.2209912982603265,0.3346951174235304,-0.03221594010520081,0.13544246562919854
2025-08-25T22:56:06.983000,0.0,0.01846210891380906,0.07900552893988788,31.643355010028984,378.88,49.2,0.6545495097863705,0.24643365824948943,0.02827187180355718,0.2209912982603265,0.3346951174235304,-0.03221594010520081,0.13544246562919854
2025-08-25T22:56:07.984000,0.0,0.018305127043277025,0.07323064003139734,30.724844123106365,378.88,49.2,0.6545495097863705,0.24643365824948943,0.02827187180355718,0.2209912982603265,0.3346951174235304,-0.03221594010520081,0.13544246562919854
2025-08-25T22:56:09.014000,0.0,0.018408034928143024,0.07293075206689537,30.851183296947156,378.88,49.2,0.6545495097863705,0.24643365824948943,0.02827187180355718,0.2209912982603265,0.3346951174235304,-0.03221594010520081,0.13544246562919854
2025-08-25T22:56:10.013000,0.0,0.01834121998399496,0.07309495494700968,27.36166950851616,378.88,49.2,0.6545495097863705,0.24643365824948943,0.02827187180355718,0.2209912982603265,0.3346951174235304,-0.03221594010520081,0.13544246562919854
2025-08-25T22:56:11.015000,0.0,0.018360479967668653,0.07298410404473543,30.828630829268093,378.88,49.2,0.6545495097863705,0.24643365824948943,0.02827187180355718,0.2209912982603265,0.3346951174235304,-0.03221594010520081,0.13544246562919854
2025-08-25T22:56:12.014000,0.0,0.018268386833369732,0.0732609920669347,27.29965761551123,378.88,49.2,0.6545495097863705,0.24643365824948943,0.02827187180355718,0.2209912982603265,0.3346951174235304,-0.03221594010520081,0.13544246562919854
2025-08-25T22:56:13.010000,0.0,0.018330961000174284,0.07289152988232672,30.867784002233318,378.88,49.2,0.6545495097863705,0.24643365824948943,0.02827187180355718,0.2209912982603265,0.3346951174235304,-0.03221594010520081,0.13544246562919854
2025-08-25T22:56:14.011000,0.0,0.018351089907810092,0.0761135381180793,26.276534364980996,378.88,49.2,0.6545495097863705,0.24643365824948943,0.02827187180355718,0.2209912982603265,0.3346951174235304,-0.03221594010520081,0.13544246562919854
2025-08-25T22:56:15.002000,0.0,0.019663289887830615,0.07555628102272749,29.779125832347304,378.88,49.2,0.6545495097863705,0.24643365824948943,0.02827187180355718,0.2209912982603265,0.3346951174235304,-0.03221594010520081,0.13544246562919854
2025-08-25T22:56:16,0.0,0.019088403088971972,0.0786135490052402,28.621020529807357,378.88,49.2,0.6545495097863705,0.24643365824948943,0.02827187180355718,0.2209912982603265,0.3346951174235304,-0.03221594010520081,0.13544246562919854
2025-08-25T22:56:16.982000,0.0,0.018702700035646558,0.0791491400450468,31.585940145113263,378.88,49.2,0.6545495097863705,0.24643365824948943,0.02827187180355718,0.2209912982603265,0.3346951174235304,-0.03221594010520081,0.13544246562919854
2025-08-25T22:56:17.982000,0.0,0.018343665171414614,0.07902965904213488,25.306954683098105,378.88,49.2,0.6545495097863705,0.24643365824948943,0.02827187180355718,0.2209912982603265,0.3346951174235304,-0.03221594010520081,0.13544246562919854
2025-08-25T22:56:18.983000,0.0,0.01829801592975855,0.0779181441757828,28.876457772454277,378.88,49.2,0.6545495097863705,0.24643365824948943,0.02827187180355718,0.2209912982603265,0.3346951174235304,-0.03221594010520081,0.13544246562919854
2025-08-25T22:56:19.981000,0.0,0.0183877011295408,0.07846680795773864,28.67454479876099,378.88,49.2,0.6545495097863705,0.24643365824948943,0.02827187180355718,0.2209912982603265,0.3346951174235304,-0.03221594010520081,0.13544246562919854
2025-08-25T22:56:20.981000,0.0,0.01825896091759205,0.07953528710640967,28.289330206223283,378.88,49.2,0.6545495097863705,0.24643365824948943,0.02827187180355718,0.2209912982603265,0.3346951174235304,-0.03221594010520081,0.13544246562919854
2025-08-25T22:56:21.982000,0.0,0.018909644102677703,0.07844556798227131,28.682308738060208,378.88,49.2,0.6545495097863705,0.24643365824948943,0.02827187180355718,0.2209912982603265,0.3346951174235304,-0.03221594010520081,0.13544246562919854
2025-08-25T22:56:22.982000,0.0,0.01838460797443986,0.07825647620484233,28.75161404035685,378.88,49.2,0.6545495097863705,0.24643365824948943,0.02827187180355718,0.2209912982603265,0.3346951174235304,-0.03221594010520081,0.13544246562919854
2025-08-25T22:56:23.983000,0.0,0.018820959143340588,0.07785682892426848,28.899199095156785,378.88,49.2,0.6545495097863705,0.24643365824948943,0.02827187180355718,0.2209912982603265,0.3346951174235304,-0.03221594010520081,0.13544246562919854
2025-08-25T22:56:24.992000,0.0,0.019220254151150584,0.07500498602166772,26.664893976810955,378.88,49.2,0.6545495097863705,0.24643365824948943,0.02827187180355718,0.2209912982603265,0.3346951174235304,-0.03221594010520081,0.13544246562919854
2025-08-25T22:56:26.002000,0.0,0.019103883998468518,0.07771503296680748,28.951927498518643,378.88,49.2,0.6545495097863705,0.24643365824948943,0.02827187180355718,0.2209912982603265,0.3346951174235304,-0.03221594010520081,0.13544246562919854
2025-08-25T22:56:26.993000,0.0,0.01860094186849892,0.07701494288630784,32.46123292840226,378.88,49.2,0.6545495097863705,0.24643365824948943,0.02827187180355718,0.2209912982603265,0.3346951174235304,-0.03221594010520081,0.13544246562919854
2025-08-25T22:56:27.992000,0.0,0.018576923059299588,0.07757758907973766,25.780641338882926,378.88,49.2,0.6545495097863705,0.24643365824948943,0.02827187180355718,0.2209912982603265,0.3346951174235304,-0.03221594010520081,0.13544246562919854
2025-08-25T22:56:28.992000,0.0,0.01898601488210261,0.07877147407270968,25.38990190984562,378.88,49.2,0.6545495097863705,0.24643365824948943,0.02827187180355718,0.2209912982603265,0.3346951174235304,-0.03221594010520081,0.13544246562919854
2025-08-25T22:56:29.993000,0.0,0.0187571260612458,0.07659077784046531,26.112804392271034,378.88,49.2,0.6545495097863705,0.24643365824948943,0.02827187180355718,0.2209912982603265,0.3346951174235304,-0.03221594010520081,0.13544246562919854
2025-08-25T22:56:30.993000,0.0,0.018430460011586547,0.07639712980017066,29.451368210890173,378.88,49.2,0.6545495097863705,0.24643365824948943,0.02827187180355718,0.2209912982603265,0.3346951174235304,-0.03221594010520081,0.13544246562919854
2025-08-25T22:56:32.002000,0.0,0.019490883918479085,0.07388767483644187,27.068113923291907,378.88,49.2,0.6545495097863705,0.24643365824948943,0.02827187180355718,0.2209912982603265,0.3346951174235304,-0.03221594010520081,0.13544246562919854
2025-08-25T22:56:33.014000,0.0,0.01894901506602764,0.07453985814936459,30.185192940552657,378.88,49.2,0.6545495097863705,0.24643365824948943,0.02827187180355718,0.2209912982603265,0.3346951174235304,-0.03221594010520081,0.13544246562919854
2025-08-25T22:56:34.013000,0.0,0.018350071972236037,0.07682237005792558,29.28834398500661,378.88,49.2,0.6545495097863705,0.24643365824948943,0.02827187180355718,0.2209912982603265,0.3346951174235304,-0.03221594010520081,0.13544246562919854
2025-08-25T22:56:35.004000,0.0,0.020049288868904114,0.07750242296606302,32.257056029005106,378.88,49.2,0.6545495097863705,0.24643365824948943,0.02827187180355718,0.2209912982603265,0.3346951174235304,-0.03221594010520081,0.13544246562919854
2025-08-25T22:56:36.003000,0.0,0.019979992182925344,0.07468957896344364,33.471871641203876,378.88,49.2,0.6545495097863705,0.24643365824948943,0.02827187180355718,0.2209912982603265,0.3346951174235304,-0.03221594010520081,0.13544246562919854
2025-08-25T22:56:37.013000,0.0,0.018396849976852536,0.07940713898278773,31.483315379765113,378.88,49.2,0.6545495097863705,0.24643365824948943,0.02827187180355718,0.2209912982603265,0.3346951174235304,-0.03221594010520081,0.13544246562919854
2025-08-25T22:56:37.984000,0.0,0.018298017093911767,0.0778380329720676,28.906177534155,378.88,49.2,0.6545495097863705,0.24643365824948943,0.02827187180355718,0.2209912982603265,0.3346951174235304,-0.03221594010520081,0.13544246562919854
2025-08-25T22:57:17.050000,0.0,,0.39382905699312687,7.617518176299473,389.12,49.7,0.6426891267512268,0.2458054637546215,0.052006358136826907,0.1969421306072657,0.4151194760261886,-0.05122465187823634,0.047703047510310057,0.18810490535230415,-0.00969350266814835,0.07463771636004549
2025-08-25T22:57:18.050000,0.0,0.030391977867111564,0.08860448095947504,33.858332756016395,389.12,49.7,0.6426891267512268,0.2458054637546215,0.052006358136826907,0.1969421306072657,0.4151194760261886,-0.05122465187823634,0.047703047510310057,0.18810490535230415,-0.00969350266814835,0.07463771636004549
2025-08-25T22:57:19.050000,0.0,0.027633265126496553,0.08696104097180068,28.7485059063481,389.12,49.7,0.6426891267512268,0.2458054637546215,0.052006358136826907,0.1969421306072657,0.4151194760261886,-0.05122465187823634,0.047703047510310057,0.18810490535230415,-0.00969350266814835,0.07463771636004549
2025-08-25T22:57:20.061000,0.0,0.026403842959553003,0.0820485558360815,30.469762380638954,389.12,49.7,0.6426891267512268,0.2458054637546215,0.052006358136826907,0.1969421306072657,0.4151194760261886,-0.05122465187823634,0.047703047510310057,0.18810490535230415,-0.00969350266814835,0.07463771636004549
2025-08-25T22:57:21.050000,0.0,0.02609723201021552,0.08391701383516192,29.79133653290783,389.12,49.7,0.6426891267512268,0.2458054637546215,0.052006358136826907,0.1969421306072657,0.4151194760261886,-0.05122465187823634,0.047703047510310057,0.18810490535230415,-0.00969350266814835,0.07463771636004549
2025-08-25T22:57:22.050000,0.0,0.02746065496467054,0.08897421997971833,28.098026603322968,389.12,49.7,0.6426891267512268,0.2458054637546215,0.052006358136826907,0.1969421306072657,0.4151194760261886,-0.05122465187823634,0.047703047510310057,0.18810490535230415,-0.00969350266814835,0.07463771636004549
2025-08-25T22:57:23.051000,0.0,0.027805153047665954,0.08659991202875972,31.7552285628964,389.12,49.7,0.6426891267512268,0.2458054637546215,0.052006358136826907,0.1969421306072657,0.4151194760261886,-0.05122465187823634,0.047703047510310057,0.18810490535230415,-0.00969350266814835,0.07463771636004549
2025-08-25T22:57:24.062000,0.0,0.026529101887717843,0.08719813311472535,28.670338580652597,389.12,49.7,0.6426891267512268,0.2458054637546215,0.052006358136826907,0.1969421306072657,0.4151194760261886,-0.05122465187823634,0.047703047510310057,0.18810490535230415,-0.00969350266814835,0.07463771636004549
2025-08-25T22:57:25.061000,0.0,0.026997804176062346,0.08520069508813322,32.27673198153294,389.12,49.7,0.6426891267512268,0.2458054637546215,0.052006358136826907,0.1969421306072657,0.4151194760261886,-0.05122465187823634,0.047703047510310057,0.18810490535230415,-0.00969350266814835,0.07463771636004549
2025-08-25T22:57:26.070000,0.0,0.027678098063915968,0.08399558695964515,29.763468421276603,389.12,49.7,0.6426891267512268,0.2458054637546215,0.052006358136826907,0.1969421306072657,0.4151194760261886,-0.05122465187823634,0.047703047510310057,0.18810490535230415,-0.00969350266814835,0.07463771636004549
2025-08-25T22:57:27.080000,0.0,0.028032836969941854,0.08325536805205047,30.02809378534024,389.12,49.7,0.6426891267512268,0.2458054637546215,0.052006358136826907,0.1969421306072657,0.4151194760261886,-0.05122465187823634,0.047703047510310057,0.18810490535230415,-0.00969350266814835,0.07463771636004549
2025-08-25T22:57:28.081000,0.0,0.027090210933238268,0.08397193904966116,32.74903534588657,389.12,49.7,0.6426891267512268,0.2458054637546215,0.052006358136826907,0.1969421306072657,0.4151194760261886,-0.05122465187823634,0.047703047510310057,0.18810490535230415,-0.00969350266814835,0.07463771636004549
2025-08-25T22:57:29.071000,0.0,0.026681341929361224,0.08418036508373916,29.69813682220478,389.12,49.7,0.6426891267512268,0.2458054637546215,0.052006358136826907,0.1969421306072657,0.4151194760261886,-0.05122465187823634,0.047703047510310057,0.18810490535230415,-0.00969350266814835,0.07463771636004549
2025-08-25T22:57:30.072000,0.0,0.027597265085205436,0.08325216406956315,30.02924942480849,389.12,49.7,0.6426891267512268,0.2458054637546215,0.052006358136826907,0.1969421306072657,0.4151194760261886,-0.05122465187823634,0.047703047510310057,0.18810490535230415,-0.00969350266814835,0.07463771636004549
2025-08-25T22:57:31.072000,0.0,0.027090303134173155,0.08361044107005,29.900571842522105,389.12,49.7,0.6426891267512268,0.2458054637546215,0.052006358136826907,0.1969421306072657,0.4151194760261886,-0.05122465187823634,0.047703047510310057,0.18810490535230415,-0.00969350266814835,0.07463771636004549
2025-08-25T22:57:32.083000,0.0,0.02749030292034149,0.08105357806198299,30.84379566918372,389.12,49.7,0.6426891267512268,0.2458054637546215,0.052006358136826907,0.1969421306072657,0.4151194760261886,-0.05122465187823634,0.047703047510310057,0.18810490535230415,-0.00969350266814835,0.07463771636004549
2025-08-25T22:57:33.072000,0.0,0.025772270979359746,0.0807443200610578,30.961930177992997,389.12,49.7,0.6426891267512268,0.2458054637546215,0.052006358136826907,0.1969421306072657,0.4151194760261886,-0.05122465187823634,0.047703047510310057,0.18810490535230415,-0.00969350266814835,0.07463771636004549
2025-08-25T22:57:34.092000,0.0,0.026442547095939517,0.08264616597443819,27.224493398712575,389.12,49.7,0.6426891267512268,0.2458054637546215,0.052006358136826907,0.1969421306072657,0.4151194760261886,-0.05122465187823634,0.047703047510310057,0.18810490535230415,-0.00969350266814835,0.07463771636004549
2025-08-25T22:57:35.091000,0.0,0.027129285037517548,0.08444764208979905,29.60414214219992,389.12,49.7,0.6426891267512268,0.2458054637546215,0.052006358136826907,0.1969421306072657,0.4151194760261886,-0.05122465187823634,0.047703047510310057,0.18810490535230415,-0.00969350266814835,0.07463771636004549
2025-08-25T22:57:36.072000,0.0,0.027115711010992527,0.08512797299772501,29.367549959950324,389.12,49.7,0.6426891267512268,0.2458054637546215,0.052006358136826907,0.1969421306072657,0.4151194760261886,-0.05122465187823634,0.047703047510310057,0.18810490535230415,-0.00969350266814835,0.07463771636004549
2025-08-25T22:57:37.071000,0.0,0.02764522796496749,0.08425249508582056,26.705440565387654,389.12,49.7,0.6426891267512268,0.2458054637546215,0.052006358136826907,0.1969421306072657,0.4151194760261886,-0.05122465187823634,0.047703047510310057,0.18810490535230415,-0.00969350266814835,0.07463771636004549
2025-08-25T22:57:38.072000,0.0,0.027088118949905038,0.08334370097145438,29.996268114566366,389.12,49.7,0.6426891267512268,0.2458054637546215,0.052006358136826907,0.1969421306072657,0.4151194760261886,-0.05122465187823634,0.047703047510310057,0.18810490535230415,-0.00969350266814835,0.07463771636004549
2025-08-25T22:57:39.083000,0.0,0.027181969955563545,0.08124102209694684,30.77263106090273,389.12,49.7,0.6426891267512268,0.2458054637546215,0.052006358136826907,0.1969421306072657,0.4151194760261886,-0.05122465187823634,0.047703047510310057,0.18810490535230415,-0.00969350266814835,0.07463771636004549
2025-08-25T22:57:40.082000,0.0,0.026018011150881648,0.08400503313168883,29.760121587964377,389.12,49.7,0.6426891267512268,0.2458054637546215,0.052006358136826907,0.1969421306072657,0.4151194760261886,-0.05122465187823634,0.047703047510310057,0.18810490535230415,-0.00969350266814835,0.07463771636004549
2025-08-25T22:57:41.082000,0.0,0.027065637055784464,0.08424916095100343,29.67388602782589,389.12,49.7,0.6426891267512268,0.2458054637546215,0.052006358136826907,0.1969421306072657,0.4151194760261886,-0.05122465187823634,0.047703047510310057,0.18810490535230415,-0.00969350266814835,0.07463771636004549
2025-08-25T22:57:42.082000,0.0,0.02755306102335453,0.08222020394168794,33.446766952199916,389.12,49.7,0.6426891267512268,0.2458054637546215,0.052006358136826907,0.1969421306072657,0.4151194760261886,-0.05122465187823634,0.047703047510310057,0.18810490535230415,-0.00969350266814835,0.07463771636004549
2025-08-25T22:57:43.093000,0.0,0.027080563129857183,0.08908573910593987,30.869138288561693,389.12,49.7,0.6426891267512268,0.2458054637546215,0.052006358136826907,0.1969421306072657,0.4151194760261886,-0.05122465187823634,0.047703047510310057,0.18810490535230415,-0.00969350266814835,0.07463771636004549
2025-08-25T22:57:44.063000,0.0,0.027642265195026994,0.08529434306547046,29.310267365340216,389.12,49.7,0.6426891267512268,0.2458054637546215,0.052006358136826907,0.1969421306072657,0.4151194760261886,-0.05122465187823634,0.047703047510310057,0.18810490535230415,-0.00969350266814835,0.07463771636004549
2025-08-25T22:57:45.071000,0.0,0.02772124600596726,0.08473375206813216,32.45459964747913,389.12,49.7,0.6426891267512268,0.2458054637546215,0.052006358136826907,0.1969421306072657,0.4151194760261886,-0.05122465187823634,0.047703047510310057,0.18810490535230415,-0.00969350266814835,0.07463771636004549
2025-08-25T22:57:46.083000,0.0,0.02764282003045082,0.08547230483964086,29.249240495975037,389.12,49.7,0.6426891267512268,0.2458054637546215,0.052006358136826907,0.1969421306072657,0.4151194760261886,-0.05122465187823634,0.047703047510310057,0.18810490535230415,-0.00969350266814835,0.07463771636004549
2025-08-25T22:57:47.082000,0.0,0.02861333591863513,0.08471080800518394,29.512172754237525,389.12,49.7,0.6426891267512268,0.2458054637546215,0.052006358136826907,0.1969421306072657,0.4151194760261886,-0.05122465187823634,0.047703047510310057,0.18810490535230415,-0.00969350266814835,0.07463771636004549
2025-08-25T22:57:48.084000,0.0,0.02728172903880477,0.08531297300942242,32.234253513780956,389.12,49.7,0.6426891267512268,0.2458054637546215,0.052006358136826907,0.1969421306072657,0.4151194760261886,-0.05122465187823634,0.047703047510310057,0.18810490535230415,-0.00969350266814835,0.07463771636004549
2025-08-25T22:57:49.083000,0.0,0.027679115999490023,0.08425643900409341,29.671322803929307,389.12,49.7,0.6426891267512268,0.2458054637546215,0.052006358136826907,0.1969421306072657,0.4151194760261886,-0.05122465187823634,0.047703047510310057,0.18810490535230415,-0.00969350266814835,0.07463771636004549
2025-08-25T22:57:50.083000,0.0,0.027215635869652033,0.08278412884101272,27.179122755777634,389.12,49.7,0.6426891267512268,0.2458054637546215,0.052006358136826907,0.1969421306072657,0.4151194760261886,-0.05122465187823634,0.047703047510310057,0.18810490535230415,-0.00969350266814835,0.07463771636004549
2025-08-25T22:57:51.093000,0.0,0.02711297105997801,0.08377282996661961,32.82687240118018,389.12,49.7,0.6426891267512268,0.2458054637546215,0.052006358136826907,0.1969421306072657,0.4151194760261886,-0.05122465187823634,0.047703047510310057,0.18810490535230415,-0.00969350266814835,0.07463771636004549
2025-08-25T22:57:52.092000,0.0,0.02837581792846322,0.08341195993125439,29.97172110642612,389.12,49.7,0.6426891267512268,0.2458054637546215,0.052006358136826907,0.1969421306072657,0.4151194760261886,-0.05122465187823634,0.047703047510310057,0.18810490535230415,-0.00969350266814835,0.07463771636004549
2025-08-25T22:57:53.093000,0.0,0.028305059066042304,0.09819963504560292,25.458343086907202,389.12,49.7,0.6426891267512268,0.2458054637546215,0.052006358136826907,0.1969421306072657,0.4151194760261886,-0.05122465187823634,0.047703047510310057,0.18810490535230415,-0.00969350266814835,0.07463771636004549
2025-08-25T22:57:54.093000,0.0,0.035126241855323315,0.09063891787081957,30.34016804921857,389.12,49.7,0.6426891267512268,0.2458054637546215,0.052006358136826907,0.1969421306072657,0.4151194760261886,-0.05122465187823634,0.047703047510310057,0.18810490535230415,-0.00969350266814835,0.07463771636004549
2025-08-25T22:57:55.093000,0.0,0.035344592994078994,0.08527456503361464,32.24877193939417,389.12,49.7,0.6426891267512268,0.2458054637546215,0.052006358136826907,0.1969421306072657,0.4151194760261886,-0.05122465187823634,0.047703047510310057,0.18810490535230415,-0.00969350266814835,0.07463771636004549
2025-08-25T22:57:56.064000,0.0,0.02606097306124866,0.09626771602779627,28.56617060703874,389.12,49.8,0.6426891267512268,0.2458054637546215,0.052006358136826907,0.1969421306072657,0.4151194760261886,-0.05122465187823634,0.047703047510310057,0.18810490535230415,-0.00969350266814835,0.07463771636004549
2025-08-25T22:57:57.064000,0.0,0.03543233289383352,0.09271076507866383,29.662143308456663,389.12,49.8,0.6426891267512268,0.2458054637546215,0.052006358136826907,0.1969421306072657,0.4151194760261886,-0.05122465187823634,0.047703047510310057,0.18810490535230415,-0.00969350266814835,0.07463771636004549
2025-08-25T22:57:58.073000,0.0,0.03524431516416371,0.09125180589035153,27.39671807705421,389.12,49.8,0.6426891267512268,0.2458054637546215,0.052006358136826907,0.1969421306072657,0.4151194760261886,-0.05122465187823634,0.047703047510310057,0.18810490535230415,-0.00969350266814835,0.07463771636004549
2025-08-25T22:57:59.083000,0.0,0.033961781999096274,0.08614604407921433,31.922533755250136,389.12,49.8,0.6426891267512268,0.2458054637546215,0.052006358136826907,0.1969421306072657,0.4151194760261886,-0.05122465187823634,0.047703047510310057,0.18810490535230415,-0.00969350266814835,0.07463771636004549
2025-08-25T22:58:00.084000,0.0,0.02873885491862893,0.0847469000145793,32.449564521262516,389.12,49.8,0.6426891267512268,0.2458054637546215,0.052006358136826907,0.1969421306072657,0.4151194760261886,-0.05122465187823634,0.047703047510310057,0.18810490535230415,-0.00969350266814835,0.07463771636004549
2025-08-25T22:58:01.085000,0.0,0.027316655032336712,0.08448177180252969,29.592182392238698,389.12,49.8,0.6426891267512268,0.2458054637546215,0.052006358136826907,0.1969421306072657,0.4151194760261886,-0.05122465187823634,0.047703047510310057,0.18810490535230415,-0.00969350266814835,0.07463771636004549
2025-08-25T22:58:02.084000,0.0,0.027089748065918684,0.08434358704835176,29.64066489805392,389.12,49.8,0.6426891267512268,0.2458054637546215,0.052006358136826907,0.1969421306072657,0.4151194760261886,-0.05122465187823634,0.047703047510310057,0.18810490535230415,-0.00969350266814835,0.07463771636004549
2025-08-25T22:58:03.084000,0.0,0.02727802493609488,0.08366629295051098,29.880611556183055,389.12,49.8,0.6426891267512268,0.2458054637546215,0.052006358136826907,0.1969421306072657,0.4151194760261886,-0.05122465187823634,0.047703047510310057,0.18810490535230415,-0.00969350266814835,0.07463771636004549
2025-08-25T22:58:45.487000,0.0,,0.3992058939766139,8.141162365179042,389.12,50.2,0.64059821373328,0.3051560376010184,0.09062506097171256,0.22227188733046085,0.35340867994326386,-0.033995625204482835,0.11905842753287725,0.04646606386622545,-0.03779540627411489,0.055571127961560524,-0.1674396067428348,0.00454806667261384,0.2146584116780953
2025-08-25T22:58:46.487000,0.0,0.03771828906610608,0.11134737310931087,29.187935999257174,389.12,50.2,0.64059821373328,0.3051560376010184,0.09062506097171256,0.22227188733046085,0.35340867994326386,-0.033995625204482835,0.11905842753287725,0.04646606386622545,-0.03779540627411489,0.055571127961560524,-0.1674396067428348,0.00454806667261384,0.2146584116780953
2025-08-25T22:58:47.497000,0.0,0.0531718151178211,0.1061112959869206,25.916185213108683,389.12,50.2,0.64059821373328,0.3051560376010184,0.09062506097171256,0.22227188733046085,0.35340867994326386,-0.033995625204482835,0.11905842753287725,0.04646606386622545,-0.03779540627411489,0.055571127961560524,-0.1674396067428348,0.00454806667261384,0.2146584116780953
2025-08-25T22:58:48.508000,0.0,0.04536524601280689,0.10154273710213602,29.544210503036734,389.12,50.2,0.64059821373328,0.3051560376010184,0.09062506097171256,0.22227188733046085,0.35340867994326386,-0.033995625204482835,0.11905842753287725,0.04646606386622545,-0.03779540627411489,0.055571127961560524,-0.1674396067428348,0.00454806667261384,0.2146584116780953
2025-08-25T22:58:49.508000,0.0,0.04555496806278825,0.10233754897490144,29.314753285089743,389.12,50.2,0.64059821373328,0.3051560376010184,0.09062506097171256,0.22227188733046085,0.35340867994326386,-0.033995625204482835,0.11905842753287725,0.04646606386622545,-0.03779540627411489,0.055571127961560524,-0.1674396067428348,0.00454806667261384,0.2146584116780953
2025-08-25T22:58:50.478000,0.0,0.045909726060926914,0.10109466384164989,32.148086521071264,389.12,50.2,0.64059821373328,0.3051560376010184,0.09062506097171256,0.22227188733046085,0.35340867994326386,-0.033995625204482835,0.11905842753287725,0.04646606386622545,-0.03779540627411489,0.055571127961560524,-0.1674396067428348,0.00454806667261384,0.2146584116780953
2025-08-25T22:58:51.479000,0.0,0.04577739303931594,0.10356080392375588,28.968488910231923,389.12,50.2,0.64059821373328,0.3051560376010184,0.09062506097171256,0.22227188733046085,0.35340867994326386,-0.033995625204482835,0.11905842753287725,0.04646606386622545,-0.03779540627411489,0.055571127961560524,-0.1674396067428348,0.00454806667261384,0.2146584116780953
2025-08-25T22:58:52.478000,0.0,0.045718171168118715,0.10168490302748978,29.50290466608354,389.12,50.2,0.64059821373328,0.3051560376010184,0.09062506097171256,0.22227188733046085,0.35340867994326386,-0.033995625204482835,0.11905842753287725,0.04646606386622545,-0.03779540627411489,0.055571127961560524,-0.1674396067428348,0.00454806667261384,0.2146584116780953
2025-08-25T22:58:53.489000,0.0,0.04571072687394917,0.10677166399545968,30.438787580740307,389.12,50.2,0.64059821373328,0.3051560376010184,0.09062506097171256,0.22227188733046085,0.35340867994326386,-0.033995625204482835,0.11905842753287725,0.04646606386622545,-0.03779540627411489,0.055571127961560524,-0.1674396067428348,0.00454806667261384,0.2146584116780953
2025-08-25T22:58:54.479000,0.0,0.0454537458717823,0.10081122000701725,29.75859234509017,389.12,50.2,0.64059821373328,0.3051560376010184,0.09062506097171256,0.22227188733046085,0.35340867994326386,-0.033995625204482835,0.11905842753287725,0.04646606386622545,-0.03779540627411489,0.055571127961560524,-0.1674396067428348,0.00454806667261384,0.2146584116780953
2025-08-25T22:58:55.488000,0.0,0.045676968060433865,0.09975022403523326,30.075120422189087,389.12,50.2,0.64059821373328,0.3051560376010184,0.09062506097171256,0.22227188733046085,0.35340867994326386,-0.033995625204482835,0.11905842753287725,0.04646606386622545,-0.03779540627411489,0.055571127961560524,-0.1674396067428348,0.00454806667261384,0.2146584116780953
2025-08-25T22:58:56.518000,0.0,0.04568437486886978,0.10485939309000969,28.60974025879466,389.12,50.2,0.64059821373328,0.3051560376010184,0.09062506097171256,0.22227188733046085,0.35340867994326386,-0.033995625204482835,0.11905842753287725,0.04646606386622545,-0.03779540627411489,0.055571127961560524,-0.1674396067428348,0.00454806667261384,0.2146584116780953
2025-08-25T22:58:57.488000,0.0,0.04581556003540754,0.10108940512873232,29.67670050268546,389.12,50.2,0.64059821373328,0.3051560376010184,0.09062506097171256,0.22227188733046085,0.35340867994326386,-0.033995625204482835,0.11905842753287725,0.04646606386622545,-0.03779540627411489,0.055571127961560524,-0.1674396067428348,0.00454806667261384,0.2146584116780953
2025-08-25T22:58:58.509000,0.0,0.04549283883534372,0.09911739197559655,30.26714020823558,389.12,50.2,0.64059821373328,0.3051560376010184,0.09062506097171256,0.22227188733046085,0.35340867994326386,-0.033995625204482835,0.11905842753287725,0.04646606386622545,-0.03779540627411489,0.055571127961560524,-0.1674396067428348,0.00454806667261384,0.2146584116780953
2025-08-25T22:58:59.510000,0.0,0.04232088499702513,0.09163002693094313,32.74035925211424,389.12,50.2,0.64059821373328,0.3051560376010184,0.09062506097171256,0.22227188733046085,0.35340867994326386,-0.033995625204482835,0.11905842753287725,0.04646606386622545,-0.03779540627411489,0.055571127961560524,-0.1674396067428348,0.00454806667261384,0.2146584116780953
2025-08-25T22:59:00.509000,0.0,0.03571861004456878,0.09115008404478431,32.91275078282984,389.12,50.2,0.64059821373328,0.3051560376010184,0.09062506097171256,0.22227188733046085,0.35340867994326386,-0.033995625204482835,0.11905842753287725,0.04646606386622545,-0.03779540627411489,0.055571127961560524,-0.1674396067428348,0.00454806667261384,0.2146584116780953
2025-08-25T22:59:01.510000,0.0,0.03500633384101093,0.09155071200802922,30.037996861879172,389.12,50.2,0.64059821373328,0.3051560376010184,0.09062506097171256,0.22227188733046085,0.35340867994326386,-0.033995625204482835,0.11905842753287725,0.04646606386622545,-0.03779540627411489,0.055571127961560524,-0.1674396067428348,0.00454806667261384,0.2146584116780953
2025-08-25T22:59:02.499000,0.0,0.035115037113428116,0.09219733998179436,32.53889971871609,389.12,50.2,0.64059821373328,0.3051560376010184,0.09062506097171256,0.22227188733046085,0.35340867994326386,-0.033995625204482835,0.11905842753287725,0.04646606386622545,-0.03779540627411489,0.055571127961560524,-0.1674396067428348,0.00454806667261384,0.2146584116780953
2025-08-25T22:59:03.499000,0.0,0.03498872299678624,0.09371635410934687,29.343864538214646,389.12,50.2,0.64059821373328,0.3051560376010184,0.09062506097171256,0.22227188733046085,0.35340867994326386,-0.033995625204482835,0.11905842753287725,0.04646606386622545,-0.03779540627411489,0.055571127961560524,-0.1674396067428348,0.00454806667261384,0.2146584116780953
2025-08-25T22:59:04.499000,0.0,0.035878683906048536,0.09303455986082554,29.558908045718447,389.12,50.2,0.64059821373328,0.3051560376010184,0.09062506097171256,0.22227188733046085,0.35340867994326386,-0.033995625204482835,0.11905842753287725,0.04646606386622545,-0.03779540627411489,0.055571127961560524,-0.1674396067428348,0.00454806667261384,0.2146584116780953
2025-08-25T22:59:05.500000,0.0,0.03510464890860021,0.0937082611490041,32.01425320687282,389.12,50.2,0.64059821373328,0.3051560376010184,0.09062506097171256,0.22227188733046085,0.35340867994326386,-0.033995625204482835,0.11905842753287725,0.04646606386622545,-0.03779540627411489,0.055571127961560524,-0.1674396067428348,0.00454806667261384,0.2146584116780953
2025-08-25T22:59:06.500000,0.0,0.0355919620487839,0.09208378498442471,29.86410691594756,389.12,50.2,0.64059821373328,0.3051560376010184,0.09062506097171256,0.22227188733046085,0.35340867994326386,-0.033995625204482835,0.11905842753287725,0.04646606386622545,-0.03779540627411489,0.055571127961560524,-0.1674396067428348,0.00454806667261384,0.2146584116780953
2025-08-25T22:59:07.510000,0.0,0.03530051908455789,0.0911462870426476,30.17127838365213,389.12,50.2,0.64059821373328,0.3051560376010184,0.09062506097171256,0.22227188733046085,0.35340867994326386,-0.033995625204482835,0.11905842753287725,0.04646606386622545,-0.03779540627411489,0.055571127961560524,-0.1674396067428348,0.00454806667261384,0.2146584116780953
2025-08-25T22:59:08.509000,0.0,0.034569520968943834,0.09211974800564349,32.56630706171919,389.12,50.2,0.64059821373328,0.3051560376010184,0.09062506097171256,0.22227188733046085,0.35340867994326386,-0.033995625204482835,0.11905842753287725,0.04646606386622545,-0.03779540627411489,0.055571127961560524,-0.1674396067428348,0.00454806667261384,0.2146584116780953
2025-08-25T22:59:09.509000,0.0,0.03582409117370844,0.0943637399468571,31.79187261642594,389.12,50.2,0.64059821373328,0.3051560376010184,0.09062506097171256,0.22227188733046085,0.35340867994326386,-0.033995625204482835,0.11905842753287725,0.04646606386622545,-0.03779540627411489,0.055571127961560524,-0.1674396067428348,0.00454806667261384,0.2146584116780953
2025-08-25T22:59:10.490000,0.0,0.03462524292990565,0.09345320612192154,29.426491761152235,389.12,50.2,0.64059821373328,0.3051560376010184,0.09062506097171256,0.22227188733046085,0.35340867994326386,-0.033995625204482835,0.11905842753287725,0.04646606386622545,-0.03779540627411489,0.055571127961560524,-0.1674396067428348,0.00454806667261384,0.2146584116780953
2025-08-25T22:59:11.500000,0.0,0.035463869804516435,0.09450555499643087,31.744165727753504,389.12,50.2,0.64059821373328,0.3051560376010184,0.09062506097171256,0.22227188733046085,0.35340867994326386,-0.033995625204482835,0.11905842753287725,0.04646606386622545,-0.03779540627411489,0.055571127961560524,-0.1674396067428348,0.00454806667261384,0.2146584116780953
2025-08-25T22:59:12.490000,0.0,0.03511390904895961,0.09528407105244696,31.484800836739467,389.12,50.2,0.64059821373328,0.3051560376010184,0.09062506097171256,0.22227188733046085,0.35340867994326386,-0.033995625204482835,0.11905842753287725,0.04646606386622545,-0.03779540627411489,0.055571127961560524,-0.1674396067428348,0.00454806667261384,0.2146584116780953
2025-08-25T22:59:13.504000,0.0,0.03536487021483481,0.10359437810257077,28.959100435253145,389.12,50.2,0.64059821373328,0.3051560376010184,0.09062506097171256,0.22227188733046085,0.35340867994326386,-0.033995625204482835,0.11905842753287725,0.04646606386622545,-0.03779540627411489,0.055571127961560524,-0.1674396067428348,0.00454806667261384,0.2146584116780953
2025-08-25T22:59:14.514000,0.0,0.04592044884338975,0.1004562210291624,29.86375526836747,389.12,50.2,0.64059821373328,0.3051560376010184,0.09062506097171256,0.22227188733046085,0.35340867994326386,-0.033995625204482835,0.11905842753287725,0.04646606386622545,-0.03779540627411489,0.055571127961560524,-0.1674396067428348,0.00454806667261384,0.2146584116780953
2025-08-25T22:59:15.533000,0.0,0.04568554204888642,0.10048355511389673,29.855631566772068,389.12,50.2,0.64059821373328,0.3051560376010184,0.09062506097171256,0.22227188733046085,0.35340867994326386,-0.033995625204482835,0.11905842753287725,0.04646606386622545,-0.03779540627411489,0.055571127961560524,-0.1674396067428348,0.00454806667261384,0.2146584116780953
2025-08-25T22:59:16.534000,0.0,0.04552896786481142,0.1013950149063021,29.587253404640144,389.12,50.2,0.64059821373328,0.3051560376010184,0.09062506097171256,0.22227188733046085,0.35340867994326386,-0.033995625204482835,0.11905842753287725,0.04646606386622545,-0.03779540627411489,0.055571127961560524,-0.1674396067428348,0.00454806667261384,0.2146584116780953
2025-08-25T22:59:17.515000,0.0,0.045729725854471326,0.10557263111695647,26.04841776609181,389.12,50.2,0.64059821373328,0.3051560376010184,0.09062506097171256,0.22227188733046085,0.35340867994326386,-0.033995625204482835,0.11905842753287725,0.04646606386622545,-0.03779540627411489,0.055571127961560524,-0.1674396067428348,0.00454806667261384,0.2146584116780953
2025-08-25T22:59:18.534000,0.0,0.050233416026458144,0.13007538788951933,26.907473095315847,389.12,50.2,0.64059821373328,0.3051560376010184,0.09062506097171256,0.22227188733046085,0.35340867994326386,-0.033995625204482835,0.11905842753287725,0.04646606386622545,-0.03779540627411489,0.055571127961560524,-0.1674396067428348,0.00454806667261384,0.2146584116780953
2025-08-25T22:59:19.505000,0.0,0.0549936241004616,0.13070810795761645,26.77722181652976,389.12,50.2,0.64059821373328,0.3051560376010184,0.09062506097171256,0.22227188733046085,0.35340867994326386,-0.033995625204482835,0.11905842753287725,0.04646606386622545,-0.03779540627411489,0.055571127961560524,-0.1674396067428348,0.00454806667261384,0.2146584116780953
2025-08-25T22:59:20.504000,0.0,0.05524578900076449,0.0956953470595181,31.349486596607072,389.12,50.3,0.64059821373328,0.3051560376010184,0.09062506097171256,0.22227188733046085,0.35340867994326386,-0.033995625204482835,0.11905842753287725,0.04646606386622545,-0.03779540627411489,0.055571127961560524,-0.1674396067428348,0.00454806667261384,0.2146584116780953
2025-08-25T22:59:21.516000,0.0,0.0353315370157361,0.09113089903257787,30.176372988670984,389.12,50.3,0.64059821373328,0.3051560376010184,0.09062506097171256,0.22227188733046085,0.35340867994326386,-0.033995625204482835,0.11905842753287725,0.04646606386622545,-0.03779540627411489,0.055571127961560524,-0.1674396067428348,0.00454806667261384,0.2146584116780953
2025-08-25T22:59:22.514000,0.0,0.03470759396441281,0.09335353993810713,32.13589974187382,389.12,50.3,0.64059821373328,0.3051560376010184,0.09062506097171256,0.22227188733046085,0.35340867994326386,-0.033995625204482835,0.11905842753287725,0.04646606386622545,-0.03779540627411489,0.055571127961560524,-0.1674396067428348,0.00454806667261384,0.2146584116780953
2025-08-25T22:59:23.515000,0.0,0.0352798521053046,0.09180778497830033,29.95388681526369,389.12,50.3,0.64059821373328,0.3051560376010184,0.09062506097171256,0.22227188733046085,0.35340867994326386,-0.033995625204482835,0.11905842753287725,0.04646606386622545,-0.03779540627411489,0.055571127961560524,-0.1674396067428348,0.00454806667261384,0.2146584116780953
2025-08-25T22:59:24.525000,0.0,0.03512966795824468,0.09277848596684635,32.33508252195409,389.12,50.3,0.64059821373328,0.3051560376010184,0.09062506097171256,0.22227188733046085,0.35340867994326386,-0.033995625204482835,0.11905842753287725,0.04646606386622545,-0.03779540627411489,0.055571127961560524,-0.1674396067428348,0.00454806667261384,0.2146584116780953
2025-08-25T22:59:25.524000,0.0,0.03582335100509226,0.0918675628490746,29.9343959360046,389.12,50.3,0.64059821373328,0.3051560376010184,0.09062506097171256,0.22227188733046085,0.35340867994326386,-0.033995625204482835,0.11905842753287725,0.04646606386622545,-0.03779540627411489,0.055571127961560524,-0.1674396067428348,0.00454806667261384,0.2146584116780953
2025-08-25T22:59:26.524000,0.0,0.035427981056272984,0.09182421187870204,29.948528212065472,389.12,50.3,0.64059821373328,0.3051560376010184,0.09062506097171256,0.22227188733046085,0.35340867994326386,-0.033995625204482835,0.11905842753287725,0.04646606386622545,-0.03779540627411489,0.055571127961560524,-0.1674396067428348,0.00454806667261384,0.2146584116780953
2025-08-25T22:59:27.525000,0.0,0.03497629705816507,0.09181243414059281,29.952370022004835,389.12,50.3,0.64059821373328,0.3051560376010184,0.09062506097171256,0.22227188733046085,0.35340867994326386,-0.033995625204482835,0.11905842753287725,0.04646606386622545,-0.03779540627411489,0.055571127961560524,-0.1674396067428348,0.00454806667261384,0.2146584116780953
2025-08-25T22:59:28.525000,0.0,0.03493161196820438,0.09216437698341906,32.55053740058096,389.12,50.3,0.64059821373328,0.3051560376010184,0.09062506097171256,0.22227188733046085,0.35340867994326386,-0.033995625204482835,0.11905842753287725,0.04646606386622545,-0.03779540627411489,0.055571127961560524,-0.1674396067428348,0.00454806667261384,0.2146584116780953
2025-08-25T22:59:29.525000,0.0,0.0354218150023371,0.09181747096590698,32.67352028367102,389.12,50.3,0.64059821373328,0.3051560376010184,0.09062506097171256,0.22227188733046085,0.35340867994326386,-0.033995625204482835,0.11905842753287725,0.04646606386622545,-0.03779540627411489,0.055571127961560524,-0.1674396067428348,0.00454806667261384,0.2146584116780953
2025-08-25T22:59:30.525000,0.0,0.03495370503515005,0.09574355091899633,31.333703118429966,389.12,50.3,0.64059821373328,0.3051560376010184,0.09062506097171256,0.22227188733046085,0.35340867994326386,-0.033995625204482835,0.11905842753287725,0.04646606386622545,-0.03779540627411489,0.055571127961560524,-0.1674396067428348,0.00454806667261384,0.2146584116780953
2025-08-25T22:59:31.506000,0.0,0.03540416597388685,0.09548218105919659,34.037764574994945,389.12,50.3,0.64059821373328,0.3051560376010184,0.09062506097171256,0.22227188733046085,0.35340867994326386,-0.033995625204482835,0.11905842753287725,0.04646606386622545,-0.03779540627411489,0.055571127961560524,-0.1674396067428348,0.00454806667261384,0.2146584116780953
2025-08-25T23:00:17.432000,0.0,,0.40171390515752137,8.090334833506994,389.12,50.0,0.6208000080801956,0.3338376902289133,0.07278369035752898,0.19973871193330672,0.4003561828444736,-0.00049995513570794,0.1003584811124867,0.08385736843993453,-0.05560772881560886,0.03509938045216791,-0.07545768277048777,0.022476812289536154,0.24105282019569163,0.03729217929015572,0.30821579711144803,0.25158746176248153
2025-08-25T23:00:18.432000,0.0,0.04601865215227008,0.09959492785856128,32.632183886065256,389.12,50.0,0.6208000080801956,0.3338376902289133,0.07278369035752898,0.19973871193330672,0.4003561828444736,-0.00049995513570794,0.1003584811124867,0.08385736843993453,-0.05560772881560886,0.03509938045216791,-0.07545768277048777,0.022476812289536154,0.24105282019569163,0.03729217929015572,0.30821579711144803,0.25158746176248153
2025-08-25T23:00:19.414000,0.0,0.042091923067346215,0.10164347710087895,31.974506310665312,389.12,50.0,0.6208000080801956,0.3338376902289133,0.07278369035752898,0.19973871193330672,0.4003561828444736,-0.00049995513570794,0.1003584811124867,0.08385736843993453,-0.05560772881560886,0.03509938045216791,-0.07545768277048777,0.022476812289536154,0.24105282019569163,0.03729217929015572,0.30821579711144803,0.25158746176248153
2025-08-25T23:00:20.412000,0.0,0.043711604084819555,0.10084510990418494,32.227641013906066,389.12,50.0,0.6208000080801956,0.3338376902289133,0.07278369035752898,0.19973871193330672,0.4003561828444736,-0.00049995513570794,0.1003584811124867,0.08385736843993453,-0.05560772881560886,0.03509938045216791,-0.07545768277048777,0.022476812289536154,0.24105282019569163,0.03729217929015572,0.30821579711144803,0.25158746176248153
2025-08-25T23:00:21.423000,0.0,0.044298379914835095,0.09898067102767527,32.834693544270536,389.12,50.0,0.6208000080801956,0.3338376902289133,0.07278369035752898,0.19973871193330672,0.4003561828444736,-0.00049995513570794,0.1003584811124867,0.08385736843993453,-0.05560772881560886,0.03509938045216791,-0.07545768277048777,0.022476812289536154,0.24105282019569163,0.03729217929015572,0.30821579711144803,0.25158746176248153
2025-08-25T23:00:22.423000,0.0,0.04252136591821909,0.09876172710210085,30.376139502891707,389.12,50.0,0.6208000080801956,0.3338376902289133,0.07278369035752898,0.19973871193330672,0.4003561828444736,-0.00049995513570794,0.1003584811124867,0.08385736843993453,-0.05560772881560886,0.03509938045216791,-0.07545768277048777,0.022476812289536154,0.24105282019569163,0.03729217929015572,0.30821579711144803,0.25158746176248153
2025-08-25T23:00:23.423000,0.0,0.04236894100904465,0.09878483810462058,32.89978565898974,389.12,50.0,0.6208000080801956,0.3338376902289133,0.07278369035752898,0.19973871193330672,0.4003561828444736,-0.00049995513570794,0.1003584811124867,0.08385736843993453,-0.05560772881560886,0.03509938045216791,-0.07545768277048777,0.022476812289536154,0.24105282019569163,0.03729217929015572,0.30821579711144803,0.25158746176248153
2025-08-25T23:00:24.423000,0.0,0.042331737000495195,0.10190830985084176,29.43822740648902,389.12,50.0,0.6208000080801956,0.3338376902289133,0.07278369035752898,0.19973871193330672,0.4003561828444736,-0.00049995513570794,0.1003584811124867,0.08385736843993453,-0.05560772881560886,0.03509938045216791,-0.07545768277048777,0.022476812289536154,0.24105282019569163,0.03729217929015572,0.30821579711144803,0.25158746176248153
2025-08-25T23:00:25.424000,0.0,0.04569546808488667,0.09754810109734535,30.75405842094472,389.12,50.0,0.6208000080801956,0.3338376902289133,0.07278369035752898,0.19973871193330672,0.4003561828444736,-0.00049995513570794,0.1003584811124867,0.08385736843993453,-0.05560772881560886,0.03509938045216791,-0.07545768277048777,0.022476812289536154,0.24105282019569163,0.03729217929015572,0.30821579711144803,0.25158746176248153
2025-08-25T23:00:26.433000,0.0,0.042696495074778795,0.10140327410772443,32.0502471798635,389.12,50.0,0.6208000080801956,0.3338376902289133,0.07278369035752898,0.19973871193330672,0.4003561828444736,-0.00049995513570794,0.1003584811124867,0.08385736843993453,-0.05560772881560886,0.03509938045216791,-0.07545768277048777,0.022476812289536154,0.24105282019569163,0.03729217929015572,0.30821579711144803,0.25158746176248153
2025-08-25T23:00:27.402000,0.0,0.04199859104119241,0.10177451395429671,34.3897491033142,389.12,50.0,0.6208000080801956,0.3338376902289133,0.07278369035752898,0.19973871193330672,0.4003561828444736,-0.00049995513570794,0.1003584811124867,0.08385736843993453,-0.05560772881560886,0.03509938045216791,-0.07545768277048777,0.022476812289536154,0.24105282019569163,0.03729217929015572,0.30821579711144803,0.25158746176248153
2025-08-25T23:00:28.402000,0.0,0.04268056992441416,0.10326623101718724,33.89297707028242,389.12,50.0,0.6208000080801956,0.3338376902289133,0.07278369035752898,0.19973871193330672,0.4003561828444736,-0.00049995513570794,0.1003584811124867,0.08385736843993453,-0.05560772881560886,0.03509938045216791,-0.07545768277048777,0.022476812289536154,0.24105282019569163,0.03729217929015572,0.30821579711144803,0.25158746176248153
2025-08-25T23:00:29.404000,0.0,0.04309745691716671,0.10142568103037775,32.04316665151762,389.12,50.0,0.6208000080801956,0.3338376902289133,0.07278369035752898,0.19973871193330672,0.4003561828444736,-0.00049995513570794,0.1003584811124867,0.08385736843993453,-0.05560772881560886,0.03509938045216791,-0.07545768277048777,0.022476812289536154,0.24105282019569163,0.03729217929015572,0.30821579711144803,0.25158746176248153
2025-08-25T23:00:30.403000,0.0,0.04269860708154738,0.10175188491120934,31.940440246744096,389.12,50.0,0.6208000080801956,0.3338376902289133,0.07278369035752898,0.19973871193330672,0.4003561828444736,-0.00049995513570794,0.1003584811124867,0.08385736843993453,-0.05560772881560886,0.03509938045216791,-0.07545768277048777,0.022476812289536154,0.24105282019569163,0.03729217929015572,0.30821579711144803,0.25158746176248153
2025-08-25T23:00:31.404000,0.0,0.042102589970454574,0.10195845807902515,29.423748225721152,389.12,50.0,0.6208000080801956,0.3338376902289133,0.07278369035752898,0.19973871193330672,0.4003561828444736,-0.00049995513570794,0.1003584811124867,0.08385736843993453,-0.05560772881560886,0.03509938045216791,-0.07545768277048777,0.022476812289536154,0.24105282019569163,0.03729217929015572,0.30821579711144803,0.25158746176248153
2025-08-25T23:00:32.403000,0.0,0.041639036033302546,0.09670912218280137,31.020858552819092,389.12,50.0,0.6208000080801956,0.3338376902289133,0.07278369035752898,0.19973871193330672,0.4003561828444736,-0.00049995513570794,0.1003584811124867,0.08385736843993453,-0.05560772881560886,0.03509938045216791,-0.07545768277048777,0.022476812289536154,0.24105282019569163,0.03729217929015572,0.30821579711144803,0.25158746176248153
2025-08-25T23:00:33.434000,0.0,0.041886443039402366,0.10662836907431483,28.135101624870295,389.12,50.0,0.6208000080801956,0.3338376902289133,0.07278369035752898,0.19973871193330672,0.4003561828444736,-0.00049995513570794,0.1003584811124867,0.08385736843993453,-0.05560772881560886,0.03509938045216791,-0.07545768277048777,0.022476812289536154,0.24105282019569163,0.03729217929015572,0.30821579711144803,0.25158746176248153
2025-08-25T23:00:34.433000,0.0,0.05227107694372535,0.11207190714776516,26.768528138318594,389.12,50.0,0.6208000080801956,0.3338376902289133,0.07278369035752898,0.19973871193330672,0.4003561828444736,-0.00049995513570794,0.1003584811124867,0.08385736843993453,-0.05560772881560886,0.03509938045216791,-0.07545768277048777,0.022476812289536154,0.24105282019569163,0.03729217929015572,0.30821579711144803,0.25158746176248153
2025-08-25T23:00:35.433000,0.0,0.04560330114327371,0.09688901109620929,30.963263697892707,389.12,50.0,0.6208000080801956,0.3338376902289133,0.07278369035752898,0.19973871193330672,0.4003561828444736,-0.00049995513570794,0.1003584811124867,0.08385736843993453,-0.05560772881560886,0.03509938045216791,-0.07545768277048777,0.022476812289536154,0.24105282019569163,0.03729217929015572,0.30821579711144803,0.25158746176248153
2025-08-25T23:00:36.435000,0.0,0.04224477498792112,0.09725123108364642,33.41860009159856,389.12,50.0,0.6208000080801956,0.3338376902289133,0.07278369035752898,0.19973871193330672,0.4003561828444736,-0.00049995513570794,0.1003584811124867,0.08385736843993453,-0.05560772881560886,0.03509938045216791,-0.07545768277048777,0.022476812289536154,0.24105282019569163,0.03729217929015572,0.30821579711144803,0.25158746176248153
2025-08-25T23:00:37.435000,0.0,0.04232544102706015,0.10037225880660117,32.37946459152749,389.12,50.0,0.6208000080801956,0.3338376902289133,0.07278369035752898,0.19973871193330672,0.4003561828444736,-0.00049995513570794,0.1003584811124867,0.08385736843993453,-0.05560772881560886,0.03509938045216791,-0.07545768277048777,0.022476812289536154,0.24105282019569163,0.03729217929015572,0.30821579711144803,0.25158746176248153
2025-08-25T23:00:38.415000,0.0,0.043905417900532484,0.10056192497722805,32.31839486700376,389.12,50.0,0.6208000080801956,0.3338376902289133,0.07278369035752898,0.19973871193330672,0.4003561828444736,-0.00049995513570794,0.1003584811124867,0.08385736843993453,-0.05560772881560886,0.03509938045216791,-0.07545768277048777,0.022476812289536154,0.24105282019569163,0.03729217929015572,0.30821579711144803,0.25158746176248153
2025-08-25T23:00:39.414000,0.0,0.04332534596323967,0.09883824596181512,30.352622821321535,389.12,50.0,0.6208000080801956,0.3338376902289133,0.07278369035752898,0.19973871193330672,0.4003561828444736,-0.00049995513570794,0.1003584811124867,0.08385736843993453,-0.05560772881560886,0.03509938045216791,-0.07545768277048777,0.022476812289536154,0.24105282019569163,0.03729217929015572,0.30821579711144803,0.25158746176248153
2025-08-25T23:00:40.424000,0.0,0.04234362603165209,0.09966229787096381,35.118596247214604,389.12,50.0,0.6208000080801956,0.3338376902289133,0.07278369035752898,0.19973871193330672,0.4003561828444736,-0.00049995513570794,0.1003584811124867,0.08385736843993453,-0.05560772881560886,0.03509938045216791,-0.07545768277048777,0.022476812289536154,0.24105282019569163,0.03729217929015572,0.30821579711144803,0.25158746176248153
2025-08-25T23:00:41.425000,0.0,0.04273947700858116,0.09840744989924133,33.02595487768077,389.12,50.0,0.6208000080801956,0.3338376902289133,0.07278369035752898,0.19973871193330672,0.4003561828444736,-0.00049995513570794,0.1003584811124867,0.08385736843993453,-0.05560772881560886,0.03509938045216791,-0.07545768277048777,0.022476812289536154,0.24105282019569163,0.03729217929015572,0.30821579711144803,0.25158746176248153
2025-08-25T23:00:42.424000,0.0,0.042330977972596884,0.09925061487592757,32.74538907454402,389.12,50.0,0.6208000080801956,0.3338376902289133,0.07278369035752898,0.19973871193330672,0.4003561828444736,-0.00049995513570794,0.1003584811124867,0.08385736843993453,-0.05560772881560886,0.03509938045216791,-0.07545768277048777,0.022476812289536154,0.24105282019569163,0.03729217929015572,0.30821579711144803,0.25158746176248153
2025-08-25T23:00:43.425000,0.0,0.042281793896108866,0.09940865100361407,32.69333168882675,389.12,50.0,0.6208000080801956,0.3338376902289133,0.07278369035752898,0.19973871193330672,0.4003561828444736,-0.00049995513570794,0.1003584811124867,0.08385736843993453,-0.05560772881560886,0.03509938045216791,-0.07545768277048777,0.022476812289536154,0.24105282019569163,0.03729217929015572,0.30821579711144803,0.25158746176248153
2025-08-25T23:00:44.425000,0.0,0.04245066293515265,0.09985040896572173,32.548689921897946,389.12,50.0,0.6208000080801956,0.3338376902289133,0.07278369035752898,0.19973871193330672,0.4003561828444736,-0.00049995513570794,0.1003584811124867,0.08385736843993453,-0.05560772881560886,0.03509938045216791,-0.07545768277048777,0.022476812289536154,0.24105282019569163,0.03729217929015572,0.30821579711144803,0.25158746176248153
2025-08-25T23:00:45.425000,0.0,0.04270273703150451,0.0991212259978056,32.78813359382708,389.12,50.0,0.6208000080801956,0.3338376902289133,0.07278369035752898,0.19973871193330672,0.4003561828444736,-0.00049995513570794,0.1003584811124867,0.08385736843993453,-0.05560772881560886,0.03509938045216791,-0.07545768277048777,0.022476812289536154,0.24105282019569163,0.03729217929015572,0.30821579711144803,0.25158746176248153
2025-08-25T23:00:46.424000,0.0,0.04210099787451327,0.0991125029977411,32.791019313416456,389.12,50.0,0.6208000080801956,0.3338376902289133,0.07278369035752898,0.19973871193330672,0.4003561828444736,-0.00049995513570794,0.1003584811124867,0.08385736843993453,-0.05560772881560886,0.03509938045216791,-0.07545768277048777,0.022476812289536154,0.24105282019569163,0.03729217929015572,0.30821579711144803,0.25158746176248153
2025-08-25T23:00:47.426000,0.0,0.04244729201309383,0.09619767894037068,31.185783618122553,389.12,50.0,0.6208000080801956,0.3338376902289133,0.07278369035752898,0.19973871193330672,0.4003561828444736,-0.00049995513570794,0.1003584811124867,0.08385736843993453,-0.05560772881560886,0.03509938045216791,-0.07545768277048777,0.022476812289536154,0.24105282019569163,0.03729217929015572,0.30821579711144803,0.25158746176248153
2025-08-25T23:00:48.434000,0.0,0.041768627939745784,0.10248701204545796,34.15066875447197,389.12,50.0,0.6208000080801956,0.3338376902289133,0.07278369035752898,0.19973871193330672,0.4003561828444736,-0.00049995513570794,0.1003584811124867,0.08385736843993453,-0.05560772881560886,0.03509938045216791,-0.07545768277048777,0.022476812289536154,0.24105282019569163,0.03729217929015572,0.30821579711144803,0.25158746176248153
2025-08-25T23:00:49.405000,0.0,0.04313534707762301,0.10298732505179942,31.55728142628548,389.12,50.0,0.6208000080801956,0.3338376902289133,0.07278369035752898,0.19973871193330672,0.4003561828444736,-0.00049995513570794,0.1003584811124867,0.08385736843993453,-0.05560772881560886,0.03509938045216791,-0.07545768277048777,0.022476812289536154,0.24105282019569163,0.03729217929015572,0.30821579711144803,0.25158746176248153
2025-08-25T23:00:50.406000,0.0,0.04237760812975466,0.10125079285353422,32.09851407979983,389.12,50.0,0.6208000080801956,0.3338376902289133,0.07278369035752898,0.19973871193330672,0.4003561828444736,-0.00049995513570794,0.1003584811124867,0.08385736843993453,-0.05560772881560886,0.03509938045216791,-0.07545768277048777,0.022476812289536154,0.24105282019569163,0.03729217929015572,0.30821579711144803,0.25158746176248153
2025-08-25T23:00:51.416000,0.0,0.043772288132458925,0.10029716696590185,32.40370688740361,389.12,50.0,0.6208000080801956,0.3338376902289133,0.07278369035752898,0.19973871193330672,0.4003561828444736,-0.00049995513570794,0.1003584811124867,0.08385736843993453,-0.05560772881560886,0.03509938045216791,-0.07545768277048777,0.022476812289536154,0.24105282019569163,0.03729217929015572,0.30821579711144803,0.25158746176248153
2025-08-25T23:00:52.415000,0.0,0.042557311011478305,0.10126277501694858,32.09471594528212,389.12,50.0,0.6208000080801956,0.3338376902289133,0.07278369035752898,0.19973871193330672,0.4003561828444736,-0.00049995513570794,0.1003584811124867,0.08385736843993453,-0.05560772881560886,0.03509938045216791,-0.07545768277048777,0.022476812289536154,0.24105282019569163,0.03729217929015572,0.30821579711144803,0.25158746176248153
2025-08-25T23:00:53.416000,0.0,0.04304403206333518,0.1019018841907382,34.346764319379744,389.12,50.0,0.6208000080801956,0.3338376902289133,0.07278369035752898,0.19973871193330672,0.4003561828444736,-0.00049995513570794,0.1003584811124867,0.08385736843993453,-0.05560772881560886,0.03509938045216791,-0.07545768277048777,0.022476812289536154,0.24105282019569163,0.03729217929015572,0.30821579711144803,0.25158746176248153
2025-08-25T23:00:54.415000,0.0,0.04274480999447405,0.10276649193838239,34.05779387797593,389.12,50.0,0.6208000080801956,0.3338376902289133,0.07278369035752898,0.19973871193330672,0.4003561828444736,-0.00049995513570794,0.1003584811124867,0.08385736843993453,-0.05560772881560886,0.03509938045216791,-0.07545768277048777,0.022476812289536154,0.24105282019569163,0.03729217929015572,0.30821579711144803,0.25158746176248153
2025-08-25T23:00:55.415000,0.0,0.04266045894473791,0.10224578995257616,31.78614984057031,389.12,50.0,0.6208000080801956,0.3338376902289133,0.07278369035752898,0.19973871193330672,0.4003561828444736,-0.00049995513570794,0.1003584811124867,0.08385736843993453,-0.05560772881560886,0.03509938045216791,-0.07545768277048777,0.022476812289536154,0.24105282019569163,0.03729217929015572,0.30821579711144803,0.25158746176248153
2025-08-25T23:00:56.416000,0.0,0.04289219807833433,0.10160264419391751,34.447922372178105,389.12,50.0,0.6208000080801956,0.3338376902289133,0.07278369035752898,0.19973871193330672,0.4003561828444736,-0.00049995513570794,0.1003584811124867,0.08385736843993453,-0.05560772881560886,0.03509938045216791,-0.07545768277048777,0.022476812289536154,0.24105282019569163,0.03729217929015572,0.30821579711144803,0.25158746176248153
2025-08-25T23:00:57.417000,0.0,0.04388767690397799,0.09876502281986177,32.90638636238331,389.12,50.0,0.6208000080801956,0.3338376902289133,0.07278369035752898,0.19973871193330672,0.4003561828444736,-0.00049995513570794,0.1003584811124867,0.08385736843993453,-0.05560772881560886,0.03509938045216791,-0.07545768277048777,0.022476812289536154,0.24105282019569163,0.03729217929015572,0.30821579711144803,0.25158746176248153
2025-08-25T23:00:58.427000,0.0,0.04199820104986429,0.10942426696419716,29.70090721341868,389.12,50.0,0.6208000080801956,0.3338376902289133,0.07278369035752898,0.19973871193330672,0.4003561828444736,-0.00049995513570794,0.1003584811124867,0.08385736843993453,-0.05560772881560886,0.03509938045216791,-0.07545768277048777,0.022476812289536154,0.24105282019569163,0.03729217929015572,0.30821579711144803,0.25158746176248153
2025-08-25T23:00:59.437000,0.0,0.053721202071756124,0.11817879509180784,29.61614219607764,389.12,50.0,0.6208000080801956,0.3338376902289133,0.07278369035752898,0.19973871193330672,0.4003561828444736,-0.00049995513570794,0.1003584811124867,0.08385736843993453,-0.05560772881560886,0.03509938045216791,-0.07545768277048777,0.022476812289536154,0.24105282019569163,0.03729217929015572,0.30821579711144803,0.25158746176248153
2025-08-25T23:01:00.426000,0.0,0.05555221391841769,0.11382619803771377,28.552302159149338,389.12,50.0,0.6208000080801956,0.3338376902289133,0.07278369035752898,0.19973871193330672,0.4003561828444736,-0.00049995513570794,0.1003584811124867,0.08385736843993453,-0.05560772881560886,0.03509938045216791,-0.07545768277048777,0.022476812289536154,0.24105282019569163,0.03729217929015572,0.30821579711144803,0.25158746176248153
2025-08-25T23:01:01.426000,0.0,0.05606632400304079,0.11338779213838279,30.86752051515811,389.12,50.0,0.6208000080801956,0.3338376902289133,0.07278369035752898,0.19973871193330672,0.4003561828444736,-0.00049995513570794,0.1003584811124867,0.08385736843993453,-0.05560772881560886,0.03509938045216791,-0.07545768277048777,0.022476812289536154,0.24105282019569163,0.03729217929015572,0.30821579711144803,0.25158746176248153
2025-08-25T23:01:02.426000,0.0,0.0555170108564198,0.11235640593804419,28.925809551011245,389.12,50.0,0.6208000080801956,0.3338376902289133,0.07278369035752898,0.19973871193330672,0.4003561828444736,-0.00049995513570794,0.1003584811124867,0.08385736843993453,-0.05560772881560886,0.03509938045216791,-0.07545768277048777,0.022476812289536154,0.24105282019569163,0.03729217929015572,0.30821579711144803,0.25158746176248153
2025-08-25T23:01:03.427000,0.0,0.0557924909517169,0.11333827301859856,28.675220765599157,389.12,50.0,0.6208000080801956,0.3338376902289133,0.07278369035752898,0.19973871193330672,0.4003561828444736,-0.00049995513570794,0.1003584811124867,0.08385736843993453,-0.05560772881560886,0.03509938045216791,-0.07545768277048777,0.022476812289536154,0.24105282019569163,0.03729217929015572,0.30821579711144803,0.25158746176248153
2025-08-25T23:01:36.306000,0.0,,0.3707497678697109,6.068783300737474,368.64,48.1,0.5866182946989944
2025-08-25T23:01:37.306000,0.0,0.005572289926931262,0.07157397107221186,24.450229235351642,378.88,48.2,0.5866182946989944
2025-08-25T23:01:38.275000,0.0,0.0027114220429211855,0.07023930596187711,28.474085451321464,378.88,48.2,0.5866182946989944
2025-08-25T23:01:39.276000,0.0,0.002593571087345481,0.07150174886919558,27.97134380109685,378.88,48.2,0.5866182946989944
2025-08-25T23:01:40.276000,0.0,0.002701719058677554,0.06853949185460806,25.532725041385767,378.88,48.2,0.5866182946989944
2025-08-25T23:01:41.295000,0.0,0.0029100519604980946,0.06784895597957075,25.792585526694477,378.88,48.2,0.5866182946989944
2025-08-25T23:01:42.295000,0.0,0.0025750519707798958,0.06783754797652364,22.11164826474962,378.88,48.2,0.5866182946989944
2025-08-25T23:01:43.295000,0.0,0.002615830162540078,0.06836238107644022,25.59887429964184,378.88,48.2,0.5866182946989944
2025-08-25T23:01:44.296000,0.0,0.0030686629470437765,0.06766149308532476,25.864046449479964,378.88,48.2,0.5866182946989944
2025-08-25T23:01:45.295000,0.0,0.0024988309014588594,0.06823665788397193,25.646039156484886,378.88,48.2,0.5866182946989944
2025-08-25T23:01:46.296000,0.0,0.0025127010885626078,0.06819401099346578,25.662077571118214,378.88,48.2,0.5866182946989944
2025-08-25T23:01:47.297000,0.0,0.0026078480295836926,0.06918191607110202,25.295627808305877,378.88,48.2,0.5866182946989944
2025-08-25T23:01:48.296000,0.0,0.0028102369979023933,0.06732354802079499,25.993876607030053,378.88,48.2,0.5866182946989944
2025-08-25T23:01:49.296000,0.0,0.002565886126831174,0.06547695794142783,26.726959452903465,378.88,48.2,0.5866182946989944
2025-08-25T23:01:50.288000,0.0,0.002545329974964261,0.06920767482370138,28.898529030122344,378.88,48.2,0.5866182946989944
2025-08-25T23:01:51.276000,0.0,0.002402182202786207,0.07185556017793715,27.833615033372055,378.88,48.2,0.5866182946989944
2025-08-25T23:01:52.277000,0.0,0.002449330175295472,0.0651652158703655,26.854817813867417,378.88,48.2,0.5866182946989944
2025-08-25T23:01:53.286000,0.0,0.0025551451835781336,0.06382099608890712,23.503237052433455,378.88,48.2,0.5866182946989944
2025-08-25T23:01:54.317000,0.0,0.002493127016350627,0.06448882794938982,27.13648325836205,378.88,48.2,0.5866182946989944
2025-08-25T23:01:55.318000,0.0,0.002514108084142208,0.06530595594085753,26.796943322977224,378.88,48.2,0.5866182946989944
2025-08-25T23:01:56.297000,0.0,0.0025488301180303097,0.0647119760978967,27.0429077509949,378.88,48.2,0.5866182946989944
2025-08-25T23:01:57.307000,0.0,0.0025594409089535475,0.07081263395957649,21.1826607220448,378.88,48.2,0.5866182946989944
2025-08-25T23:01:58.287000,0.0,0.0034511799458414316,0.06848597014322877,29.203061529496964,378.88,48.2,0.5866182946989944
2025-08-25T23:01:59.298000,0.0,0.0026174599770456553,0.06936324713751674,25.229499370618115,378.88,48.2,0.5866182946989944
2025-08-25T23:02:00.297000,0.0,0.002741015050560236,0.06635317602194846,30.141737289838805,378.88,48.2,0.5866182946989944
2025-08-25T23:02:01.307000,0.0,0.002564718946814537,0.06819315487518907,21.99634263505474,378.88,48.2,0.5866182946989944
2025-08-25T23:02:02.297000,0.0,0.002846311079338193,0.06747211888432503,25.9366391472043,378.88,48.2,0.5866182946989944
2025-08-25T23:02:03.299000,0.0,0.0024406458251178265,0.06444873288273811,31.032417714696138,378.88,48.2,0.5866182946989944
2025-08-25T23:02:04.318000,0.0,0.002532403916120529,0.06413388205692172,23.388573276582488,378.88,48.2,0.5866182946989944
2025-08-25T23:02:05.317000,0.0,0.0025479779578745365,0.06492236210033298,23.104519790606382,378.88,48.2,0.5866182946989944
2025-08-25T23:02:06.318000,0.0,0.0025317748077213764,0.06445689918473363,27.149925332034712,378.88,48.2,0.5866182946989944
2025-08-25T23:02:07.317000,0.0,0.00259419996291399,0.0705532249994576,28.347393049933263,378.88,48.2,0.5866182946989944
2025-08-25T23:02:08.287000,0.0,0.0024724421091377735,0.06623624893836677,26.420578279249973,378.88,48.2,0.5866182946989944
2025-08-25T23:02:09.309000,0.0,0.0024911079090088606,0.06598971202038229,22.730815972294387,378.88,48.2,0.5866182946989944
2025-08-25T23:02:10.308000,0.0,0.0025016639847308397,0.06623752601444721,26.420068883887826,378.88,48.2,0.5866182946989944
2025-08-25T23:02:11.309000,0.0,0.0025092379655689,0.06615982204675674,30.229827380529432,378.88,48.2,0.5866182946989944
2025-08-25T23:02:12.308000,0.0,0.0025503479409962893,0.06924820691347122,25.27141247406899,378.88,48.2,0.5866182946989944
2025-08-25T23:02:13.284000,0.0,0.0024834778159856796,0.07012244709767401,28.521537435995985,378.88,48.2,0.5866182946989944
2025-08-25T23:02:14.285000,0.0,0.002472053049132228,0.07081955601461232,24.710688664003015,378.88,48.2,0.5866182946989944
2025-08-25T23:02:15.285000,0.0,0.0026084231212735176,0.0697480021044612,25.090324413580216,378.88,48.2,0.5866182946989944
2025-08-25T23:02:16.283000,0.0,0.002512386068701744,0.06982142804190516,25.06393880901002,378.88,48.2,0.5866182946989944
2025-08-25T23:02:17.294000,0.0,0.00283543998375535,0.06803865195252001,22.04629217296684,378.88,48.2,0.5866182946989944
2025-08-25T23:02:18.295000,0.0,0.003123180940747261,0.06909978110343218,21.707738809687406,378.88,48.2,0.5866182946989944
2025-08-25T23:02:19.295000,0.0,0.002754608169198036,0.06693739397451282,26.143832260130278,378.88,48.2,0.5866182946989944
2025-08-25T23:02:55.367000,0.0,,0.3861494918819517,6.47417658849154,378.88,48.6,0.5681462982730142,0.3857045216303616,0.08036336991299459,-0.1214358775843198
2025-08-25T23:02:56.367000,0.0,0.0172487897798419,0.07751564891077578,29.02639701294249,378.88,48.6,0.5681462982730142,0.3857045216303616,0.08036336991299459,-0.1214358775843198
2025-08-25T23:02:57.377000,0.0,0.014844960998743773,0.07884129579178989,25.367416655375052,378.88,48.6,0.5681462982730142,0.3857045216303616,0.08036336991299459,-0.1214358775843198
2025-08-25T23:02:58.377000,0.0,0.01446544285863638,0.07781318598426878,25.702584654538303,378.88,48.6,0.5681462982730142,0.3857045216303616,0.08036336991299459,-0.1214358775843198
2025-08-25T23:02:59.378000,0.0,0.014498868957161903,0.0797464419156313,28.214424944255327,378.88,48.6,0.5681462982730142,0.3857045216303616,0.08036336991299459,-0.1214358775843198
2025-08-25T23:03:00.379000,0.0,0.014898627065122128,0.08152571716345847,27.598653262856466,378.88,48.6,0.5681462982730142,0.3857045216303616,0.08036336991299459,-0.1214358775843198
2025-08-25T23:03:01.368000,0.0,0.01438149786554277,0.08348884410224855,29.94412040174192,378.88,48.6,0.5681462982730142,0.3857045216303616,0.08036336991299459,-0.1214358775843198
2025-08-25T23:03:02.359000,0.0,0.014445831067860126,0.07841081405058503,28.69502156358762,378.88,48.6,0.5681462982730142,0.3857045216303616,0.08036336991299459,-0.1214358775843198
2025-08-25T23:03:03.388000,0.0,0.01457368303090334,0.07891512801870704,28.511643540217385,378.88,48.6,0.5681462982730142,0.3857045216303616,0.08036336991299459,-0.1214358775843198
2025-08-25T23:03:04.389000,0.0,0.014413794036954641,0.07767362892627716,28.967360365453665,378.88,48.6,0.5681462982730142,0.3857045216303616,0.08036336991299459,-0.1214358775843198
2025-08-25T23:03:05.388000,0.0,0.01414397987537086,0.08103881007991731,27.764474796472633,378.88,48.7,0.5681462982730142,0.3857045216303616,0.08036336991299459,-0.1214358775843198
2025-08-25T23:03:06.369000,0.0,0.014437960926443338,0.08001825609244406,28.118583306796896,378.88,48.7,0.5681462982730142,0.3857045216303616,0.08036336991299459,-0.1214358775843198
2025-08-25T23:03:07.359000,0.0,0.010764039820060134,0.08124699420295656,27.693332191212548,378.88,48.7,0.5681462982730142,0.3857045216303616,0.08036336991299459,-0.1214358775843198
2025-08-25T23:03:08.358000,0.0,0.01080637308768928,0.0778574978467077,25.687956270284563,378.88,48.7,0.5681462982730142,0.3857045216303616,0.08036336991299459,-0.1214358775843198
2025-08-25T23:03:09.370000,0.0,0.010772502981126308,0.07755085080862045,25.789530084404035,378.88,48.7,0.5681462982730142,0.3857045216303616,0.08036336991299459,-0.1214358775843198
2025-08-25T23:03:10.369000,0.0,0.01079844799824059,0.0765855370555073,29.37891521697174,378.88,48.7,0.5681462982730142,0.3857045216303616,0.08036336991299459,-0.1214358775843198
2025-08-25T23:03:11.379000,0.0,0.01189288985915482,0.07689192495308816,29.261850335685104,378.88,48.7,0.5681462982730142,0.3857045216303616,0.08036336991299459,-0.1214358775843198
2025-08-25T23:03:12.380000,0.0,0.011855519842356443,0.07629524078220129,26.21395488755802,378.88,48.7,0.5681462982730142,0.3857045216303616,0.08036336991299459,-0.1214358775843198
2025-08-25T23:03:13.376000,0.0,0.012172723188996315,0.07973508792929351,28.218442575685415,378.88,48.7,0.5681462982730142,0.3857045216303616,0.08036336991299459,-0.1214358775843198
2025-08-25T23:03:14.366000,0.0,0.01191064901649952,0.07824533013626933,31.950788572890914,378.88,48.7,0.5681462982730142,0.3857045216303616,0.08036336991299459,-0.1214358775843198
2025-08-25T23:03:15.376000,0.0,0.013422203017398715,0.07590033300220966,29.644138714575767,378.88,48.7,0.5681462982730142,0.3857045216303616,0.08036336991299459,-0.1214358775843198
2025-08-25T23:03:16.377000,0.0,0.012099537998437881,0.07522964896634221,26.58526295789049,378.88,48.7,0.5681462982730142,0.3857045216303616,0.08036336991299459,-0.1214358775843198
2025-08-25T23:03:17.387000,0.0,0.01084718806669116,0.07999901194125414,28.125347368693056,378.88,48.7,0.5681462982730142,0.3857045216303616,0.08036336991299459,-0.1214358775843198
2025-08-25T23:03:18.355000,0.0,0.011015613097697496,0.08069608500227332,27.88239355027708,378.88,48.7,0.5681462982730142,0.3857045216303616,0.08036336991299459,-0.1214358775843198
2025-08-25T23:03:19.356000,0.0,0.010787020903080702,0.07868105103261769,28.596465991122695,378.88,48.7,0.5681462982730142,0.3857045216303616,0.08036336991299459,-0.1214358775843198
2025-08-25T23:03:20.367000,0.0,0.01076494692824781,0.07665460905991495,26.091059944441923,378.88,48.7,0.5681462982730142,0.3857045216303616,0.08036336991299459,-0.1214358775843198
2025-08-25T23:03:21.377000,0.0,0.012605388881638646,0.07988043711520731,28.16709674178348,378.88,48.7,0.5681462982730142,0.3857045216303616,0.08036336991299459,-0.1214358775843198
2025-08-25T23:03:22.357000,0.0,0.010778021067380905,0.07848403207026422,31.853613200731353,378.88,48.7,0.5681462982730142,0.3857045216303616,0.08036336991299459,-0.1214358775843198
2025-08-25T23:03:23.366000,0.0,0.0110372060444206,0.07891221600584686,28.51269567481525,378.88,48.7,0.5681462982730142,0.3857045216303616,0.08036336991299459,-0.1214358775843198
2025-08-25T23:03:24.367000,0.0,0.010832483880221844,0.07811736594885588,28.80281449163475,378.88,48.7,0.5681462982730142,0.3857045216303616,0.08036336991299459,-0.1214358775843198
2025-08-25T23:03:25.368000,0.0,0.01084413193166256,0.07671958999708295,26.068961005605562,378.88,48.7,0.5681462982730142,0.3857045216303616,0.08036336991299459,-0.1214358775843198
2025-08-25T23:03:26.376000,0.0,0.01198174199089408,0.07388961198739707,27.06740428331293,378.88,48.7,0.5681462982730142,0.3857045216303616,0.08036336991299459,-0.1214358775843198
2025-08-25T23:03:27.388000,0.0,0.010959058068692684,0.07446827786043286,30.214207507482676,378.88,48.7,0.5681462982730142,0.3857045216303616,0.08036336991299459,-0.1214358775843198
2025-08-25T23:03:28.387000,0.0,0.010809279978275299,0.07485501794144511,26.718315685456574,378.88,48.7,0.5681462982730142,0.3857045216303616,0.08036336991299459,-0.1214358775843198
2025-08-25T23:03:29.387000,0.0,0.01090729795396328,0.07534033199772239,26.546206354126756,378.88,48.7,0.5681462982730142,0.3857045216303616,0.08036336991299459,-0.1214358775843198
2025-08-25T23:03:30.388000,0.0,0.010823335964232683,0.07974862097762525,28.21365400953165,378.88,48.7,0.5681462982730142,0.3857045216303616,0.08036336991299459,-0.1214358775843198
2025-08-25T23:03:31.357000,0.0,0.010734632145613432,0.08078635996207595,27.851236286128355,378.88,48.7,0.5681462982730142,0.3857045216303616,0.08036336991299459,-0.1214358775843198
2025-08-25T23:03:32.359000,0.0,0.010918020969256759,0.07710316102020442,29.181682958632493,378.88,48.7,0.5681462982730142,0.3857045216303616,0.08036336991299459,-0.1214358775843198
2025-08-25T23:03:33.377000,0.0,0.011917240917682648,0.07656981004402041,29.38494948213217,378.88,48.7,0.5681462982730142,0.3857045216303616,0.08036336991299459,-0.1214358775843198
2025-08-25T23:03:34.378000,0.0,0.011587871005758643,0.07766925310716033,25.75021543261971,378.88,48.7,0.5681462982730142,0.3857045216303616,0.08036336991299459,-0.1214358775843198
2025-08-25T23:03:35.377000,0.0,0.012508943909779191,0.07745784497819841,29.04805834235758,378.88,48.7,0.5681462982730142,0.3857045216303616,0.08036336991299459,-0.1214358775843198
2025-08-25T23:03:36.377000,0.0,0.012456870172172785,0.0825455051381141,27.257692544679752,378.88,48.7,0.5681462982730142,0.3857045216303616,0.08036336991299459,-0.1214358775843198
2025-08-25T23:03:37.378000,0.0,0.016972308047115803,0.0861594988964498,23.212762674069545,378.88,48.7,0.5681462982730142,0.3857045216303616,0.08036336991299459,-0.1214358775843198
2025-08-25T23:03:38.388000,0.0,0.014627126045525074,0.07915219408459961,25.267777136568093,378.88,48.7,0.5681462982730142,0.3857045216303616,0.08036336991299459,-0.1214358775843198
2025-08-25T23:04:19.578000,0.0,,0.38744868501089513,6.452467376240378,378.88,49.3,0.48173830050593663,0.5243297118041318,0.047778105728396025,-0.08824837595326906,0.07737249547625216,0.09352849604527487,0.1328785384908508
2025-08-25T23:04:20.578000,0.0,0.023021240020170808,0.08417739998549223,29.69918292119809,378.88,49.3,0.48173830050593663,0.5243297118041318,0.047778105728396025,-0.08824837595326906,0.07737249547625216,0.09352849604527487,0.1328785384908508
2025-08-25T23:04:21.568000,0.0,0.019423004938289523,0.08310669800266623,27.073630093302608,378.88,49.3,0.48173830050593663,0.5243297118041318,0.047778105728396025,-0.08824837595326906,0.07737249547625216,0.09352849604527487,0.1328785384908508
2025-08-25T23:04:22.578000,0.0,0.01972048613242805,0.08658171119168401,28.874458192044962,378.88,49.3,0.48173830050593663,0.5243297118041318,0.047778105728396025,-0.08824837595326906,0.07737249547625216,0.09352849604527487,0.1328785384908508
2025-08-25T23:04:23.567000,0.0,0.020139022963121533,0.08448967710137367,26.630472232724568,378.88,49.3,0.48173830050593663,0.5243297118041318,0.047778105728396025,-0.08824837595326906,0.07737249547625216,0.09352849604527487,0.1328785384908508
2025-08-25T23:04:24.568000,0.0,0.019985283026471734,0.09417312406003475,31.856222568209,378.88,49.3,0.48173830050593663,0.5243297118041318,0.047778105728396025,-0.08824837595326906,0.07737249547625216,0.09352849604527487,0.1328785384908508
2025-08-25T23:04:25.567000,0.0,0.02880693390034139,0.0883118191268295,31.13965975551424,378.88,49.3,0.48173830050593663,0.5243297118041318,0.047778105728396025,-0.08824837595326906,0.07737249547625216,0.09352849604527487,0.1328785384908508
2025-08-25T23:04:26.557000,0.0,0.018831079825758934,0.08551374915987253,26.311558341261605,378.88,49.3,0.48173830050593663,0.5243297118041318,0.047778105728396025,-0.08824837595326906,0.07737249547625216,0.09352849604527487,0.1328785384908508
2025-08-25T23:04:27.579000,0.0,0.021517186891287565,0.08763931901194155,28.526008967040767,378.88,49.3,0.48173830050593663,0.5243297118041318,0.047778105728396025,-0.08824837595326906,0.07737249547625216,0.09352849604527487,0.1328785384908508
2025-08-25T23:04:28.578000,0.0,0.019752633990719914,0.0823400691151619,27.32569967670439,378.88,49.3,0.48173830050593663,0.5243297118041318,0.047778105728396025,-0.08824837595326906,0.07737249547625216,0.09352849604527487,0.1328785384908508
2025-08-25T23:04:29.579000,0.0,0.019156394992023706,0.08440224989317358,29.62006348366591,378.88,49.3,0.48173830050593663,0.5243297118041318,0.047778105728396025,-0.08824837595326906,0.07737249547625216,0.09352849604527487,0.1328785384908508
2025-08-25T23:04:30.578000,0.0,0.020702539943158627,0.08926076116040349,28.00782748768402,389.12,49.3,0.48173830050593663,0.5243297118041318,0.047778105728396025,-0.08824837595326906,0.07737249547625216,0.09352849604527487,0.1328785384908508
2025-08-25T23:04:31.569000,0.0,0.024797885911539197,0.08883890905417502,28.140822828829492,389.12,49.3,0.48173830050593663,0.5243297118041318,0.047778105728396025,-0.08824837595326906,0.07737249547625216,0.09352849604527487,0.1328785384908508
2025-08-25T23:04:32.579000,0.0,0.024923551129177213,0.09233193984255195,29.783842998310163,389.12,49.3,0.48173830050593663,0.5243297118041318,0.047778105728396025,-0.08824837595326906,0.07737249547625216,0.09352849604527487,0.1328785384908508
2025-08-25T23:04:33.549000,0.0,0.02447149599902332,0.09238190203905106,29.767735230624766,389.12,49.3,0.48173830050593663,0.5243297118041318,0.047778105728396025,-0.08824837595326906,0.07737249547625216,0.09352849604527487,0.1328785384908508
2025-08-25T23:04:34.548000,0.0,0.024743977934122086,0.09394608484581113,29.272108619677116,389.12,49.3,0.48173830050593663,0.5243297118041318,0.047778105728396025,-0.08824837595326906,0.07737249547625216,0.09352849604527487,0.1328785384908508
2025-08-25T23:04:35.549000,0.0,0.02487521804869175,0.09305288316681981,26.866443197876848,389.12,49.3,0.48173830050593663,0.5243297118041318,0.047778105728396025,-0.08824837595326906,0.07737249547625216,0.09352849604527487,0.1328785384908508
2025-08-25T23:04:36.549000,0.0,0.0246105520054698,0.09106260794214904,27.453639386082713,389.12,49.3,0.48173830050593663,0.5243297118041318,0.047778105728396025,-0.08824837595326906,0.07737249547625216,0.09352849604527487,0.1328785384908508
2025-08-25T23:04:37.558000,0.0,0.024374255910515785,0.09196416102349758,29.90295316560745,389.12,49.3,0.48173830050593663,0.5243297118041318,0.047778105728396025,-0.08824837595326906,0.07737249547625216,0.09352849604527487,0.1328785384908508
2025-08-25T23:04:38.558000,0.0,0.024420717963948846,0.08574711694382131,29.155499206322627,389.12,49.3,0.48173830050593663,0.5243297118041318,0.047778105728396025,-0.08824837595326906,0.07737249547625216,0.09352849604527487,0.1328785384908508
2025-08-25T23:04:39.560000,0.0,0.019172467989847064,0.08429556316696107,29.65755143065334,389.12,49.3,0.48173830050593663,0.5243297118041318,0.047778105728396025,-0.08824837595326906,0.07737249547625216,0.09352849604527487,0.1328785384908508
2025-08-25T23:04:40.560000,0.0,0.01830271095968783,0.08534858003258705,29.291641396323907,389.12,49.3,0.48173830050593663,0.5243297118041318,0.047778105728396025,-0.08824837595326906,0.07737249547625216,0.09352849604527487,0.1328785384908508
2025-08-25T23:04:41.560000,0.0,0.018142691114917397,0.08325173100456595,27.026465069856563,389.12,49.3,0.48173830050593663,0.5243297118041318,0.047778105728396025,-0.08824837595326906,0.07737249547625216,0.09352849604527487,0.1328785384908508
2025-08-25T23:04:42.570000,0.0,0.019397986121475697,0.0868230399210006,28.7942002753499,389.12,49.3,0.48173830050593663,0.5243297118041318,0.047778105728396025,-0.08824837595326906,0.07737249547625216,0.09352849604527487,0.1328785384908508
2025-08-25T23:04:43.560000,0.0,0.018295821035280824,0.08444274705834687,29.605858254144458,389.12,49.3,0.48173830050593663,0.5243297118041318,0.047778105728396025,-0.08824837595326906,0.07737249547625216,0.09352849604527487,0.1328785384908508
2025-08-25T23:04:44.560000,0.0,0.018759876023977995,0.08593828091397882,29.09064474424904,389.12,49.3,0.48173830050593663,0.5243297118041318,0.047778105728396025,-0.08824837595326906,0.07737249547625216,0.09352849604527487,0.1328785384908508
2025-08-25T23:04:45.560000,0.0,0.018624264979735017,0.08622537390328944,28.993785550921945,389.12,49.3,0.48173830050593663,0.5243297118041318,0.047778105728396025,-0.08824837595326906,0.07737249547625216,0.09352849604527487,0.1328785384908508
2025-08-25T23:04:46.559000,0.0,0.018288672901690006,0.08594294800423086,29.089064990846765,389.12,49.3,0.48173830050593663,0.5243297118041318,0.047778105728396025,-0.08824837595326906,0.07737249547625216,0.09352849604527487,0.1328785384908508
2025-08-25T23:04:47.561000,0.0,0.01843709801323712,0.08617713185958564,29.010016300768264,389.12,49.3,0.48173830050593663,0.5243297118041318,0.047778105728396025,-0.08824837595326906,0.07737249547625216,0.09352849604527487,0.1328785384908508
2025-08-25T23:04:48.560000,0.0,0.018248765030875802,0.0828606749419123,30.171127639890916,389.12,49.3,0.48173830050593663,0.5243297118041318,0.047778105728396025,-0.08824837595326906,0.07737249547625216,0.09352849604527487,0.1328785384908508
2025-08-25T23:04:49.580000,0.0,0.01950770802795887,0.0829333970323205,30.14467138040488,389.12,49.3,0.48173830050593663,0.5243297118041318,0.047778105728396025,-0.08824837595326906,0.07737249547625216,0.09352849604527487,0.1328785384908508
2025-08-25T23:04:50.580000,0.0,0.019210078055039048,0.08391913585364819,29.79058321525071,389.12,49.3,0.48173830050593663,0.5243297118041318,0.047778105728396025,-0.08824837595326906,0.07737249547625216,0.09352849604527487,0.1328785384908508
2025-08-25T23:04:51.579000,0.0,0.019946966087445617,0.0837162840180099,26.876491549911048,389.12,49.3,0.48173830050593663,0.5243297118041318,0.047778105728396025,-0.08824837595326906,0.07737249547625216,0.09352849604527487,0.1328785384908508
2025-08-25T23:04:52.580000,0.0,0.019747576909139752,0.09000129182823002,30.555116978192242,389.12,49.3,0.48173830050593663,0.5243297118041318,0.047778105728396025,-0.08824837595326906,0.07737249547625216,0.09352849604527487,0.1328785384908508
2025-08-25T23:04:53.550000,0.0,0.01963492901995778,0.08540637395344675,26.344637945013627,389.12,49.3,0.48173830050593663,0.5243297118041318,0.047778105728396025,-0.08824837595326906,0.07737249547625216,0.09352849604527487,0.1328785384908508
2025-08-25T23:04:54.561000,0.0,0.018376505002379417,0.08532248507253826,26.370539935482697,389.12,49.3,0.48173830050593663,0.5243297118041318,0.047778105728396025,-0.08824837595326906,0.07737249547625216,0.09352849604527487,0.1328785384908508
2025-08-25T23:04:55.561000,0.0,0.019393485970795155,0.08524372498504817,32.260439117158924,389.12,49.3,0.48173830050593663,0.5243297118041318,0.047778105728396025,-0.08824837595326906,0.07737249547625216,0.09352849604527487,0.1328785384908508
2025-08-25T23:04:56.571000,0.0,0.01986803999170661,0.0846862809266895,29.52072015258545,389.12,49.3,0.48173830050593663,0.5243297118041318,0.047778105728396025,-0.08824837595326906,0.07737249547625216,0.09352849604527487,0.1328785384908508
2025-08-25T23:04:57.571000,0.0,0.019242225913330913,0.08500446495600045,26.469197837603346,389.12,49.3,0.48173830050593663,0.5243297118041318,0.047778105728396025,-0.08824837595326906,0.07737249547625216,0.09352849604527487,0.1328785384908508
2025-08-25T23:04:58.571000,0.0,0.01948707806877792,0.08307554316706955,30.093092439641307,389.12,49.3,0.48173830050593663,0.5243297118041318,0.047778105728396025,-0.08824837595326906,0.07737249547625216,0.09352849604527487,0.1328785384908508
2025-08-25T23:04:59.580000,0.0,0.01921772607602179,0.08892725501209497,28.11286595611223,389.12,49.3,0.48173830050593663,0.5243297118041318,0.047778105728396025,-0.08824837595326906,0.07737249547625216,0.09352849604527487,0.1328785384908508
2025-08-25T23:05:00.551000,0.0,0.019361428916454315,0.08834631112404168,31.12750226932371,389.12,49.3,0.48173830050593663,0.5243297118041318,0.047778105728396025,-0.08824837595326906,0.07737249547625216,0.09352849604527487,0.1328785384908508
2025-08-25T23:05:01.550000,0.0,0.01897494914010167,0.09150323178619146,30.053583314146742,389.12,49.3,0.48173830050593663,0.5243297118041318,0.047778105728396025,-0.08824837595326906,0.07737249547625216,0.09352849604527487,0.1328785384908508
2025-08-25T23:05:02.551000,0.0,0.02151262992992997,0.11568448599427938,25.932604309175694,389.12,49.3,0.48173830050593663,0.5243297118041318,0.047778105728396025,-0.08824837595326906,0.07737249547625216,0.09352849604527487,0.1328785384908508
2025-08-25T23:05:47.317000,0.0,,0.40233180788345635,6.835154333103646,389.12,49.7,0.5779259305046552,0.42260063905890677,0.09624503569006208,-0.11877946531732983,0.05709983465354353,0.1005970206295805,0.09218354993802343,-0.057439487279103106,0.21462132621198185,0.17293568991732253
2025-08-25T23:05:48.317000,0.0,0.0386861520819366,0.10128496401011944,27.151117906555527,389.12,49.7,0.5779259305046552,0.42260063905890677,0.09624503569006208,-0.11877946531732983,0.05709983465354353,0.1005970206295805,0.09218354993802343,-0.057439487279103106,0.21462132621198185,0.17293568991732253
2025-08-25T23:05:49.299000,0.0,0.03596215695142746,0.1019774628803134,29.41826473483653,389.12,49.7,0.5779259305046552,0.42260063905890677,0.09624503569006208,-0.11877946531732983,0.05709983465354353,0.1005970206295805,0.09218354993802343,-0.057439487279103106,0.21462132621198185,0.17293568991732253
2025-08-25T23:05:50.300000,0.0,0.035608028061687946,0.10226283292286098,29.336171454031046,389.12,49.7,0.5779259305046552,0.42260063905890677,0.09624503569006208,-0.11877946531732983,0.05709983465354353,0.1005970206295805,0.09218354993802343,-0.057439487279103106,0.21462132621198185,0.17293568991732253
2025-08-25T23:05:51.298000,0.0,0.03580676787532866,0.09733428503386676,28.25314840544771,389.12,49.7,0.5779259305046552,0.42260063905890677,0.09624503569006208,-0.11877946531732983,0.05709983465354353,0.1005970206295805,0.09218354993802343,-0.057439487279103106,0.21462132621198185,0.17293568991732253
2025-08-25T23:05:52.289000,0.0,0.02868837397545576,0.09658532403409481,28.472234550139632,389.12,49.7,0.5779259305046552,0.42260063905890677,0.09624503569006208,-0.11877946531732983,0.05709983465354353,0.1005970206295805,0.09218354993802343,-0.057439487279103106,0.21462132621198185,0.17293568991732253
2025-08-25T23:05:53.289000,0.0,0.027862265007570386,0.09029946499504149,33.22278819885323,389.12,49.7,0.5779259305046552,0.42260063905890677,0.09624503569006208,-0.11877946531732983,0.05709983465354353,0.1005970206295805,0.09218354993802343,-0.057439487279103106,0.21462132621198185,0.17293568991732253
2025-08-25T23:05:54.320000,0.0,0.027185895014554262,0.09054705686867237,30.370948489121304,389.12,49.7,0.5779259305046552,0.42260063905890677,0.09624503569006208,-0.11877946531732983,0.05709983465354353,0.1005970206295805,0.09218354993802343,-0.057439487279103106,0.21462132621198185,0.17293568991732253
2025-08-25T23:05:55.318000,0.0,0.027330875862389803,0.0943811060860753,29.13718766436148,389.12,49.7,0.5779259305046552,0.42260063905890677,0.09624503569006208,-0.11877946531732983,0.05709983465354353,0.1005970206295805,0.09218354993802343,-0.057439487279103106,0.21462132621198185,0.17293568991732253
2025-08-25T23:05:56.290000,0.0,0.0271175061352551,0.09518591896630824,28.890827864711465,389.12,49.7,0.5779259305046552,0.42260063905890677,0.09624503569006208,-0.11877946531732983,0.05709983465354353,0.1005970206295805,0.09218354993802343,-0.057439487279103106,0.21462132621198185,0.17293568991732253
2025-08-25T23:05:57.290000,0.0,0.027238154085353017,0.09643095312640071,31.110342714000762,389.12,49.7,0.5779259305046552,0.42260063905890677,0.09624503569006208,-0.11877946531732983,0.05709983465354353,0.1005970206295805,0.09218354993802343,-0.057439487279103106,0.21462132621198185,0.17293568991732253
2025-08-25T23:05:58.290000,0.0,0.027992374962195754,0.09498419589363039,28.952184877994004,389.12,49.7,0.5779259305046552,0.42260063905890677,0.09624503569006208,-0.11877946531732983,0.05709983465354353,0.1005970206295805,0.09218354993802343,-0.057439487279103106,0.21462132621198185,0.17293568991732253
2025-08-25T23:05:59.291000,0.0,0.02723698690533638,0.09057161188684404,30.36271457149015,389.12,49.7,0.5779259305046552,0.42260063905890677,0.09624503569006208,-0.11877946531732983,0.05709983465354353,0.1005970206295805,0.09218354993802343,-0.057439487279103106,0.21462132621198185,0.17293568991732253
2025-08-25T23:06:00.319000,0.0,0.027856318978592753,0.09061898197978735,30.346842790767347,389.12,49.7,0.5779259305046552,0.42260063905890677,0.09624503569006208,-0.11877946531732983,0.05709983465354353,0.1005970206295805,0.09218354993802343,-0.057439487279103106,0.21462132621198185,0.17293568991732253
2025-08-25T23:06:01.321000,0.0,0.027700448874384165,0.09138472098857164,30.092557817667775,389.12,49.7,0.5779259305046552,0.42260063905890677,0.09624503569006208,-0.11877946531732983,0.05709983465354353,0.1005970206295805,0.09218354993802343,-0.057439487279103106,0.21462132621198185,0.17293568991732253
2025-08-25T23:06:02.319000,0.0,0.027943431166931987,0.09530571405775845,28.85451336457533,389.12,49.7,0.5779259305046552,0.42260063905890677,0.09624503569006208,-0.11877946531732983,0.05709983465354353,0.1005970206295805,0.09218354993802343,-0.057439487279103106,0.21462132621198185,0.17293568991732253
2025-08-25T23:06:03.290000,0.0,0.02737604221329093,0.0919302380643785,29.913987583434388,389.12,49.7,0.5779259305046552,0.42260063905890677,0.09624503569006208,-0.11877946531732983,0.05709983465354353,0.1005970206295805,0.09218354993802343,-0.057439487279103106,0.21462132621198185,0.17293568991732253
2025-08-25T23:06:04.309000,0.0,0.027498116018250585,0.09017501887865365,27.72386444813752,389.12,49.7,0.5779259305046552,0.42260063905890677,0.09624503569006208,-0.11877946531732983,0.05709983465354353,0.1005970206295805,0.09218354993802343,-0.057439487279103106,0.21462132621198185,0.17293568991732253
2025-08-25T23:06:05.319000,0.0,0.027408654103055596,0.09382495610043406,29.309899138735258,389.12,49.7,0.5779259305046552,0.42260063905890677,0.09624503569006208,-0.11877946531732983,0.05709983465354353,0.1005970206295805,0.09218354993802343,-0.057439487279103106,0.21462132621198185,0.17293568991732253
2025-08-25T23:06:06.291000,0.0,0.026854043127968907,0.0962764888536185,28.563567624294688,389.12,49.7,0.5779259305046552,0.42260063905890677,0.09624503569006208,-0.11877946531732983,0.05709983465354353,0.1005970206295805,0.09218354993802343,-0.057439487279103106,0.21462132621198185,0.17293568991732253
2025-08-25T23:06:07.290000,0.0,0.027203432051464915,0.09903703909367323,30.291697201917145,389.12,49.7,0.5779259305046552,0.42260063905890677,0.09624503569006208,-0.11877946531732983,0.05709983465354353,0.1005970206295805,0.09218354993802343,-0.057439487279103106,0.21462132621198185,0.17293568991732253
2025-08-25T23:06:08.292000,0.0,0.030715517001226544,0.1282349480316043,27.29365164274386,389.12,49.7,0.5779259305046552,0.42260063905890677,0.09624503569006208,-0.11877946531732983,0.05709983465354353,0.1005970206295805,0.09218354993802343,-0.057439487279103106,0.21462132621198185,0.17293568991732253
2025-08-25T23:06:09.291000,0.0,0.0431935868691653,0.1279808368999511,25.394426843299232,389.12,49.7,0.5779259305046552,0.42260063905890677,0.09624503569006208,-0.11877946531732983,0.05709983465354353,0.1005970206295805,0.09218354993802343,-0.057439487279103106,0.21462132621198185,0.17293568991732253
2025-08-25T23:06:10.290000,0.0,0.04298058687709272,0.12513865600340068,25.971191507056425,389.12,49.7,0.5779259305046552,0.42260063905890677,0.09624503569006208,-0.11877946531732983,0.05709983465354353,0.1005970206295805,0.09218354993802343,-0.057439487279103106,0.21462132621198185,0.17293568991732253
2025-08-25T23:06:11.292000,0.0,0.04236384714022279,0.12877196399495006,27.179829299934188,389.12,49.7,0.5779259305046552,0.42260063905890677,0.09624503569006208,-0.11877946531732983,0.05709983465354353,0.1005970206295805,0.09218354993802343,-0.057439487279103106,0.21462132621198185,0.17293568991732253
2025-08-25T23:06:12.290000,0.0,0.04329588310793042,0.10444719484075904,26.32909389469717,389.12,49.7,0.5779259305046552,0.42260063905890677,0.09624503569006208,-0.11877946531732983,0.05709983465354353,0.1005970206295805,0.09218354993802343,-0.057439487279103106,0.21462132621198185,0.17293568991732253
2025-08-25T23:06:13.286000,0.0,0.03567324788309634,0.10056747915223241,27.344823825575038,389.12,49.7,0.5779259305046552,0.42260063905890677,0.09624503569006208,-0.11877946531732983,0.05709983465354353,0.1005970206295805,0.09218354993802343,-0.057439487279103106,0.21462132621198185,0.17293568991732253
2025-08-25T23:06:14.287000,0.0,0.03197760693728924,0.09680691198445857,30.989522736575324,389.12,49.7,0.5779259305046552,0.42260063905890677,0.09624503569006208,-0.11877946531732983,0.05709983465354353,0.1005970206295805,0.09218354993802343,-0.057439487279103106,0.21462132621198185,0.17293568991732253
2025-08-25T23:06:15.286000,0.0,0.027570985024794936,0.09592600585892797,28.66792977958687,389.12,49.7,0.5779259305046552,0.42260063905890677,0.09624503569006208,-0.11877946531732983,0.05709983465354353,0.1005970206295805,0.09218354993802343,-0.057439487279103106,0.21462132621198185,0.17293568991732253
2025-08-25T23:06:16.286000,0.0,0.027262819930911064,0.09592391294427216,31.27478756775593,389.12,49.7,0.5779259305046552,0.42260063905890677,0.09624503569006208,-0.11877946531732983,0.05709983465354353,0.1005970206295805,0.09218354993802343,-0.057439487279103106,0.21462132621198185,0.17293568991732253
2025-08-25T23:06:17.288000,0.0,0.027243245160207152,0.0966627630405128,31.03573605425163,389.12,49.7,0.5779259305046552,0.42260063905890677,0.09624503569006208,-0.11877946531732983,0.05709983465354353,0.1005970206295805,0.09218354993802343,-0.057439487279103106,0.21462132621198185,0.17293568991732253
2025-08-25T23:06:18.287000,0.0,0.02776722493581474,0.09127725497819483,30.127987532676475,389.12,49.7,0.5779259305046552,0.42260063905890677,0.09624503569006208,-0.11877946531732983,0.05709983465354353,0.1005970206295805,0.09218354993802343,-0.057439487279103106,0.21462132621198185,0.17293568991732253
2025-08-25T23:06:19.298000,0.0,0.02610541391186416,0.09249766007997096,32.433252878032874,389.12,49.7,0.5779259305046552,0.42260063905890677,0.09624503569006208,-0.11877946531732983,0.05709983465354353,0.1005970206295805,0.09218354993802343,-0.057439487279103106,0.21462132621198185,0.17293568991732253
2025-08-25T23:06:20.298000,0.0,0.026542449835687876,0.0941074350848794,31.878458883659945,389.12,49.7,0.5779259305046552,0.42260063905890677,0.09624503569006208,-0.11877946531732983,0.05709983465354353,0.1005970206295805,0.09218354993802343,-0.057439487279103106,0.21462132621198185,0.17293568991732253
2025-08-25T23:06:21.297000,0.0,0.026368987979367375,0.09499956201761961,28.94750187890279,389.12,49.7,0.5779259305046552,0.42260063905890677,0.09624503569006208,-0.11877946531732983,0.05709983465354353,0.1005970206295805,0.09218354993802343,-0.057439487279103106,0.21462132621198185,0.17293568991732253
2025-08-25T23:06:22.297000,0.0,0.02612450602464378,0.09336495399475098,29.454306807184643,389.12,49.7,0.5779259305046552,0.42260063905890677,0.09624503569006208,-0.11877946531732983,0.05709983465354353,0.1005970206295805,0.09218354993802343,-0.057439487279103106,0.21462132621198185,0.17293568991732253
2025-08-25T23:06:23.297000,0.0,0.026110728969797492,0.09097079210914671,27.481348046310693,389.12,49.7,0.5779259305046552,0.42260063905890677,0.09624503569006208,-0.11877946531732983,0.05709983465354353,0.1005970206295805,0.09218354993802343,-0.057439487279103106,0.21462132621198185,0.17293568991732253
2025-08-25T23:06:24.307000,0.0,0.02725306013599038,0.09102353313937783,30.21196722598218,389.12,49.7,0.5779259305046552,0.42260063905890677,0.09624503569006208,-0.11877946531732983,0.05709983465354353,0.1005970206295805,0.09218354993802343,-0.057439487279103106,0.21462132621198185,0.17293568991732253
2025-08-25T23:06:25.318000,0.0,0.02780281798914075,0.09087647683918476,27.50986929680332,389.12,49.7,0.5779259305046552,0.42260063905890677,0.09624503569006208,-0.11877946531732983,0.05709983465354353,0.1005970206295805,0.09218354993802343,-0.057439487279103106,0.21462132621198185,0.17293568991732253
2025-08-25T23:06:26.317000,0.0,0.027222670847550035,0.10037371795624495,29.888302048428546,389.12,49.7,0.5779259305046552,0.42260063905890677,0.09624503569006208,-0.11877946531732983,0.05709983465354353,0.1005970206295805,0.09218354993802343,-0.057439487279103106,0.21462132621198185,0.17293568991732253
2025-08-25T23:06:27.288000,0.0,0.030608942033722997,0.1297831628471613,25.041769122450923,389.12,49.7,0.5779259305046552,0.42260063905890677,0.09624503569006208,-0.11877946531732983,0.05709983465354353,0.1005970206295805,0.09218354993802343,-0.057439487279103106,0.21462132621198185,0.17293568991732253
2025-08-25T23:06:28.288000,0.0,0.043760825181379914,0.12772064795717597,25.446159661589583,389.12,49.7,0.5779259305046552,0.42260063905890677,0.09624503569006208,-0.11877946531732983,0.05709983465354353,0.1005970206295805,0.09218354993802343,-0.057439487279103106,0.21462132621198185,0.17293568991732253
2025-08-25T23:06:29.288000,0.0,0.0431988809723407,0.1287323299329728,25.246183314573393,389.12,49.7,0.5779259305046552,0.42260063905890677,0.09624503569006208,-0.11877946531732983,0.05709983465354353,0.1005970206295805,0.09218354993802343,-0.057439487279103106,0.21462132621198185,0.17293568991732253
2025-08-25T23:06:30.288000,0.0,0.04300993704237044,0.12955105095170438,27.01637674328699,389.12,49.7,0.5779259305046552,0.42260063905890677,0.09624503569006208,-0.11877946531732983,0.05709983465354353,0.1005970206295805,0.09218354993802343,-0.057439487279103106,0.21462132621198185,0.17293568991732253
2025-08-25T23:07:18.569000,0.0,,0.40873287711292505,7.951403427481335,389.12,50.1,0.4823893882795191,0.31513884828151245,0.03540405795550897,-0.082603540139342,0.08896052242425513,0.06360448028531701,0.0029792865237105205,0.10500495210567566,0.20010613738565616,0.07140112022943078,-0.027819237356710918,-0.012701956346346674,0.21536237262292074
2025-08-25T23:07:19.569000,0.0,0.03830827586352825,0.10391547996550798,31.275417301433116,389.12,50.1,0.4823893882795191,0.31513884828151245,0.03540405795550897,-0.082603540139342,0.08896052242425513,0.06360448028531701,0.0029792865237105205,0.10500495210567566,0.20010613738565616,0.07140112022943078,-0.027819237356710918,-0.012701956346346674,0.21536237262292074
2025-08-25T23:07:20.567000,0.0,0.03497222694568336,0.10450094100087881,31.100198418047203,389.12,50.1,0.4823893882795191,0.31513884828151245,0.03540405795550897,-0.082603540139342,0.08896052242425513,0.06360448028531701,0.0029792865237105205,0.10500495210567566,0.20010613738565616,0.07140112022943078,-0.027819237356710918,-0.012701956346346674,0.21536237262292074
2025-08-25T23:07:21.567000,0.0,0.034883708925917745,0.10448836698196828,31.1039409828357,389.12,50.1,0.4823893882795191,0.31513884828151245,0.03540405795550897,-0.082603540139342,0.08896052242425513,0.06360448028531701,0.0029792865237105205,0.10500495210567566,0.20010613738565616,0.07140112022943078,-0.027819237356710918,-0.012701956346346674,0.21536237262292074
2025-08-25T23:07:22.568000,0.0,0.03491611615754664,0.1004172449465841,32.36495884475642,389.12,50.1,0.4823893882795191,0.31513884828151245,0.03540405795550897,-0.082603540139342,0.08896052242425513,0.06360448028531701,0.0029792865237105205,0.10500495210567566,0.20010613738565616,0.07140112022943078,-0.027819237356710918,-0.012701956346346674,0.21536237262292074
2025-08-25T23:07:23.599000,0.0,0.03471880196593702,0.10013407911174,29.959830125888647,389.12,50.1,0.4823893882795191,0.31513884828151245,0.03540405795550897,-0.082603540139342,0.08896052242425513,0.06360448028531701,0.0029792865237105205,0.10500495210567566,0.20010613738565616,0.07140112022943078,-0.027819237356710918,-0.012701956346346674,0.21536237262292074
2025-08-25T23:07:24.589000,0.0,0.034762819996103644,0.09913737699389458,32.78279190501653,389.12,50.1,0.4823893882795191,0.31513884828151245,0.03540405795550897,-0.082603540139342,0.08896052242425513,0.06360448028531701,0.0029792865237105205,0.10500495210567566,0.20010613738565616,0.07140112022943078,-0.027819237356710918,-0.012701956346346674,0.21536237262292074
2025-08-25T23:07:25.598000,0.0,0.034835190046578646,0.09910098905675113,30.272149940723615,389.12,50.1,0.4823893882795191,0.31513884828151245,0.03540405795550897,-0.082603540139342,0.08896052242425513,0.06360448028531701,0.0029792865237105205,0.10500495210567566,0.20010613738565616,0.07140112022943078,-0.027819237356710918,-0.012701956346346674,0.21536237262292074
2025-08-25T23:07:26.598000,0.0,0.03483504103496671,0.09844706393778324,30.473229774490036,389.12,50.1,0.4823893882795191,0.31513884828151245,0.03540405795550897,-0.082603540139342,0.08896052242425513,0.06360448028531701,0.0029792865237105205,0.10500495210567566,0.20010613738565616,0.07140112022943078,-0.027819237356710918,-0.012701956346346674,0.21536237262292074
2025-08-25T23:07:27.599000,0.0,0.03479135688394308,0.099632672034204,32.619821727598016,389.12,50.1,0.4823893882795191,0.31513884828151245,0.03540405795550897,-0.082603540139342,0.08896052242425513,0.06360448028531701,0.0029792865237105205,0.10500495210567566,0.20010613738565616,0.07140112022943078,-0.027819237356710918,-0.012701956346346674,0.21536237262292074
2025-08-25T23:07:28.597000,0.0,0.03545142896473408,0.10378860798664391,33.7223908085405,389.12,50.1,0.4823893882795191,0.31513884828151245,0.03540405795550897,-0.082603540139342,0.08896052242425513,0.06360448028531701,0.0029792865237105205,0.10500495210567566,0.20010613738565616,0.07140112022943078,-0.027819237356710918,-0.012701956346346674,0.21536237262292074
2025-08-25T23:07:29.567000,0.0,0.03466424602083862,0.10475653200410306,33.410804396071825,389.12,50.1,0.4823893882795191,0.31513884828151245,0.03540405795550897,-0.082603540139342,0.08896052242425513,0.06360448028531701,0.0029792865237105205,0.10500495210567566,0.20010613738565616,0.07140112022943078,-0.027819237356710918,-0.012701956346346674,0.21536237262292074
2025-08-25T23:07:30.569000,0.0,0.03492720820941031,0.10436406917870045,31.140985835222235,389.12,50.1,0.4823893882795191,0.31513884828151245,0.03540405795550897,-0.082603540139342,0.08896052242425513,0.06360448028531701,0.0029792865237105205,0.10500495210567566,0.20010613738565616,0.07140112022943078,-0.027819237356710918,-0.012701956346346674,0.21536237262292074
2025-08-25T23:07:31.570000,0.0,0.03492318885400891,0.10285448003560305,31.598040249437737,389.12,50.1,0.4823893882795191,0.31513884828151245,0.03540405795550897,-0.082603540139342,0.08896052242425513,0.06360448028531701,0.0029792865237105205,0.10500495210567566,0.20010613738565616,0.07140112022943078,-0.027819237356710918,-0.012701956346346674,0.21536237262292074
2025-08-25T23:07:32.568000,0.0,0.03430767194367945,0.10314634907990694,31.50862855535698,389.12,50.1,0.4823893882795191,0.31513884828151245,0.03540405795550897,-0.082603540139342,0.08896052242425513,0.06360448028531701,0.0029792865237105205,0.10500495210567566,0.20010613738565616,0.07140112022943078,-0.027819237356710918,-0.012701956346346674,0.21536237262292074
2025-08-25T23:07:33.578000,0.0,0.03508154093287885,0.10226018400862813,29.33693136858484,389.12,50.1,0.4823893882795191,0.31513884828151245,0.03540405795550897,-0.082603540139342,0.08896052242425513,0.06360448028531701,0.0029792865237105205,0.10500495210567566,0.20010613738565616,0.07140112022943078,-0.027819237356710918,-0.012701956346346674,0.21536237262292074
2025-08-25T23:07:34.580000,0.0,0.03475970798172057,0.10107437102124095,29.681114704829824,389.12,50.1,0.4823893882795191,0.31513884828151245,0.03540405795550897,-0.082603540139342,0.08896052242425513,0.06360448028531701,0.0029792865237105205,0.10500495210567566,0.20010613738565616,0.07140112022943078,-0.027819237356710918,-0.012701956346346674,0.21536237262292074
2025-08-25T23:07:35.579000,0.0,0.034647042164579034,0.10181966703385115,31.91917725403206,389.12,50.1,0.4823893882795191,0.31513884828151245,0.03540405795550897,-0.082603540139342,0.08896052242425513,0.06360448028531701,0.0029792865237105205,0.10500495210567566,0.20010613738565616,0.07140112022943078,-0.027819237356710918,-0.012701956346346674,0.21536237262292074
2025-08-25T23:07:36.578000,0.0,0.034786521922796965,0.10289977514185011,31.58413121427877,389.12,50.1,0.4823893882795191,0.31513884828151245,0.03540405795550897,-0.082603540139342,0.08896052242425513,0.06360448028531701,0.0029792865237105205,0.10500495210567566,0.20010613738565616,0.07140112022943078,-0.027819237356710918,-0.012701956346346674,0.21536237262292074
2025-08-25T23:07:37.580000,0.0,0.03478931915014982,0.10259918286465108,31.676665537262828,389.12,50.1,0.4823893882795191,0.31513884828151245,0.03540405795550897,-0.082603540139342,0.08896052242425513,0.06360448028531701,0.0029792865237105205,0.10500495210567566,0.20010613738565616,0.07140112022943078,-0.027819237356710918,-0.012701956346346674,0.21536237262292074
2025-08-25T23:07:38.578000,0.0,0.03554309508763254,0.10080772405490279,32.23959305171825,389.12,50.1,0.4823893882795191,0.31513884828151245,0.03540405795550897,-0.082603540139342,0.08896052242425513,0.06360448028531701,0.0029792865237105205,0.10500495210567566,0.20010613738565616,0.07140112022943078,-0.027819237356710918,-0.012701956346346674,0.21536237262292074
2025-08-25T23:07:39.589000,0.0,0.03413445013575256,0.09804834006354213,33.146915061425766,389.12,50.1,0.4823893882795191,0.31513884828151245,0.03540405795550897,-0.082603540139342,0.08896052242425513,0.06360448028531701,0.0029792865237105205,0.10500495210567566,0.20010613738565616,0.07140112022943078,-0.027819237356710918,-0.012701956346346674,0.21536237262292074
2025-08-25T23:07:40.599000,0.0,0.03466030093841255,0.09955820697359741,32.644219886984864,389.12,50.1,0.4823893882795191,0.31513884828151245,0.03540405795550897,-0.082603540139342,0.08896052242425513,0.06360448028531701,0.0029792865237105205,0.10500495210567566,0.20010613738565616,0.07140112022943078,-0.027819237356710918,-0.012701956346346674,0.21536237262292074
2025-08-25T23:07:41.599000,0.0,0.03530298499390483,0.10547586204484105,30.812737028101267,389.12,50.1,0.4823893882795191,0.31513884828151245,0.03540405795550897,-0.082603540139342,0.08896052242425513,0.06360448028531701,0.0029792865237105205,0.10500495210567566,0.20010613738565616,0.07140112022943078,-0.027819237356710918,-0.012701956346346674,0.21536237262292074
2025-08-25T23:07:42.569000,0.0,0.03538342798128724,0.10321632912382483,29.065168520002636,389.12,50.1,0.4823893882795191,0.31513884828151245,0.03540405795550897,-0.082603540139342,0.08896052242425513,0.06360448028531701,0.0029792865237105205,0.10500495210567566,0.20010613738565616,0.07140112022943078,-0.027819237356710918,-0.012701956346346674,0.21536237262292074
2025-08-25T23:07:43.569000,0.0,0.034640338039025664,0.10357947601005435,31.376872380436655,389.12,50.1,0.4823893882795191,0.31513884828151245,0.03540405795550897,-0.082603540139342,0.08896052242425513,0.06360448028531701,0.0029792865237105205,0.10500495210567566,0.20010613738565616,0.07140112022943078,-0.027819237356710918,-0.012701956346346674,0.21536237262292074
2025-08-25T23:07:44.571000,0.0,0.034739078022539616,0.10028035379946232,29.916128995707847,389.12,50.1,0.4823893882795191,0.31513884828151245,0.03540405795550897,-0.082603540139342,0.08896052242425513,0.06360448028531701,0.0029792865237105205,0.10500495210567566,0.20010613738565616,0.07140112022943078,-0.027819237356710918,-0.012701956346346674,0.21536237262292074
2025-08-25T23:07:45.601000,0.0,0.03522191010415554,0.10281151509843767,31.611245071997303,389.12,50.1,0.4823893882795191,0.31513884828151245,0.03540405795550897,-0.082603540139342,0.08896052242425513,0.06360448028531701,0.0029792865237105205,0.10500495210567566,0.20010613738565616,0.07140112022943078,-0.027819237356710918,-0.012701956346346674,0.21536237262292074
2025-08-25T23:07:46.579000,0.0,0.03514331812039018,0.1015202768612653,29.550746833558566,389.12,50.2,0.4823893882795191,0.31513884828151245,0.03540405795550897,-0.082603540139342,0.08896052242425513,0.06360448028531701,0.0029792865237105205,0.10500495210567566,0.20010613738565616,0.07140112022943078,-0.027819237356710918,-0.012701956346346674,0.21536237262292074
2025-08-25T23:07:47.580000,0.0,0.03484655893407762,0.09836937510408461,30.497296509464718,389.12,50.2,0.4823893882795191,0.31513884828151245,0.03540405795550897,-0.082603540139342,0.08896052242425513,0.06360448028531701,0.0029792865237105205,0.10500495210567566,0.20010613738565616,0.07140112022943078,-0.027819237356710918,-0.012701956346346674,0.21536237262292074
2025-08-25T23:07:48.589000,0.0,0.033638727851212025,0.10240640281699598,31.736296858389267,389.12,50.2,0.4823893882795191,0.31513884828151245,0.03540405795550897,-0.082603540139342,0.08896052242425513,0.06360448028531701,0.0029792865237105205,0.10500495210567566,0.20010613738565616,0.07140112022943078,-0.027819237356710918,-0.012701956346346674,0.21536237262292074
2025-08-25T23:07:49.580000,0.0,0.03488083719275892,0.10215125605463982,29.36821450727293,389.12,50.2,0.4823893882795191,0.31513884828151245,0.03540405795550897,-0.082603540139342,0.08896052242425513,0.06360448028531701,0.0029792865237105205,0.10500495210567566,0.20010613738565616,0.07140112022943078,-0.027819237356710918,-0.012701956346346674,0.21536237262292074
2025-08-25T23:07:50.580000,0.0,0.034778115106746554,0.10260907001793385,31.67361325301891,389.12,50.2,0.4823893882795191,0.31513884828151245,0.03540405795550897,-0.082603540139342,0.08896052242425513,0.06360448028531701,0.0029792865237105205,0.10500495210567566,0.20010613738565616,0.07140112022943078,-0.027819237356710918,-0.012701956346346674,0.21536237262292074
2025-08-25T23:07:51.579000,0.0,0.03482933691702783,0.10151564609259367,32.014769398558514,389.12,50.2,0.4823893882795191,0.31513884828151245,0.03540405795550897,-0.082603540139342,0.08896052242425513,0.06360448028531701,0.0029792865237105205,0.10500495210567566,0.20010613738565616,0.07140112022943078,-0.027819237356710918,-0.012701956346346674,0.21536237262292074
2025-08-25T23:07:52.580000,0.0,0.035398873034864664,0.1039524560328573,31.264292581723275,389.12,50.2,0.4823893882795191,0.31513884828151245,0.03540405795550897,-0.082603540139342,0.08896052242425513,0.06360448028531701,0.0029792865237105205,0.10500495210567566,0.20010613738565616,0.07140112022943078,-0.027819237356710918,-0.012701956346346674,0.21536237262292074
2025-08-25T23:07:53.580000,0.0,0.03483581799082458,0.10157992411404848,29.533394774264508,389.12,50.2,0.4823893882795191,0.31513884828151245,0.03540405795550897,-0.082603540139342,0.08896052242425513,0.06360448028531701,0.0029792865237105205,0.10500495210567566,0.20010613738565616,0.07140112022943078,-0.027819237356710918,-0.012701956346346674,0.21536237262292074
2025-08-25T23:07:54.579000,0.0,0.03464480000548065,0.10111558996140957,32.14143339558633,389.12,50.2,0.4823893882795191,0.31513884828151245,0.03540405795550897,-0.082603540139342,0.08896052242425513,0.06360448028531701,0.0029792865237105205,0.10500495210567566,0.20010613738565616,0.07140112022943078,-0.027819237356710918,-0.012701956346346674,0.21536237262292074
2025-08-25T23:07:55.581000,0.0,0.0346590590197593,0.09990714816376567,32.53020489257418,389.12,50.2,0.4823893882795191,0.31513884828151245,0.03540405795550897,-0.082603540139342,0.08896052242425513,0.06360448028531701,0.0029792865237105205,0.10500495210567566,0.20010613738565616,0.07140112022943078,-0.027819237356710918,-0.012701956346346674,0.21536237262292074
2025-08-25T23:07:56.590000,0.0,0.03395630116574466,0.1013735351152718,32.05964945687738,389.12,50.2,0.4823893882795191,0.31513884828151245,0.03540405795550897,-0.082603540139342,0.08896052242425513,0.06360448028531701,0.0029792865237105205,0.10500495210567566,0.20010613738565616,0.07140112022943078,-0.027819237356710918,-0.012701956346346674,0.21536237262292074
2025-08-25T23:07:57.591000,0.0,0.03382176486775279,0.10296297492459416,31.564744534432315,389.12,50.2,0.4823893882795191,0.31513884828151245,0.03540405795550897,-0.082603540139342,0.08896052242425513,0.06360448028531701,0.0029792865237105205,0.10500495210567566,0.20010613738565616,0.07140112022943078,-0.027819237356710918,-0.012701956346346674,0.21536237262292074
2025-08-25T23:07:58.580000,0.0,0.034949632827192545,0.10291090095415711,31.580716618619586,389.12,50.2,0.4823893882795191,0.31513884828151245,0.03540405795550897,-0.082603540139342,0.08896052242425513,0.06360448028531701,0.0029792865237105205,0.10500495210567566,0.20010613738565616,0.07140112022943078,-0.027819237356710918,-0.012701956346346674,0.21536237262292074
2025-08-25T23:07:59.570000,0.0,0.03477635490708053,0.09764961618930101,30.72208695817404,389.12,50.2,0.4823893882795191,0.31513884828151245,0.03540405795550897,-0.082603540139342,0.08896052242425513,0.06360448028531701,0.0029792865237105205,0.10500495210567566,0.20010613738565616,0.07140112022943078,-0.027819237356710918,-0.012701956346346674,0.21536237262292074
2025-08-25T23:08:00.610000,0.0,0.03487955895252526,0.10412706504575908,31.211865988652036,389.12,50.2,0.4823893882795191,0.31513884828151245,0.03540405795550897,-0.082603540139342,0.08896052242425513,0.06360448028531701,0.0029792865237105205,0.10500495210567566,0.20010613738565616,0.07140112022943078,-0.027819237356710918,-0.012701956346346674,0.21536237262292074
2025-08-25T23:08:01.580000,0.0,0.03493703901767731,0.10006598080508411,29.980218810264148,389.12,50.2,0.4823893882795191,0.31513884828151245,0.03540405795550897,-0.082603540139342,0.08896052242425513,0.06360448028531701,0.0029792865237105205,0.10500495210567566,0.20010613738565616,0.07140112022943078,-0.027819237356710918,-0.012701956346346674,0.21536237262292074
2025-08-25T23:08:53.670000,0.0,,0.42837714799679816,9.337566251386269,389.12,50.2,0.4330448133364777,0.3740378910670337,0.10824495277793358,-0.07956768931854721,0.05959661057393911,0.07421782619753396,0.11439124024629979,0.027447403498042425,0.21058815772154454,0.059204095554842316,-0.00514433783751226,0.010847369709375144,0.20357442442511936,0.09206732871752507,0.21145446372307924,0.23136254093394518
2025-08-25T23:08:54.670000,0.0,0.05924743018113077,0.12317486898973584,28.41488713328097,389.12,50.2,0.4330448133364777,0.3740378910670337,0.10824495277793358,-0.07956768931854721,0.05959661057393911,0.07421782619753396,0.11439124024629979,0.027447403498042425,0.21058815772154454,0.059204095554842316,-0.00514433783751226,0.010847369709375144,0.20357442442511936,0.09206732871752507,0.21145446372307924,0.23136254093394518
2025-08-25T23:08:55.672000,0.0,0.05618610302917659,0.12518188310787082,31.953505576786995,389.12,50.2,0.4330448133364777,0.3740378910670337,0.10824495277793358,-0.07956768931854721,0.05959661057393911,0.07421782619753396,0.11439124024629979,0.027447403498042425,0.21058815772154454,0.059204095554842316,-0.00514433783751226,0.010847369709375144,0.20357442442511936,0.09206732871752507,0.21145446372307924,0.23136254093394518
2025-08-25T23:08:56.663000,0.0,0.05623558419756591,0.12371618207544088,30.311313662373223,389.12,50.2,0.4330448133364777,0.3740378910670337,0.10824495277793358,-0.07956768931854721,0.05959661057393911,0.07421782619753396,0.11439124024629979,0.027447403498042425,0.21058815772154454,0.059204095554842316,-0.00514433783751226,0.010847369709375144,0.20357442442511936,0.09206732871752507,0.21145446372307924,0.23136254093394518
2025-08-25T23:08:57.672000,0.0,0.05614786222577095,0.11288183415308595,33.220579982022656,389.12,50.2,0.4330448133364777,0.3740378910670337,0.10824495277793358,-0.07956768931854721,0.05959661057393911,0.07421782619753396,0.11439124024629979,0.027447403498042425,0.21058815772154454,0.059204095554842316,-0.00514433783751226,0.010847369709375144,0.20357442442511936,0.09206732871752507,0.21145446372307924,0.23136254093394518
2025-08-25T23:08:58.672000,0.0,0.0476151208858937,0.11358012910932302,28.61416011309366,389.12,50.2,0.4330448133364777,0.3740378910670337,0.10824495277793358,-0.07956768931854721,0.05959661057393911,0.07421782619753396,0.11439124024629979,0.027447403498042425,0.21058815772154454,0.059204095554842316,-0.00514433783751226,0.010847369709375144,0.20357442442511936,0.09206732871752507,0.21145446372307924,0.23136254093394518
2025-08-25T23:08:59.672000,0.0,0.046135419979691505,0.10909041692502797,32.08347807860499,389.12,50.2,0.4330448133364777,0.3740378910670337,0.10824495277793358,-0.07956768931854721,0.05959661057393911,0.07421782619753396,0.11439124024629979,0.027447403498042425,0.21058815772154454,0.059204095554842316,-0.00514433783751226,0.010847369709375144,0.20357442442511936,0.09206732871752507,0.21145446372307924,0.23136254093394518
2025-08-25T23:09:00.682000,0.0,0.04339624079875648,0.10813401103951037,30.0552986868537,389.12,50.2,0.4330448133364777,0.3740378910670337,0.10824495277793358,-0.07956768931854721,0.05959661057393911,0.07421782619753396,0.11439124024629979,0.027447403498042425,0.21058815772154454,0.059204095554842316,-0.00514433783751226,0.010847369709375144,0.20357442442511936,0.09206732871752507,0.21145446372307924,0.23136254093394518
2025-08-25T23:09:01.682000,0.0,0.04271146492101252,0.11140583688393235,33.660713880790006,389.12,50.3,0.4330448133364777,0.3740378910670337,0.10824495277793358,-0.07956768931854721,0.05959661057393911,0.07421782619753396,0.11439124024629979,0.027447403498042425,0.21058815772154454,0.059204095554842316,-0.00514433783751226,0.010847369709375144,0.20357442442511936,0.09206732871752507,0.21145446372307924,0.23136254093394518
2025-08-25T23:09:02.673000,0.0,0.04378362884745002,0.11176429805345833,33.55275401279159,389.12,50.3,0.4330448133364777,0.3740378910670337,0.10824495277793358,-0.07956768931854721,0.05959661057393911,0.07421782619753396,0.11439124024629979,0.027447403498042425,0.21058815772154454,0.059204095554842316,-0.00514433783751226,0.010847369709375144,0.20357442442511936,0.09206732871752507,0.21145446372307924,0.23136254093394518
2025-08-25T23:09:03.662000,0.0,0.0424968721345067,0.12460397486574948,28.088991573270246,389.12,50.3,0.4330448133364777,0.3740378910670337,0.10824495277793358,-0.07956768931854721,0.05959661057393911,0.07421782619753396,0.11439124024629979,0.027447403498042425,0.21058815772154454,0.059204095554842316,-0.00514433783751226,0.010847369709375144,0.20357442442511936,0.09206732871752507,0.21145446372307924,0.23136254093394518
2025-08-25T23:09:04.661000,0.0,0.05546947498805821,0.15310065494850278,26.126602798305797,389.12,50.3,0.4330448133364777,0.3740378910670337,0.10824495277793358,-0.07956768931854721,0.05959661057393911,0.07421782619753396,0.11439124024629979,0.027447403498042425,0.21058815772154454,0.059204095554842316,-0.00514433783751226,0.010847369709375144,0.20357442442511936,0.09206732871752507,0.21145446372307924,0.23136254093394518
2025-08-25T23:09:05.662000,0.0,0.06817907700315118,0.1498441060539335,26.694409979397687,389.12,50.3,0.4330448133364777,0.3740378910670337,0.10824495277793358,-0.07956768931854721,0.05959661057393911,0.07421782619753396,0.11439124024629979,0.027447403498042425,0.21058815772154454,0.059204095554842316,-0.00514433783751226,0.010847369709375144,0.20357442442511936,0.09206732871752507,0.21145446372307924,0.23136254093394518
2025-08-25T23:09:06.662000,0.0,0.06599991489201784,0.11113183619454503,33.74370592991278,389.12,50.3,0.4330448133364777,0.3740378910670337,0.10824495277793358,-0.07956768931854721,0.05959661057393911,0.07421782619753396,0.11439124024629979,0.027447403498042425,0.21058815772154454,0.059204095554842316,-0.00514433783751226,0.010847369709375144,0.20357442442511936,0.09206732871752507,0.21145446372307924,0.23136254093394518
2025-08-25T23:09:07.673000,0.0,0.04357236996293068,0.10858026798814535,29.931773610604886,389.12,50.3,0.4330448133364777,0.3740378910670337,0.10824495277793358,-0.07956768931854721,0.05959661057393911,0.07421782619753396,0.11439124024629979,0.027447403498042425,0.21058815772154454,0.059204095554842316,-0.00514433783751226,0.010847369709375144,0.20357442442511936,0.09206732871752507,0.21145446372307924,0.23136254093394518
2025-08-25T23:09:08.683000,0.0,0.04388966504484415,0.12110188999213278,28.90128304543672,399.36,50.5,0.4330448133364777,0.3740378910670337,0.10824495277793358,-0.07956768931854721,0.05959661057393911,0.07421782619753396,0.11439124024629979,0.027447403498042425,0.21058815772154454,0.059204095554842316,-0.00514433783751226,0.010847369709375144,0.20357442442511936,0.09206732871752507,0.21145446372307924,0.23136254093394518
2025-08-25T23:09:09.692000,0.0,0.056482324143871665,0.13002173998393118,26.91857531234826,399.36,50.5,0.4330448133364777,0.3740378910670337,0.10824495277793358,-0.07956768931854721,0.05959661057393911,0.07421782619753396,0.11439124024629979,0.027447403498042425,0.21058815772154454,0.059204095554842316,-0.00514433783751226,0.010847369709375144,0.20357442442511936,0.09206732871752507,0.21145446372307924,0.23136254093394518
2025-08-25T23:09:10.692000,0.0,0.06579980393871665,0.11242514802142978,31.131824699336047,399.36,50.5,0.4330448133364777,0.3740378910670337,0.10824495277793358,-0.07956768931854721,0.05959661057393911,0.07421782619753396,0.11439124024629979,0.027447403498042425,0.21058815772154454,0.059204095554842316,-0.00514433783751226,0.010847369709375144,0.20357442442511936,0.09206732871752507,0.21145446372307924,0.23136254093394518
2025-08-25T23:09:11.692000,0.0,0.04318779683671892,0.11321066482923925,28.70754274698498,399.36,50.5,0.4330448133364777,0.3740378910670337,0.10824495277793358,-0.07956768931854721,0.05959661057393911,0.07421782619753396,0.11439124024629979,0.027447403498042425,0.21058815772154454,0.059204095554842316,-0.00514433783751226,0.010847369709375144,0.20357442442511936,0.09206732871752507,0.21145446372307924,0.23136254093394518
2025-08-25T23:09:12.649000,0.0,0.042718890123069286,0.11047894787043333,31.680243770104273,399.36,50.5,0.4330448133364777,0.3740378910670337,0.10824495277793358,-0.07956768931854721,0.05959661057393911,0.07421782619753396,0.11439124024629979,0.027447403498042425,0.21058815772154454,0.059204095554842316,-0.00514433783751226,0.010847369709375144,0.20357442442511936,0.09206732871752507,0.21145446372307924,0.23136254093394518
2025-08-25T23:09:13.658000,0.0,0.04368464695289731,0.11667958297766745,29.99667903055427,399.36,50.5,0.4330448133364777,0.3740378910670337,0.10824495277793358,-0.07956768931854721,0.05959661057393911,0.07421782619753396,0.11439124024629979,0.027447403498042425,0.21058815772154454,0.059204095554842316,-0.00514433783751226,0.010847369709375144,0.20357442442511936,0.09206732871752507,0.21145446372307924,0.23136254093394518
2025-08-25T23:09:14.680000,0.0,0.05403217999264598,0.1062233280390501,30.59591579361175,399.36,50.5,0.4330448133364777,0.3740378910670337,0.10824495277793358,-0.07956768931854721,0.05959661057393911,0.07421782619753396,0.11439124024629979,0.027447403498042425,0.21058815772154454,0.059204095554842316,-0.00514433783751226,0.010847369709375144,0.20357442442511936,0.09206732871752507,0.21145446372307924,0.23136254093394518
2025-08-25T23:09:15.678000,0.0,0.042794444831088185,0.10685806698165834,32.75372743361315,399.36,50.5,0.4330448133364777,0.3740378910670337,0.10824495277793358,-0.07956768931854721,0.05959661057393911,0.07421782619753396,0.11439124024629979,0.027447403498042425,0.21058815772154454,0.059204095554842316,-0.00514433783751226,0.010847369709375144,0.20357442442511936,0.09206732871752507,0.21145446372307924,0.23136254093394518
2025-08-25T23:09:16.677000,0.0,0.043646035017445683,0.10616656788624823,32.96706364050486,399.36,50.5,0.4330448133364777,0.3740378910670337,0.10824495277793358,-0.07956768931854721,0.05959661057393911,0.07421782619753396,0.11439124024629979,0.027447403498042425,0.21058815772154454,0.059204095554842316,-0.00514433783751226,0.010847369709375144,0.20357442442511936,0.09206732871752507,0.21145446372307924,0.23136254093394518
2025-08-25T23:09:17.679000,0.0,0.04300574096851051,0.11269547906704247,33.27551407602767,399.36,50.5,0.4330448133364777,0.3740378910670337,0.10824495277793358,-0.07956768931854721,0.05959661057393911,0.07421782619753396,0.11439124024629979,0.027447403498042425,0.21058815772154454,0.059204095554842316,-0.00514433783751226,0.010847369709375144,0.20357442442511936,0.09206732871752507,0.21145446372307924,0.23136254093394518
2025-08-25T23:09:18.647000,0.0,0.04284666711464524,0.11023974395357072,31.748985206951286,399.36,50.5,0.4330448133364777,0.3740378910670337,0.10824495277793358,-0.07956768931854721,0.05959661057393911,0.07421782619753396,0.11439124024629979,0.027447403498042425,0.21058815772154454,0.059204095554842316,-0.00514433783751226,0.010847369709375144,0.20357442442511936,0.09206732871752507,0.21145446372307924,0.23136254093394518
2025-08-25T23:09:19.657000,0.0,0.04338257317431271,0.11447279085405171,32.758876341025584,399.36,50.5,0.4330448133364777,0.3740378910670337,0.10824495277793358,-0.07956768931854721,0.05959661057393911,0.07421782619753396,0.11439124024629979,0.027447403498042425,0.21058815772154454,0.059204095554842316,-0.00514433783751226,0.010847369709375144,0.20357442442511936,0.09206732871752507,0.21145446372307924,0.23136254093394518
2025-08-25T23:09:20.657000,0.0,0.048546192003414035,0.10978031903505325,31.881853056761944,399.36,50.5,0.4330448133364777,0.3740378910670337,0.10824495277793358,-0.07956768931854721,0.05959661057393911,0.07421782619753396,0.11439124024629979,0.027447403498042425,0.21058815772154454,0.059204095554842316,-0.00514433783751226,0.010847369709375144,0.20357442442511936,0.09206732871752507,0.21145446372307924,0.23136254093394518
2025-08-25T23:09:21.658000,0.0,0.043745017144829035,0.1092211538925767,32.0450743767311,399.36,50.5,0.4330448133364777,0.3740378910670337,0.10824495277793358,-0.07956768931854721,0.05959661057393911,0.07421782619753396,0.11439124024629979,0.027447403498042425,0.21058815772154454,0.059204095554842316,-0.00514433783751226,0.010847369709375144,0.20357442442511936,0.09206732871752507,0.21145446372307924,0.23136254093394518
2025-08-25T23:09:22.658000,0.0,0.04290279606357217,0.1213310721796006,30.907169388967553,399.36,50.5,0.4330448133364777,0.3740378910670337,0.10824495277793358,-0.07956768931854721,0.05959661057393911,0.07421782619753396,0.11439124024629979,0.027447403498042425,0.21058815772154454,0.059204095554842316,-0.00514433783751226,0.010847369709375144,0.20357442442511936,0.09206732871752507,0.21145446372307924,0.23136254093394518
2025-08-25T23:09:23.678000,0.0,0.058045299956575036,0.1252341188956052,29.94391650669928,399.36,50.5,0.4330448133364777,0.3740378910670337,0.10824495277793358,-0.07956768931854721,0.05959661057393911,0.07421782619753396,0.11439124024629979,0.027447403498042425,0.21058815772154454,0.059204095554842316,-0.00514433783751226,0.010847369709375144,0.20357442442511936,0.09206732871752507,0.21145446372307924,0.23136254093394518
2025-08-25T23:09:24.649000,0.0,0.05593211995437741,0.12456643488258123,30.104417803518164,399.36,50.5,0.4330448133364777,0.3740378910670337,0.10824495277793358,-0.07956768931854721,0.05959661057393911,0.07421782619753396,0.11439124024629979,0.027447403498042425,0.21058815772154454,0.059204095554842316,-0.00514433783751226,0.010847369709375144,0.20357442442511936,0.09206732871752507,0.21145446372307924,0.23136254093394518
2025-08-25T23:09:25.649000,0.0,0.05657734093256295,0.11532980599440634,34.683141669327085,399.36,50.5,0.4330448133364777,0.3740378910670337,0.10824495277793358,-0.07956768931854721,0.05959661057393911,0.07421782619753396,0.11439124024629979,0.027447403498042425,0.21058815772154454,0.059204095554842316,-0.00514433783751226,0.010847369709375144,0.20357442442511936,0.09206732871752507,0.21145446372307924,0.23136254093394518
2025-08-25T23:09:26.658000,0.0,0.04891591309569776,0.11012368788942695,31.7824445137934,399.36,50.5,0.4330448133364777,0.3740378910670337,0.10824495277793358,-0.07956768931854721,0.05959661057393911,0.07421782619753396,0.11439124024629979,0.027447403498042425,0.21058815772154454,0.059204095554842316,-0.00514433783751226,0.010847369709375144,0.20357442442511936,0.09206732871752507,0.21145446372307924,0.23136254093394518
2025-08-25T23:09:27.659000,0.0,0.042904980946332216,0.11013270611874759,34.0498307192836,399.36,50.5,0.4330448133364777,0.3740378910670337,0.10824495277793358,-0.07956768931854721,0.05959661057393911,0.07421782619753396,0.11439124024629979,0.027447403498042425,0.21058815772154454,0.059204095554842316,-0.00514433783751226,0.010847369709375144,0.20357442442511936,0.09206732871752507,0.21145446372307924,0.23136254093394518
2025-08-25T23:09:28.659000,0.0,0.043034648057073355,0.10944935609586537,31.978260310041534,399.36,50.5,0.4330448133364777,0.3740378910670337,0.10824495277793358,-0.07956768931854721,0.05959661057393911,0.07421782619753396,0.11439124024629979,0.027447403498042425,0.21058815772154454,0.059204095554842316,-0.00514433783751226,0.010847369709375144,0.20357442442511936,0.09206732871752507,0.21145446372307924,0.23136254093394518
2025-08-25T23:09:29.669000,0.0,0.04408773803152144,0.10733413812704384,30.27927606921462,399.36,50.5,0.4330448133364777,0.3740378910670337,0.10824495277793358,-0.07956768931854721,0.05959661057393911,0.07421782619753396,0.11439124024629979,0.027447403498042425,0.21058815772154454,0.059204095554842316,-0.00514433783751226,0.010847369709375144,0.20357442442511936,0.09206732871752507,0.21145446372307924,0.23136254093394518
2025-08-25T23:09:30.678000,0.0,0.043062795884907246,0.1070096199400723,32.707339788330984,399.36,50.5,0.4330448133364777,0.3740378910670337,0.10824495277793358,-0.07956768931854721,0.05959661057393911,0.07421782619753396,0.11439124024629979,0.027447403498042425,0.21058815772154454,0.059204095554842316,-0.00514433783751226,0.010847369709375144,0.20357442442511936,0.09206732871752507,0.21145446372307924,0.23136254093394518
2025-08-25T23:09:31.679000,0.0,0.04334388789720833,0.11116066598333418,31.48595745661208,399.36,50.5,0.4330448133364777,0.3740378910670337,0.10824495277793358,-0.07956768931854721,0.05959661057393911,0.07421782619753396,0.11439124024629979,0.027447403498042425,0.21058815772154454,0.059204095554842316,-0.00514433783751226,0.010847369709375144,0.20357442442511936,0.09206732871752507,0.21145446372307924,0.23136254093394518
2025-08-25T23:09:32.649000,0.0,0.042936258018016815,0.1072406570892781,32.636875742809515,399.36,50.5,0.4330448133364777,0.3740378910670337,0.10824495277793358,-0.07956768931854721,0.05959661057393911,0.07421782619753396,0.11439124024629979,0.027447403498042425,0.21058815772154454,0.059204095554842316,-0.00514433783751226,0.010847369709375144,0.20357442442511936,0.09206732871752507,0.21145446372307924,0.23136254093394518
2025-08-25T23:09:33.670000,0.0,0.04375388682819903,0.12024588696658611,31.18609787494937,399.36,50.5,0.4330448133364777,0.3740378910670337,0.10824495277793358,-0.07956768931854721,0.05959661057393911,0.07421782619753396,0.11439124024629979,0.027447403498042425,0.21058815772154454,0.059204095554842316,-0.00514433783751226,0.010847369709375144,0.20357442442511936,0.09206732871752507,0.21145446372307924,0.23136254093394518
2025-08-25T23:09:34.679000,0.0,0.05636724806390703,0.11971473996527493,29.23616591419939,399.36,50.5,0.4330448133364777,0.3740378910670337,0.10824495277793358,-0.07956768931854721,0.05959661057393911,0.07421782619753396,0.11439124024629979,0.027447403498042425,0.21058815772154454,0.059204095554842316,-0.00514433783751226,0.010847369709375144,0.20357442442511936,0.09206732871752507,0.21145446372307924,0.23136254093394518
2025-08-25T23:09:35.680000,0.0,0.05580260092392564,0.1118686820846051,29.0519199783005,399.36,50.5,0.4330448133364777,0.3740378910670337,0.10824495277793358,-0.07956768931854721,0.05959661057393911,0.07421782619753396,0.11439124024629979,0.027447403498042425,0.21058815772154454,0.059204095554842316,-0.00514433783751226,0.010847369709375144,0.20357442442511936,0.09206732871752507,0.21145446372307924,0.23136254093394518
2025-08-25T23:09:36.649000,0.0,0.04313059104606509,0.111091332975775,31.505608099627697,399.36,50.5,0.4330448133364777,0.3740378910670337,0.10824495277793358,-0.07956768931854721,0.05959661057393911,0.07421782619753396,0.11439124024629979,0.027447403498042425,0.21058815772154454,0.059204095554842316,-0.00514433783751226,0.010847369709375144,0.20357442442511936,0.09206732871752507,0.21145446372307924,0.23136254093394518
