date,true_value,inference_time_s,total_time_s,cpu_percent,ram_mb,ram_percent,pred_h1,pred_h2,pred_h3,pred_h4
2025-08-24T18:37:34.123000,0.0,,0.3756256129126996,4.658894228298234,532.48,66.2,1.4944635649438713,-0.010046204555471571,-0.10219372977115114,-0.02775226953619821
2025-08-24T18:37:35.123000,0.0,0.028760758927091956,0.03932019718922675,31.79027800863884,532.48,66.2,1.4944635649438713,-0.010046204555471571,-0.10219372977115114,-0.02775226953619821
2025-08-24T18:37:36.123000,0.0,0.011329564033076167,0.03896794002503157,32.077651505239025,532.48,66.2,1.4944635649438713,-0.010046204555471571,-0.10219372977115114,-0.02775226953619821
2025-08-24T18:37:37.122000,0.0,0.011898393044248223,0.038801683112978935,32.215097380193285,532.48,66.2,1.4944635649438713,-0.010046204555471571,-0.10219372977115114,-0.02775226953619821
2025-08-24T18:37:38.122000,0.0,0.01159848808310926,0.037230283953249454,33.574817789990924,532.48,66.2,1.4944635649438713,-0.010046204555471571,-0.10219372977115114,-0.02775226953619821
2025-08-24T18:37:39.122000,0.0,0.011238619918003678,0.03798870602622628,26.323613110424255,532.48,66.2,1.4944635649438713,-0.010046204555471571,-0.10219372977115114,-0.02775226953619821
2025-08-24T18:37:40.122000,0.0,0.011222823988646269,0.041179040214046836,30.355248531839813,532.48,66.2,1.4944635649438713,-0.010046204555471571,-0.10219372977115114,-0.02775226953619821
2025-08-24T18:37:41.122000,0.0,0.011711116880178452,0.037863170029595494,33.013611882547586,532.48,66.2,1.4944635649438713,-0.010046204555471571,-0.10219372977115114,-0.02775226953619821
2025-08-24T18:37:42.123000,0.0,0.011648247018456459,0.03756098682060838,33.2792108463493,532.48,66.2,1.4944635649438713,-0.010046204555471571,-0.10219372977115114,-0.02775226953619821
2025-08-24T18:37:43.123000,0.0,0.011432674946263433,0.03695519408211112,33.824744560199846,532.48,66.2,1.4944635649438713,-0.010046204555471571,-0.10219372977115114,-0.02775226953619821
2025-08-24T18:37:44.123000,0.0,0.011510174022987485,0.040553987957537174,30.823109216998684,532.48,66.2,1.4944635649438713,-0.010046204555471571,-0.10219372977115114,-0.02775226953619821
2025-08-24T18:37:45.123000,0.0,0.014224863145500422,0.03649660502560437,27.399808812310734,532.48,66.2,1.4944635649438713,-0.010046204555471571,-0.10219372977115114,-0.02775226953619821
2025-08-24T18:37:46.133000,0.0,0.011700803181156516,0.03663241886533797,27.29822465931101,532.48,66.2,1.4944635649438713,-0.010046204555471571,-0.10219372977115114,-0.02775226953619821
2025-08-24T18:37:47.129000,0.0,0.011774544138461351,0.03607655200175941,27.718835213276755,542.72,66.2,1.4944635649438713,-0.010046204555471571,-0.10219372977115114,-0.02775226953619821
2025-08-24T18:37:48.128000,0.0,0.011578063014894724,0.03689952800050378,27.10061765522654,542.72,66.2,1.4944635649438713,-0.010046204555471571,-0.10219372977115114,-0.02775226953619821
2025-08-24T18:37:49.129000,0.0,0.011860543163493276,0.04169539106078446,23.983466147185347,532.48,66.2,1.4944635649438713,-0.010046204555471571,-0.10219372977115114,-0.02775226953619821
2025-08-24T18:37:50.131000,0.0,0.01660436810925603,0.04490364994853735,22.269904587847343,532.48,66.2,1.4944635649438713,-0.010046204555471571,-0.10219372977115114,-0.02775226953619821
2025-08-24T18:37:51.129000,0.0,0.013633217895403504,0.03703130595386028,27.004178606230855,532.48,66.2,1.4944635649438713,-0.010046204555471571,-0.10219372977115114,-0.02775226953619821
2025-08-24T18:37:52.129000,0.0,0.012200208147987723,0.04536683298647404,27.553168641343255,532.48,66.2,1.4944635649438713,-0.010046204555471571,-0.10219372977115114,-0.02775226953619821
2025-08-24T18:37:53.129000,0.0,0.014335306826978922,0.03901749895885587,25.629525896943917,532.48,66.2,1.4944635649438713,-0.010046204555471571,-0.10219372977115114,-0.02775226953619821
2025-08-24T18:37:54.130000,0.0,0.014031956903636456,0.03864722396247089,25.875079694497384,532.48,66.2,1.4944635649438713,-0.010046204555471571,-0.10219372977115114,-0.02775226953619821
2025-08-24T18:37:55.140000,0.0,0.014313695952296257,0.03893257398158312,25.685432472897084,532.48,66.2,1.4944635649438713,-0.010046204555471571,-0.10219372977115114,-0.02775226953619821
2025-08-24T18:37:56.130000,0.0,0.014343085000291467,0.03934357198886573,31.771390771374914,532.48,66.2,1.4944635649438713,-0.010046204555471571,-0.10219372977115114,-0.02775226953619821
2025-08-24T18:37:57.130000,0.0,0.014331084908917546,0.039059221977368,32.002685581507556,532.48,66.2,1.4944635649438713,-0.010046204555471571,-0.10219372977115114,-0.02775226953619821
2025-08-24T18:37:58.130000,0.0,0.014162678038701415,0.039360165130347013,31.75799684428299,532.48,66.2,1.4944635649438713,-0.010046204555471571,-0.10219372977115114,-0.02775226953619821
2025-08-24T18:37:59.129000,0.0,0.014408548129722476,0.0389945930801332,25.64458097934349,542.72,66.3,1.4944635649438713,-0.010046204555471571,-0.10219372977115114,-0.02775226953619821
2025-08-24T18:38:00.130000,0.0,0.014363937079906464,0.03901546308770776,32.03857909336976,542.72,66.3,1.4944635649438713,-0.010046204555471571,-0.10219372977115114,-0.02775226953619821
2025-08-24T18:38:01.130000,0.0,0.013943365076556802,0.04057589895091951,24.64517178558572,542.72,66.3,1.4944635649438713,-0.010046204555471571,-0.10219372977115114,-0.02775226953619821
2025-08-24T18:38:02.130000,0.0,0.014951655175536871,0.039420258020982146,25.367667544635424,532.48,65.8,1.4944635649438713,-0.010046204555471571,-0.10219372977115114,-0.02775226953619821
2025-08-24T18:38:03.131000,0.0,0.014350344892591238,0.039069185964763165,31.994523794977543,532.48,65.8,1.4944635649438713,-0.010046204555471571,-0.10219372977115114,-0.02775226953619821
2025-08-24T18:38:04.129000,0.0,0.014083512825891376,0.039845255902037024,31.37136333302026,532.48,65.8,1.4944635649438713,-0.010046204555471571,-0.10219372977115114,-0.02775226953619821
2025-08-24T18:38:05.130000,0.0,0.014139790087938309,0.03967127506621182,31.50894439147099,532.48,65.8,1.4944635649438713,-0.010046204555471571,-0.10219372977115114,-0.02775226953619821
2025-08-24T18:38:06.130000,0.0,0.014497529016807675,0.03948986902832985,25.322950534037673,532.48,65.8,1.4944635649438713,-0.010046204555471571,-0.10219372977115114,-0.02775226953619821
2025-08-24T18:38:07.140000,0.0,0.014503529062494636,0.038985724095255136,32.063018682064396,532.48,65.8,1.4944635649438713,-0.010046204555471571,-0.10219372977115114,-0.02775226953619821
2025-08-24T18:38:08.141000,0.0,0.014503547921776772,0.03876000316813588,32.24973936605937,532.48,65.8,1.4944635649438713,-0.010046204555471571,-0.10219372977115114,-0.02775226953619821
2025-08-24T18:38:09.140000,0.0,0.01423469721339643,0.03878304082900286,25.78446606105614,532.48,65.8,1.4944635649438713,-0.010046204555471571,-0.10219372977115114,-0.02775226953619821
2025-08-24T18:38:10.141000,0.0,0.014326881850138307,0.03838282101787627,26.053322123828327,532.48,65.8,1.4944635649438713,-0.010046204555471571,-0.10219372977115114,-0.02775226953619821
2025-08-24T18:38:11.141000,0.0,0.01406647707335651,0.03892316995188594,25.691638199975802,532.48,65.8,1.4944635649438713,-0.010046204555471571,-0.10219372977115114,-0.02775226953619821
2025-08-24T18:38:12.141000,0.0,0.01445597386918962,0.03913683514110744,31.93922031490682,532.48,65.8,1.4944635649438713,-0.010046204555471571,-0.10219372977115114,-0.02775226953619821
2025-08-24T18:38:13.141000,0.0,0.014818212948739529,0.03845769097097218,26.002601163829038,532.48,65.8,1.4944635649438713,-0.010046204555471571,-0.10219372977115114,-0.02775226953619821
2025-08-24T18:38:14.142000,0.0,0.014270400861278176,0.03837159904651344,32.57617693973982,532.48,65.8,1.4944635649438713,-0.010046204555471571,-0.10219372977115114,-0.02775226953619821
2025-08-24T18:38:15.152000,0.0,0.013851922005414963,0.038812170969322324,32.20639219043003,532.48,65.8,1.4944635649438713,-0.010046204555471571,-0.10219372977115114,-0.02775226953619821
2025-08-24T18:38:16.131000,0.0,0.014131679898127913,0.039682573871687055,31.499972860678643,532.48,65.8,1.4944635649438713,-0.010046204555471571,-0.10219372977115114,-0.02775226953619821
2025-08-24T18:38:17.133000,0.0,0.014130254043266177,0.038742560893297195,32.26425850998091,532.48,65.8,1.4944635649438713,-0.010046204555471571,-0.10219372977115114,-0.02775226953619821
2025-08-24T18:38:18.131000,0.0,0.014103587018325925,0.038872226839885116,32.156634739470256,532.48,65.8,1.4944635649438713,-0.010046204555471571,-0.10219372977115114,-0.02775226953619821
2025-08-24T18:38:19.131000,0.0,0.014203215949237347,0.039074743865057826,25.591978374919222,532.48,65.8,1.4944635649438713,-0.010046204555471571,-0.10219372977115114,-0.02775226953619821
2025-08-24T18:38:20.132000,0.0,0.01412684703245759,0.039655018830671906,25.21748897081623,532.48,65.8,1.4944635649438713,-0.010046204555471571,-0.10219372977115114,-0.02775226953619821
2025-08-24T18:38:21.132000,0.0,0.014282938092947006,0.03976425901055336,25.1482116071767,532.48,65.8,1.4944635649438713,-0.010046204555471571,-0.10219372977115114,-0.02775226953619821
2025-08-24T18:38:22.132000,0.0,0.014406715985387564,0.03961238986812532,31.555783535442206,532.48,65.8,1.4944635649438713,-0.010046204555471571,-0.10219372977115114,-0.02775226953619821
2025-08-24T18:38:23.133000,0.0,0.014135755132883787,0.038641247898340225,25.879081406243408,532.48,65.8,1.4944635649438713,-0.010046204555471571,-0.10219372977115114,-0.02775226953619821
2025-08-24T18:38:24.132000,0.0,0.014169570058584213,0.03886978281661868,25.72692532700314,532.48,65.8,1.4944635649438713,-0.010046204555471571,-0.10219372977115114,-0.02775226953619821
2025-08-24T18:38:25.142000,0.0,0.014216919895261526,0.03917352296411991,25.52744620175994,532.48,65.8,1.4944635649438713,-0.010046204555471571,-0.10219372977115114,-0.02775226953619821
2025-08-24T18:38:26.142000,0.0,0.014484233921393752,0.03926150407642126,25.470241742484205,532.48,65.8,1.4944635649438713,-0.010046204555471571,-0.10219372977115114,-0.02775226953619821
2025-08-24T18:38:27.152000,0.0,0.01404908811673522,0.039208689937368035,25.504550180008025,532.48,65.8,1.4944635649438713,-0.010046204555471571,-0.10219372977115114,-0.02775226953619821
2025-08-24T18:38:28.154000,0.0,0.013998606940731406,0.03876313613727689,25.797706265523768,532.48,65.8,1.4944635649438713,-0.010046204555471571,-0.10219372977115114,-0.02775226953619821
2025-08-24T18:38:29.152000,0.0,0.014018385205417871,0.03883658000268042,32.18615027156731,532.48,65.8,1.4944635649438713,-0.010046204555471571,-0.10219372977115114,-0.02775226953619821
2025-08-24T18:38:30.152000,0.0,0.014053218066692352,0.03991198306903243,25.0551318953599,532.48,65.8,1.4944635649438713,-0.010046204555471571,-0.10219372977115114,-0.02775226953619821
2025-08-24T18:38:31.152000,0.0,0.014059014851227403,0.0411765871103853,30.357056952025797,532.48,65.8,1.4944635649438713,-0.010046204555471571,-0.10219372977115114,-0.02775226953619821
2025-08-24T18:38:32.123000,0.0,0.01423240196891129,0.03986855689436197,31.35302848588177,532.48,65.8,1.4944635649438713,-0.010046204555471571,-0.10219372977115114,-0.02775226953619821
2025-08-24T18:39:00.009000,0.0,,0.35121335787698627,4.270908171224366,419.84,53.0,1.4923990347919045,-0.030620217495248007,-0.10332138128407366,-0.032608277528954656,1.2703248142528205,0.07762155513050475,0.14918473026134274
2025-08-24T18:39:01.009000,0.0,0.022241565166041255,0.04706072714179754,31.873710652205673,419.84,53.0,1.4923990347919045,-0.030620217495248007,-0.10332138128407366,-0.032608277528954656,1.2703248142528205,0.07762155513050475,0.14918473026134274
2025-08-24T18:39:02.010000,0.0,0.018731066025793552,0.06349202711135149,23.62501353704351,409.6,52.5,1.4923990347919045,-0.030620217495248007,-0.10332138128407366,-0.032608277528954656,1.2703248142528205,0.07762155513050475,0.14918473026134274
2025-08-24T18:39:03.010000,0.0,0.026187709998339415,0.05119129712693393,34.185498282270665,409.6,51.9,1.4923990347919045,-0.030620217495248007,-0.10332138128407366,-0.032608277528954656,1.2703248142528205,0.07762155513050475,0.14918473026134274
2025-08-24T18:39:04.008000,0.0,0.02479308913461864,0.051589017966762185,29.07595568045962,409.6,51.9,1.4923990347919045,-0.030620217495248007,-0.10332138128407366,-0.032608277528954656,1.2703248142528205,0.07762155513050475,0.14918473026134274
2025-08-24T18:39:05.010000,0.0,0.024736772989854217,0.05160825909115374,29.06511528223842,409.6,51.9,1.4923990347919045,-0.030620217495248007,-0.10332138128407366,-0.032608277528954656,1.2703248142528205,0.07762155513050475,0.14918473026134274
2025-08-24T18:39:06.010000,0.0,0.024710773956030607,0.05186707293614745,24.10006829455798,409.6,51.9,1.4923990347919045,-0.030620217495248007,-0.10332138128407366,-0.032608277528954656,1.2703248142528205,0.07762155513050475,0.14918473026134274
2025-08-24T18:39:07.010000,0.0,0.024784718872979283,0.0549275369849056,27.308706749624996,409.6,51.9,1.4923990347919045,-0.030620217495248007,-0.10332138128407366,-0.032608277528954656,1.2703248142528205,0.07762155513050475,0.14918473026134274
2025-08-24T18:39:08.010000,0.0,0.024934754939749837,0.046116177923977375,27.10545531463266,409.6,51.9,1.4923990347919045,-0.030620217495248007,-0.10332138128407366,-0.032608277528954656,1.2703248142528205,0.07762155513050475,0.14918473026134274
2025-08-24T18:39:09.031000,0.0,0.021352347917854786,0.04680343414656818,26.707441938673917,399.36,51.4,1.4923990347919045,-0.030620217495248007,-0.10332138128407366,-0.032608277528954656,1.2703248142528205,0.07762155513050475,0.14918473026134274
2025-08-24T18:39:10.040000,0.0,0.021159775089472532,0.05160188884474337,29.068703366909027,399.36,51.4,1.4923990347919045,-0.030620217495248007,-0.10332138128407366,-0.032608277528954656,1.2703248142528205,0.07762155513050475,0.14918473026134274
2025-08-24T18:39:11.041000,0.0,0.021216738037765026,0.05116620706394315,29.316224243970172,399.36,51.4,1.4923990347919045,-0.030620217495248007,-0.10332138128407366,-0.032608277528954656,1.2703248142528205,0.07762155513050475,0.14918473026134274
2025-08-24T18:39:12.011000,0.0,0.024349203100427985,0.05198562890291214,33.663149545970384,399.36,51.4,1.4923990347919045,-0.030620217495248007,-0.10332138128407366,-0.032608277528954656,1.2703248142528205,0.07762155513050475,0.14918473026134274
2025-08-24T18:39:13.011000,0.0,0.024569701170548797,0.05031473096460104,34.781066428263735,399.36,51.4,1.4923990347919045,-0.030620217495248007,-0.10332138128407366,-0.032608277528954656,1.2703248142528205,0.07762155513050475,0.14918473026134274
2025-08-24T18:39:14.020000,0.0,0.02444260916672647,0.0485231289640069,30.913093034718063,399.36,51.4,1.4923990347919045,-0.030620217495248007,-0.10332138128407366,-0.032608277528954656,1.2703248142528205,0.07762155513050475,0.14918473026134274
2025-08-24T18:39:15.031000,0.0,0.024042093893513083,0.05497491010464728,27.28517422119743,399.36,51.4,1.4923990347919045,-0.030620217495248007,-0.10332138128407366,-0.032608277528954656,1.2703248142528205,0.07762155513050475,0.14918473026134274
2025-08-24T18:39:16.031000,0.0,0.023999408120289445,0.048679239116609097,35.949616956992905,399.36,51.4,1.4923990347919045,-0.030620217495248007,-0.10332138128407366,-0.032608277528954656,1.2703248142528205,0.07762155513050475,0.14918473026134274
2025-08-24T18:39:17.042000,0.0,0.024397276807576418,0.051606982946395874,33.910139676596295,399.36,51.4,1.4923990347919045,-0.030620217495248007,-0.10332138128407366,-0.032608277528954656,1.2703248142528205,0.07762155513050475,0.14918473026134274
2025-08-24T18:39:18.011000,0.0,0.024712257087230682,0.05129129998385906,29.24472572292084,399.36,51.4,1.4923990347919045,-0.030620217495248007,-0.10332138128407366,-0.032608277528954656,1.2703248142528205,0.07762155513050475,0.14918473026134274
2025-08-24T18:39:19.011000,0.0,0.024647850077599287,0.05250394204631448,33.330830634703716,399.36,51.4,1.4923990347919045,-0.030620217495248007,-0.10332138128407366,-0.032608277528954656,1.2703248142528205,0.07762155513050475,0.14918473026134274
2025-08-24T18:39:20.011000,0.0,0.02495742286555469,0.050289066042751074,34.79881687427483,399.36,51.4,1.4923990347919045,-0.030620217495248007,-0.10332138128407366,-0.032608277528954656,1.2703248142528205,0.07762155513050475,0.14918473026134274
2025-08-24T18:39:21.021000,0.0,0.024232537019997835,0.04989499389193952,35.073658968475435,399.36,51.4,1.4923990347919045,-0.030620217495248007,-0.10332138128407366,-0.032608277528954656,1.2703248142528205,0.07762155513050475,0.14918473026134274
2025-08-24T18:39:22.022000,0.0,0.02413224196061492,0.04789385595358908,36.53913357270247,399.36,51.4,1.4923990347919045,-0.030620217495248007,-0.10332138128407366,-0.032608277528954656,1.2703248142528205,0.07762155513050475,0.14918473026134274
2025-08-24T18:39:23.022000,0.0,0.022256012074649334,0.043909248895943165,34.16136776911606,399.36,51.4,1.4923990347919045,-0.030620217495248007,-0.10332138128407366,-0.032608277528954656,1.2703248142528205,0.07762155513050475,0.14918473026134274
2025-08-24T18:39:24.031000,0.0,0.019610746996477246,0.04352638009004295,28.718216341771242,399.36,51.4,1.4923990347919045,-0.030620217495248007,-0.10332138128407366,-0.032608277528954656,1.2703248142528205,0.07762155513050475,0.14918473026134274
2025-08-24T18:39:25.031000,0.0,0.01900939899496734,0.060924159130081534,24.62077477010892,399.36,51.4,1.4923990347919045,-0.030620217495248007,-0.10332138128407366,-0.032608277528954656,1.2703248142528205,0.07762155513050475,0.14918473026134274
2025-08-24T18:39:26.032000,0.0,0.028762032045051455,0.04393823002465069,34.138835341306795,399.36,51.4,1.4923990347919045,-0.030620217495248007,-0.10332138128407366,-0.032608277528954656,1.2703248142528205,0.07762155513050475,0.14918473026134274
2025-08-24T18:39:27.032000,0.0,0.019458860158920288,0.043619639007374644,28.65681671021358,399.36,51.4,1.4923990347919045,-0.030620217495248007,-0.10332138128407366,-0.032608277528954656,1.2703248142528205,0.07762155513050475,0.14918473026134274
2025-08-24T18:39:28.032000,0.0,0.019060991005972028,0.043977601220831275,34.108272355915794,399.36,51.4,1.4923990347919045,-0.030620217495248007,-0.10332138128407366,-0.032608277528954656,1.2703248142528205,0.07762155513050475,0.14918473026134274
2025-08-24T18:39:29.043000,0.0,0.01925602788105607,0.04304473497904837,29.039556187497585,399.36,51.4,1.4923990347919045,-0.030620217495248007,-0.10332138128407366,-0.032608277528954656,1.2703248142528205,0.07762155513050475,0.14918473026134274
2025-08-24T18:39:30.043000,0.0,0.01858486491255462,0.04872096492908895,30.787567573490115,399.36,51.4,1.4923990347919045,-0.030620217495248007,-0.10332138128407366,-0.032608277528954656,1.2703248142528205,0.07762155513050475,0.14918473026134274
2025-08-24T18:39:31.043000,0.0,0.02370459702797234,0.05231381603516638,28.673113790660633,399.36,51.4,1.4923990347919045,-0.030620217495248007,-0.10332138128407366,-0.032608277528954656,1.2703248142528205,0.07762155513050475,0.14918473026134274
2025-08-24T18:39:32.042000,0.0,0.02193110599182546,0.043350364081561565,28.83482126351245,399.36,51.4,1.4923990347919045,-0.030620217495248007,-0.10332138128407366,-0.032608277528954656,1.2703248142528205,0.07762155513050475,0.14918473026134274
2025-08-24T18:39:33.032000,0.0,0.018928991863504052,0.0466437169816345,26.79889341778214,399.36,51.4,1.4923990347919045,-0.030620217495248007,-0.10332138128407366,-0.032608277528954656,1.2703248142528205,0.07762155513050475,0.14918473026134274
2025-08-24T18:39:34.013000,0.0,0.01905699190683663,0.05313894199207425,28.22788606185827,399.36,51.4,1.4923990347919045,-0.030620217495248007,-0.10332138128407366,-0.032608277528954656,1.2703248142528205,0.07762155513050475,0.14918473026134274
2025-08-24T18:39:35.021000,0.0,0.02822070405818522,0.05150259891524911,29.124743830273808,399.36,50.5,1.4923990347919045,-0.030620217495248007,-0.10332138128407366,-0.032608277528954656,1.2703248142528205,0.07762155513050475,0.14918473026134274
2025-08-24T18:39:36.021000,0.0,0.021058129845187068,0.0468354569748044,32.027017496742005,399.36,50.5,1.4923990347919045,-0.030620217495248007,-0.10332138128407366,-0.032608277528954656,1.2703248142528205,0.07762155513050475,0.14918473026134274
2025-08-24T18:39:37.013000,0.0,0.019814785104244947,0.04780911887064576,31.374767731202645,399.36,50.5,1.4923990347919045,-0.030620217495248007,-0.10332138128407366,-0.032608277528954656,1.2703248142528205,0.07762155513050475,0.14918473026134274
2025-08-24T18:39:38.013000,0.0,0.020634910091757774,0.044904801063239574,33.404000563048974,399.36,50.5,1.4923990347919045,-0.030620217495248007,-0.10332138128407366,-0.032608277528954656,1.2703248142528205,0.07762155513050475,0.14918473026134274
2025-08-24T18:39:39.022000,0.0,0.01862716185860336,0.053187257843092084,28.20224356038665,399.36,50.5,1.4923990347919045,-0.030620217495248007,-0.10332138128407366,-0.032608277528954656,1.2703248142528205,0.07762155513050475,0.14918473026134274
2025-08-24T18:39:40.034000,0.0,0.028596091084182262,0.04982907208614051,30.102908547182594,399.36,50.5,1.4923990347919045,-0.030620217495248007,-0.10332138128407366,-0.032608277528954656,1.2703248142528205,0.07762155513050475,0.14918473026134274
2025-08-24T18:39:41.033000,0.0,0.01837912597693503,0.044319675071164966,33.84501347519784,399.36,50.5,1.4923990347919045,-0.030620217495248007,-0.10332138128407366,-0.032608277528954656,1.2703248142528205,0.07762155513050475,0.14918473026134274
2025-08-24T18:39:42.033000,0.0,0.01972598908469081,0.04427417507395148,33.879795557895925,399.36,50.5,1.4923990347919045,-0.030620217495248007,-0.10332138128407366,-0.032608277528954656,1.2703248142528205,0.07762155513050475,0.14918473026134274
2025-08-24T18:39:43.034000,0.0,0.019044697051867843,0.04406775115057826,34.03849665199638,399.36,50.5,1.4923990347919045,-0.030620217495248007,-0.10332138128407366,-0.032608277528954656,1.2703248142528205,0.07762155513050475,0.14918473026134274
2025-08-24T18:39:44.033000,0.0,0.019521546084433794,0.04444391606375575,33.750401243854974,399.36,50.5,1.4923990347919045,-0.030620217495248007,-0.10332138128407366,-0.032608277528954656,1.2703248142528205,0.07762155513050475,0.14918473026134274
2025-08-24T18:39:45.033000,0.0,0.019618268124759197,0.044537618989124894,28.066161334426976,399.36,50.5,1.4923990347919045,-0.030620217495248007,-0.10332138128407366,-0.032608277528954656,1.2703248142528205,0.07762155513050475,0.14918473026134274
2025-08-24T18:39:46.033000,0.0,0.019025234039872885,0.04395886301063001,34.1228115849432,399.36,50.5,1.4923990347919045,-0.030620217495248007,-0.10332138128407366,-0.032608277528954656,1.2703248142528205,0.07762155513050475,0.14918473026134274
2025-08-24T18:39:47.043000,0.0,0.01904897391796112,0.044524452881887555,28.074460641119437,399.36,50.5,1.4923990347919045,-0.030620217495248007,-0.10332138128407366,-0.032608277528954656,1.2703248142528205,0.07762155513050475,0.14918473026134274
2025-08-24T18:39:48.044000,0.0,0.019690582994371653,0.04467771202325821,27.978156073643518,399.36,50.5,1.4923990347919045,-0.030620217495248007,-0.10332138128407366,-0.032608277528954656,1.2703248142528205,0.07762155513050475,0.14918473026134274
2025-08-24T18:39:49.043000,0.0,0.019329750910401344,0.04388754884712398,28.481882284064795,399.36,50.5,1.4923990347919045,-0.030620217495248007,-0.10332138128407366,-0.032608277528954656,1.2703248142528205,0.07762155513050475,0.14918473026134274
2025-08-24T18:39:50.044000,0.0,0.019570804899558425,0.04466302692890167,27.98735522314401,399.36,50.5,1.4923990347919045,-0.030620217495248007,-0.10332138128407366,-0.032608277528954656,1.2703248142528205,0.07762155513050475,0.14918473026134274
2025-08-24T18:39:51.043000,0.0,0.01892290194518864,0.044546805089339614,28.06037374606585,399.36,50.5,1.4923990347919045,-0.030620217495248007,-0.10332138128407366,-0.032608277528954656,1.2703248142528205,0.07762155513050475,0.14918473026134274
2025-08-24T18:39:52.044000,0.0,0.019472768995910883,0.04432156588882208,33.843569601370014,399.36,50.5,1.4923990347919045,-0.030620217495248007,-0.10332138128407366,-0.032608277528954656,1.2703248142528205,0.07762155513050475,0.14918473026134274
2025-08-24T18:39:53.043000,0.0,0.018646977841854095,0.04448171309195459,28.10143569371894,399.36,50.5,1.4923990347919045,-0.030620217495248007,-0.10332138128407366,-0.032608277528954656,1.2703248142528205,0.07762155513050475,0.14918473026134274
2025-08-24T18:39:54.045000,0.0,0.01918716006912291,0.04475689702667296,27.928656431545683,399.36,50.5,1.4923990347919045,-0.030620217495248007,-0.10332138128407366,-0.032608277528954656,1.2703248142528205,0.07762155513050475,0.14918473026134274
2025-08-24T18:39:55.044000,0.0,0.019839416025206447,0.044401528080925345,33.78262111308642,399.36,50.5,1.4923990347919045,-0.030620217495248007,-0.10332138128407366,-0.032608277528954656,1.2703248142528205,0.07762155513050475,0.14918473026134274
2025-08-24T18:39:56.045000,0.0,0.01903417892754078,0.044145012041553855,33.97892379297805,399.36,50.5,1.4923990347919045,-0.030620217495248007,-0.10332138128407366,-0.032608277528954656,1.2703248142528205,0.07762155513050475,0.14918473026134274
2025-08-24T18:39:57.045000,0.0,0.018736681202426553,0.0445624350104481,33.66063815068181,399.36,50.5,1.4923990347919045,-0.030620217495248007,-0.10332138128407366,-0.032608277528954656,1.2703248142528205,0.07762155513050475,0.14918473026134274
2025-08-24T18:39:58.044000,0.0,0.018900049850344658,0.043596404138952494,28.672089469029586,399.36,50.5,1.4923990347919045,-0.030620217495248007,-0.10332138128407366,-0.032608277528954656,1.2703248142528205,0.07762155513050475,0.14918473026134274
2025-08-24T18:40:20.957000,0.0,,0.36909876903519034,6.095929297952858,389.12,49.8,1.4667523025168538,-0.00941504885024148,-0.11736264526958934,-0.03304149425512167,1.3136691175670216,0.0993010310397876,0.17688505486030245,-0.08071444729425123,1.1695703629639405,0.16500149011947216
2025-08-24T18:40:21.957000,0.0,0.03177687502466142,0.0541539469268173,32.31528077473146,389.12,49.8,1.4667523025168538,-0.00941504885024148,-0.11736264526958934,-0.03304149425512167,1.3136691175670216,0.0993010310397876,0.17688505486030245,-0.08071444729425123,1.1695703629639405,0.16500149011947216
2025-08-24T18:40:22.967000,0.0,0.025814887136220932,0.05550479190424085,36.03292493106693,389.12,49.8,1.4667523025168538,-0.00941504885024148,-0.11736264526958934,-0.03304149425512167,1.3136691175670216,0.0993010310397876,0.17688505486030245,-0.08071444729425123,1.1695703629639405,0.16500149011947216
2025-08-24T18:40:23.958000,0.0,0.02764204517006874,0.06264349701814353,31.9266978250071,389.12,49.8,1.4667523025168538,-0.00941504885024148,-0.11736264526958934,-0.03304149425512167,1.3136691175670216,0.0993010310397876,0.17688505486030245,-0.08071444729425123,1.1695703629639405,0.16500149011947216
2025-08-24T18:40:24.987000,0.0,0.03732305113226175,0.05815196386538446,25.7944856939372,389.12,49.8,1.4667523025168538,-0.00941504885024148,-0.11736264526958934,-0.03304149425512167,1.3136691175670216,0.0993010310397876,0.17688505486030245,-0.08071444729425123,1.1695703629639405,0.16500149011947216
2025-08-24T18:40:25.988000,0.0,0.027121861930936575,0.052347457036376,33.4304682419232,389.12,49.8,1.4667523025168538,-0.00941504885024148,-0.11736264526958934,-0.03304149425512167,1.3136691175670216,0.0993010310397876,0.17688505486030245,-0.08071444729425123,1.1695703629639405,0.16500149011947216
2025-08-24T18:40:26.979000,0.0,0.026871290057897568,0.0626020529307425,31.947834078422776,389.12,49.8,1.4667523025168538,-0.00941504885024148,-0.11736264526958934,-0.03304149425512167,1.3136691175670216,0.0993010310397876,0.17688505486030245,-0.08071444729425123,1.1695703629639405,0.16500149011947216
2025-08-24T18:40:27.989000,0.0,0.03461686195805669,0.05913175595924258,29.594926983163155,389.12,49.8,1.4667523025168538,-0.00941504885024148,-0.11736264526958934,-0.03304149425512167,1.3136691175670216,0.0993010310397876,0.17688505486030245,-0.08071444729425123,1.1695703629639405,0.16500149011947216
2025-08-24T18:40:28.988000,0.0,0.03438139986246824,0.058964017080143094,33.91899159926008,389.12,49.8,1.4667523025168538,-0.00941504885024148,-0.11736264526958934,-0.03304149425512167,1.3136691175670216,0.0993010310397876,0.17688505486030245,-0.08071444729425123,1.1695703629639405,0.16500149011947216
2025-08-24T18:40:29.989000,0.0,0.034259308129549026,0.05877177696675062,29.77619684683087,389.12,49.8,1.4667523025168538,-0.00941504885024148,-0.11736264526958934,-0.03304149425512167,1.3136691175670216,0.0993010310397876,0.17688505486030245,-0.08071444729425123,1.1695703629639405,0.16500149011947216
2025-08-24T18:40:30.990000,0.0,0.034245142014697194,0.05905660893768072,29.632585268258264,389.12,49.8,1.4667523025168538,-0.00941504885024148,-0.11736264526958934,-0.03304149425512167,1.3136691175670216,0.0993010310397876,0.17688505486030245,-0.08071444729425123,1.1695703629639405,0.16500149011947216
2025-08-24T18:40:31.989000,0.0,0.03439691895619035,0.061902094166725874,36.347720223162256,389.12,49.8,1.4667523025168538,-0.00941504885024148,-0.11736264526958934,-0.03304149425512167,1.3136691175670216,0.0993010310397876,0.17688505486030245,-0.08071444729425123,1.1695703629639405,0.16500149011947216
2025-08-24T18:40:32.958000,0.0,0.03470460302196443,0.06099695200100541,28.68995814694416,389.12,49.8,1.4667523025168538,-0.00941504885024148,-0.11736264526958934,-0.03304149425512167,1.3136691175670216,0.0993010310397876,0.17688505486030245,-0.08071444729425123,1.1695703629639405,0.16500149011947216
2025-08-24T18:40:33.968000,0.0,0.03501934092491865,0.05897799879312515,29.672081722174497,389.12,49.9,1.4667523025168538,-0.00941504885024148,-0.11736264526958934,-0.03304149425512167,1.3136691175670216,0.0993010310397876,0.17688505486030245,-0.08071444729425123,1.1695703629639405,0.16500149011947216
2025-08-24T18:40:34.980000,0.0,0.034139420138671994,0.05452940985560417,32.09277350761773,389.12,49.9,1.4667523025168538,-0.00941504885024148,-0.11736264526958934,-0.03304149425512167,1.3136691175670216,0.0993010310397876,0.17688505486030245,-0.08071444729425123,1.1695703629639405,0.16500149011947216
2025-08-24T18:40:35.978000,0.0,0.029065483016893268,0.05106540978886187,29.37409111572704,389.12,49.9,1.4667523025168538,-0.00941504885024148,-0.11736264526958934,-0.03304149425512167,1.3136691175670216,0.0993010310397876,0.17688505486030245,-0.08071444729425123,1.1695703629639405,0.16500149011947216
2025-08-24T18:40:36.978000,0.0,0.026101386873051524,0.05459583597257733,36.632830404951974,389.12,49.9,1.4667523025168538,-0.00941504885024148,-0.11736264526958934,-0.03304149425512167,1.3136691175670216,0.0993010310397876,0.17688505486030245,-0.08071444729425123,1.1695703629639405,0.16500149011947216
2025-08-24T18:40:37.959000,0.0,0.026655717054381967,0.053629637928679585,27.96960893144146,389.12,49.9,1.4667523025168538,-0.00941504885024148,-0.11736264526958934,-0.03304149425512167,1.3136691175670216,0.0993010310397876,0.17688505486030245,-0.08071444729425123,1.1695703629639405,0.16500149011947216
2025-08-24T18:40:38.959000,0.0,0.026590922148898244,0.05117652006447315,34.19536923955212,389.12,49.9,1.4667523025168538,-0.00941504885024148,-0.11736264526958934,-0.03304149425512167,1.3136691175670216,0.0993010310397876,0.17688505486030245,-0.08071444729425123,1.1695703629639405,0.16500149011947216
2025-08-24T18:40:39.988000,0.0,0.02677067997865379,0.05080763390287757,29.52312250689276,389.12,49.9,1.4667523025168538,-0.00941504885024148,-0.11736264526958934,-0.03304149425512167,1.3136691175670216,0.0993010310397876,0.17688505486030245,-0.08071444729425123,1.1695703629639405,0.16500149011947216
2025-08-24T18:40:40.990000,0.0,0.02636466408148408,0.05095254094339907,34.345686546702446,389.12,49.9,1.4667523025168538,-0.00941504885024148,-0.11736264526958934,-0.03304149425512167,1.3136691175670216,0.0993010310397876,0.17688505486030245,-0.08071444729425123,1.1695703629639405,0.16500149011947216
2025-08-24T18:40:41.989000,0.0,0.026467588962987065,0.051576926140114665,33.92990104229807,389.12,49.9,1.4667523025168538,-0.00941504885024148,-0.11736264526958934,-0.03304149425512167,1.3136691175670216,0.0993010310397876,0.17688505486030245,-0.08071444729425123,1.1695703629639405,0.16500149011947216
2025-08-24T18:40:42.980000,0.0,0.026412534061819315,0.05140068591572344,29.182489946911755,389.12,49.9,1.4667523025168538,-0.00941504885024148,-0.11736264526958934,-0.03304149425512167,1.3136691175670216,0.0993010310397876,0.17688505486030245,-0.08071444729425123,1.1695703629639405,0.16500149011947216
2025-08-24T18:40:43.999000,0.0,0.02695388300344348,0.061266008066013455,32.644529374999905,389.12,49.9,1.4667523025168538,-0.00941504885024148,-0.11736264526958934,-0.03304149425512167,1.3136691175670216,0.0993010310397876,0.17688505486030245,-0.08071444729425123,1.1695703629639405,0.16500149011947216
2025-08-24T18:40:44.970000,0.0,0.0347690109629184,0.053914692951366305,37.095639250028846,389.12,49.9,1.4667523025168538,-0.00941504885024148,-0.11736264526958934,-0.03304149425512167,1.3136691175670216,0.0993010310397876,0.17688505486030245,-0.08071444729425123,1.1695703629639405,0.16500149011947216
2025-08-24T18:40:45.969000,0.0,0.027277918998152018,0.0538391200825572,37.147709638143986,389.12,49.9,1.4667523025168538,-0.00941504885024148,-0.11736264526958934,-0.03304149425512167,1.3136691175670216,0.0993010310397876,0.17688505486030245,-0.08071444729425123,1.1695703629639405,0.16500149011947216
2025-08-24T18:40:46.958000,0.0,0.026137517066672444,0.05380654614418745,32.523923674834386,389.12,49.9,1.4667523025168538,-0.00941504885024148,-0.11736264526958934,-0.03304149425512167,1.3136691175670216,0.0993010310397876,0.17688505486030245,-0.08071444729425123,1.1695703629639405,0.16500149011947216
2025-08-24T18:40:47.958000,0.0,0.026876884046941996,0.05362119502387941,37.29868383405724,389.12,49.9,1.4667523025168538,-0.00941504885024148,-0.11736264526958934,-0.03304149425512167,1.3136691175670216,0.0993010310397876,0.17688505486030245,-0.08071444729425123,1.1695703629639405,0.16500149011947216
2025-08-24T18:40:48.959000,0.0,0.027003198163583875,0.05334917805157602,32.802754679896424,389.12,49.9,1.4667523025168538,-0.00941504885024148,-0.11736264526958934,-0.03304149425512167,1.3136691175670216,0.0993010310397876,0.17688505486030245,-0.08071444729425123,1.1695703629639405,0.16500149011947216
2025-08-24T18:40:49.958000,0.0,0.026509311981499195,0.051428854931145906,34.02759019898268,389.12,49.9,1.4667523025168538,-0.00941504885024148,-0.11736264526958934,-0.03304149425512167,1.3136691175670216,0.0993010310397876,0.17688505486030245,-0.08071444729425123,1.1695703629639405,0.16500149011947216
2025-08-24T18:40:50.968000,0.0,0.02607146301306784,0.05132800294086337,34.094449418112724,389.12,49.9,1.4667523025168538,-0.00941504885024148,-0.11736264526958934,-0.03304149425512167,1.3136691175670216,0.0993010310397876,0.17688505486030245,-0.08071444729425123,1.1695703629639405,0.16500149011947216
2025-08-24T18:40:51.979000,0.0,0.026313460897654295,0.05037728697061539,29.775323170438867,389.12,49.9,1.4667523025168538,-0.00941504885024148,-0.11736264526958934,-0.03304149425512167,1.3136691175670216,0.0993010310397876,0.17688505486030245,-0.08071444729425123,1.1695703629639405,0.16500149011947216
2025-08-24T18:40:52.989000,0.0,0.025849296944215894,0.05149307707324624,33.98515100409863,389.12,49.9,1.4667523025168538,-0.00941504885024148,-0.11736264526958934,-0.03304149425512167,1.3136691175670216,0.0993010310397876,0.17688505486030245,-0.08071444729425123,1.1695703629639405,0.16500149011947216
2025-08-24T18:40:53.989000,0.0,0.02674914407543838,0.05063152592629194,34.56344575803556,389.12,49.9,1.4667523025168538,-0.00941504885024148,-0.11736264526958934,-0.03304149425512167,1.3136691175670216,0.0993010310397876,0.17688505486030245,-0.08071444729425123,1.1695703629639405,0.16500149011947216
2025-08-24T18:40:54.988000,0.0,0.025956240948289633,0.05121674598194659,34.16851200614864,389.12,49.9,1.4667523025168538,-0.00941504885024148,-0.11736264526958934,-0.03304149425512167,1.3136691175670216,0.0993010310397876,0.17688505486030245,-0.08071444729425123,1.1695703629639405,0.16500149011947216
2025-08-24T18:40:55.989000,0.0,0.026629015803337097,0.067468331893906,29.643537106341373,389.12,49.8,1.4667523025168538,-0.00941504885024148,-0.11736264526958934,-0.03304149425512167,1.3136691175670216,0.0993010310397876,0.17688505486030245,-0.08071444729425123,1.1695703629639405,0.16500149011947216
2025-08-24T18:40:56.959000,0.0,0.04100001882761717,0.0759310859721154,26.339673328713204,389.12,49.9,1.4667523025168538,-0.00941504885024148,-0.11736264526958934,-0.03304149425512167,1.3136691175670216,0.0993010310397876,0.17688505486030245,-0.08071444729425123,1.1695703629639405,0.16500149011947216
2025-08-24T18:40:57.960000,0.0,0.04159275605343282,0.05960818589664996,29.358383813830493,389.12,49.9,1.4667523025168538,-0.00941504885024148,-0.11736264526958934,-0.03304149425512167,1.3136691175670216,0.0993010310397876,0.17688505486030245,-0.08071444729425123,1.1695703629639405,0.16500149011947216
2025-08-24T18:40:58.979000,0.0,0.0277092510368675,0.051969187101349235,33.673799757290666,389.12,49.9,1.4667523025168538,-0.00941504885024148,-0.11736264526958934,-0.03304149425512167,1.3136691175670216,0.0993010310397876,0.17688505486030245,-0.08071444729425123,1.1695703629639405,0.16500149011947216
2025-08-24T18:40:59.979000,0.0,0.026818532962352037,0.05212376010604203,33.573940107923114,389.12,49.9,1.4667523025168538,-0.00941504885024148,-0.11736264526958934,-0.03304149425512167,1.3136691175670216,0.0993010310397876,0.17688505486030245,-0.08071444729425123,1.1695703629639405,0.16500149011947216
2025-08-24T18:41:00.979000,0.0,0.027004719013348222,0.05189042794518173,33.724909762716706,389.12,49.9,1.4667523025168538,-0.00941504885024148,-0.11736264526958934,-0.03304149425512167,1.3136691175670216,0.0993010310397876,0.17688505486030245,-0.08071444729425123,1.1695703629639405,0.16500149011947216
2025-08-24T18:41:01.980000,0.0,0.026866515167057514,0.051136413821950555,34.22218863632575,389.12,49.9,1.4667523025168538,-0.00941504885024148,-0.11736264526958934,-0.03304149425512167,1.3136691175670216,0.0993010310397876,0.17688505486030245,-0.08071444729425123,1.1695703629639405,0.16500149011947216
2025-08-24T18:41:02.980000,0.0,0.026285332860425115,0.05100635997951031,34.309446914129865,389.12,49.9,1.4667523025168538,-0.00941504885024148,-0.11736264526958934,-0.03304149425512167,1.3136691175670216,0.0993010310397876,0.17688505486030245,-0.08071444729425123,1.1695703629639405,0.16500149011947216
2025-08-24T18:41:03.981000,0.0,0.026341906981542706,0.05727217998355627,30.555847542428943,389.12,49.9,1.4667523025168538,-0.00941504885024148,-0.11736264526958934,-0.03304149425512167,1.3136691175670216,0.0993010310397876,0.17688505486030245,-0.08071444729425123,1.1695703629639405,0.16500149011947216
2025-08-24T18:41:04.990000,0.0,0.03256685705855489,0.0645404220558703,30.988331595796353,389.12,49.9,1.4667523025168538,-0.00941504885024148,-0.11736264526958934,-0.03304149425512167,1.3136691175670216,0.0993010310397876,0.17688505486030245,-0.08071444729425123,1.1695703629639405,0.16500149011947216
2025-08-24T18:41:05.990000,0.0,0.03377213003113866,0.05425458401441574,32.25533900573309,389.12,49.9,1.4667523025168538,-0.00941504885024148,-0.11736264526958934,-0.03304149425512167,1.3136691175670216,0.0993010310397876,0.17688505486030245,-0.08071444729425123,1.1695703629639405,0.16500149011947216
2025-08-24T18:41:06.950000,0.0,0.026174907106906176,0.0533488302025944,37.489106928961014,389.12,49.9,1.4667523025168538,-0.00941504885024148,-0.11736264526958934,-0.03304149425512167,1.3136691175670216,0.0993010310397876,0.17688505486030245,-0.08071444729425123,1.1695703629639405,0.16500149011947216
2025-08-24T18:41:07.961000,0.0,0.026518628001213074,0.06882645795121789,32.69091664712324,389.12,49.9,1.4667523025168538,-0.00941504885024148,-0.11736264526958934,-0.03304149425512167,1.3136691175670216,0.0993010310397876,0.17688505486030245,-0.08071444729425123,1.1695703629639405,0.16500149011947216
2025-08-24T18:41:08.960000,0.0,0.04144551791250706,0.06776411086320877,29.51414804272018,389.12,49.9,1.4667523025168538,-0.00941504885024148,-0.11736264526958934,-0.03304149425512167,1.3136691175670216,0.0993010310397876,0.17688505486030245,-0.08071444729425123,1.1695703629639405,0.16500149011947216
2025-08-24T18:41:09.960000,0.0,0.03320378111675382,0.05356579180806875,32.67010420139818,389.12,49.9,1.4667523025168538,-0.00941504885024148,-0.11736264526958934,-0.03304149425512167,1.3136691175670216,0.0993010310397876,0.17688505486030245,-0.08071444729425123,1.1695703629639405,0.16500149011947216
2025-08-24T18:41:10.960000,0.0,0.02651624009013176,0.052227484062314034,33.50726215170607,389.12,49.9,1.4667523025168538,-0.00941504885024148,-0.11736264526958934,-0.03304149425512167,1.3136691175670216,0.0993010310397876,0.17688505486030245,-0.08071444729425123,1.1695703629639405,0.16500149011947216
2025-08-24T18:41:11.970000,0.0,0.026342647848650813,0.05214689299464226,33.559046368875855,389.12,49.9,1.4667523025168538,-0.00941504885024148,-0.11736264526958934,-0.03304149425512167,1.3136691175670216,0.0993010310397876,0.17688505486030245,-0.08071444729425123,1.1695703629639405,0.16500149011947216
2025-08-24T18:41:12.971000,0.0,0.026101871859282255,0.0522269478533417,28.72080528642249,389.12,49.9,1.4667523025168538,-0.00941504885024148,-0.11736264526958934,-0.03304149425512167,1.3136691175670216,0.0993010310397876,0.17688505486030245,-0.08071444729425123,1.1695703629639405,0.16500149011947216
2025-08-24T18:41:13.970000,0.0,0.026691053993999958,0.05205046711489558,38.42424690608962,389.12,49.9,1.4667523025168538,-0.00941504885024148,-0.11736264526958934,-0.03304149425512167,1.3136691175670216,0.0993010310397876,0.17688505486030245,-0.08071444729425123,1.1695703629639405,0.16500149011947216
2025-08-24T18:41:14.971000,0.0,0.02579718898050487,0.05943115288391709,29.445836317834274,389.12,49.9,1.4667523025168538,-0.00941504885024148,-0.11736264526958934,-0.03304149425512167,1.3136691175670216,0.0993010310397876,0.17688505486030245,-0.08071444729425123,1.1695703629639405,0.16500149011947216
2025-08-24T18:41:15.961000,0.0,0.032395675079897046,0.05444571515545249,32.14210695926092,389.12,49.9,1.4667523025168538,-0.00941504885024148,-0.11736264526958934,-0.03304149425512167,1.3136691175670216,0.0993010310397876,0.17688505486030245,-0.08071444729425123,1.1695703629639405,0.16500149011947216
2025-08-24T18:41:16.961000,0.0,0.027265995973721147,0.05529022915288806,31.651162001172437,389.12,49.9,1.4667523025168538,-0.00941504885024148,-0.11736264526958934,-0.03304149425512167,1.3136691175670216,0.0993010310397876,0.17688505486030245,-0.08071444729425123,1.1695703629639405,0.16500149011947216
2025-08-24T18:41:17.961000,0.0,0.027919844025745988,0.054055846063420177,32.37392673397151,389.12,49.9,1.4667523025168538,-0.00941504885024148,-0.11736264526958934,-0.03304149425512167,1.3136691175670216,0.0993010310397876,0.17688505486030245,-0.08071444729425123,1.1695703629639405,0.16500149011947216
2025-08-24T18:41:18.962000,0.0,0.026816515950486064,0.06879166304133832,29.07329044797356,389.12,49.9,1.4667523025168538,-0.00941504885024148,-0.11736264526958934,-0.03304149425512167,1.3136691175670216,0.0993010310397876,0.17688505486030245,-0.08071444729425123,1.1695703629639405,0.16500149011947216
2025-08-24T18:41:41.354000,0.0,,0.36717225005850196,6.127914077497691,399.36,50.5,1.4749696610553538,-0.032104000538368614,-0.10774440350816844,-0.02525366060557984,1.2959848048517693,0.11593813828595505,0.18429018932050117,-0.0722016972638998,1.1620050681409901,0.16282268274628175,-0.069318801022317,0.16917888795705882,1.161605023219918
2025-08-24T18:41:42.354000,0.0,0.03824462997727096,0.06192362797446549,36.33508038204479,399.36,50.5,1.4749696610553538,-0.032104000538368614,-0.10774440350816844,-0.02525366060557984,1.2959848048517693,0.11593813828595505,0.18429018932050117,-0.0722016972638998,1.1620050681409901,0.16282268274628175,-0.069318801022317,0.16917888795705882,1.161605023219918
2025-08-24T18:41:43.353000,0.0,0.03500058990903199,0.058482884895056486,34.19803936807871,399.36,50.5,1.4749696610553538,-0.032104000538368614,-0.10774440350816844,-0.02525366060557984,1.2959848048517693,0.11593813828595505,0.18429018932050117,-0.0722016972638998,1.1620050681409901,0.16282268274628175,-0.069318801022317,0.16917888795705882,1.161605023219918
2025-08-24T18:41:44.374000,0.0,0.033802523044869304,0.05841166293248534,29.95977022641404,399.36,50.5,1.4749696610553538,-0.032104000538368614,-0.10774440350816844,-0.02525366060557984,1.2959848048517693,0.11593813828595505,0.18429018932050117,-0.0722016972638998,1.1620050681409901,0.16282268274628175,-0.069318801022317,0.16917888795705882,1.161605023219918
2025-08-24T18:41:45.375000,0.0,0.03364143008366227,0.058841586811468005,33.989566025949,399.36,50.5,1.4749696610553538,-0.032104000538368614,-0.10774440350816844,-0.02525366060557984,1.2959848048517693,0.11593813828595505,0.18429018932050117,-0.0722016972638998,1.1620050681409901,0.16282268274628175,-0.069318801022317,0.16917888795705882,1.161605023219918
2025-08-24T18:41:46.374000,0.0,0.033788929926231503,0.07694155583158135,29.242975082607618,399.36,50.5,1.4749696610553538,-0.032104000538368614,-0.10774440350816844,-0.02525366060557984,1.2959848048517693,0.11593813828595505,0.18429018932050117,-0.0722016972638998,1.1620050681409901,0.16282268274628175,-0.069318801022317,0.16917888795705882,1.161605023219918
2025-08-24T18:41:47.372000,0.0,0.05142630799673498,0.09187305881641805,29.93260522102646,399.36,50.5,1.4749696610553538,-0.032104000538368614,-0.10774440350816844,-0.02525366060557984,1.2959848048517693,0.11593813828595505,0.18429018932050117,-0.0722016972638998,1.1620050681409901,0.16282268274628175,-0.069318801022317,0.16917888795705882,1.161605023219918
2025-08-24T18:41:48.351000,0.0,0.054272535955533385,0.07546821190044284,29.813877172128862,399.36,50.5,1.4749696610553538,-0.032104000538368614,-0.10774440350816844,-0.02525366060557984,1.2959848048517693,0.11593813828595505,0.18429018932050117,-0.0722016972638998,1.1620050681409901,0.16282268274628175,-0.069318801022317,0.16917888795705882,1.161605023219918
2025-08-24T18:41:49.361000,0.0,0.04489256301894784,0.07071799389086664,35.351681551629405,399.36,50.5,1.4749696610553538,-0.032104000538368614,-0.10774440350816844,-0.02525366060557984,1.2959848048517693,0.11593813828595505,0.18429018932050117,-0.0722016972638998,1.1620050681409901,0.16282268274628175,-0.069318801022317,0.16917888795705882,1.161605023219918
2025-08-24T18:41:50.363000,0.0,0.044470861088484526,0.07058797706849873,28.333436982606784,399.36,50.5,1.4749696610553538,-0.032104000538368614,-0.10774440350816844,-0.02525366060557984,1.2959848048517693,0.11593813828595505,0.18429018932050117,-0.0722016972638998,1.1620050681409901,0.16282268274628175,-0.069318801022317,0.16917888795705882,1.161605023219918
2025-08-24T18:41:51.362000,0.0,0.04430675087496638,0.07039333018474281,31.96325552570193,399.36,50.5,1.4749696610553538,-0.032104000538368614,-0.10774440350816844,-0.02525366060557984,1.2959848048517693,0.11593813828595505,0.18429018932050117,-0.0722016972638998,1.1620050681409901,0.16282268274628175,-0.069318801022317,0.16917888795705882,1.161605023219918
2025-08-24T18:41:52.362000,0.0,0.044432434951886535,0.07119108480401337,28.093405311998453,399.36,50.5,1.4749696610553538,-0.032104000538368614,-0.10774440350816844,-0.02525366060557984,1.2959848048517693,0.11593813828595505,0.18429018932050117,-0.0722016972638998,1.1620050681409901,0.16282268274628175,-0.069318801022317,0.16917888795705882,1.161605023219918
2025-08-24T18:41:53.353000,0.0,0.044229269959032536,0.06770515791140497,33.23232777839785,399.36,50.5,1.4749696610553538,-0.032104000538368614,-0.10774440350816844,-0.02525366060557984,1.2959848048517693,0.11593813828595505,0.18429018932050117,-0.0722016972638998,1.1620050681409901,0.16282268274628175,-0.069318801022317,0.16917888795705882,1.161605023219918
2025-08-24T18:41:54.362000,0.0,0.041810577968135476,0.07931358413770795,31.520451725638505,399.36,50.5,1.4749696610553538,-0.032104000538368614,-0.10774440350816844,-0.02525366060557984,1.2959848048517693,0.11593813828595505,0.18429018932050117,-0.0722016972638998,1.1620050681409901,0.16282268274628175,-0.069318801022317,0.16917888795705882,1.161605023219918
2025-08-24T18:41:55.363000,0.0,0.052889266051352024,0.07409479492343962,30.366505532876737,399.36,50.5,1.4749696610553538,-0.032104000538368614,-0.10774440350816844,-0.02525366060557984,1.2959848048517693,0.11593813828595505,0.18429018932050117,-0.0722016972638998,1.1620050681409901,0.16282268274628175,-0.069318801022317,0.16917888795705882,1.161605023219918
2025-08-24T18:41:56.362000,0.0,0.044254308100789785,0.07072251406498253,31.814479868922803,399.36,50.5,1.4749696610553538,-0.032104000538368614,-0.10774440350816844,-0.02525366060557984,1.2959848048517693,0.11593813828595505,0.18429018932050117,-0.0722016972638998,1.1620050681409901,0.16282268274628175,-0.069318801022317,0.16917888795705882,1.161605023219918
2025-08-24T18:41:57.362000,0.0,0.0450703960377723,0.06121381907723844,36.75640621541664,399.36,50.5,1.4749696610553538,-0.032104000538368614,-0.10774440350816844,-0.02525366060557984,1.2959848048517693,0.11593813828595505,0.18429018932050117,-0.0722016972638998,1.1620050681409901,0.16282268274628175,-0.069318801022317,0.16917888795705882,1.161605023219918
2025-08-24T18:41:58.383000,0.0,0.03657345497049391,0.058393073035404086,34.25063789308347,399.36,50.5,1.4749696610553538,-0.032104000538368614,-0.10774440350816844,-0.02525366060557984,1.2959848048517693,0.11593813828595505,0.18429018932050117,-0.0722016972638998,1.1620050681409901,0.16282268274628175,-0.069318801022317,0.16917888795705882,1.161605023219918
2025-08-24T18:41:59.383000,0.0,0.033679321175441146,0.058625091100111604,29.85069988226723,399.36,50.5,1.4749696610553538,-0.032104000538368614,-0.10774440350816844,-0.02525366060557984,1.2959848048517693,0.11593813828595505,0.18429018932050117,-0.0722016972638998,1.1620050681409901,0.16282268274628175,-0.069318801022317,0.16917888795705882,1.161605023219918
2025-08-24T18:42:00.383000,0.0,0.03390917205251753,0.062209852039813995,32.14924862255027,399.36,50.5,1.4749696610553538,-0.032104000538368614,-0.10774440350816844,-0.02525366060557984,1.2959848048517693,0.11593813828595505,0.18429018932050117,-0.0722016972638998,1.1620050681409901,0.16282268274628175,-0.069318801022317,0.16917888795705882,1.161605023219918
2025-08-24T18:42:01.353000,0.0,0.03461079811677337,0.060800025006756186,37.00656372674145,399.36,50.5,1.4749696610553538,-0.032104000538368614,-0.10774440350816844,-0.02525366060557984,1.2959848048517693,0.11593813828595505,0.18429018932050117,-0.0722016972638998,1.1620050681409901,0.16282268274628175,-0.069318801022317,0.16917888795705882,1.161605023219918
2025-08-24T18:42:02.363000,0.0,0.035029962891712785,0.05843916698358953,34.223622670076445,399.36,50.5,1.4749696610553538,-0.032104000538368614,-0.10774440350816844,-0.02525366060557984,1.2959848048517693,0.11593813828595505,0.18429018932050117,-0.0722016972638998,1.1620050681409901,0.16282268274628175,-0.069318801022317,0.16917888795705882,1.161605023219918
2025-08-24T18:42:03.373000,0.0,0.03381535783410072,0.05854675895534456,29.890638375640687,399.36,50.5,1.4749696610553538,-0.032104000538368614,-0.10774440350816844,-0.02525366060557984,1.2959848048517693,0.11593813828595505,0.18429018932050117,-0.0722016972638998,1.1620050681409901,0.16282268274628175,-0.069318801022317,0.16917888795705882,1.161605023219918
2025-08-24T18:42:04.374000,0.0,0.033968542935326695,0.05851759319193661,34.177755627098996,399.36,50.5,1.4749696610553538,-0.032104000538368614,-0.10774440350816844,-0.02525366060557984,1.2959848048517693,0.11593813828595505,0.18429018932050117,-0.0722016972638998,1.1620050681409901,0.16282268274628175,-0.069318801022317,0.16917888795705882,1.161605023219918
2025-08-24T18:42:05.374000,0.0,0.03374048788100481,0.05891472101211548,33.94737284063032,399.36,50.5,1.4749696610553538,-0.032104000538368614,-0.10774440350816844,-0.02525366060557984,1.2959848048517693,0.11593813828595505,0.18429018932050117,-0.0722016972638998,1.1620050681409901,0.16282268274628175,-0.069318801022317,0.16917888795705882,1.161605023219918
2025-08-24T18:42:06.384000,0.0,0.034242096124216914,0.05817394703626633,34.379651061895075,399.36,50.5,1.4749696610553538,-0.032104000538368614,-0.10774440350816844,-0.02525366060557984,1.2959848048517693,0.11593813828595505,0.18429018932050117,-0.0722016972638998,1.1620050681409901,0.16282268274628175,-0.069318801022317,0.16917888795705882,1.161605023219918
2025-08-24T18:42:07.384000,0.0,0.0333204900380224,0.05849355598911643,34.191800552733206,399.36,50.5,1.4749696610553538,-0.032104000538368614,-0.10774440350816844,-0.02525366060557984,1.2959848048517693,0.11593813828595505,0.18429018932050117,-0.0722016972638998,1.1620050681409901,0.16282268274628175,-0.069318801022317,0.16917888795705882,1.161605023219918
2025-08-24T18:42:08.386000,0.0,0.03390445001423359,0.05897855409421027,33.910631257681764,399.36,50.5,1.4749696610553538,-0.032104000538368614,-0.10774440350816844,-0.02525366060557984,1.2959848048517693,0.11593813828595505,0.18429018932050117,-0.0722016972638998,1.1620050681409901,0.16282268274628175,-0.069318801022317,0.16917888795705882,1.161605023219918
2025-08-24T18:42:09.384000,0.0,0.034378947922959924,0.058479668106883764,38.474910560157376,399.36,50.5,1.4749696610553538,-0.032104000538368614,-0.10774440350816844,-0.02525366060557984,1.2959848048517693,0.11593813828595505,0.18429018932050117,-0.0722016972638998,1.1620050681409901,0.16282268274628175,-0.069318801022317,0.16917888795705882,1.161605023219918
2025-08-24T18:42:10.384000,0.0,0.03375752503052354,0.058389965211972594,29.970903281873813,399.36,50.5,1.4749696610553538,-0.032104000538368614,-0.10774440350816844,-0.02525366060557984,1.2959848048517693,0.11593813828595505,0.18429018932050117,-0.0722016972638998,1.1620050681409901,0.16282268274628175,-0.069318801022317,0.16917888795705882,1.161605023219918
2025-08-24T18:42:11.385000,0.0,0.033831320935860276,0.06202526204288006,32.24492624662089,399.36,50.5,1.4749696610553538,-0.032104000538368614,-0.10774440350816844,-0.02525366060557984,1.2959848048517693,0.11593813828595505,0.18429018932050117,-0.0722016972638998,1.1620050681409901,0.16282268274628175,-0.069318801022317,0.16917888795705882,1.161605023219918
2025-08-24T18:42:12.354000,0.0,0.03460570611059666,0.060146735049784184,33.25201273759211,399.36,50.5,1.4749696610553538,-0.032104000538368614,-0.10774440350816844,-0.02525366060557984,1.2959848048517693,0.11593813828595505,0.18429018932050117,-0.0722016972638998,1.1620050681409901,0.16282268274628175,-0.069318801022317,0.16917888795705882,1.161605023219918
2025-08-24T18:42:13.364000,0.0,0.03425978193990886,0.06017188308760524,37.392879939027075,399.36,50.5,1.4749696610553538,-0.032104000538368614,-0.10774440350816844,-0.02525366060557984,1.2959848048517693,0.11593813828595505,0.18429018932050117,-0.0722016972638998,1.1620050681409901,0.16282268274628175,-0.069318801022317,0.16917888795705882,1.161605023219918
2025-08-24T18:42:14.364000,0.0,0.03444087505340576,0.06402586493641138,35.14204770579251,399.36,50.5,1.4749696610553538,-0.032104000538368614,-0.10774440350816844,-0.02525366060557984,1.2959848048517693,0.11593813828595505,0.18429018932050117,-0.0722016972638998,1.1620050681409901,0.16282268274628175,-0.069318801022317,0.16917888795705882,1.161605023219918
2025-08-24T18:42:15.365000,0.0,0.037461970932781696,0.07574767991900444,29.703880071388046,399.36,50.5,1.4749696610553538,-0.032104000538368614,-0.10774440350816844,-0.02525366060557984,1.2959848048517693,0.11593813828595505,0.18429018932050117,-0.0722016972638998,1.1620050681409901,0.16282268274628175,-0.069318801022317,0.16917888795705882,1.161605023219918
2025-08-24T18:42:16.365000,0.0,0.043028500163927674,0.06076638004742563,37.02705341743336,399.36,50.5,1.4749696610553538,-0.032104000538368614,-0.10774440350816844,-0.02525366060557984,1.2959848048517693,0.11593813828595505,0.18429018932050117,-0.0722016972638998,1.1620050681409901,0.16282268274628175,-0.069318801022317,0.16917888795705882,1.161605023219918
2025-08-24T18:42:17.364000,0.0,0.03510618698783219,0.05861955787986517,34.118305772603115,399.36,50.5,1.4749696610553538,-0.032104000538368614,-0.10774440350816844,-0.02525366060557984,1.2959848048517693,0.11593813828595505,0.18429018932050117,-0.0722016972638998,1.1620050681409901,0.16282268274628175,-0.069318801022317,0.16917888795705882,1.161605023219918
2025-08-24T18:42:18.374000,0.0,0.033988432958722115,0.05854122410528362,29.893464421801553,399.36,50.5,1.4749696610553538,-0.032104000538368614,-0.10774440350816844,-0.02525366060557984,1.2959848048517693,0.11593813828595505,0.18429018932050117,-0.0722016972638998,1.1620050681409901,0.16282268274628175,-0.069318801022317,0.16917888795705882,1.161605023219918
2025-08-24T18:42:19.386000,0.0,0.03392922901548445,0.059255850967019796,29.532948585516216,399.36,50.5,1.4749696610553538,-0.032104000538368614,-0.10774440350816844,-0.02525366060557984,1.2959848048517693,0.11593813828595505,0.18429018932050117,-0.0722016972638998,1.1620050681409901,0.16282268274628175,-0.069318801022317,0.16917888795705882,1.161605023219918
2025-08-24T18:42:20.386000,0.0,0.03467220696620643,0.06188450590707362,36.35805064645129,399.36,50.5,1.4749696610553538,-0.032104000538368614,-0.10774440350816844,-0.02525366060557984,1.2959848048517693,0.11593813828595505,0.18429018932050117,-0.0722016972638998,1.1620050681409901,0.16282268274628175,-0.069318801022317,0.16917888795705882,1.161605023219918
2025-08-24T18:42:21.355000,0.0,0.034618338104337454,0.06175356195308268,32.38679578547304,399.36,50.5,1.4749696610553538,-0.032104000538368614,-0.10774440350816844,-0.02525366060557984,1.2959848048517693,0.11593813828595505,0.18429018932050117,-0.0722016972638998,1.1620050681409901,0.16282268274628175,-0.069318801022317,0.16917888795705882,1.161605023219918
2025-08-24T18:42:22.355000,0.0,0.03406580211594701,0.06084828800521791,36.97721125378193,399.36,50.5,1.4749696610553538,-0.032104000538368614,-0.10774440350816844,-0.02525366060557984,1.2959848048517693,0.11593813828595505,0.18429018932050117,-0.0722016972638998,1.1620050681409901,0.16282268274628175,-0.069318801022317,0.16917888795705882,1.161605023219918
2025-08-24T18:42:23.365000,0.0,0.0343323580455035,0.06092899199575186,32.82509581217761,399.36,50.5,1.4749696610553538,-0.032104000538368614,-0.10774440350816844,-0.02525366060557984,1.2959848048517693,0.11593813828595505,0.18429018932050117,-0.0722016972638998,1.1620050681409901,0.16282268274628175,-0.069318801022317,0.16917888795705882,1.161605023219918
2025-08-24T18:42:24.365000,0.0,0.034734263084828854,0.060755974845960736,32.91857311269732,399.36,50.5,1.4749696610553538,-0.032104000538368614,-0.10774440350816844,-0.02525366060557984,1.2959848048517693,0.11593813828595505,0.18429018932050117,-0.0722016972638998,1.1620050681409901,0.16282268274628175,-0.069318801022317,0.16917888795705882,1.161605023219918
2025-08-24T18:42:25.366000,0.0,0.03480031806975603,0.05879615107551217,34.0158320470916,399.36,50.5,1.4749696610553538,-0.032104000538368614,-0.10774440350816844,-0.02525366060557984,1.2959848048517693,0.11593813828595505,0.18429018932050117,-0.0722016972638998,1.1620050681409901,0.16282268274628175,-0.069318801022317,0.16917888795705882,1.161605023219918
2025-08-24T18:42:26.376000,0.0,0.034186210948973894,0.05886446498334408,33.97635569381211,399.36,50.5,1.4749696610553538,-0.032104000538368614,-0.10774440350816844,-0.02525366060557984,1.2959848048517693,0.11593813828595505,0.18429018932050117,-0.0722016972638998,1.1620050681409901,0.16282268274628175,-0.069318801022317,0.16917888795705882,1.161605023219918
2025-08-24T18:42:27.375000,0.0,0.033932803897187114,0.07337812008336186,30.663091360801616,399.36,50.5,1.4749696610553538,-0.032104000538368614,-0.10774440350816844,-0.02525366060557984,1.2959848048517693,0.11593813828595505,0.18429018932050117,-0.0722016972638998,1.1620050681409901,0.16282268274628175,-0.069318801022317,0.16917888795705882,1.161605023219918
2025-08-24T18:42:28.386000,0.0,0.04815769987180829,0.06670940993353724,33.72837508593881,399.36,50.5,1.4749696610553538,-0.032104000538368614,-0.10774440350816844,-0.02525366060557984,1.2959848048517693,0.11593813828595505,0.18429018932050117,-0.0722016972638998,1.1620050681409901,0.16282268274628175,-0.069318801022317,0.16917888795705882,1.161605023219918
2025-08-24T18:42:29.387000,0.0,0.035591555992141366,0.05936188902705908,33.69165019476203,399.36,50.5,1.4749696610553538,-0.032104000538368614,-0.10774440350816844,-0.02525366060557984,1.2959848048517693,0.11593813828595505,0.18429018932050117,-0.0722016972638998,1.1620050681409901,0.16282268274628175,-0.069318801022317,0.16917888795705882,1.161605023219918
2025-08-24T18:42:30.376000,0.0,0.034383302088826895,0.06185317412018776,36.37646785317744,399.36,50.5,1.4749696610553538,-0.032104000538368614,-0.10774440350816844,-0.02525366060557984,1.2959848048517693,0.11593813828595505,0.18429018932050117,-0.0722016972638998,1.1620050681409901,0.16282268274628175,-0.069318801022317,0.16917888795705882,1.161605023219918
2025-08-24T18:42:31.356000,0.0,0.03467170801013708,0.06139888009056449,32.57388403583128,399.36,50.5,1.4749696610553538,-0.032104000538368614,-0.10774440350816844,-0.02525366060557984,1.2959848048517693,0.11593813828595505,0.18429018932050117,-0.0722016972638998,1.1620050681409901,0.16282268274628175,-0.069318801022317,0.16917888795705882,1.161605023219918
2025-08-24T18:42:32.367000,0.0,0.03379676793701947,0.061491269152611494,36.59056043250394,399.36,50.5,1.4749696610553538,-0.032104000538368614,-0.10774440350816844,-0.02525366060557984,1.2959848048517693,0.11593813828595505,0.18429018932050117,-0.0722016972638998,1.1620050681409901,0.16282268274628175,-0.069318801022317,0.16917888795705882,1.161605023219918
2025-08-24T18:42:33.367000,0.0,0.03475452307611704,0.05928787193261087,33.73371205283488,399.36,50.5,1.4749696610553538,-0.032104000538368614,-0.10774440350816844,-0.02525366060557984,1.2959848048517693,0.11593813828595505,0.18429018932050117,-0.0722016972638998,1.1620050681409901,0.16282268274628175,-0.069318801022317,0.16917888795705882,1.161605023219918
2025-08-24T18:42:34.377000,0.0,0.034068007953464985,0.05927359405905008,33.741837857975995,399.36,50.5,1.4749696610553538,-0.032104000538368614,-0.10774440350816844,-0.02525366060557984,1.2959848048517693,0.11593813828595505,0.18429018932050117,-0.0722016972638998,1.1620050681409901,0.16282268274628175,-0.069318801022317,0.16917888795705882,1.161605023219918
2025-08-24T18:42:35.387000,0.0,0.034016157034784555,0.06107084499672055,36.84245731528391,399.36,50.5,1.4749696610553538,-0.032104000538368614,-0.10774440350816844,-0.02525366060557984,1.2959848048517693,0.11593813828595505,0.18429018932050117,-0.0722016972638998,1.1620050681409901,0.16282268274628175,-0.069318801022317,0.16917888795705882,1.161605023219918
2025-08-24T18:42:36.386000,0.0,0.034062101040035486,0.07299625198356807,34.24833374407651,399.36,50.5,1.4749696610553538,-0.032104000538368614,-0.10774440350816844,-0.02525366060557984,1.2959848048517693,0.11593813828595505,0.18429018932050117,-0.0722016972638998,1.1620050681409901,0.16282268274628175,-0.069318801022317,0.16917888795705882,1.161605023219918
2025-08-24T18:42:37.387000,0.0,0.047578149009495974,0.07669356884434819,29.337531606679107,399.36,50.5,1.4749696610553538,-0.032104000538368614,-0.10774440350816844,-0.02525366060557984,1.2959848048517693,0.11593813828595505,0.18429018932050117,-0.0722016972638998,1.1620050681409901,0.16282268274628175,-0.069318801022317,0.16917888795705882,1.161605023219918
2025-08-24T18:42:38.377000,0.0,0.04473355086520314,0.06504408712498844,34.59192217851128,399.36,50.5,1.4749696610553538,-0.032104000538368614,-0.10774440350816844,-0.02525366060557984,1.2959848048517693,0.11593813828595505,0.18429018932050117,-0.0722016972638998,1.1620050681409901,0.16282268274628175,-0.069318801022317,0.16917888795705882,1.161605023219918
2025-08-24T18:42:39.377000,0.0,0.03882659715600312,0.06014014594256878,33.25565591260718,399.36,50.5,1.4749696610553538,-0.032104000538368614,-0.10774440350816844,-0.02525366060557984,1.2959848048517693,0.11593813828595505,0.18429018932050117,-0.0722016972638998,1.1620050681409901,0.16282268274628175,-0.069318801022317,0.16917888795705882,1.161605023219918
2025-08-24T18:43:02.959000,0.0,,0.3725818858947605,6.709934365156404,399.36,50.9,1.4751938604260189,-0.0707624455521628,-0.11468015050280121,-0.033511706471593114,1.2873512841588768,0.08140691735884051,0.1760852119067055,-0.07129180518171353,1.1955324365453657,0.15067841025963394,-0.09052236012311145,0.17532706292757574,1.1767793412848377,-0.06810147629624091,-0.13697984286625942,0.43778921448055264
2025-08-24T18:43:03.959000,0.0,0.0441014829557389,0.06922242394648492,36.11546457738482,399.36,50.9,1.4751938604260189,-0.0707624455521628,-0.11468015050280121,-0.033511706471593114,1.2873512841588768,0.08140691735884051,0.1760852119067055,-0.07129180518171353,1.1955324365453657,0.15067841025963394,-0.09052236012311145,0.17532706292757574,1.1767793412848377,-0.06810147629624091,-0.13697984286625942,0.43778921448055264
2025-08-24T18:43:04.948000,0.0,0.04151612496934831,0.06870300089940429,32.74966115809806,399.36,50.9,1.4751938604260189,-0.0707624455521628,-0.11468015050280121,-0.033511706471593114,1.2873512841588768,0.08140691735884051,0.1760852119067055,-0.07129180518171353,1.1955324365453657,0.15067841025963394,-0.09052236012311145,0.17532706292757574,1.1767793412848377,-0.06810147629624091,-0.13697984286625942,0.43778921448055264
2025-08-24T18:43:05.958000,0.0,0.041938919108361006,0.06635360419750214,30.141542787140587,399.36,50.9,1.4751938604260189,-0.0707624455521628,-0.11468015050280121,-0.033511706471593114,1.2873512841588768,0.08140691735884051,0.1760852119067055,-0.07129180518171353,1.1955324365453657,0.15067841025963394,-0.09052236012311145,0.17532706292757574,1.1767793412848377,-0.06810147629624091,-0.13697984286625942,0.43778921448055264
2025-08-24T18:43:06.968000,0.0,0.04101105406880379,0.06805133703164756,36.73697107284396,399.36,50.9,1.4751938604260189,-0.0707624455521628,-0.11468015050280121,-0.033511706471593114,1.2873512841588768,0.08140691735884051,0.1760852119067055,-0.07129180518171353,1.1955324365453657,0.15067841025963394,-0.09052236012311145,0.17532706292757574,1.1767793412848377,-0.06810147629624091,-0.13697984286625942,0.43778921448055264
2025-08-24T18:43:07.948000,0.0,0.041031850036233664,0.06746170995756984,33.352252728475726,399.36,50.9,1.4751938604260189,-0.0707624455521628,-0.11468015050280121,-0.033511706471593114,1.2873512841588768,0.08140691735884051,0.1760852119067055,-0.07129180518171353,1.1955324365453657,0.15067841025963394,-0.09052236012311145,0.17532706292757574,1.1767793412848377,-0.06810147629624091,-0.13697984286625942,0.43778921448055264
2025-08-24T18:43:08.957000,0.0,0.0420169560238719,0.07192881987430155,31.28092472435889,399.36,50.9,1.4751938604260189,-0.0707624455521628,-0.11468015050280121,-0.033511706471593114,1.2873512841588768,0.08140691735884051,0.1760852119067055,-0.07129180518171353,1.1955324365453657,0.15067841025963394,-0.09052236012311145,0.17532706292757574,1.1767793412848377,-0.06810147629624091,-0.13697984286625942,0.43778921448055264
2025-08-24T18:43:09.957000,0.0,0.04228026978671551,0.06903587002307177,36.213058503709625,399.36,50.9,1.4751938604260189,-0.0707624455521628,-0.11468015050280121,-0.033511706471593114,1.2873512841588768,0.08140691735884051,0.1760852119067055,-0.07129180518171353,1.1955324365453657,0.15067841025963394,-0.09052236012311145,0.17532706292757574,1.1767793412848377,-0.06810147629624091,-0.13697984286625942,0.43778921448055264
2025-08-24T18:43:10.968000,0.0,0.04408594686537981,0.06707417615689337,40.999385420217436,399.36,50.9,1.4751938604260189,-0.0707624455521628,-0.11468015050280121,-0.033511706471593114,1.2873512841588768,0.08140691735884051,0.1760852119067055,-0.07129180518171353,1.1955324365453657,0.15067841025963394,-0.09052236012311145,0.17532706292757574,1.1767793412848377,-0.06810147629624091,-0.13697984286625942,0.43778921448055264
2025-08-24T18:43:11.958000,0.0,0.04150799592025578,0.06776365404948592,36.892933757295765,399.36,50.9,1.4751938604260189,-0.0707624455521628,-0.11468015050280121,-0.033511706471593114,1.2873512841588768,0.08140691735884051,0.1760852119067055,-0.07129180518171353,1.1955324365453657,0.15067841025963394,-0.09052236012311145,0.17532706292757574,1.1767793412848377,-0.06810147629624091,-0.13697984286625942,0.43778921448055264
2025-08-24T18:43:12.959000,0.0,0.04198553110472858,0.06711834203451872,37.247642361520946,399.36,50.9,1.4751938604260189,-0.0707624455521628,-0.11468015050280121,-0.033511706471593114,1.2873512841588768,0.08140691735884051,0.1760852119067055,-0.07129180518171353,1.1955324365453657,0.15067841025963394,-0.09052236012311145,0.17532706292757574,1.1767793412848377,-0.06810147629624091,-0.13697984286625942,0.43778921448055264
2025-08-24T18:43:13.960000,0.0,0.04117773799225688,0.06765858107246459,36.950228047531894,399.36,50.9,1.4751938604260189,-0.0707624455521628,-0.11468015050280121,-0.033511706471593114,1.2873512841588768,0.08140691735884051,0.1760852119067055,-0.07129180518171353,1.1955324365453657,0.15067841025963394,-0.09052236012311145,0.17532706292757574,1.1767793412848377,-0.06810147629624091,-0.13697984286625942,0.43778921448055264
2025-08-24T18:43:14.959000,0.0,0.04175025504082441,0.06569973798468709,34.24671192028823,399.36,50.9,1.4751938604260189,-0.0707624455521628,-0.11468015050280121,-0.033511706471593114,1.2873512841588768,0.08140691735884051,0.1760852119067055,-0.07129180518171353,1.1955324365453657,0.15067841025963394,-0.09052236012311145,0.17532706292757574,1.1767793412848377,-0.06810147629624091,-0.13697984286625942,0.43778921448055264
2025-08-24T18:43:15.969000,0.0,0.041039812844246626,0.06617810693569481,33.99915930182649,399.36,50.9,1.4751938604260189,-0.0707624455521628,-0.11468015050280121,-0.033511706471593114,1.2873512841588768,0.08140691735884051,0.1760852119067055,-0.07129180518171353,1.1955324365453657,0.15067841025963394,-0.09052236012311145,0.17532706292757574,1.1767793412848377,-0.06810147629624091,-0.13697984286625942,0.43778921448055264
2025-08-24T18:43:16.979000,0.0,0.04153977404348552,0.06583821889944375,37.97186560921856,399.36,50.9,1.4751938604260189,-0.0707624455521628,-0.11468015050280121,-0.033511706471593114,1.2873512841588768,0.08140691735884051,0.1760852119067055,-0.07129180518171353,1.1955324365453657,0.15067841025963394,-0.09052236012311145,0.17532706292757574,1.1767793412848377,-0.06810147629624091,-0.13697984286625942,0.43778921448055264
2025-08-24T18:43:17.968000,0.0,0.04126651701517403,0.09990250994451344,27.526835927619832,399.36,50.9,1.4751938604260189,-0.0707624455521628,-0.11468015050280121,-0.033511706471593114,1.2873512841588768,0.08140691735884051,0.1760852119067055,-0.07129180518171353,1.1955324365453657,0.15067841025963394,-0.09052236012311145,0.17532706292757574,1.1767793412848377,-0.06810147629624091,-0.13697984286625942,0.43778921448055264
2025-08-24T18:43:18.949000,0.0,0.06594734801910818,0.08380663790740073,32.813629906481914,399.36,50.9,1.4751938604260189,-0.0707624455521628,-0.11468015050280121,-0.033511706471593114,1.2873512841588768,0.08140691735884051,0.1760852119067055,-0.07129180518171353,1.1955324365453657,0.15067841025963394,-0.09052236012311145,0.17532706292757574,1.1767793412848377,-0.06810147629624091,-0.13697984286625942,0.43778921448055264
2025-08-24T18:43:19.949000,0.0,0.0494902019854635,0.06878550304099917,39.979354346814404,399.36,50.9,1.4751938604260189,-0.0707624455521628,-0.11468015050280121,-0.033511706471593114,1.2873512841588768,0.08140691735884051,0.1760852119067055,-0.07129180518171353,1.1955324365453657,0.15067841025963394,-0.09052236012311145,0.17532706292757574,1.1767793412848377,-0.06810147629624091,-0.13697984286625942,0.43778921448055264
2025-08-24T18:43:20.949000,0.0,0.041244942927733064,0.0703704219777137,35.5262897356469,399.36,50.9,1.4751938604260189,-0.0707624455521628,-0.11468015050280121,-0.033511706471593114,1.2873512841588768,0.08140691735884051,0.1760852119067055,-0.07129180518171353,1.1955324365453657,0.15067841025963394,-0.09052236012311145,0.17532706292757574,1.1767793412848377,-0.06810147629624091,-0.13697984286625942,0.43778921448055264
2025-08-24T18:43:21.949000,0.0,0.04277474991977215,0.06984481401741505,32.21427434023925,399.36,50.9,1.4751938604260189,-0.0707624455521628,-0.11468015050280121,-0.033511706471593114,1.2873512841588768,0.08140691735884051,0.1760852119067055,-0.07129180518171353,1.1955324365453657,0.15067841025963394,-0.09052236012311145,0.17532706292757574,1.1767793412848377,-0.06810147629624091,-0.13697984286625942,0.43778921448055264
2025-08-24T18:43:22.949000,0.0,0.04273532493971288,0.06853911490179598,36.47552209540543,399.36,50.9,1.4751938604260189,-0.0707624455521628,-0.11468015050280121,-0.033511706471593114,1.2873512841588768,0.08140691735884051,0.1760852119067055,-0.07129180518171353,1.1955324365453657,0.15067841025963394,-0.09052236012311145,0.17532706292757574,1.1767793412848377,-0.06810147629624091,-0.13697984286625942,0.43778921448055264
2025-08-24T18:43:23.950000,0.0,0.04198616184294224,0.07719552097842097,35.623828496069265,399.36,50.9,1.4751938604260189,-0.0707624455521628,-0.11468015050280121,-0.033511706471593114,1.2873512841588768,0.08140691735884051,0.1760852119067055,-0.07129180518171353,1.1955324365453657,0.15067841025963394,-0.09052236012311145,0.17532706292757574,1.1767793412848377,-0.06810147629624091,-0.13697984286625942,0.43778921448055264
2025-08-24T18:43:24.950000,0.0,0.05022503179498017,0.07256307895295322,34.45278282114908,399.36,50.9,1.4751938604260189,-0.0707624455521628,-0.11468015050280121,-0.033511706471593114,1.2873512841588768,0.08140691735884051,0.1760852119067055,-0.07129180518171353,1.1955324365453657,0.15067841025963394,-0.09052236012311145,0.17532706292757574,1.1767793412848377,-0.06810147629624091,-0.13697984286625942,0.43778921448055264
2025-08-24T18:43:25.959000,0.0,0.04134714580141008,0.06812887801788747,33.02564294995869,399.36,50.9,1.4751938604260189,-0.0707624455521628,-0.11468015050280121,-0.033511706471593114,1.2873512841588768,0.08140691735884051,0.1760852119067055,-0.07129180518171353,1.1955324365453657,0.15067841025963394,-0.09052236012311145,0.17532706292757574,1.1767793412848377,-0.06810147629624091,-0.13697984286625942,0.43778921448055264
2025-08-24T18:43:26.961000,0.0,0.04208449483849108,0.06579531403258443,34.196964222797206,399.36,50.9,1.4751938604260189,-0.0707624455521628,-0.11468015050280121,-0.033511706471593114,1.2873512841588768,0.08140691735884051,0.1760852119067055,-0.07129180518171353,1.1955324365453657,0.15067841025963394,-0.09052236012311145,0.17532706292757574,1.1767793412848377,-0.06810147629624091,-0.13697984286625942,0.43778921448055264
2025-08-24T18:43:27.980000,0.0,0.04094076016917825,0.06582220294512808,34.182994480991205,399.36,50.9,1.4751938604260189,-0.0707624455521628,-0.11468015050280121,-0.033511706471593114,1.2873512841588768,0.08140691735884051,0.1760852119067055,-0.07129180518171353,1.1955324365453657,0.15067841025963394,-0.09052236012311145,0.17532706292757574,1.1767793412848377,-0.06810147629624091,-0.13697984286625942,0.43778921448055264
2025-08-24T18:43:28.981000,0.0,0.040720149176195264,0.06606046110391617,34.059707764689115,399.36,50.9,1.4751938604260189,-0.0707624455521628,-0.11468015050280121,-0.033511706471593114,1.2873512841588768,0.08140691735884051,0.1760852119067055,-0.07129180518171353,1.1955324365453657,0.15067841025963394,-0.09052236012311145,0.17532706292757574,1.1767793412848377,-0.06810147629624091,-0.13697984286625942,0.43778921448055264
2025-08-24T18:43:29.980000,0.0,0.04113996191881597,0.06857439503073692,36.45675618252881,399.36,50.9,1.4751938604260189,-0.0707624455521628,-0.11468015050280121,-0.033511706471593114,1.2873512841588768,0.08140691735884051,0.1760852119067055,-0.07129180518171353,1.1955324365453657,0.15067841025963394,-0.09052236012311145,0.17532706292757574,1.1767793412848377,-0.06810147629624091,-0.13697984286625942,0.43778921448055264
2025-08-24T18:43:30.950000,0.0,0.041786459973081946,0.07029644213616848,35.56367753516372,399.36,50.9,1.4751938604260189,-0.0707624455521628,-0.11468015050280121,-0.033511706471593114,1.2873512841588768,0.08140691735884051,0.1760852119067055,-0.07129180518171353,1.1955324365453657,0.15067841025963394,-0.09052236012311145,0.17532706292757574,1.1767793412848377,-0.06810147629624091,-0.13697984286625942,0.43778921448055264
2025-08-24T18:43:31.950000,0.0,0.04241077206097543,0.06834597000852227,36.57860148430555,399.36,50.9,1.4751938604260189,-0.0707624455521628,-0.11468015050280121,-0.033511706471593114,1.2873512841588768,0.08140691735884051,0.1760852119067055,-0.07129180518171353,1.1955324365453657,0.15067841025963394,-0.09052236012311145,0.17532706292757574,1.1767793412848377,-0.06810147629624091,-0.13697984286625942,0.43778921448055264
2025-08-24T18:43:32.961000,0.0,0.04206532891839743,0.06845108116976917,36.52243262308105,399.36,50.9,1.4751938604260189,-0.0707624455521628,-0.11468015050280121,-0.033511706471593114,1.2873512841588768,0.08140691735884051,0.1760852119067055,-0.07129180518171353,1.1955324365453657,0.15067841025963394,-0.09052236012311145,0.17532706292757574,1.1767793412848377,-0.06810147629624091,-0.13697984286625942,0.43778921448055264
2025-08-24T18:43:33.960000,0.0,0.04241973487660289,0.06822497094981372,32.979127270790734,399.36,50.9,1.4751938604260189,-0.0707624455521628,-0.11468015050280121,-0.033511706471593114,1.2873512841588768,0.08140691735884051,0.1760852119067055,-0.07129180518171353,1.1955324365453657,0.15067841025963394,-0.09052236012311145,0.17532706292757574,1.1767793412848377,-0.06810147629624091,-0.13697984286625942,0.43778921448055264
2025-08-24T18:43:34.961000,0.0,0.042837511049583554,0.06918892916291952,36.132948294564194,399.36,50.9,1.4751938604260189,-0.0707624455521628,-0.11468015050280121,-0.033511706471593114,1.2873512841588768,0.08140691735884051,0.1760852119067055,-0.07129180518171353,1.1955324365453657,0.15067841025963394,-0.09052236012311145,0.17532706292757574,1.1767793412848377,-0.06810147629624091,-0.13697984286625942,0.43778921448055264
2025-08-24T18:43:35.961000,0.0,0.043518805177882314,0.09274076786823571,29.652547236908074,399.36,50.9,1.4751938604260189,-0.0707624455521628,-0.11468015050280121,-0.033511706471593114,1.2873512841588768,0.08140691735884051,0.1760852119067055,-0.07129180518171353,1.1955324365453657,0.15067841025963394,-0.09052236012311145,0.17532706292757574,1.1767793412848377,-0.06810147629624091,-0.13697984286625942,0.43778921448055264
2025-08-24T18:43:36.950000,0.0,0.06547161308117211,0.10072058415971696,29.78537133226705,399.36,50.9,1.4751938604260189,-0.0707624455521628,-0.11468015050280121,-0.033511706471593114,1.2873512841588768,0.08140691735884051,0.1760852119067055,-0.07129180518171353,1.1955324365453657,0.15067841025963394,-0.09052236012311145,0.17532706292757574,1.1767793412848377,-0.06810147629624091,-0.13697984286625942,0.43778921448055264
2025-08-24T18:43:37.950000,0.0,0.0662829801440239,0.10035542002879083,27.40260565110526,399.36,50.9,1.4751938604260189,-0.0707624455521628,-0.11468015050280121,-0.033511706471593114,1.2873512841588768,0.08140691735884051,0.1760852119067055,-0.07129180518171353,1.1955324365453657,0.15067841025963394,-0.09052236012311145,0.17532706292757574,1.1767793412848377,-0.06810147629624091,-0.13697984286625942,0.43778921448055264
2025-08-24T18:43:38.951000,0.0,0.06576315010897815,0.09527785005047917,31.486856582202417,399.36,50.9,1.4751938604260189,-0.0707624455521628,-0.11468015050280121,-0.033511706471593114,1.2873512841588768,0.08140691735884051,0.1760852119067055,-0.07129180518171353,1.1955324365453657,0.15067841025963394,-0.09052236012311145,0.17532706292757574,1.1767793412848377,-0.06810147629624091,-0.13697984286625942,0.43778921448055264
2025-08-24T18:43:39.951000,0.0,0.0605651349760592,0.06845545209944248,36.520100639586545,399.36,50.9,1.4751938604260189,-0.0707624455521628,-0.11468015050280121,-0.033511706471593114,1.2873512841588768,0.08140691735884051,0.1760852119067055,-0.07129180518171353,1.1955324365453657,0.15067841025963394,-0.09052236012311145,0.17532706292757574,1.1767793412848377,-0.06810147629624091,-0.13697984286625942,0.43778921448055264
2025-08-24T18:43:40.963000,0.0,0.042393143055960536,0.06882300600409508,39.957568837321006,399.36,50.9,1.4751938604260189,-0.0707624455521628,-0.11468015050280121,-0.033511706471593114,1.2873512841588768,0.08140691735884051,0.1760852119067055,-0.07129180518171353,1.1955324365453657,0.15067841025963394,-0.09052236012311145,0.17532706292757574,1.1767793412848377,-0.06810147629624091,-0.13697984286625942,0.43778921448055264
2025-08-24T18:43:41.961000,0.0,0.04322330700233579,0.09206445794552565,32.585865022689106,399.36,50.9,1.4751938604260189,-0.0707624455521628,-0.11468015050280121,-0.033511706471593114,1.2873512841588768,0.08140691735884051,0.1760852119067055,-0.07129180518171353,1.1955324365453657,0.15067841025963394,-0.09052236012311145,0.17532706292757574,1.1767793412848377,-0.06810147629624091,-0.13697984286625942,0.43778921448055264
2025-08-24T18:43:42.962000,0.0,0.06559992884285748,0.0836328100413084,29.892574442556946,399.36,50.9,1.4751938604260189,-0.0707624455521628,-0.11468015050280121,-0.033511706471593114,1.2873512841588768,0.08140691735884051,0.1760852119067055,-0.07129180518171353,1.1955324365453657,0.15067841025963394,-0.09052236012311145,0.17532706292757574,1.1767793412848377,-0.06810147629624091,-0.13697984286625942,0.43778921448055264
2025-08-24T18:43:43.962000,0.0,0.05442886706441641,0.08107891492545605,30.834157096188765,399.36,50.9,1.4751938604260189,-0.0707624455521628,-0.11468015050280121,-0.033511706471593114,1.2873512841588768,0.08140691735884051,0.1760852119067055,-0.07129180518171353,1.1955324365453657,0.15067841025963394,-0.09052236012311145,0.17532706292757574,1.1767793412848377,-0.06810147629624091,-0.13697984286625942,0.43778921448055264
2025-08-24T18:43:44.962000,0.0,0.05499467998743057,0.071092349011451,38.68208095862801,399.36,50.9,1.4751938604260189,-0.0707624455521628,-0.11468015050280121,-0.033511706471593114,1.2873512841588768,0.08140691735884051,0.1760852119067055,-0.07129180518171353,1.1955324365453657,0.15067841025963394,-0.09052236012311145,0.17532706292757574,1.1767793412848377,-0.06810147629624091,-0.13697984286625942,0.43778921448055264
2025-08-24T18:43:45.963000,0.0,0.04528307495638728,0.07258538017049432,34.442197507650114,399.36,50.9,1.4751938604260189,-0.0707624455521628,-0.11468015050280121,-0.033511706471593114,1.2873512841588768,0.08140691735884051,0.1760852119067055,-0.07129180518171353,1.1955324365453657,0.15067841025963394,-0.09052236012311145,0.17532706292757574,1.1767793412848377,-0.06810147629624091,-0.13697984286625942,0.43778921448055264
2025-08-24T18:43:46.962000,0.0,0.04136877809651196,0.06813484407030046,36.691945716063955,399.36,50.9,1.4751938604260189,-0.0707624455521628,-0.11468015050280121,-0.033511706471593114,1.2873512841588768,0.08140691735884051,0.1760852119067055,-0.07129180518171353,1.1955324365453657,0.15067841025963394,-0.09052236012311145,0.17532706292757574,1.1767793412848377,-0.06810147629624091,-0.13697984286625942,0.43778921448055264
2025-08-24T18:43:47.961000,0.0,0.04156168480403721,0.0658997988793999,34.14274456463236,399.36,50.9,1.4751938604260189,-0.0707624455521628,-0.11468015050280121,-0.033511706471593114,1.2873512841588768,0.08140691735884051,0.1760852119067055,-0.07129180518171353,1.1955324365453657,0.15067841025963394,-0.09052236012311145,0.17532706292757574,1.1767793412848377,-0.06810147629624091,-0.13697984286625942,0.43778921448055264
2025-08-24T18:43:48.973000,0.0,0.041244224179536104,0.07497107284143567,33.34619480886266,399.36,50.9,1.4751938604260189,-0.0707624455521628,-0.11468015050280121,-0.033511706471593114,1.2873512841588768,0.08140691735884051,0.1760852119067055,-0.07129180518171353,1.1955324365453657,0.15067841025963394,-0.09052236012311145,0.17532706292757574,1.1767793412848377,-0.06810147629624091,-0.13697984286625942,0.43778921448055264
2025-08-24T18:43:49.973000,0.0,0.05054764496162534,0.06620474206283689,33.9854809473384,399.36,50.9,1.4751938604260189,-0.0707624455521628,-0.11468015050280121,-0.033511706471593114,1.2873512841588768,0.08140691735884051,0.1760852119067055,-0.07129180518171353,1.1955324365453657,0.15067841025963394,-0.09052236012311145,0.17532706292757574,1.1767793412848377,-0.06810147629624091,-0.13697984286625942,0.43778921448055264
2025-08-24T18:43:50.971000,0.0,0.0413506671320647,0.06671285117045045,37.47403920141983,399.36,50.9,1.4751938604260189,-0.0707624455521628,-0.11468015050280121,-0.033511706471593114,1.2873512841588768,0.08140691735884051,0.1760852119067055,-0.07129180518171353,1.1955324365453657,0.15067841025963394,-0.09052236012311145,0.17532706292757574,1.1767793412848377,-0.06810147629624091,-0.13697984286625942,0.43778921448055264
2025-08-24T18:43:51.972000,0.0,0.04100631712935865,0.06609674193896353,34.04101221929862,399.36,50.9,1.4751938604260189,-0.0707624455521628,-0.11468015050280121,-0.033511706471593114,1.2873512841588768,0.08140691735884051,0.1760852119067055,-0.07129180518171353,1.1955324365453657,0.15067841025963394,-0.09052236012311145,0.17532706292757574,1.1767793412848377,-0.06810147629624091,-0.13697984286625942,0.43778921448055264
2025-08-24T18:43:52.972000,0.0,0.041050483006983995,0.07803583703935146,35.24021916511553,399.36,50.9,1.4751938604260189,-0.0707624455521628,-0.11468015050280121,-0.033511706471593114,1.2873512841588768,0.08140691735884051,0.1760852119067055,-0.07129180518171353,1.1955324365453657,0.15067841025963394,-0.09052236012311145,0.17532706292757574,1.1767793412848377,-0.06810147629624091,-0.13697984286625942,0.43778921448055264
2025-08-24T18:43:53.973000,0.0,0.05318694794550538,0.06790721602737904,33.13344489181878,399.36,50.9,1.4751938604260189,-0.0707624455521628,-0.11468015050280121,-0.033511706471593114,1.2873512841588768,0.08140691735884051,0.1760852119067055,-0.07129180518171353,1.1955324365453657,0.15067841025963394,-0.09052236012311145,0.17532706292757574,1.1767793412848377,-0.06810147629624091,-0.13697984286625942,0.43778921448055264
2025-08-24T18:43:54.972000,0.0,0.042770902859047055,0.07192116184160113,34.760283843939234,399.36,50.9,1.4751938604260189,-0.0707624455521628,-0.11468015050280121,-0.033511706471593114,1.2873512841588768,0.08140691735884051,0.1760852119067055,-0.07129180518171353,1.1955324365453657,0.15067841025963394,-0.09052236012311145,0.17532706292757574,1.1767793412848377,-0.06810147629624091,-0.13697984286625942,0.43778921448055264
2025-08-24T18:43:55.972000,0.0,0.04698271700181067,0.07982984906993806,31.316606872321813,399.36,50.9,1.4751938604260189,-0.0707624455521628,-0.11468015050280121,-0.033511706471593114,1.2873512841588768,0.08140691735884051,0.1760852119067055,-0.07129180518171353,1.1955324365453657,0.15067841025963394,-0.09052236012311145,0.17532706292757574,1.1767793412848377,-0.06810147629624091,-0.13697984286625942,0.43778921448055264
2025-08-24T18:43:56.973000,0.0,0.05475579388439655,0.09146429784595966,30.066376332233034,399.36,50.9,1.4751938604260189,-0.0707624455521628,-0.11468015050280121,-0.033511706471593114,1.2873512841588768,0.08140691735884051,0.1760852119067055,-0.07129180518171353,1.1955324365453657,0.15067841025963394,-0.09052236012311145,0.17532706292757574,1.1767793412848377,-0.06810147629624091,-0.13697984286625942,0.43778921448055264
2025-08-24T18:43:57.973000,0.0,0.06563004106283188,0.07306604506447911,30.794057595623563,399.36,50.9,1.4751938604260189,-0.0707624455521628,-0.11468015050280121,-0.033511706471593114,1.2873512841588768,0.08140691735884051,0.1760852119067055,-0.07129180518171353,1.1955324365453657,0.15067841025963394,-0.09052236012311145,0.17532706292757574,1.1767793412848377,-0.06810147629624091,-0.13697984286625942,0.43778921448055264
2025-08-24T18:43:58.973000,0.0,0.04107485502026975,0.06701657292433083,37.30420537652401,399.36,50.9,1.4751938604260189,-0.0707624455521628,-0.11468015050280121,-0.033511706471593114,1.2873512841588768,0.08140691735884051,0.1760852119067055,-0.07129180518171353,1.1955324365453657,0.15067841025963394,-0.09052236012311145,0.17532706292757574,1.1767793412848377,-0.06810147629624091,-0.13697984286625942,0.43778921448055264
2025-08-24T18:43:59.973000,0.0,0.041857369942590594,0.06657283497042954,33.79756924876817,399.36,50.9,1.4751938604260189,-0.0707624455521628,-0.11468015050280121,-0.033511706471593114,1.2873512841588768,0.08140691735884051,0.1760852119067055,-0.07129180518171353,1.1955324365453657,0.15067841025963394,-0.09052236012311145,0.17532706292757574,1.1767793412848377,-0.06810147629624091,-0.13697984286625942,0.43778921448055264
2025-08-24T18:44:00.984000,0.0,0.04177690716460347,0.06991289393045008,35.75878295764807,399.36,50.9,1.4751938604260189,-0.0707624455521628,-0.11468015050280121,-0.033511706471593114,1.2873512841588768,0.08140691735884051,0.1760852119067055,-0.07129180518171353,1.1955324365453657,0.15067841025963394,-0.09052236012311145,0.17532706292757574,1.1767793412848377,-0.06810147629624091,-0.13697984286625942,0.43778921448055264
2025-08-24T18:44:23.765000,0.0,,0.3514087940566242,4.268532903471705,389.12,49.7,0.22239923711200538,0.07668483663031002,0.03925070706206788,0.2156775290734488
2025-08-24T18:44:24.765000,0.0,0.017128350911661983,0.047495828941464424,26.318100512374738,389.12,49.7,0.22239923711200538,0.07668483663031002,0.03925070706206788,0.2156775290734488
2025-08-24T18:44:25.766000,0.0,0.014772397931665182,0.046798443188890815,26.71029023240463,389.12,49.7,0.22239923711200538,0.07668483663031002,0.03925070706206788,0.2156775290734488
2025-08-24T18:44:26.768000,0.0,0.014345510862767696,0.04536811704747379,27.55238879964882,389.12,49.7,0.22239923711200538,0.07668483663031002,0.03925070706206788,0.2156775290734488
2025-08-24T18:44:27.776000,0.0,0.014020049013197422,0.050292428117245436,29.825563333372113,389.12,49.7,0.22239923711200538,0.07668483663031002,0.03925070706206788,0.2156775290734488
2025-08-24T18:44:28.756000,0.0,0.011633208952844143,0.04688242496922612,31.99493202377267,389.12,49.7,0.22239923711200538,0.07668483663031002,0.03925070706206788,0.2156775290734488
2025-08-24T18:44:29.747000,0.0,0.011019007069990039,0.04788973508402705,26.101626952137668,389.12,49.7,0.22239923711200538,0.07668483663031002,0.03925070706206788,0.2156775290734488
2025-08-24T18:44:30.747000,0.0,0.01140448683872819,0.04816054902039468,31.145824341926808,389.12,49.7,0.22239923711200538,0.07668483663031002,0.03925070706206788,0.2156775290734488
2025-08-24T18:44:31.746000,0.0,0.012019335990771651,0.04619570588693023,32.47055048084785,389.12,49.7,0.22239923711200538,0.07668483663031002,0.03925070706206788,0.2156775290734488
2025-08-24T18:44:32.756000,0.0,0.011683356016874313,0.048450640169903636,25.799452713453373,389.12,49.7,0.22239923711200538,0.07668483663031002,0.03925070706206788,0.2156775290734488
2025-08-24T18:44:33.747000,0.0,0.013297386933118105,0.045745745068416,27.32494569999021,389.12,49.7,0.22239923711200538,0.07668483663031002,0.03925070706206788,0.2156775290734488
2025-08-24T18:44:34.758000,0.0,0.012021631933748722,0.04634355707094073,26.97246562421981,389.12,49.7,0.22239923711200538,0.07668483663031002,0.03925070706206788,0.2156775290734488
2025-08-24T18:44:35.758000,0.0,0.012854296015575528,0.046718926168978214,26.755751951123163,389.12,49.7,0.22239923711200538,0.07668483663031002,0.03925070706206788,0.2156775290734488
2025-08-24T18:44:36.758000,0.0,0.012449316214770079,0.046091485070064664,32.54397200957586,389.12,49.7,0.22239923711200538,0.07668483663031002,0.03925070706206788,0.2156775290734488
2025-08-24T18:44:37.756000,0.0,0.011376339942216873,0.04621533607132733,32.45675845967915,389.12,49.7,0.22239923711200538,0.07668483663031002,0.03925070706206788,0.2156775290734488
2025-08-24T18:44:38.758000,0.0,0.011506190989166498,0.044315178180113435,22.565631936210426,389.12,49.7,0.22239923711200538,0.07668483663031002,0.03925070706206788,0.2156775290734488
2025-08-24T18:44:39.768000,0.0,0.011724004056304693,0.04357720003463328,22.94778001352235,389.12,49.7,0.22239923711200538,0.07668483663031002,0.03925070706206788,0.2156775290734488
2025-08-24T18:44:40.779000,0.0,0.012168705929070711,0.043353792978450656,34.59904882476038,389.12,49.7,0.22239923711200538,0.07668483663031002,0.03925070706206788,0.2156775290734488
2025-08-24T18:44:41.777000,0.0,0.01190970791503787,0.043333737179636955,23.07670801284803,389.12,49.7,0.22239923711200538,0.07668483663031002,0.03925070706206788,0.2156775290734488
2025-08-24T18:44:42.779000,0.0,0.012060058070346713,0.04329351498745382,28.872684520124082,389.12,49.7,0.22239923711200538,0.07668483663031002,0.03925070706206788,0.2156775290734488
2025-08-24T18:44:43.777000,0.0,0.01197442994453013,0.04330564592964947,28.864596593955838,389.12,49.7,0.22239923711200538,0.07668483663031002,0.03925070706206788,0.2156775290734488
2025-08-24T18:44:44.778000,0.0,0.012048725038766861,0.043230070965364575,28.91505778469582,389.12,49.7,0.22239923711200538,0.07668483663031002,0.03925070706206788,0.2156775290734488
2025-08-24T18:44:45.778000,0.0,0.011817726073786616,0.04717931407503784,31.793594913530228,389.12,49.7,0.22239923711200538,0.07668483663031002,0.03925070706206788,0.2156775290734488
2025-08-24T18:44:46.739000,0.0,0.012482854072004557,0.0481009588111192,31.18440956426886,389.12,49.7,0.22239923711200538,0.07668483663031002,0.03925070706206788,0.2156775290734488
2025-08-24T18:44:47.740000,0.0,0.011847707908600569,0.048240235075354576,20.729583892738283,389.12,49.7,0.22239923711200538,0.07668483663031002,0.03925070706206788,0.2156775290734488
2025-08-24T18:44:48.740000,0.0,0.011353543028235435,0.047708478989079595,26.200793370212892,389.12,49.7,0.22239923711200538,0.07668483663031002,0.03925070706206788,0.2156775290734488
2025-08-24T18:44:49.740000,0.0,0.01163209811784327,0.04561574710533023,21.922254121826548,389.12,49.7,0.22239923711200538,0.07668483663031002,0.03925070706206788,0.2156775290734488
2025-08-24T18:44:50.751000,0.0,0.010930286953225732,0.04415245703421533,33.97319426272491,389.12,49.7,0.22239923711200538,0.07668483663031002,0.03925070706206788,0.2156775290734488
2025-08-24T18:44:51.761000,0.0,0.011517042992636561,0.04321931302547455,28.92225517937298,389.12,49.7,0.22239923711200538,0.07668483663031002,0.03925070706206788,0.2156775290734488
2025-08-24T18:44:52.772000,0.0,0.011762856971472502,0.043559368001297116,28.69646777158923,389.12,49.7,0.22239923711200538,0.07668483663031002,0.03925070706206788,0.2156775290734488
2025-08-24T18:44:53.772000,0.0,0.012097039958462119,0.04366288613528013,28.628432763861728,389.12,49.7,0.22239923711200538,0.07668483663031002,0.03925070706206788,0.2156775290734488
2025-08-24T18:44:54.771000,0.0,0.012222132179886103,0.04801233019679785,31.24197458968591,389.12,49.7,0.22239923711200538,0.07668483663031002,0.03925070706206788,0.2156775290734488
2025-08-24T18:44:55.741000,0.0,0.010850563878193498,0.04754333198070526,31.550165659586504,389.12,49.7,0.22239923711200538,0.07668483663031002,0.03925070706206788,0.2156775290734488
2025-08-24T18:44:56.741000,0.0,0.010887731099501252,0.04748046211898327,31.59194188635106,389.12,49.7,0.22239923711200538,0.07668483663031002,0.03925070706206788,0.2156775290734488
2025-08-24T18:44:57.741000,0.0,0.011588598135858774,0.047646054066717625,26.23512113405389,389.12,49.7,0.22239923711200538,0.07668483663031002,0.03925070706206788,0.2156775290734488
2025-08-24T18:44:58.741000,0.0,0.011879115831106901,0.049390879925340414,30.36997928094058,389.12,49.7,0.22239923711200538,0.07668483663031002,0.03925070706206788,0.2156775290734488
2025-08-24T18:44:59.741000,0.0,0.012854519067332149,0.048876123037189245,30.68983190132901,389.12,49.7,0.22239923711200538,0.07668483663031002,0.03925070706206788,0.2156775290734488
2025-08-24T18:45:00.741000,0.0,0.012596076121553779,0.061768641928210855,24.284166741812253,389.12,49.7,0.22239923711200538,0.07668483663031002,0.03925070706206788,0.2156775290734488
2025-08-24T18:45:01.740000,0.0,0.017603979911655188,0.06221586186438799,24.109607342087784,389.12,49.7,0.22239923711200538,0.07668483663031002,0.03925070706206788,0.2156775290734488
2025-08-24T18:45:02.743000,0.0,0.017608646070584655,0.06209625187329948,32.20806312240448,389.12,49.7,0.22239923711200538,0.07668483663031002,0.03925070706206788,0.2156775290734488
2025-08-24T18:45:03.742000,0.0,0.017394073074683547,0.05149709293618798,29.127857796919137,389.12,49.7,0.22239923711200538,0.07668483663031002,0.03925070706206788,0.2156775290734488
2025-08-24T18:45:04.763000,0.0,0.011744579067453742,0.04415908805094659,28.306743983432938,389.12,49.7,0.22239923711200538,0.07668483663031002,0.03925070706206788,0.2156775290734488
2025-08-24T18:45:05.762000,0.0,0.011389044113457203,0.04841425595805049,25.818841480971017,389.12,49.7,0.22239923711200538,0.07668483663031002,0.03925070706206788,0.2156775290734488
2025-08-24T18:45:06.762000,0.0,0.015567119000479579,0.04747929680161178,31.592717269330905,389.12,49.7,0.22239923711200538,0.07668483663031002,0.03925070706206788,0.2156775290734488
2025-08-24T18:45:07.763000,0.0,0.01431140094064176,0.04767348105087876,31.46403339833978,389.12,49.7,0.22239923711200538,0.07668483663031002,0.03925070706206788,0.2156775290734488
2025-08-24T18:45:08.763000,0.0,0.014163809129968286,0.04756933287717402,31.532920671244852,389.12,49.7,0.22239923711200538,0.07668483663031002,0.03925070706206788,0.2156775290734488
2025-08-24T18:45:09.762000,0.0,0.014378865016624331,0.04802214610390365,31.235588612689668,389.12,49.7,0.22239923711200538,0.07668483663031002,0.03925070706206788,0.2156775290734488
2025-08-24T18:45:10.761000,0.0,0.01446519698947668,0.0476494082249701,26.23327437978485,389.12,49.7,0.22239923711200538,0.07668483663031002,0.03925070706206788,0.2156775290734488
2025-08-24T18:45:11.762000,0.0,0.01422166102565825,0.0462901359423995,27.003593196515858,389.12,49.7,0.22239923711200538,0.07668483663031002,0.03925070706206788,0.2156775290734488
2025-08-24T18:45:12.773000,0.0,0.014758400153368711,0.050288321916013956,34.799331799591755,389.12,49.7,0.22239923711200538,0.07668483663031002,0.03925070706206788,0.2156775290734488
2025-08-24T18:45:13.743000,0.0,0.014553844928741455,0.05113313300535083,34.224384408773126,389.12,49.7,0.22239923711200538,0.07668483663031002,0.03925070706206788,0.2156775290734488
2025-08-24T18:45:14.743000,0.0,0.014790084911510348,0.05047774687409401,29.716064858073853,389.12,49.7,0.22239923711200538,0.07668483663031002,0.03925070706206788,0.2156775290734488
2025-08-24T18:45:15.742000,0.0,0.014498753007501364,0.0491036050952971,25.456379375284126,389.12,49.7,0.22239923711200538,0.07668483663031002,0.03925070706206788,0.2156775290734488
2025-08-24T18:45:16.744000,0.0,0.01269690808840096,0.04367253580130637,28.62210716792467,389.12,49.7,0.22239923711200538,0.07668483663031002,0.03925070706206788,0.2156775290734488
2025-08-24T18:45:17.772000,0.0,0.011767172021791339,0.04399699694477022,28.411029997550806,389.12,49.7,0.22239923711200538,0.07668483663031002,0.03925070706206788,0.2156775290734488
2025-08-24T18:45:18.774000,0.0,0.01208424405194819,0.04356335196644068,22.95507473278053,389.12,49.7,0.22239923711200538,0.07668483663031002,0.03925070706206788,0.2156775290734488
2025-08-24T18:45:42.016000,0.0,,0.3547694489825517,4.9327810075497105,389.12,50.1,0.2599068172009208,0.05211247526365314,0.06703152531376558,0.3254084382146078,0.17870098546442997,0.4057112520112676,0.6320177049007459
2025-08-24T18:45:43.016000,0.0,0.021708576008677483,0.05991128413006663,33.38269291070489,389.12,50.1,0.2599068172009208,0.05211247526365314,0.06703152531376558,0.3254084382146078,0.17870098546442997,0.4057112520112676,0.6320177049007459
2025-08-24T18:45:44.016000,0.0,0.027897734194993973,0.07477413001470268,26.747218584913607,389.12,50.1,0.2599068172009208,0.05211247526365314,0.06703152531376558,0.3254084382146078,0.17870098546442997,0.4057112520112676,0.6320177049007459
2025-08-24T18:45:44.986000,0.0,0.029977354919537902,0.0649123010225594,26.95945101979697,389.12,50.1,0.2599068172009208,0.05211247526365314,0.06703152531376558,0.3254084382146078,0.17870098546442997,0.4057112520112676,0.6320177049007459
2025-08-24T18:45:46.016000,0.0,0.024687580997124314,0.05772910895757377,25.983425469157105,389.12,50.1,0.2599068172009208,0.05211247526365314,0.06703152531376558,0.3254084382146078,0.17870098546442997,0.4057112520112676,0.6320177049007459
2025-08-24T18:45:46.997000,0.0,0.024684580974280834,0.055272063007578254,31.661564717786412,389.12,50.1,0.2599068172009208,0.05211247526365314,0.06703152531376558,0.3254084382146078,0.17870098546442997,0.4057112520112676,0.6320177049007459
2025-08-24T18:45:48.007000,0.0,0.02392463991418481,0.051397894974797964,29.18407457611941,389.12,50.1,0.2599068172009208,0.05211247526365314,0.06703152531376558,0.3254084382146078,0.17870098546442997,0.4057112520112676,0.6320177049007459
2025-08-24T18:45:49.008000,0.0,0.019934304989874363,0.06033952394500375,29.002549002458792,389.12,50.1,0.2599068172009208,0.05211247526365314,0.06703152531376558,0.3254084382146078,0.17870098546442997,0.4057112520112676,0.6320177049007459
2025-08-24T18:45:50.007000,0.0,0.028707009041681886,0.060759929940104485,28.801876528249952,389.12,50.1,0.2599068172009208,0.05211247526365314,0.06703152531376558,0.3254084382146078,0.17870098546442997,0.4057112520112676,0.6320177049007459
2025-08-24T18:45:50.976000,0.0,0.024588156025856733,0.05998221202753484,29.175316162009317,389.12,50.1,0.2599068172009208,0.05211247526365314,0.06703152531376558,0.3254084382146078,0.17870098546442997,0.4057112520112676,0.6320177049007459
2025-08-24T18:45:51.978000,0.0,0.024566230131313205,0.05722574098035693,30.580643780579525,389.12,50.1,0.2599068172009208,0.05211247526365314,0.06703152531376558,0.3254084382146078,0.17870098546442997,0.4057112520112676,0.6320177049007459
2025-08-24T18:45:52.977000,0.0,0.024414822924882174,0.058632401982322335,29.846977794422138,389.12,50.1,0.2599068172009208,0.05211247526365314,0.06703152531376558,0.3254084382146078,0.17870098546442997,0.4057112520112676,0.6320177049007459
2025-08-24T18:45:53.978000,0.0,0.022493869066238403,0.05257439101114869,33.286167777557516,389.12,50.1,0.2599068172009208,0.05211247526365314,0.06703152531376558,0.3254084382146078,0.17870098546442997,0.4057112520112676,0.6320177049007459
2025-08-24T18:45:54.978000,0.0,0.01873675500974059,0.051244193222373724,29.27160924342736,389.12,50.1,0.2599068172009208,0.05211247526365314,0.06703152531376558,0.3254084382146078,0.17870098546442997,0.4057112520112676,0.6320177049007459
2025-08-24T18:45:56.008000,0.0,0.018583330092951655,0.05038849310949445,39.69160172450555,389.12,50.1,0.2599068172009208,0.05211247526365314,0.06703152531376558,0.3254084382146078,0.17870098546442997,0.4057112520112676,0.6320177049007459
2025-08-24T18:45:57.008000,0.0,0.01884134695865214,0.05520030600018799,31.702722807262106,389.12,50.1,0.2599068172009208,0.05211247526365314,0.06703152531376558,0.3254084382146078,0.17870098546442997,0.4057112520112676,0.6320177049007459
2025-08-24T18:45:57.988000,0.0,0.019324067048728466,0.05510182515718043,31.75938355958281,389.12,50.1,0.2599068172009208,0.05211247526365314,0.06703152531376558,0.3254084382146078,0.17870098546442997,0.4057112520112676,0.6320177049007459
2025-08-24T18:45:58.988000,0.0,0.01978499093092978,0.05174267292022705,28.98961177194218,389.12,50.1,0.2599068172009208,0.05211247526365314,0.06703152531376558,0.3254084382146078,0.17870098546442997,0.4057112520112676,0.6320177049007459
2025-08-24T18:46:00.008000,0.0,0.020123452879488468,0.05099737993441522,29.41327577865826,389.12,50.1,0.2599068172009208,0.05211247526365314,0.06703152531376558,0.3254084382146078,0.17870098546442997,0.4057112520112676,0.6320177049007459
2025-08-24T18:46:01.018000,0.0,0.01980234286747873,0.05405581113882363,32.37394765024871,389.12,50.1,0.2599068172009208,0.05211247526365314,0.06703152531376558,0.3254084382146078,0.17870098546442997,0.4057112520112676,0.6320177049007459
2025-08-24T18:46:01.989000,0.0,0.018798995995894074,0.05484758596867323,31.90660024671893,389.12,50.1,0.2599068172009208,0.05211247526365314,0.06703152531376558,0.3254084382146078,0.17870098546442997,0.4057112520112676,0.6320177049007459
2025-08-24T18:46:02.988000,0.0,0.019423160003498197,0.054493439150974154,27.52624945994353,389.12,50.1,0.2599068172009208,0.05211247526365314,0.06703152531376558,0.3254084382146078,0.17870098546442997,0.4057112520112676,0.6320177049007459
2025-08-24T18:46:03.989000,0.0,0.01979115908034146,0.055701822973787785,31.417284149273243,389.12,50.1,0.2599068172009208,0.05211247526365314,0.06703152531376558,0.3254084382146078,0.17870098546442997,0.4057112520112676,0.6320177049007459
2025-08-24T18:46:04.989000,0.0,0.019753454020246863,0.055010086158290505,31.812347920423438,389.12,50.1,0.2599068172009208,0.05211247526365314,0.06703152531376558,0.3254084382146078,0.17870098546442997,0.4057112520112676,0.6320177049007459
2025-08-24T18:46:05.989000,0.0,0.019035588018596172,0.05736664985306561,30.505528987352726,389.12,50.1,0.2599068172009208,0.05211247526365314,0.06703152531376558,0.3254084382146078,0.17870098546442997,0.4057112520112676,0.6320177049007459
2025-08-24T18:46:06.989000,0.0,0.021392374066635966,0.06424234295263886,31.13211486502755,389.12,50.1,0.2599068172009208,0.05211247526365314,0.06703152531376558,0.3254084382146078,0.17870098546442997,0.4057112520112676,0.6320177049007459
2025-08-24T18:46:07.989000,0.0,0.019773287000134587,0.055480323964729905,36.048816176189725,389.12,50.1,0.2599068172009208,0.05211247526365314,0.06703152531376558,0.3254084382146078,0.17870098546442997,0.4057112520112676,0.6320177049007459
2025-08-24T18:46:08.989000,0.0,0.019723157864063978,0.05616335920058191,31.159104884557465,389.12,50.1,0.2599068172009208,0.05211247526365314,0.06703152531376558,0.3254084382146078,0.17870098546442997,0.4057112520112676,0.6320177049007459
2025-08-24T18:46:09.989000,0.0,0.020602599950507283,0.05304959393106401,23.562857080948568,389.12,50.1,0.2599068172009208,0.05211247526365314,0.06703152531376558,0.3254084382146078,0.17870098546442997,0.4057112520112676,0.6320177049007459
2025-08-24T18:46:11,0.0,0.019095198018476367,0.05236820806749165,33.41722133674354,389.12,50.1,0.2599068172009208,0.05211247526365314,0.06703152531376558,0.3254084382146078,0.17870098546442997,0.4057112520112676,0.6320177049007459
2025-08-24T18:46:12,0.0,0.018562274053692818,0.051681950921192765,33.860950850491214,389.12,50.1,0.2599068172009208,0.05211247526365314,0.06703152531376558,0.3254084382146078,0.17870098546442997,0.4057112520112676,0.6320177049007459
2025-08-24T18:46:13.011000,0.0,0.019101549871265888,0.050687715178355575,29.592969316567082,389.12,50.1,0.2599068172009208,0.05211247526365314,0.06703152531376558,0.3254084382146078,0.17870098546442997,0.4057112520112676,0.6320177049007459
2025-08-24T18:46:14.010000,0.0,0.018468071008101106,0.05099852895364165,34.31471526543012,389.12,50.1,0.2599068172009208,0.05211247526365314,0.06703152531376558,0.3254084382146078,0.17870098546442997,0.4057112520112676,0.6320177049007459
2025-08-24T18:46:15.021000,0.0,0.019358067074790597,0.05229209712706506,28.685022831559966,389.12,50.1,0.2599068172009208,0.05211247526365314,0.06703152531376558,0.3254084382146078,0.17870098546442997,0.4057112520112676,0.6320177049007459
2025-08-24T18:46:16.010000,0.0,0.019611306954175234,0.051789451856166124,28.9634268415494,389.12,50.1,0.2599068172009208,0.05211247526365314,0.06703152531376558,0.3254084382146078,0.17870098546442997,0.4057112520112676,0.6320177049007459
2025-08-24T18:46:17.011000,0.0,0.019089197972789407,0.05157782300375402,29.082266614681217,389.12,50.1,0.2599068172009208,0.05211247526365314,0.06703152531376558,0.3254084382146078,0.17870098546442997,0.4057112520112676,0.6320177049007459
2025-08-24T18:46:18.010000,0.0,0.019343844847753644,0.050401420099660754,29.761066196825446,389.12,50.1,0.2599068172009208,0.05211247526365314,0.06703152531376558,0.3254084382146078,0.17870098546442997,0.4057112520112676,0.6320177049007459
2025-08-24T18:46:19.011000,0.0,0.019076383905485272,0.052333357045426965,33.43947529452302,389.12,50.1,0.2599068172009208,0.05211247526365314,0.06703152531376558,0.3254084382146078,0.17870098546442997,0.4057112520112676,0.6320177049007459
2025-08-24T18:46:20,0.0,0.018611700041219592,0.053091667825356126,32.96185770160006,389.12,50.1,0.2599068172009208,0.05211247526365314,0.06703152531376558,0.3254084382146078,0.17870098546442997,0.4057112520112676,0.6320177049007459
2025-08-24T18:46:21.001000,0.0,0.01912654982879758,0.052560281939804554,33.29510298297357,389.12,50.1,0.2599068172009208,0.05211247526365314,0.06703152531376558,0.3254084382146078,0.17870098546442997,0.4057112520112676,0.6320177049007459
2025-08-24T18:46:22.001000,0.0,0.018573718843981624,0.052539060125127435,28.550187164131913,389.12,50.1,0.2599068172009208,0.05211247526365314,0.06703152531376558,0.3254084382146078,0.17870098546442997,0.4057112520112676,0.6320177049007459
2025-08-24T18:46:23.001000,0.0,0.01860247808508575,0.0517858590465039,33.793008983947836,389.12,50.1,0.2599068172009208,0.05211247526365314,0.06703152531376558,0.3254084382146078,0.17870098546442997,0.4057112520112676,0.6320177049007459
2025-08-24T18:46:24.011000,0.0,0.019231457030400634,0.05143706500530243,29.161850503043656,389.12,50.1,0.2599068172009208,0.05211247526365314,0.06703152531376558,0.3254084382146078,0.17870098546442997,0.4057112520112676,0.6320177049007459
2025-08-24T18:46:25.012000,0.0,0.018891958985477686,0.052117487881332636,28.78112627790873,389.12,50.1,0.2599068172009208,0.05211247526365314,0.06703152531376558,0.3254084382146078,0.17870098546442997,0.4057112520112676,0.6320177049007459
2025-08-24T18:46:26.011000,0.0,0.019470401108264923,0.05164324911311269,29.045422698223472,389.12,50.1,0.2599068172009208,0.05211247526365314,0.06703152531376558,0.3254084382146078,0.17870098546442997,0.4057112520112676,0.6320177049007459
2025-08-24T18:46:27.011000,0.0,0.01913351402617991,0.05193446995690465,28.8825514392401,389.12,50.1,0.2599068172009208,0.05211247526365314,0.06703152531376558,0.3254084382146078,0.17870098546442997,0.4057112520112676,0.6320177049007459
2025-08-24T18:46:28.011000,0.0,0.019306364934891462,0.0528757069259882,33.09648422194218,389.12,50.1,0.2599068172009208,0.05211247526365314,0.06703152531376558,0.3254084382146078,0.17870098546442997,0.4057112520112676,0.6320177049007459
2025-08-24T18:46:29.001000,0.0,0.01888010697439313,0.05255076405592263,33.3011333220145,389.12,50.1,0.2599068172009208,0.05211247526365314,0.06703152531376558,0.3254084382146078,0.17870098546442997,0.4057112520112676,0.6320177049007459
2025-08-24T18:46:30.001000,0.0,0.018995235906913877,0.05230098799802363,28.6801465405711,389.12,50.1,0.2599068172009208,0.05211247526365314,0.06703152531376558,0.3254084382146078,0.17870098546442997,0.4057112520112676,0.6320177049007459
2025-08-24T18:46:31.002000,0.0,0.01876582996919751,0.05133545491844416,29.219571588156445,389.12,50.1,0.2599068172009208,0.05211247526365314,0.06703152531376558,0.3254084382146078,0.17870098546442997,0.4057112520112676,0.6320177049007459
2025-08-24T18:46:32.014000,0.0,0.01869401498697698,0.05163619504310191,29.04939062121004,389.12,50.1,0.2599068172009208,0.05211247526365314,0.06703152531376558,0.3254084382146078,0.17870098546442997,0.4057112520112676,0.6320177049007459
2025-08-24T18:46:33.012000,0.0,0.018506756983697414,0.05130162206478417,24.365701310993753,389.12,50.1,0.2599068172009208,0.05211247526365314,0.06703152531376558,0.3254084382146078,0.17870098546442997,0.4057112520112676,0.6320177049007459
2025-08-24T18:46:34.022000,0.0,0.019300438929349184,0.05113666015677154,29.33316324142724,389.12,50.1,0.2599068172009208,0.05211247526365314,0.06703152531376558,0.3254084382146078,0.17870098546442997,0.4057112520112676,0.6320177049007459
2025-08-24T18:46:35.023000,0.0,0.01942138304002583,0.05618558404967189,31.146779544960996,389.12,50.1,0.2599068172009208,0.05211247526365314,0.06703152531376558,0.3254084382146078,0.17870098546442997,0.4057112520112676,0.6320177049007459
2025-08-24T18:46:35.992000,0.0,0.01975890016183257,0.055692214984446764,35.911661990073476,389.12,50.1,0.2599068172009208,0.05211247526365314,0.06703152531376558,0.3254084382146078,0.17870098546442997,0.4057112520112676,0.6320177049007459
2025-08-24T18:46:36.993000,0.0,0.01915838406421244,0.055786530021578074,26.888211176064562,389.12,50.1,0.2599068172009208,0.05211247526365314,0.06703152531376558,0.3254084382146078,0.17870098546442997,0.4057112520112676,0.6320177049007459
2025-08-24T18:47:02.056000,0.0,,0.3764978749677539,6.640143719839347,399.36,50.6,0.23780399476261188,0.02602784656774617,0.06569404896059237,0.23169764751315447,0.2435596432025213,0.34550065839414257,0.648300941881032,0.3345666508662628,0.037320076070098115,0.0315021908906538
2025-08-24T18:47:03.056000,0.0,0.039683302165940404,0.07237133500166237,27.635250889790296,399.36,50.6,0.23780399476261188,0.02602784656774617,0.06569404896059237,0.23169764751315447,0.2435596432025213,0.34550065839414257,0.648300941881032,0.3345666508662628,0.037320076070098115,0.0315021908906538
2025-08-24T18:47:04.038000,0.0,0.03514074604026973,0.06752220704220235,29.619884888388988,399.36,50.7,0.23780399476261188,0.02602784656774617,0.06569404896059237,0.23169764751315447,0.2435596432025213,0.34550065839414257,0.648300941881032,0.3345666508662628,0.037320076070098115,0.0315021908906538
2025-08-24T18:47:05.036000,0.0,0.031406539026647806,0.06352589000016451,31.483226759905648,399.36,50.7,0.23780399476261188,0.02602784656774617,0.06569404896059237,0.23169764751315447,0.2435596432025213,0.34550065839414257,0.648300941881032,0.3345666508662628,0.037320076070098115,0.0315021908906538
2025-08-24T18:47:06.038000,0.0,0.027535407105460763,0.05898835277184844,33.904998292382906,399.36,50.7,0.23780399476261188,0.02602784656774617,0.06569404896059237,0.23169764751315447,0.2435596432025213,0.34550065839414257,0.648300941881032,0.3345666508662628,0.037320076070098115,0.0315021908906538
2025-08-24T18:47:07.046000,0.0,0.026413428829982877,0.058520411141216755,34.17610985633383,399.36,50.7,0.23780399476261188,0.02602784656774617,0.06569404896059237,0.23169764751315447,0.2435596432025213,0.34550065839414257,0.648300941881032,0.3345666508662628,0.037320076070098115,0.0315021908906538
2025-08-24T18:47:08.057000,0.0,0.026406539836898446,0.06025599595159292,33.19171757789409,399.36,50.7,0.23780399476261188,0.02602784656774617,0.06569404896059237,0.23169764751315447,0.2435596432025213,0.34550065839414257,0.648300941881032,0.3345666508662628,0.037320076070098115,0.0315021908906538
2025-08-24T18:47:09.056000,0.0,0.027866682969033718,0.05912225996144116,29.59968041041287,399.36,50.7,0.23780399476261188,0.02602784656774617,0.06569404896059237,0.23169764751315447,0.2435596432025213,0.34550065839414257,0.648300941881032,0.3345666508662628,0.037320076070098115,0.0315021908906538
2025-08-24T18:47:10.057000,0.0,0.026871446054428816,0.060488975839689374,33.06387605735783,399.36,50.7,0.23780399476261188,0.02602784656774617,0.06569404896059237,0.23169764751315447,0.2435596432025213,0.34550065839414257,0.648300941881032,0.3345666508662628,0.037320076070098115,0.0315021908906538
2025-08-24T18:47:11.048000,0.0,0.026647188002243638,0.06005384912714362,33.303443976849536,399.36,50.7,0.23780399476261188,0.02602784656774617,0.06569404896059237,0.23169764751315447,0.2435596432025213,0.34550065839414257,0.648300941881032,0.3345666508662628,0.037320076070098115,0.0315021908906538
2025-08-24T18:47:12.047000,0.0,0.026385522913187742,0.07183359703049064,31.322390817280127,399.36,50.7,0.23780399476261188,0.02602784656774617,0.06569404896059237,0.23169764751315447,0.2435596432025213,0.34550065839414257,0.648300941881032,0.3345666508662628,0.037320076070098115,0.0315021908906538
2025-08-24T18:47:13.056000,0.0,0.03960852394811809,0.07558382279239595,26.460688625042796,399.36,50.7,0.23780399476261188,0.02602784656774617,0.06569404896059237,0.23169764751315447,0.2435596432025213,0.34550065839414257,0.648300941881032,0.3345666508662628,0.037320076070098115,0.0315021908906538
2025-08-24T18:47:14.057000,0.0,0.03411580598913133,0.06479227403178811,30.867877843255975,399.36,50.7,0.23780399476261188,0.02602784656774617,0.06569404896059237,0.23169764751315447,0.2435596432025213,0.34550065839414257,0.648300941881032,0.3345666508662628,0.037320076070098115,0.0315021908906538
2025-08-24T18:47:15.056000,0.0,0.032902496168389916,0.057866784976795316,34.56214131823645,399.36,50.7,0.23780399476261188,0.02602784656774617,0.06569404896059237,0.23169764751315447,0.2435596432025213,0.34550065839414257,0.648300941881032,0.3345666508662628,0.037320076070098115,0.0315021908906538
2025-08-24T18:47:16.058000,0.0,0.026159986155107617,0.05862991092726588,34.11228105874369,399.36,50.7,0.23780399476261188,0.02602784656774617,0.06569404896059237,0.23169764751315447,0.2435596432025213,0.34550065839414257,0.648300941881032,0.3345666508662628,0.037320076070098115,0.0315021908906538
2025-08-24T18:47:17.058000,0.0,0.02655072510242462,0.05863957712426782,34.106657961766025,399.36,50.7,0.23780399476261188,0.02602784656774617,0.06569404896059237,0.23169764751315447,0.2435596432025213,0.34550065839414257,0.648300941881032,0.3345666508662628,0.037320076070098115,0.0315021908906538
2025-08-24T18:47:18.058000,0.0,0.026738392189145088,0.05972464685328305,29.301135999999804,399.36,50.6,0.23780399476261188,0.02602784656774617,0.06569404896059237,0.23169764751315447,0.2435596432025213,0.34550065839414257,0.648300941881032,0.3345666508662628,0.037320076070098115,0.0315021908906538
2025-08-24T18:47:19.048000,0.0,0.026784372981637716,0.06455196184106171,30.982791892899453,399.36,50.6,0.23780399476261188,0.02602784656774617,0.06569404896059237,0.23169764751315447,0.2435596432025213,0.34550065839414257,0.648300941881032,0.3345666508662628,0.037320076070098115,0.0315021908906538
2025-08-24T18:47:20.029000,0.0,0.027588481083512306,0.062093045795336366,36.2359419026758,399.36,50.6,0.23780399476261188,0.02602784656774617,0.06569404896059237,0.23169764751315447,0.2435596432025213,0.34550065839414257,0.648300941881032,0.3345666508662628,0.037320076070098115,0.0315021908906538
2025-08-24T18:47:21.039000,0.0,0.02749883383512497,0.06190295284613967,32.30863647120459,399.36,50.7,0.23780399476261188,0.02602784656774617,0.06569404896059237,0.23169764751315447,0.2435596432025213,0.34550065839414257,0.648300941881032,0.3345666508662628,0.037320076070098115,0.0315021908906538
2025-08-24T18:47:22.039000,0.0,0.027957034995779395,0.06256997003220022,31.964215405100926,399.36,50.7,0.23780399476261188,0.02602784656774617,0.06569404896059237,0.23169764751315447,0.2435596432025213,0.34550065839414257,0.648300941881032,0.3345666508662628,0.037320076070098115,0.0315021908906538
2025-08-24T18:47:23.038000,0.0,0.02806859090924263,0.060656256042420864,32.972691202723034,399.36,50.7,0.23780399476261188,0.02602784656774617,0.06569404896059237,0.23169764751315447,0.2435596432025213,0.34550065839414257,0.648300941881032,0.3345666508662628,0.037320076070098115,0.0315021908906538
2025-08-24T18:47:24.050000,0.0,0.027093113167211413,0.059522629948332906,33.600665859961076,399.36,50.7,0.23780399476261188,0.02602784656774617,0.06569404896059237,0.23169764751315447,0.2435596432025213,0.34550065839414257,0.648300941881032,0.3345666508662628,0.037320076070098115,0.0315021908906538
2025-08-24T18:47:25.049000,0.0,0.02672755904495716,0.0584896351210773,29.91983103292395,399.36,50.7,0.23780399476261188,0.02602784656774617,0.06569404896059237,0.23169764751315447,0.2435596432025213,0.34550065839414257,0.648300941881032,0.3345666508662628,0.037320076070098115,0.0315021908906538
2025-08-24T18:47:26.060000,0.0,0.02662330004386604,0.06290456093847752,31.794196957452098,399.36,50.7,0.23780399476261188,0.02602784656774617,0.06569404896059237,0.23169764751315447,0.2435596432025213,0.34550065839414257,0.648300941881032,0.3345666508662628,0.037320076070098115,0.0315021908906538
2025-08-24T18:47:27.028000,0.0,0.02721542795188725,0.06264311820268631,35.91775225364675,399.36,50.7,0.23780399476261188,0.02602784656774617,0.06569404896059237,0.23169764751315447,0.2435596432025213,0.34550065839414257,0.648300941881032,0.3345666508662628,0.037320076070098115,0.0315021908906538
2025-08-24T18:47:28.030000,0.0,0.026989613892510533,0.06310541206039488,31.693002782168772,399.36,50.7,0.23780399476261188,0.02602784656774617,0.06569404896059237,0.23169764751315447,0.2435596432025213,0.34550065839414257,0.648300941881032,0.3345666508662628,0.037320076070098115,0.0315021908906538
2025-08-24T18:47:29.029000,0.0,0.026969872880727053,0.06262641493231058,35.92733198015401,399.36,50.7,0.23780399476261188,0.02602784656774617,0.06569404896059237,0.23169764751315447,0.2435596432025213,0.34550065839414257,0.648300941881032,0.3345666508662628,0.037320076070098115,0.0315021908906538
2025-08-24T18:47:30.029000,0.0,0.02644287492148578,0.06305352388881147,31.719083671307573,399.36,50.7,0.23780399476261188,0.02602784656774617,0.06569404896059237,0.23169764751315447,0.2435596432025213,0.34550065839414257,0.648300941881032,0.3345666508662628,0.037320076070098115,0.0315021908906538
2025-08-24T18:47:31.029000,0.0,0.02753855613991618,0.0625479519367218,35.972400859364825,399.36,50.7,0.23780399476261188,0.02602784656774617,0.06569404896059237,0.23169764751315447,0.2435596432025213,0.34550065839414257,0.648300941881032,0.3345666508662628,0.037320076070098115,0.0315021908906538
2025-08-24T18:47:32.040000,0.0,0.027029891032725573,0.0624422300606966,28.025904877178952,399.36,50.7,0.23780399476261188,0.02602784656774617,0.06569404896059237,0.23169764751315447,0.2435596432025213,0.34550065839414257,0.648300941881032,0.3345666508662628,0.037320076070098115,0.0315021908906538
2025-08-24T18:47:33.040000,0.0,0.02747809304855764,0.059891555923968554,33.39368912938273,399.36,50.7,0.23780399476261188,0.02602784656774617,0.06569404896059237,0.23169764751315447,0.2435596432025213,0.34550065839414257,0.648300941881032,0.3345666508662628,0.037320076070098115,0.0315021908906538
2025-08-24T18:47:34.050000,0.0,0.026082561817020178,0.05949629796668887,33.615536904830165,399.36,50.7,0.23780399476261188,0.02602784656774617,0.06569404896059237,0.23169764751315447,0.2435596432025213,0.34550065839414257,0.648300941881032,0.3345666508662628,0.037320076070098115,0.0315021908906538
2025-08-24T18:47:35.051000,0.0,0.026494357036426663,0.06015392509289086,33.2480382105002,399.36,50.7,0.23780399476261188,0.02602784656774617,0.06569404896059237,0.23169764751315447,0.2435596432025213,0.34550065839414257,0.648300941881032,0.3345666508662628,0.037320076070098115,0.0315021908906538
2025-08-24T18:47:36.051000,0.0,0.026536412071436644,0.060143887996673584,33.25358680021846,399.36,50.7,0.23780399476261188,0.02602784656774617,0.06569404896059237,0.23169764751315447,0.2435596432025213,0.34550065839414257,0.648300941881032,0.3345666508662628,0.037320076070098115,0.0315021908906538
2025-08-24T18:47:37.050000,0.0,0.026092635933309793,0.06415235414169729,31.175785000539147,399.36,50.7,0.23780399476261188,0.02602784656774617,0.06569404896059237,0.23169764751315447,0.2435596432025213,0.34550065839414257,0.648300941881032,0.3345666508662628,0.037320076070098115,0.0315021908906538
2025-08-24T18:47:38.029000,0.0,0.02808862808160484,0.06263317493721843,31.931959412958715,399.36,50.7,0.23780399476261188,0.02602784656774617,0.06569404896059237,0.23169764751315447,0.2435596432025213,0.34550065839414257,0.648300941881032,0.3345666508662628,0.037320076070098115,0.0315021908906538
2025-08-24T18:47:39.040000,0.0,0.02712692809291184,0.062139196088537574,32.185804224926706,399.36,50.7,0.23780399476261188,0.02602784656774617,0.06569404896059237,0.23169764751315447,0.2435596432025213,0.34550065839414257,0.648300941881032,0.3345666508662628,0.037320076070098115,0.0315021908906538
2025-08-24T18:47:40.041000,0.0,0.02647774596698582,0.06799815385602415,33.08913363683421,399.36,50.7,0.23780399476261188,0.02602784656774617,0.06569404896059237,0.23169764751315447,0.2435596432025213,0.34550065839414257,0.648300941881032,0.3345666508662628,0.037320076070098115,0.0315021908906538
2025-08-24T18:47:41.040000,0.0,0.03254959196783602,0.06890259403735399,29.026483370361806,399.36,50.7,0.23780399476261188,0.02602784656774617,0.06569404896059237,0.23169764751315447,0.2435596432025213,0.34550065839414257,0.648300941881032,0.3345666508662628,0.037320076070098115,0.0315021908906538
2025-08-24T18:47:42.040000,0.0,0.030003342078998685,0.07107314118184149,31.657528604840245,399.36,50.7,0.23780399476261188,0.02602784656774617,0.06569404896059237,0.23169764751315447,0.2435596432025213,0.34550065839414257,0.648300941881032,0.3345666508662628,0.037320076070098115,0.0315021908906538
2025-08-24T18:47:43.040000,0.0,0.03540178504772484,0.07117997505702078,31.610013886596178,399.36,50.7,0.23780399476261188,0.02602784656774617,0.06569404896059237,0.23169764751315447,0.2435596432025213,0.34550065839414257,0.648300941881032,0.3345666508662628,0.037320076070098115,0.0315021908906538
2025-08-24T18:47:44.041000,0.0,0.0354527470190078,0.06477635214105248,34.73489824034167,399.36,50.7,0.23780399476261188,0.02602784656774617,0.06569404896059237,0.23169764751315447,0.2435596432025213,0.34550065839414257,0.648300941881032,0.3345666508662628,0.037320076070098115,0.0315021908906538
2025-08-24T18:47:45.042000,0.0,0.029650195967406034,0.05956344702281058,33.577640314102716,399.36,50.7,0.23780399476261188,0.02602784656774617,0.06569404896059237,0.23169764751315447,0.2435596432025213,0.34550065839414257,0.648300941881032,0.3345666508662628,0.037320076070098115,0.0315021908906538
2025-08-24T18:47:46.051000,0.0,0.026034525129944086,0.07484351494349539,26.72242212982511,399.36,50.7,0.23780399476261188,0.02602784656774617,0.06569404896059237,0.23169764751315447,0.2435596432025213,0.34550065839414257,0.648300941881032,0.3345666508662628,0.037320076070098115,0.0315021908906538
2025-08-24T18:47:47.047000,0.0,0.04103579907678068,0.07535058702342212,26.542593482096727,399.36,50.7,0.23780399476261188,0.02602784656774617,0.06569404896059237,0.23169764751315447,0.2435596432025213,0.34550065839414257,0.648300941881032,0.3345666508662628,0.037320076070098115,0.0315021908906538
2025-08-24T18:47:48.057000,0.0,0.03457393613643944,0.06861263397149742,29.14915058982974,399.36,50.7,0.23780399476261188,0.02602784656774617,0.06569404896059237,0.23169764751315447,0.2435596432025213,0.34550065839414257,0.648300941881032,0.3345666508662628,0.037320076070098115,0.0315021908906538
2025-08-24T18:47:49.027000,0.0,0.03450384410098195,0.07055486622266471,28.346733642555975,399.36,50.7,0.23780399476261188,0.02602784656774617,0.06569404896059237,0.23169764751315447,0.2435596432025213,0.34550065839414257,0.648300941881032,0.3345666508662628,0.037320076070098115,0.0315021908906538
2025-08-24T18:47:50.038000,0.0,0.03461215808056295,0.0698247579857707,32.22352736916775,399.36,50.7,0.23780399476261188,0.02602784656774617,0.06569404896059237,0.23169764751315447,0.2435596432025213,0.34550065839414257,0.648300941881032,0.3345666508662628,0.037320076070098115,0.0315021908906538
2025-08-24T18:47:51.038000,0.0,0.03457152796909213,0.07007270096801221,28.54178549379659,399.36,50.7,0.23780399476261188,0.02602784656774617,0.06569404896059237,0.23169764751315447,0.2435596432025213,0.34550065839414257,0.648300941881032,0.3345666508662628,0.037320076070098115,0.0315021908906538
2025-08-24T18:47:52.037000,0.0,0.03468049201183021,0.06672317790798843,33.72141541433708,399.36,50.7,0.23780399476261188,0.02602784656774617,0.06569404896059237,0.23169764751315447,0.2435596432025213,0.34550065839414257,0.648300941881032,0.3345666508662628,0.037320076070098115,0.0315021908906538
2025-08-24T18:47:53.048000,0.0,0.034402603982016444,0.07000562804751098,32.14027304308991,399.36,50.7,0.23780399476261188,0.02602784656774617,0.06569404896059237,0.23169764751315447,0.2435596432025213,0.34550065839414257,0.648300941881032,0.3345666508662628,0.037320076070098115,0.0315021908906538
2025-08-24T18:47:54.029000,0.0,0.03445465909317136,0.06713015795685351,29.79286897083447,399.36,50.7,0.23780399476261188,0.02602784656774617,0.06569404896059237,0.23169764751315447,0.2435596432025213,0.34550065839414257,0.648300941881032,0.3345666508662628,0.037320076070098115,0.0315021908906538
2025-08-24T18:47:55.038000,0.0,0.03441577008925378,0.07126692007295787,31.571449947557866,399.36,50.7,0.23780399476261188,0.02602784656774617,0.06569404896059237,0.23169764751315447,0.2435596432025213,0.34550065839414257,0.648300941881032,0.3345666508662628,0.037320076070098115,0.0315021908906538
2025-08-24T18:47:56.039000,0.0,0.03510402701795101,0.06709273299202323,29.809487716617976,399.36,50.7,0.23780399476261188,0.02602784656774617,0.06569404896059237,0.23169764751315447,0.2435596432025213,0.34550065839414257,0.648300941881032,0.3345666508662628,0.037320076070098115,0.0315021908906538
2025-08-24T18:47:57.049000,0.0,0.03434493695385754,0.06671478995122015,29.978360142665473,399.36,50.7,0.23780399476261188,0.02602784656774617,0.06569404896059237,0.23169764751315447,0.2435596432025213,0.34550065839414257,0.648300941881032,0.3345666508662628,0.037320076070098115,0.0315021908906538
2025-08-24T18:48:23.881000,0.0,,0.3704124460928142,6.749233257063847,399.36,50.8,0.3174537632494006,0.053291387016163164,0.05330644925981217,0.21530444098337295,0.27558360471580406,0.329198660405547,0.546420273491073,0.31968473326583385,0.06466140204287807,-0.02220114615083398,0.5040546469961089,0.12516437721199272,0.21709029837430213
2025-08-24T18:48:24.881000,0.0,0.03706018696539104,0.06860122899524868,36.442495806790006,399.36,50.8,0.3174537632494006,0.053291387016163164,0.05330644925981217,0.21530444098337295,0.27558360471580406,0.329198660405547,0.546420273491073,0.31968473326583385,0.06466140204287807,-0.02220114615083398,0.5040546469961089,0.12516437721199272,0.21709029837430213
2025-08-24T18:48:25.852000,0.0,0.0349346399307251,0.06856585899367929,32.81516534646509,399.36,50.8,0.3174537632494006,0.053291387016163164,0.05330644925981217,0.21530444098337295,0.27558360471580406,0.329198660405547,0.546420273491073,0.31968473326583385,0.06466140204287807,-0.02220114615083398,0.5040546469961089,0.12516437721199272,0.21709029837430213
2025-08-24T18:48:26.871000,0.0,0.034934584982693195,0.06573424092493951,34.22873632281267,399.36,50.8,0.3174537632494006,0.053291387016163164,0.05330644925981217,0.21530444098337295,0.27558360471580406,0.329198660405547,0.546420273491073,0.31968473326583385,0.06466140204287807,-0.02220114615083398,0.5040546469961089,0.12516437721199272,0.21709029837430213
2025-08-24T18:48:27.883000,0.0,0.034075569827109575,0.06752993701957166,33.31855617380329,399.36,50.8,0.3174537632494006,0.053291387016163164,0.05330644925981217,0.21530444098337295,0.27558360471580406,0.329198660405547,0.546420273491073,0.31968473326583385,0.06466140204287807,-0.02220114615083398,0.5040546469961089,0.12516437721199272,0.21709029837430213
2025-08-24T18:48:28.861000,0.0,0.03431886504404247,0.06703669903799891,33.56370513895101,399.36,50.8,0.3174537632494006,0.053291387016163164,0.05330644925981217,0.21530444098337295,0.27558360471580406,0.329198660405547,0.546420273491073,0.31968473326583385,0.06466140204287807,-0.02220114615083398,0.5040546469961089,0.12516437721199272,0.21709029837430213
2025-08-24T18:48:29.852000,0.0,0.03445380902849138,0.0689693579915911,32.62318318628284,399.36,50.9,0.3174537632494006,0.053291387016163164,0.05330644925981217,0.21530444098337295,0.27558360471580406,0.329198660405547,0.546420273491073,0.31968473326583385,0.06466140204287807,-0.02220114615083398,0.5040546469961089,0.12516437721199272,0.21709029837430213
2025-08-24T18:48:30.871000,0.0,0.035362472059205174,0.07129168300889432,31.56048370634324,399.36,50.9,0.3174537632494006,0.053291387016163164,0.05330644925981217,0.21530444098337295,0.27558360471580406,0.329198660405547,0.546420273491073,0.31968473326583385,0.06466140204287807,-0.02220114615083398,0.5040546469961089,0.12516437721199272,0.21709029837430213
2025-08-24T18:48:31.863000,0.0,0.03505328809842467,0.06950850412249565,32.37013986137286,399.36,50.9,0.3174537632494006,0.053291387016163164,0.05330644925981217,0.21530444098337295,0.27558360471580406,0.329198660405547,0.546420273491073,0.31968473326583385,0.06466140204287807,-0.02220114615083398,0.5040546469961089,0.12516437721199272,0.21709029837430213
2025-08-24T18:48:32.872000,0.0,0.0344132911413908,0.06815365818329155,33.01363507075322,399.36,50.9,0.3174537632494006,0.053291387016163164,0.05330644925981217,0.21530444098337295,0.27558360471580406,0.329198660405547,0.546420273491073,0.31968473326583385,0.06466140204287807,-0.02220114615083398,0.5040546469961089,0.12516437721199272,0.21709029837430213
2025-08-24T18:48:33.873000,0.0,0.03440645686350763,0.07116257189773023,31.61774427199646,399.36,50.9,0.3174537632494006,0.053291387016163164,0.05330644925981217,0.21530444098337295,0.27558360471580406,0.329198660405547,0.546420273491073,0.31968473326583385,0.06466140204287807,-0.02220114615083398,0.5040546469961089,0.12516437721199272,0.21709029837430213
2025-08-24T18:48:34.862000,0.0,0.035447490168735385,0.06846565706655383,29.211725786198095,399.36,50.9,0.3174537632494006,0.053291387016163164,0.05330644925981217,0.21530444098337295,0.27558360471580406,0.329198660405547,0.546420273491073,0.31968473326583385,0.06466140204287807,-0.02220114615083398,0.5040546469961089,0.12516437721199272,0.21709029837430213
2025-08-24T18:48:35.872000,0.0,0.03472914197482169,0.06627599918283522,30.17683663255854,399.36,50.9,0.3174537632494006,0.053291387016163164,0.05330644925981217,0.21530444098337295,0.27558360471580406,0.329198660405547,0.546420273491073,0.31968473326583385,0.06466140204287807,-0.02220114615083398,0.5040546469961089,0.12516437721199272,0.21709029837430213
2025-08-24T18:48:36.882000,0.0,0.03469095611944795,0.06698845885694027,37.31986140088639,399.36,50.9,0.3174537632494006,0.053291387016163164,0.05330644925981217,0.21530444098337295,0.27558360471580406,0.329198660405547,0.546420273491073,0.31968473326583385,0.06466140204287807,-0.02220114615083398,0.5040546469961089,0.12516437721199272,0.21709029837430213
2025-08-24T18:48:37.884000,0.0,0.03413334698416293,0.06628509191796184,33.94428422585162,399.36,50.9,0.3174537632494006,0.053291387016163164,0.05330644925981217,0.21530444098337295,0.27558360471580406,0.329198660405547,0.546420273491073,0.31968473326583385,0.06466140204287807,-0.02220114615083398,0.5040546469961089,0.12516437721199272,0.21709029837430213
2025-08-24T18:48:38.893000,0.0,0.03424758790060878,0.06656096084043384,33.803598559730936,399.36,50.9,0.3174537632494006,0.053291387016163164,0.05330644925981217,0.21530444098337295,0.27558360471580406,0.329198660405547,0.546420273491073,0.31968473326583385,0.06466140204287807,-0.02220114615083398,0.5040546469961089,0.12516437721199272,0.21709029837430213
2025-08-24T18:48:39.893000,0.0,0.034366291016340256,0.08133718091994524,33.80987598656353,399.36,50.9,0.3174537632494006,0.053291387016163164,0.05330644925981217,0.21530444098337295,0.27558360471580406,0.329198660405547,0.546420273491073,0.31968473326583385,0.06466140204287807,-0.02220114615083398,0.5040546469961089,0.12516437721199272,0.21709029837430213
2025-08-24T18:48:40.892000,0.0,0.048633272061124444,0.07449731905944645,30.20242913982735,399.36,50.9,0.3174537632494006,0.053291387016163164,0.05330644925981217,0.21530444098337295,0.27558360471580406,0.329198660405547,0.546420273491073,0.31968473326583385,0.06466140204287807,-0.02220114615083398,0.5040546469961089,0.12516437721199272,0.21709029837430213
2025-08-24T18:48:41.894000,0.0,0.03502912097610533,0.0706421120557934,31.850689829643514,399.36,50.9,0.3174537632494006,0.053291387016163164,0.05330644925981217,0.21530444098337295,0.27558360471580406,0.329198660405547,0.546420273491073,0.31968473326583385,0.06466140204287807,-0.02220114615083398,0.5040546469961089,0.12516437721199272,0.21709029837430213
2025-08-24T18:48:42.863000,0.0,0.03474803012795746,0.07041050214320421,31.95546021563494,399.36,50.9,0.3174537632494006,0.053291387016163164,0.05330644925981217,0.21530444098337295,0.27558360471580406,0.329198660405547,0.546420273491073,0.31968473326583385,0.06466140204287807,-0.02220114615083398,0.5040546469961089,0.12516437721199272,0.21709029837430213
2025-08-24T18:48:43.863000,0.0,0.034586365101858974,0.07059946400113404,31.86993034343511,399.36,50.9,0.3174537632494006,0.053291387016163164,0.05330644925981217,0.21530444098337295,0.27558360471580406,0.329198660405547,0.546420273491073,0.31968473326583385,0.06466140204287807,-0.02220114615083398,0.5040546469961089,0.12516437721199272,0.21709029837430213
2025-08-24T18:48:44.864000,0.0,0.03415662492625415,0.07128081284463406,28.058041430577763,399.36,50.9,0.3174537632494006,0.053291387016163164,0.05330644925981217,0.21530444098337295,0.27558360471580406,0.329198660405547,0.546420273491073,0.31968473326583385,0.06466140204287807,-0.02220114615083398,0.5040546469961089,0.12516437721199272,0.21709029837430213
2025-08-24T18:48:45.864000,0.0,0.035270103020593524,0.06997259706258774,35.728272280130454,399.36,50.9,0.3174537632494006,0.053291387016163164,0.05330644925981217,0.21530444098337295,0.27558360471580406,0.329198660405547,0.546420273491073,0.31968473326583385,0.06466140204287807,-0.02220114615083398,0.5040546469961089,0.12516437721199272,0.21709029837430213
2025-08-24T18:48:46.851000,0.0,0.03436604980379343,0.08109327498823404,33.91156665455906,399.36,50.9,0.3174537632494006,0.053291387016163164,0.05330644925981217,0.21530444098337295,0.27558360471580406,0.329198660405547,0.546420273491073,0.31968473326583385,0.06466140204287807,-0.02220114615083398,0.5040546469961089,0.12516437721199272,0.21709029837430213
2025-08-24T18:48:47.851000,0.0,0.045306044863536954,0.07162696099840105,31.412752525550037,399.36,50.9,0.3174537632494006,0.053291387016163164,0.05330644925981217,0.21530444098337295,0.27558360471580406,0.329198660405547,0.546420273491073,0.31968473326583385,0.06466140204287807,-0.02220114615083398,0.5040546469961089,0.12516437721199272,0.21709029837430213
2025-08-24T18:48:48.861000,0.0,0.036389728076756,0.070612020092085,31.8642632949146,399.36,50.9,0.3174537632494006,0.053291387016163164,0.05330644925981217,0.21530444098337295,0.27558360471580406,0.329198660405547,0.546420273491073,0.31968473326583385,0.06466140204287807,-0.02220114615083398,0.5040546469961089,0.12516437721199272,0.21709029837430213
2025-08-24T18:48:49.851000,0.0,0.03488982585258782,0.071574887027964,31.435606725036553,399.36,50.9,0.3174537632494006,0.053291387016163164,0.05330644925981217,0.21530444098337295,0.27558360471580406,0.329198660405547,0.546420273491073,0.31968473326583385,0.06466140204287807,-0.02220114615083398,0.5040546469961089,0.12516437721199272,0.21709029837430213
2025-08-24T18:48:50.852000,0.0,0.03565517510287464,0.07002981915138662,32.12917050572514,399.36,50.9,0.3174537632494006,0.053291387016163164,0.05330644925981217,0.21530444098337295,0.27558360471580406,0.329198660405547,0.546420273491073,0.31968473326583385,0.06466140204287807,-0.02220114615083398,0.5040546469961089,0.12516437721199272,0.21709029837430213
2025-08-24T18:48:51.852000,0.0,0.034447791054844856,0.0703152809292078,35.5541493536369,399.36,50.9,0.3174537632494006,0.053291387016163164,0.05330644925981217,0.21530444098337295,0.27558360471580406,0.329198660405547,0.546420273491073,0.31968473326583385,0.06466140204287807,-0.02220114615083398,0.5040546469961089,0.12516437721199272,0.21709029837430213
2025-08-24T18:48:52.851000,0.0,0.03492769715376198,0.08365389495156705,29.88504003845196,399.36,50.9,0.3174537632494006,0.053291387016163164,0.05330644925981217,0.21530444098337295,0.27558360471580406,0.329198660405547,0.546420273491073,0.31968473326583385,0.06466140204287807,-0.02220114615083398,0.5040546469961089,0.12516437721199272,0.21709029837430213
2025-08-24T18:48:53.852000,0.0,0.04780703503638506,0.07394661894068122,30.42735465437453,399.36,50.9,0.3174537632494006,0.053291387016163164,0.05330644925981217,0.21530444098337295,0.27558360471580406,0.329198660405547,0.546420273491073,0.31968473326583385,0.06466140204287807,-0.02220114615083398,0.5040546469961089,0.12516437721199272,0.21709029837430213
2025-08-24T18:48:54.863000,0.0,0.0345014207996428,0.0691181558649987,32.55295185240022,399.36,50.9,0.3174537632494006,0.053291387016163164,0.05330644925981217,0.21530444098337295,0.27558360471580406,0.329198660405547,0.546420273491073,0.31968473326583385,0.06466140204287807,-0.02220114615083398,0.5040546469961089,0.12516437721199272,0.21709029837430213
2025-08-24T18:48:55.862000,0.0,0.03487106808461249,0.06959072779864073,32.33189350325985,399.36,50.9,0.3174537632494006,0.053291387016163164,0.05330644925981217,0.21530444098337295,0.27558360471580406,0.329198660405547,0.546420273491073,0.31968473326583385,0.06466140204287807,-0.02220114615083398,0.5040546469961089,0.12516437721199272,0.21709029837430213
2025-08-24T18:48:56.862000,0.0,0.034969679079949856,0.06692381319589913,37.35591085764878,399.36,50.9,0.3174537632494006,0.053291387016163164,0.05330644925981217,0.21530444098337295,0.27558360471580406,0.329198660405547,0.546420273491073,0.31968473326583385,0.06466140204287807,-0.02220114615083398,0.5040546469961089,0.12516437721199272,0.21709029837430213
2025-08-24T18:48:57.873000,0.0,0.03365499898791313,0.06739336694590747,33.386074950164364,399.36,50.9,0.3174537632494006,0.053291387016163164,0.05330644925981217,0.21530444098337295,0.27558360471580406,0.329198660405547,0.546420273491073,0.31968473326583385,0.06466140204287807,-0.02220114615083398,0.5040546469961089,0.12516437721199272,0.21709029837430213
2025-08-24T18:48:58.873000,0.0,0.033973866840824485,0.06738395988941193,29.68065402036883,399.36,50.9,0.3174537632494006,0.053291387016163164,0.05330644925981217,0.21530444098337295,0.27558360471580406,0.329198660405547,0.546420273491073,0.31968473326583385,0.06466140204287807,-0.02220114615083398,0.5040546469961089,0.12516437721199272,0.21709029837430213
2025-08-24T18:48:59.873000,0.0,0.03441657009534538,0.06673696311190724,33.71444991027094,399.36,50.9,0.3174537632494006,0.053291387016163164,0.05330644925981217,0.21530444098337295,0.27558360471580406,0.329198660405547,0.546420273491073,0.31968473326583385,0.06466140204287807,-0.02220114615083398,0.5040546469961089,0.12516437721199272,0.21709029837430213
2025-08-24T18:49:00.873000,0.0,0.03362220199778676,0.07784471497870982,32.11521810676146,399.36,50.9,0.3174537632494006,0.053291387016163164,0.05330644925981217,0.21530444098337295,0.27558360471580406,0.329198660405547,0.546420273491073,0.31968473326583385,0.06466140204287807,-0.02220114615083398,0.5040546469961089,0.12516437721199272,0.21709029837430213
2025-08-24T18:49:01.883000,0.0,0.045783987967297435,0.07355301012285054,33.989091620104425,399.36,50.9,0.3174537632494006,0.053291387016163164,0.05330644925981217,0.21530444098337295,0.27558360471580406,0.329198660405547,0.546420273491073,0.31968473326583385,0.06466140204287807,-0.02220114615083398,0.5040546469961089,0.12516437721199272,0.21709029837430213
2025-08-24T18:49:02.853000,0.0,0.0376972418744117,0.07127357483841479,35.07611349181977,399.36,50.9,0.3174537632494006,0.053291387016163164,0.05330644925981217,0.21530444098337295,0.27558360471580406,0.329198660405547,0.546420273491073,0.31968473326583385,0.06466140204287807,-0.02220114615083398,0.5040546469961089,0.12516437721199272,0.21709029837430213
2025-08-24T18:49:03.853000,0.0,0.03511925204657018,0.07072057691402733,31.815351318969682,399.36,50.9,0.3174537632494006,0.053291387016163164,0.05330644925981217,0.21530444098337295,0.27558360471580406,0.329198660405547,0.546420273491073,0.31968473326583385,0.06466140204287807,-0.02220114615083398,0.5040546469961089,0.12516437721199272,0.21709029837430213
2025-08-24T18:49:04.853000,0.0,0.034332496114075184,0.07069111405871809,35.36512379651245,399.36,50.9,0.3174537632494006,0.053291387016163164,0.05330644925981217,0.21530444098337295,0.27558360471580406,0.329198660405547,0.546420273491073,0.31968473326583385,0.06466140204287807,-0.02220114615083398,0.5040546469961089,0.12516437721199272,0.21709029837430213
2025-08-24T18:49:05.854000,0.0,0.034869530936703086,0.0690546939149499,32.58286833869808,399.36,50.9,0.3174537632494006,0.053291387016163164,0.05330644925981217,0.21530444098337295,0.27558360471580406,0.329198660405547,0.546420273491073,0.31968473326583385,0.06466140204287807,-0.02220114615083398,0.5040546469961089,0.12516437721199272,0.21709029837430213
2025-08-24T18:49:06.863000,0.0,0.03448314405977726,0.067414497025311,33.37561057757691,399.36,50.9,0.3174537632494006,0.053291387016163164,0.05330644925981217,0.21530444098337295,0.27558360471580406,0.329198660405547,0.546420273491073,0.31968473326583385,0.06466140204287807,-0.02220114615083398,0.5040546469961089,0.12516437721199272,0.21709029837430213
2025-08-24T18:49:07.875000,0.0,0.03396838600747287,0.0666310740634799,33.76802838051815,399.36,50.9,0.3174537632494006,0.053291387016163164,0.05330644925981217,0.21530444098337295,0.27558360471580406,0.329198660405547,0.546420273491073,0.31968473326583385,0.06466140204287807,-0.02220114615083398,0.5040546469961089,0.12516437721199272,0.21709029837430213
2025-08-24T18:49:08.874000,0.0,0.03390172007493675,0.08706082915887237,28.71555467772813,399.36,50.9,0.3174537632494006,0.053291387016163164,0.05330644925981217,0.21530444098337295,0.27558360471580406,0.329198660405547,0.546420273491073,0.31968473326583385,0.06466140204287807,-0.02220114615083398,0.5040546469961089,0.12516437721199272,0.21709029837430213
2025-08-24T18:49:09.875000,0.0,0.05393840093165636,0.07422217493876815,30.314390569344035,399.36,50.9,0.3174537632494006,0.053291387016163164,0.05330644925981217,0.21530444098337295,0.27558360471580406,0.329198660405547,0.546420273491073,0.31968473326583385,0.06466140204287807,-0.02220114615083398,0.5040546469961089,0.12516437721199272,0.21709029837430213
2025-08-24T18:49:10.884000,0.0,0.03325588908046484,0.06670559314079583,37.478116635935955,399.36,50.9,0.3174537632494006,0.053291387016163164,0.05330644925981217,0.21530444098337295,0.27558360471580406,0.329198660405547,0.546420273491073,0.31968473326583385,0.06466140204287807,-0.02220114615083398,0.5040546469961089,0.12516437721199272,0.21709029837430213
2025-08-24T18:49:11.883000,0.0,0.034665216924622655,0.066903943894431,29.89360392798195,399.36,50.9,0.3174537632494006,0.053291387016163164,0.05330644925981217,0.21530444098337295,0.27558360471580406,0.329198660405547,0.546420273491073,0.31968473326583385,0.06466140204287807,-0.02220114615083398,0.5040546469961089,0.12516437721199272,0.21709029837430213
2025-08-24T18:49:12.875000,0.0,0.033746553817763925,0.06639424292370677,33.88848040010859,399.36,50.9,0.3174537632494006,0.053291387016163164,0.05330644925981217,0.21530444098337295,0.27558360471580406,0.329198660405547,0.546420273491073,0.31968473326583385,0.06466140204287807,-0.02220114615083398,0.5040546469961089,0.12516437721199272,0.21709029837430213
2025-08-24T18:49:13.884000,0.0,0.03431955189444125,0.06572587485425174,30.42941618403833,399.36,50.9,0.3174537632494006,0.053291387016163164,0.05330644925981217,0.21530444098337295,0.27558360471580406,0.329198660405547,0.546420273491073,0.31968473326583385,0.06466140204287807,-0.02220114615083398,0.5040546469961089,0.12516437721199272,0.21709029837430213
2025-08-24T18:49:14.884000,0.0,0.033948480151593685,0.06631248397752643,37.7002918612926,399.36,50.9,0.3174537632494006,0.053291387016163164,0.05330644925981217,0.21530444098337295,0.27558360471580406,0.329198660405547,0.546420273491073,0.31968473326583385,0.06466140204287807,-0.02220114615083398,0.5040546469961089,0.12516437721199272,0.21709029837430213
2025-08-24T18:49:15.885000,0.0,0.034164460841566324,0.06723431381396949,33.46505485614989,399.36,50.9,0.3174537632494006,0.053291387016163164,0.05330644925981217,0.21530444098337295,0.27558360471580406,0.329198660405547,0.546420273491073,0.31968473326583385,0.06466140204287807,-0.02220114615083398,0.5040546469961089,0.12516437721199272,0.21709029837430213
2025-08-24T18:49:16.884000,0.0,0.03486710600554943,0.0847847459372133,29.486436178642222,399.36,50.9,0.3174537632494006,0.053291387016163164,0.05330644925981217,0.21530444098337295,0.27558360471580406,0.329198660405547,0.546420273491073,0.31968473326583385,0.06466140204287807,-0.02220114615083398,0.5040546469961089,0.12516437721199272,0.21709029837430213
2025-08-24T18:49:17.885000,0.0,0.05232570506632328,0.08387208194471896,26.826566693348536,399.36,50.9,0.3174537632494006,0.053291387016163164,0.05330644925981217,0.21530444098337295,0.27558360471580406,0.329198660405547,0.546420273491073,0.31968473326583385,0.06466140204287807,-0.02220114615083398,0.5040546469961089,0.12516437721199272,0.21709029837430213
2025-08-24T18:49:18.884000,0.0,0.042920334031805396,0.06684718513861299,33.65885931224242,399.36,50.9,0.3174537632494006,0.053291387016163164,0.05330644925981217,0.21530444098337295,0.27558360471580406,0.329198660405547,0.546420273491073,0.31968473326583385,0.06466140204287807,-0.02220114615083398,0.5040546469961089,0.12516437721199272,0.21709029837430213
2025-08-24T18:49:48.008000,0.0,,0.38143885298632085,7.864956536316887,399.36,50.8,0.22562200022505605,0.02450535002331425,0.03481368320428042,0.28456935352023444,0.18885677372993814,0.37337413314925166,0.5091135736466591,0.3071336772711422,0.11359132647123053,0.006237132504725862,0.38867410013622294,0.2672783550748466,0.3086607207301979,0.14281302505779,-0.05447611763879657,-0.09002325826761562
2025-08-24T18:49:49.008000,0.0,0.046176268020644784,0.07666992791928351,35.86803945994539,399.36,50.8,0.22562200022505605,0.02450535002331425,0.03481368320428042,0.28456935352023444,0.18885677372993814,0.37337413314925166,0.5091135736466591,0.3071336772711422,0.11359132647123053,0.006237132504725862,0.38867410013622294,0.2672783550748466,0.3086607207301979,0.14281302505779,-0.05447611763879657,-0.09002325826761562
2025-08-24T18:49:50.009000,0.0,0.04226213390938938,0.08310636691749096,30.08193105688254,399.36,50.8,0.22562200022505605,0.02450535002331425,0.03481368320428042,0.28456935352023444,0.18885677372993814,0.37337413314925166,0.5091135736466591,0.3071336772711422,0.11359132647123053,0.006237132504725862,0.38867410013622294,0.2672783550748466,0.3086607207301979,0.14281302505779,-0.05447611763879657,-0.09002325826761562
2025-08-24T18:49:51.009000,0.0,0.04838296305388212,0.07547495188191533,36.435929158359706,399.36,50.8,0.22562200022505605,0.02450535002331425,0.03481368320428042,0.28456935352023444,0.18885677372993814,0.37337413314925166,0.5091135736466591,0.3071336772711422,0.11359132647123053,0.006237132504725862,0.38867410013622294,0.2672783550748466,0.3086607207301979,0.14281302505779,-0.05447611763879657,-0.09002325826761562
2025-08-24T18:49:52.020000,0.0,0.04271622491069138,0.08664631703868508,31.73822147307415,399.36,50.8,0.22562200022505605,0.02450535002331425,0.03481368320428042,0.28456935352023444,0.18885677372993814,0.37337413314925166,0.5091135736466591,0.3071336772711422,0.11359132647123053,0.006237132504725862,0.38867410013622294,0.2672783550748466,0.3086607207301979,0.14281302505779,-0.05447611763879657,-0.09002325826761562
2025-08-24T18:49:53.029000,0.0,0.05545408418402076,0.09149813209660351,32.78755457906651,399.36,50.8,0.22562200022505605,0.02450535002331425,0.03481368320428042,0.28456935352023444,0.18885677372993814,0.37337413314925166,0.5091135736466591,0.3071336772711422,0.11359132647123053,0.006237132504725862,0.38867410013622294,0.2672783550748466,0.3086607207301979,0.14281302505779,-0.05447611763879657,-0.09002325826761562
2025-08-24T18:49:53.999000,0.0,0.05620139604434371,0.08943750918842852,30.74772570204563,399.36,50.8,0.22562200022505605,0.02450535002331425,0.03481368320428042,0.28456935352023444,0.18885677372993814,0.37337413314925166,0.5091135736466591,0.3071336772711422,0.11359132647123053,0.006237132504725862,0.38867410013622294,0.2672783550748466,0.3086607207301979,0.14281302505779,-0.05447611763879657,-0.09002325826761562
2025-08-24T18:49:55.009000,0.0,0.055178807117044926,0.0985731240361929,30.43425912826422,399.36,50.8,0.22562200022505605,0.02450535002331425,0.03481368320428042,0.28456935352023444,0.18885677372993814,0.37337413314925166,0.5091135736466591,0.3071336772711422,0.11359132647123053,0.006237132504725862,0.38867410013622294,0.2672783550748466,0.3086607207301979,0.14281302505779,-0.05447611763879657,-0.09002325826761562
2025-08-24T18:49:56,0.0,0.0615917828399688,0.11113472399301827,31.493307170312022,399.36,50.8,0.22562200022505605,0.02450535002331425,0.03481368320428042,0.28456935352023444,0.18885677372993814,0.37337413314925166,0.5091135736466591,0.3071336772711422,0.11359132647123053,0.006237132504725862,0.38867410013622294,0.2672783550748466,0.3086607207301979,0.14281302505779,-0.05447611763879657,-0.09002325826761562
2025-08-24T18:49:56.999000,0.0,0.06731990887783468,0.08766629407182336,34.22067776176482,399.36,50.8,0.22562200022505605,0.02450535002331425,0.03481368320428042,0.28456935352023444,0.18885677372993814,0.37337413314925166,0.5091135736466591,0.3071336772711422,0.11359132647123053,0.006237132504725862,0.38867410013622294,0.2672783550748466,0.3086607207301979,0.14281302505779,-0.05447611763879657,-0.09002325826761562
2025-08-24T18:49:58,0.0,0.04292805795557797,0.07657578098587692,32.647398012971195,399.36,50.8,0.22562200022505605,0.02450535002331425,0.03481368320428042,0.28456935352023444,0.18885677372993814,0.37337413314925166,0.5091135736466591,0.3071336772711422,0.11359132647123053,0.006237132504725862,0.38867410013622294,0.2672783550748466,0.3086607207301979,0.14281302505779,-0.05447611763879657,-0.09002325826761562
2025-08-24T18:49:59.009000,0.0,0.0424978940282017,0.07355671911500394,37.38611554575232,399.36,50.8,0.22562200022505605,0.02450535002331425,0.03481368320428042,0.28456935352023444,0.18885677372993814,0.37337413314925166,0.5091135736466591,0.3071336772711422,0.11359132647123053,0.006237132504725862,0.38867410013622294,0.2672783550748466,0.3086607207301979,0.14281302505779,-0.05447611763879657,-0.09002325826761562
2025-08-24T18:50:00.029000,0.0,0.041717340936884284,0.07396395807154477,33.800246298092986,399.36,50.8,0.22562200022505605,0.02450535002331425,0.03481368320428042,0.28456935352023444,0.18885677372993814,0.37337413314925166,0.5091135736466591,0.3071336772711422,0.11359132647123053,0.006237132504725862,0.38867410013622294,0.2672783550748466,0.3086607207301979,0.14281302505779,-0.05447611763879657,-0.09002325826761562
2025-08-24T18:50:01.030000,0.0,0.04250304098241031,0.07304792501963675,37.646517669882215,399.36,50.8,0.22562200022505605,0.02450535002331425,0.03481368320428042,0.28456935352023444,0.18885677372993814,0.37337413314925166,0.5091135736466591,0.3071336772711422,0.11359132647123053,0.006237132504725862,0.38867410013622294,0.2672783550748466,0.3086607207301979,0.14281302505779,-0.05447611763879657,-0.09002325826761562
2025-08-24T18:50:02.031000,0.0,0.04162634187377989,0.07893145806156099,34.84035475254015,399.36,50.8,0.22562200022505605,0.02450535002331425,0.03481368320428042,0.28456935352023444,0.18885677372993814,0.37337413314925166,0.5091135736466591,0.3071336772711422,0.11359132647123053,0.006237132504725862,0.38867410013622294,0.2672783550748466,0.3086607207301979,0.14281302505779,-0.05447611763879657,-0.09002325826761562
2025-08-24T18:50:03.001000,0.0,0.04258646699599922,0.07806029519997537,35.22917756017983,399.36,50.8,0.22562200022505605,0.02450535002331425,0.03481368320428042,0.28456935352023444,0.18885677372993814,0.37337413314925166,0.5091135736466591,0.3071336772711422,0.11359132647123053,0.006237132504725862,0.38867410013622294,0.2672783550748466,0.3086607207301979,0.14281302505779,-0.05447611763879657,-0.09002325826761562
2025-08-24T18:50:04.001000,0.0,0.04181343293748796,0.09835151303559542,30.502835263086027,399.36,50.8,0.22562200022505605,0.02450535002331425,0.03481368320428042,0.28456935352023444,0.18885677372993814,0.37337413314925166,0.5091135736466591,0.3071336772711422,0.11359132647123053,0.006237132504725862,0.38867410013622294,0.2672783550748466,0.3086607207301979,0.14281302505779,-0.05447611763879657,-0.09002325826761562
2025-08-24T18:50:05,0.0,0.061718357959762216,0.09395430888980627,31.930414213557317,399.36,50.8,0.22562200022505605,0.02450535002331425,0.03481368320428042,0.28456935352023444,0.18885677372993814,0.37337413314925166,0.5091135736466591,0.3071336772711422,0.11359132647123053,0.006237132504725862,0.38867410013622294,0.2672783550748466,0.3086607207301979,0.14281302505779,-0.05447611763879657,-0.09002325826761562
2025-08-24T18:50:06.009000,0.0,0.055239456007257104,0.09162685484625399,32.74149271012144,399.36,50.8,0.22562200022505605,0.02450535002331425,0.03481368320428042,0.28456935352023444,0.18885677372993814,0.37337413314925166,0.5091135736466591,0.3071336772711422,0.11359132647123053,0.006237132504725862,0.38867410013622294,0.2672783550748466,0.3086607207301979,0.14281302505779,-0.05447611763879657,-0.09002325826761562
2025-08-24T18:50:07,0.0,0.05540054803714156,0.09157200320623815,32.76110486786485,399.36,50.8,0.22562200022505605,0.02450535002331425,0.03481368320428042,0.28456935352023444,0.18885677372993814,0.37337413314925166,0.5091135736466591,0.3071336772711422,0.11359132647123053,0.006237132504725862,0.38867410013622294,0.2672783550748466,0.3086607207301979,0.14281302505779,-0.05447611763879657,-0.09002325826761562
2025-08-24T18:50:08,0.0,0.05568493600003421,0.0869797240011394,31.616563878312164,399.36,50.8,0.22562200022505605,0.02450535002331425,0.03481368320428042,0.28456935352023444,0.18885677372993814,0.37337413314925166,0.5091135736466591,0.3071336772711422,0.11359132647123053,0.006237132504725862,0.38867410013622294,0.2672783550748466,0.3086607207301979,0.14281302505779,-0.05447611763879657,-0.09002325826761562
2025-08-24T18:50:09.012000,0.0,0.051929024048149586,0.07572630420327187,36.31499026571024,399.36,50.8,0.22562200022505605,0.02450535002331425,0.03481368320428042,0.28456935352023444,0.18885677372993814,0.37337413314925166,0.5091135736466591,0.3071336772711422,0.11359132647123053,0.006237132504725862,0.38867410013622294,0.2672783550748466,0.3086607207301979,0.14281302505779,-0.05447611763879657,-0.09002325826761562
2025-08-24T18:50:10.021000,0.0,0.04303744691424072,0.07384907105006278,33.85282935116712,399.36,50.8,0.22562200022505605,0.02450535002331425,0.03481368320428042,0.28456935352023444,0.18885677372993814,0.37337413314925166,0.5091135736466591,0.3071336772711422,0.11359132647123053,0.006237132504725862,0.38867410013622294,0.2672783550748466,0.3086607207301979,0.14281302505779,-0.05447611763879657,-0.09002325826761562
2025-08-24T18:50:11.031000,0.0,0.04215171001851559,0.07322418503463268,34.14172515293432,399.36,50.8,0.22562200022505605,0.02450535002331425,0.03481368320428042,0.28456935352023444,0.18885677372993814,0.37337413314925166,0.5091135736466591,0.3071336772711422,0.11359132647123053,0.006237132504725862,0.38867410013622294,0.2672783550748466,0.3086607207301979,0.14281302505779,-0.05447611763879657,-0.09002325826761562
2025-08-24T18:50:12.032000,0.0,0.041462119901552796,0.07689317013137043,29.261376480588808,399.36,50.8,0.22562200022505605,0.02450535002331425,0.03481368320428042,0.28456935352023444,0.18885677372993814,0.37337413314925166,0.5091135736466591,0.3071336772711422,0.11359132647123053,0.006237132504725862,0.38867410013622294,0.2672783550748466,0.3086607207301979,0.14281302505779,-0.05447611763879657,-0.09002325826761562
2025-08-24T18:50:13.021000,0.0,0.04346266807988286,0.07520762109197676,33.24131203329198,399.36,50.8,0.22562200022505605,0.02450535002331425,0.03481368320428042,0.28456935352023444,0.18885677372993814,0.37337413314925166,0.5091135736466591,0.3071336772711422,0.11359132647123053,0.006237132504725862,0.38867410013622294,0.2672783550748466,0.3086607207301979,0.14281302505779,-0.05447611763879657,-0.09002325826761562
2025-08-24T18:50:14.032000,0.0,0.04307072493247688,0.07602235884405673,36.17356843190055,399.36,50.8,0.22562200022505605,0.02450535002331425,0.03481368320428042,0.28456935352023444,0.18885677372993814,0.37337413314925166,0.5091135736466591,0.3071336772711422,0.11359132647123053,0.006237132504725862,0.38867410013622294,0.2672783550748466,0.3086607207301979,0.14281302505779,-0.05447611763879657,-0.09002325826761562
2025-08-24T18:50:15.021000,0.0,0.04294220800511539,0.07516015809960663,33.262303635482574,399.36,50.8,0.22562200022505605,0.02450535002331425,0.03481368320428042,0.28456935352023444,0.18885677372993814,0.37337413314925166,0.5091135736466591,0.3071336772711422,0.11359132647123053,0.006237132504725862,0.38867410013622294,0.2672783550748466,0.3086607207301979,0.14281302505779,-0.05447611763879657,-0.09002325826761562
2025-08-24T18:50:16.021000,0.0,0.041792396921664476,0.07443851395510137,36.94324152761414,399.36,50.8,0.22562200022505605,0.02450535002331425,0.03481368320428042,0.28456935352023444,0.18885677372993814,0.37337413314925166,0.5091135736466591,0.3071336772711422,0.11359132647123053,0.006237132504725862,0.38867410013622294,0.2672783550748466,0.3086607207301979,0.14281302505779,-0.05447611763879657,-0.09002325826761562
2025-08-24T18:50:17.033000,0.0,0.04263507900759578,0.07403632905334234,37.143926976966156,399.36,50.8,0.22562200022505605,0.02450535002331425,0.03481368320428042,0.28456935352023444,0.18885677372993814,0.37337413314925166,0.5091135736466591,0.3071336772711422,0.11359132647123053,0.006237132504725862,0.38867410013622294,0.2672783550748466,0.3086607207301979,0.14281302505779,-0.05447611763879657,-0.09002325826761562
2025-08-24T18:50:18.032000,0.0,0.04215082200244069,0.07357353600673378,33.979609186803586,399.36,50.8,0.22562200022505605,0.02450535002331425,0.03481368320428042,0.28456935352023444,0.18885677372993814,0.37337413314925166,0.5091135736466591,0.3071336772711422,0.11359132647123053,0.006237132504725862,0.38867410013622294,0.2672783550748466,0.3086607207301979,0.14281302505779,-0.05447611763879657,-0.09002325826761562
2025-08-24T18:50:19.032000,0.0,0.04187404504045844,0.0737503869459033,33.89812723062352,399.36,50.8,0.22562200022505605,0.02450535002331425,0.03481368320428042,0.28456935352023444,0.18885677372993814,0.37337413314925166,0.5091135736466591,0.3071336772711422,0.11359132647123053,0.006237132504725862,0.38867410013622294,0.2672783550748466,0.3086607207301979,0.14281302505779,-0.05447611763879657,-0.09002325826761562
2025-08-24T18:50:20.032000,0.0,0.04220076510682702,0.0743623471353203,36.981081231819964,399.36,50.8,0.22562200022505605,0.02450535002331425,0.03481368320428042,0.28456935352023444,0.18885677372993814,0.37337413314925166,0.5091135736466591,0.3071336772711422,0.11359132647123053,0.006237132504725862,0.38867410013622294,0.2672783550748466,0.3086607207301979,0.14281302505779,-0.05447611763879657,-0.09002325826761562
2025-08-24T18:50:21.033000,0.0,0.042413061019033194,0.0740231079980731,33.7732374066896,399.36,50.8,0.22562200022505605,0.02450535002331425,0.03481368320428042,0.28456935352023444,0.18885677372993814,0.37337413314925166,0.5091135736466591,0.3071336772711422,0.11359132647123053,0.006237132504725862,0.38867410013622294,0.2672783550748466,0.3086607207301979,0.14281302505779,-0.05447611763879657,-0.09002325826761562
2025-08-24T18:50:22.032000,0.0,0.04256987594999373,0.07365368399769068,30.548370127291154,399.36,50.8,0.22562200022505605,0.02450535002331425,0.03481368320428042,0.28456935352023444,0.18885677372993814,0.37337413314925166,0.5091135736466591,0.3071336772711422,0.11359132647123053,0.006237132504725862,0.38867410013622294,0.2672783550748466,0.3086607207301979,0.14281302505779,-0.05447611763879657,-0.09002325826761562
2025-08-24T18:50:23.032000,0.0,0.0420427480712533,0.0740913120098412,33.74214779281926,399.36,50.8,0.22562200022505605,0.02450535002331425,0.03481368320428042,0.28456935352023444,0.18885677372993814,0.37337413314925166,0.5091135736466591,0.3071336772711422,0.11359132647123053,0.006237132504725862,0.38867410013622294,0.2672783550748466,0.3086607207301979,0.14281302505779,-0.05447611763879657,-0.09002325826761562
2025-08-24T18:50:24.033000,0.0,0.04247287614271045,0.07402744190767407,37.14838618130063,399.36,50.8,0.22562200022505605,0.02450535002331425,0.03481368320428042,0.28456935352023444,0.18885677372993814,0.37337413314925166,0.5091135736466591,0.3071336772711422,0.11359132647123053,0.006237132504725862,0.38867410013622294,0.2672783550748466,0.3086607207301979,0.14281302505779,-0.05447611763879657,-0.09002325826761562
2025-08-24T18:50:25.033000,0.0,0.04235628410242498,0.07880220119841397,34.89750233087822,399.36,50.8,0.22562200022505605,0.02450535002331425,0.03481368320428042,0.28456935352023444,0.18885677372993814,0.37337413314925166,0.5091135736466591,0.3071336772711422,0.11359132647123053,0.006237132504725862,0.38867410013622294,0.2672783550748466,0.3086607207301979,0.14281302505779,-0.05447611763879657,-0.09002325826761562
2025-08-24T18:50:26.002000,0.0,0.04251541290432215,0.07776731601916254,35.361899326991846,399.36,50.8,0.22562200022505605,0.02450535002331425,0.03481368320428042,0.28456935352023444,0.18885677372993814,0.37337413314925166,0.5091135736466591,0.3071336772711422,0.11359132647123053,0.006237132504725862,0.38867410013622294,0.2672783550748466,0.3086607207301979,0.14281302505779,-0.05447611763879657,-0.09002325826761562
2025-08-24T18:50:27.022000,0.0,0.042634967947378755,0.07637884002178907,32.73157852733617,399.36,50.8,0.22562200022505605,0.02450535002331425,0.03481368320428042,0.28456935352023444,0.18885677372993814,0.37337413314925166,0.5091135736466591,0.3071336772711422,0.11359132647123053,0.006237132504725862,0.38867410013622294,0.2672783550748466,0.3086607207301979,0.14281302505779,-0.05447611763879657,-0.09002325826761562
2025-08-24T18:50:28.024000,0.0,0.042472080094739795,0.07371127582155168,33.916113540787286,399.36,50.8,0.22562200022505605,0.02450535002331425,0.03481368320428042,0.28456935352023444,0.18885677372993814,0.37337413314925166,0.5091135736466591,0.3071336772711422,0.11359132647123053,0.006237132504725862,0.38867410013622294,0.2672783550748466,0.3086607207301979,0.14281302505779,-0.05447611763879657,-0.09002325826761562
2025-08-24T18:50:29.033000,0.0,0.0418700089212507,0.07493912405334413,36.696452417063824,399.36,50.8,0.22562200022505605,0.02450535002331425,0.03481368320428042,0.28456935352023444,0.18885677372993814,0.37337413314925166,0.5091135736466591,0.3071336772711422,0.11359132647123053,0.006237132504725862,0.38867410013622294,0.2672783550748466,0.3086607207301979,0.14281302505779,-0.05447611763879657,-0.09002325826761562
2025-08-24T18:50:30.033000,0.0,0.042546524899080396,0.07589949108660221,36.23212699624301,399.36,50.8,0.22562200022505605,0.02450535002331425,0.03481368320428042,0.28456935352023444,0.18885677372993814,0.37337413314925166,0.5091135736466591,0.3071336772711422,0.11359132647123053,0.006237132504725862,0.38867410013622294,0.2672783550748466,0.3086607207301979,0.14281302505779,-0.05447611763879657,-0.09002325826761562
2025-08-24T18:50:31.024000,0.0,0.042322710156440735,0.07476169895380735,36.78354074991146,399.36,50.8,0.22562200022505605,0.02450535002331425,0.03481368320428042,0.28456935352023444,0.18885677372993814,0.37337413314925166,0.5091135736466591,0.3071336772711422,0.11359132647123053,0.006237132504725862,0.38867410013622294,0.2672783550748466,0.3086607207301979,0.14281302505779,-0.05447611763879657,-0.09002325826761562
2025-08-24T18:50:32.033000,0.0,0.042502376018092036,0.07354118488729,37.39401267758556,399.36,50.8,0.22562200022505605,0.02450535002331425,0.03481368320428042,0.28456935352023444,0.18885677372993814,0.37337413314925166,0.5091135736466591,0.3071336772711422,0.11359132647123053,0.006237132504725862,0.38867410013622294,0.2672783550748466,0.3086607207301979,0.14281302505779,-0.05447611763879657,-0.09002325826761562
2025-08-24T18:50:33.033000,0.0,0.0418182120192796,0.07373586902394891,33.904801463558584,399.36,50.8,0.22562200022505605,0.02450535002331425,0.03481368320428042,0.28456935352023444,0.18885677372993814,0.37337413314925166,0.5091135736466591,0.3071336772711422,0.11359132647123053,0.006237132504725862,0.38867410013622294,0.2672783550748466,0.3086607207301979,0.14281302505779,-0.05447611763879657,-0.09002325826761562
2025-08-24T18:50:34.033000,0.0,0.042051082011312246,0.07589663891121745,36.23348858988309,399.36,50.8,0.22562200022505605,0.02450535002331425,0.03481368320428042,0.28456935352023444,0.18885677372993814,0.37337413314925166,0.5091135736466591,0.3071336772711422,0.11359132647123053,0.006237132504725862,0.38867410013622294,0.2672783550748466,0.3086607207301979,0.14281302505779,-0.05447611763879657,-0.09002325826761562
2025-08-24T18:50:35.024000,0.0,0.04209350701421499,0.07632180419750512,32.75603906755744,399.36,50.8,0.22562200022505605,0.02450535002331425,0.03481368320428042,0.28456935352023444,0.18885677372993814,0.37337413314925166,0.5091135736466591,0.3071336772711422,0.11359132647123053,0.006237132504725862,0.38867410013622294,0.2672783550748466,0.3086607207301979,0.14281302505779,-0.05447611763879657,-0.09002325826761562
2025-08-24T18:50:36.024000,0.0,0.042484542820602655,0.07603423204272985,32.87992701228299,399.36,50.8,0.22562200022505605,0.02450535002331425,0.03481368320428042,0.28456935352023444,0.18885677372993814,0.37337413314925166,0.5091135736466591,0.3071336772711422,0.11359132647123053,0.006237132504725862,0.38867410013622294,0.2672783550748466,0.3086607207301979,0.14281302505779,-0.05447611763879657,-0.09002325826761562
2025-08-24T18:50:37.024000,0.0,0.042201674077659845,0.07620228710584342,36.088155676748805,399.36,50.8,0.22562200022505605,0.02450535002331425,0.03481368320428042,0.28456935352023444,0.18885677372993814,0.37337413314925166,0.5091135736466591,0.3071336772711422,0.11359132647123053,0.006237132504725862,0.38867410013622294,0.2672783550748466,0.3086607207301979,0.14281302505779,-0.05447611763879657,-0.09002325826761562
2025-08-24T18:50:38.025000,0.0,0.04297402314841747,0.07442529313266277,36.94980408203477,399.36,50.8,0.22562200022505605,0.02450535002331425,0.03481368320428042,0.28456935352023444,0.18885677372993814,0.37337413314925166,0.5091135736466591,0.3071336772711422,0.11359132647123053,0.006237132504725862,0.38867410013622294,0.2672783550748466,0.3086607207301979,0.14281302505779,-0.05447611763879657,-0.09002325826761562
2025-08-24T18:50:39.034000,0.0,0.04226304404437542,0.07627695286646485,32.775299825841245,399.36,50.8,0.22562200022505605,0.02450535002331425,0.03481368320428042,0.28456935352023444,0.18885677372993814,0.37337413314925166,0.5091135736466591,0.3071336772711422,0.11359132647123053,0.006237132504725862,0.38867410013622294,0.2672783550748466,0.3086607207301979,0.14281302505779,-0.05447611763879657,-0.09002325826761562
2025-08-24T18:50:40.035000,0.0,0.043765130918473005,0.07509029097855091,29.963927036089068,399.36,50.8,0.22562200022505605,0.02450535002331425,0.03481368320428042,0.28456935352023444,0.18885677372993814,0.37337413314925166,0.5091135736466591,0.3071336772711422,0.11359132647123053,0.006237132504725862,0.38867410013622294,0.2672783550748466,0.3086607207301979,0.14281302505779,-0.05447611763879657,-0.09002325826761562
2025-08-24T18:50:41.034000,0.0,0.042980412021279335,0.09892777516506612,27.79805767805319,399.36,50.8,0.22562200022505605,0.02450535002331425,0.03481368320428042,0.28456935352023444,0.18885677372993814,0.37337413314925166,0.5091135736466591,0.3071336772711422,0.11359132647123053,0.006237132504725862,0.38867410013622294,0.2672783550748466,0.3086607207301979,0.14281302505779,-0.05447611763879657,-0.09002325826761562
2025-08-24T18:50:42.035000,0.0,0.06678017391823232,0.08973408816382289,30.646101791099195,399.36,50.8,0.22562200022505605,0.02450535002331425,0.03481368320428042,0.28456935352023444,0.18885677372993814,0.37337413314925166,0.5091135736466591,0.3071336772711422,0.11359132647123053,0.006237132504725862,0.38867410013622294,0.2672783550748466,0.3086607207301979,0.14281302505779,-0.05447611763879657,-0.09002325826761562
2025-08-24T18:50:43.034000,0.0,0.04969145986251533,0.07539943791925907,29.841071261159698,399.36,50.8,0.22562200022505605,0.02450535002331425,0.03481368320428042,0.28456935352023444,0.18885677372993814,0.37337413314925166,0.5091135736466591,0.3071336772711422,0.11359132647123053,0.006237132504725862,0.38867410013622294,0.2672783550748466,0.3086607207301979,0.14281302505779,-0.05447611763879657,-0.09002325826761562
2025-08-24T18:51:10.020000,0.0,,0.36548552103340626,4.788151374784701,378.88,49.3,0.5568364380703621,0.07796279413229722,-0.0012960738224535389,0.20347991876020954
2025-08-24T18:51:11.020000,0.0,0.017251101788133383,0.059527147794142365,25.198586789129116,389.12,49.3,0.5568364380703621,0.07796279413229722,-0.0012960738224535389,0.20347991876020954
2025-08-24T18:51:12.020000,0.0,0.014854759210720658,0.056293734116479754,26.64594956334392,389.12,49.3,0.5568364380703621,0.07796279413229722,-0.0012960738224535389,0.20347991876020954
2025-08-24T18:51:13.019000,0.0,0.014787684893235564,0.05319335591048002,28.19901046522319,389.12,49.3,0.5568364380703621,0.07796279413229722,-0.0012960738224535389,0.20347991876020954
2025-08-24T18:51:14.030000,0.0,0.014572927029803395,0.05728158284910023,30.55083175005886,389.12,49.3,0.5568364380703621,0.07796279413229722,-0.0012960738224535389,0.20347991876020954
2025-08-24T18:51:15.009000,0.0,0.014749777968972921,0.05673350999131799,26.439400633408987,389.12,49.3,0.5568364380703621,0.07796279413229722,-0.0012960738224535389,0.20347991876020954
2025-08-24T18:51:16.011000,0.0,0.014643056085333228,0.05589538300409913,26.83584796064398,389.12,49.3,0.5568364380703621,0.07796279413229722,-0.0012960738224535389,0.20347991876020954
2025-08-24T18:51:17.009000,0.0,0.014258984010666609,0.05725974915549159,30.562481076328122,389.12,49.3,0.5568364380703621,0.07796279413229722,-0.0012960738224535389,0.20347991876020954
2025-08-24T18:51:18.010000,0.0,0.014635130995884538,0.05445922305807471,27.543543880535804,389.12,49.3,0.5568364380703621,0.07796279413229722,-0.0012960738224535389,0.20347991876020954
2025-08-24T18:51:19.011000,0.0,0.011712474981322885,0.0509305140003562,24.543243368627216,389.12,49.3,0.5568364380703621,0.07796279413229722,-0.0012960738224535389,0.20347991876020954
2025-08-24T18:51:20.031000,0.0,0.011997659225016832,0.050812737084925175,29.52015746549941,389.12,49.3,0.5568364380703621,0.07796279413229722,-0.0012960738224535389,0.20347991876020954
2025-08-24T18:51:21.030000,0.0,0.01230715704150498,0.05413283500820398,27.709614687142896,389.12,49.3,0.5568364380703621,0.07796279413229722,-0.0012960738224535389,0.20347991876020954
2025-08-24T18:51:22.032000,0.0,0.015428646001964808,0.05890316888689995,25.465522964989617,389.12,49.3,0.5568364380703621,0.07796279413229722,-0.0012960738224535389,0.20347991876020954
2025-08-24T18:51:23.031000,0.0,0.010919013991951942,0.05106940190307796,29.3717949320571,389.12,49.3,0.5568364380703621,0.07796279413229722,-0.0012960738224535389,0.20347991876020954
2025-08-24T18:51:24.032000,0.0,0.011110642924904823,0.050631145015358925,29.626033532225836,389.12,49.3,0.5568364380703621,0.07796279413229722,-0.0012960738224535389,0.20347991876020954
2025-08-24T18:51:25.031000,0.0,0.012029398931190372,0.056366752833127975,26.61143182117784,389.12,49.3,0.5568364380703621,0.07796279413229722,-0.0012960738224535389,0.20347991876020954
2025-08-24T18:51:26.002000,0.0,0.012338435044512153,0.055663347942754626,26.94771434773561,389.12,49.3,0.5568364380703621,0.07796279413229722,-0.0012960738224535389,0.20347991876020954
2025-08-24T18:51:27.001000,0.0,0.011736807879060507,0.05493472097441554,27.305135502528525,389.12,49.3,0.5568364380703621,0.07796279413229722,-0.0012960738224535389,0.20347991876020954
2025-08-24T18:51:28,0.0,0.011665252968668938,0.05555940396152437,31.497818104958537,389.12,49.3,0.5568364380703621,0.07796279413229722,-0.0012960738224535389,0.20347991876020954
2025-08-24T18:51:29.001000,0.0,0.011319736018776894,0.056136976927518845,31.173748494856007,389.12,49.3,0.5568364380703621,0.07796279413229722,-0.0012960738224535389,0.20347991876020954
2025-08-24T18:51:30.001000,0.0,0.011836844962090254,0.05673458497039974,26.43889967261787,389.12,49.3,0.5568364380703621,0.07796279413229722,-0.0012960738224535389,0.20347991876020954
2025-08-24T18:51:31.002000,0.0,0.01212667697109282,0.05236521293409169,33.41913270175385,389.12,49.3,0.5568364380703621,0.07796279413229722,-0.0012960738224535389,0.20347991876020954
2025-08-24T18:51:32.022000,0.0,0.011078272946178913,0.05242045386694372,23.845653896336568,389.12,49.3,0.5568364380703621,0.07796279413229722,-0.0012960738224535389,0.20347991876020954
2025-08-24T18:51:33.022000,0.0,0.010710182134062052,0.0524894529953599,23.814307992703192,389.12,49.3,0.5568364380703621,0.07796279413229722,-0.0012960738224535389,0.20347991876020954
2025-08-24T18:51:34.021000,0.0,0.0115569569170475,0.051332438830286264,29.221288412952024,389.12,49.3,0.5568364380703621,0.07796279413229722,-0.0012960738224535389,0.20347991876020954
2025-08-24T18:51:35.032000,0.0,0.011583401123061776,0.05116679100319743,29.315889673562534,389.12,49.3,0.5568364380703621,0.07796279413229722,-0.0012960738224535389,0.20347991876020954
2025-08-24T18:51:36.033000,0.0,0.011640457203611732,0.050916347885504365,29.46008624524719,389.12,49.3,0.5568364380703621,0.07796279413229722,-0.0012960738224535389,0.20347991876020954
2025-08-24T18:51:37.033000,0.0,0.01139951404184103,0.056703770998865366,26.453267103347102,389.12,49.3,0.5568364380703621,0.07796279413229722,-0.0012960738224535389,0.20347991876020954
2025-08-24T18:51:38.003000,0.0,0.01227373187430203,0.056271828012540936,31.09904301687153,389.12,49.3,0.5568364380703621,0.07796279413229722,-0.0012960738224535389,0.20347991876020954
2025-08-24T18:51:39.002000,0.0,0.011937640141695738,0.0564141059294343,26.589094611838583,389.12,49.3,0.5568364380703621,0.07796279413229722,-0.0012960738224535389,0.20347991876020954
2025-08-24T18:51:40.002000,0.0,0.01223502797074616,0.05428640986792743,27.63122489863189,389.12,49.3,0.5568364380703621,0.07796279413229722,-0.0012960738224535389,0.20347991876020954
2025-08-24T18:51:41.013000,0.0,0.011364550096914172,0.05264287907630205,28.49388229366921,389.12,49.3,0.5568364380703621,0.07796279413229722,-0.0012960738224535389,0.20347991876020954
2025-08-24T18:51:42.022000,0.0,0.011104939971119165,0.052604804979637265,33.266923062967585,389.12,49.3,0.5568364380703621,0.07796279413229722,-0.0012960738224535389,0.20347991876020954
2025-08-24T18:51:43.023000,0.0,0.010677237994968891,0.052699805004522204,33.206953988725274,389.12,49.3,0.5568364380703621,0.07796279413229722,-0.0012960738224535389,0.20347991876020954
2025-08-24T18:51:44.023000,0.0,0.011471568141132593,0.05398146715015173,27.787314409733526,389.12,49.3,0.5568364380703621,0.07796279413229722,-0.0012960738224535389,0.20347991876020954
2025-08-24T18:51:45.014000,0.0,0.010761015815660357,0.053359061013907194,28.111439210090612,389.12,49.3,0.5568364380703621,0.07796279413229722,-0.0012960738224535389,0.20347991876020954
2025-08-24T18:51:46.023000,0.0,0.011705715907737613,0.05558729404583573,26.984583900830106,389.12,49.3,0.5568364380703621,0.07796279413229722,-0.0012960738224535389,0.20347991876020954
2025-08-24T18:51:47.007000,0.0,0.014521000906825066,0.05314502608962357,23.520545420224696,389.12,49.3,0.5568364380703621,0.07796279413229722,-0.0012960738224535389,0.20347991876020954
2025-08-24T18:51:48.009000,0.0,0.01155534596182406,0.0523123440798372,28.67392058957952,389.12,49.3,0.5568364380703621,0.07796279413229722,-0.0012960738224535389,0.20347991876020954
2025-08-24T18:51:49.008000,0.0,0.011093199020251632,0.05319046997465193,28.20054044859618,389.12,49.3,0.5568364380703621,0.07796279413229722,-0.0012960738224535389,0.20347991876020954
2025-08-24T18:51:50.009000,0.0,0.011076514841988683,0.05108894011937082,29.36056211961372,389.12,49.3,0.5568364380703621,0.07796279413229722,-0.0012960738224535389,0.20347991876020954
2025-08-24T18:51:51.018000,0.0,0.010899107903242111,0.05165319796651602,29.03982829818943,389.12,49.3,0.5568364380703621,0.07796279413229722,-0.0012960738224535389,0.20347991876020954
2025-08-24T18:51:52.018000,0.0,0.011442827992141247,0.05118819884955883,24.41969102436482,389.12,49.3,0.5568364380703621,0.07796279413229722,-0.0012960738224535389,0.20347991876020954
2025-08-24T18:51:53.020000,0.0,0.011026125866919756,0.05131195788271725,24.360793303913177,389.12,49.3,0.5568364380703621,0.07796279413229722,-0.0012960738224535389,0.20347991876020954
2025-08-24T18:51:54.019000,0.0,0.011435475898906589,0.05315017397515476,28.22192079185361,389.12,49.3,0.5568364380703621,0.07796279413229722,-0.0012960738224535389,0.20347991876020954
2025-08-24T18:51:55.008000,0.0,0.011180699104443192,0.05349191394634545,28.04162142159521,389.12,49.3,0.5568364380703621,0.07796279413229722,-0.0012960738224535389,0.20347991876020954
2025-08-24T18:51:56.009000,0.0,0.011134754866361618,0.053338895086199045,28.122067350213413,389.12,49.3,0.5568364380703621,0.07796279413229722,-0.0012960738224535389,0.20347991876020954
2025-08-24T18:51:57.009000,0.0,0.011742474976927042,0.05331111699342728,28.136720530258312,389.12,49.3,0.5568364380703621,0.07796279413229722,-0.0012960738224535389,0.20347991876020954
2025-08-24T18:51:58.011000,0.0,0.01076268288306892,0.05169051303528249,29.018864621757558,389.12,49.3,0.5568364380703621,0.07796279413229722,-0.0012960738224535389,0.20347991876020954
2025-08-24T18:51:59.020000,0.0,0.01141460589133203,0.05738884280435741,30.49373213476145,389.12,49.3,0.5568364380703621,0.07796279413229722,-0.0012960738224535389,0.20347991876020954
2025-08-24T18:51:59.990000,0.0,0.012599620036780834,0.056184032931923866,31.14763943913421,389.12,49.3,0.5568364380703621,0.07796279413229722,-0.0012960738224535389,0.20347991876020954
2025-08-24T18:52:00.999000,0.0,0.013826634036377072,0.056608364917337894,26.497850665539204,389.12,49.3,0.5568364380703621,0.07796279413229722,-0.0012960738224535389,0.20347991876020954
2025-08-24T18:52:01.989000,0.0,0.012508990941569209,0.056222588988021016,31.126279161083602,389.12,49.3,0.5568364380703621,0.07796279413229722,-0.0012960738224535389,0.20347991876020954
2025-08-24T18:52:29.442000,0.0,,0.36427636886946857,5.4903369279950835,389.12,49.6,0.5785618763636736,0.1727793514306029,0.017008474013224802,0.16318123684466077,0.23708710443995532,0.3601017571813484,0.3024125004674745
2025-08-24T18:52:30.442000,0.0,0.021516086999326944,0.06297006597742438,31.761122828059747,389.12,49.6,0.5785618763636736,0.1727793514306029,0.017008474013224802,0.16318123684466077,0.23708710443995532,0.3601017571813484,0.3024125004674745
2025-08-24T18:52:31.453000,0.0,0.020150110824033618,0.0633991570211947,27.60289067274147,389.12,49.6,0.5785618763636736,0.1727793514306029,0.017008474013224802,0.16318123684466077,0.23708710443995532,0.3601017571813484,0.3024125004674745
2025-08-24T18:52:32.423000,0.0,0.019891649018973112,0.06421604217030108,31.144865557051887,389.12,49.6,0.5785618763636736,0.1727793514306029,0.017008474013224802,0.16318123684466077,0.23708710443995532,0.3601017571813484,0.3024125004674745
2025-08-24T18:52:33.422000,0.0,0.019504596013575792,0.0641533019952476,31.175324383897795,389.12,49.6,0.5785618763636736,0.1727793514306029,0.017008474013224802,0.16318123684466077,0.23708710443995532,0.3601017571813484,0.3024125004674745
2025-08-24T18:52:34.423000,0.0,0.01987285283394158,0.059241004986688495,29.540349634399917,389.12,49.6,0.5785618763636736,0.1727793514306029,0.017008474013224802,0.16318123684466077,0.23708710443995532,0.3601017571813484,0.3024125004674745
2025-08-24T18:52:35.453000,0.0,0.01889450498856604,0.06397839589044452,31.26055244374627,389.12,49.6,0.5785618763636736,0.1727793514306029,0.017008474013224802,0.16318123684466077,0.23708710443995532,0.3601017571813484,0.3024125004674745
2025-08-24T18:52:36.424000,0.0,0.01981926104053855,0.06330293486826122,31.594111776367512,389.12,49.6,0.5785618763636736,0.1727793514306029,0.017008474013224802,0.16318123684466077,0.23708710443995532,0.3601017571813484,0.3024125004674745
2025-08-24T18:52:37.423000,0.0,0.0189456338994205,0.0639391359873116,31.279747045641837,389.12,49.6,0.5785618763636736,0.1727793514306029,0.017008474013224802,0.16318123684466077,0.23708710443995532,0.3601017571813484,0.3024125004674745
2025-08-24T18:52:38.424000,0.0,0.019952408969402313,0.0632789358496666,31.606094084000613,389.12,49.6,0.5785618763636736,0.1727793514306029,0.017008474013224802,0.16318123684466077,0.23708710443995532,0.3601017571813484,0.3024125004674745
2025-08-24T18:52:39.433000,0.0,0.019984519109129906,0.05895798793062568,29.68215268911799,389.12,49.6,0.5785618763636736,0.1727793514306029,0.017008474013224802,0.16318123684466077,0.23708710443995532,0.3601017571813484,0.3024125004674745
2025-08-24T18:52:40.453000,0.0,0.01994063099846244,0.06282901205122471,31.832427961296595,389.12,49.6,0.5785618763636736,0.1727793514306029,0.017008474013224802,0.16318123684466077,0.23708710443995532,0.3601017571813484,0.3024125004674745
2025-08-24T18:52:41.434000,0.0,0.020168500021100044,0.06131305289454758,28.54204638953201,389.12,49.6,0.5785618763636736,0.1727793514306029,0.017008474013224802,0.16318123684466077,0.23708710443995532,0.3601017571813484,0.3024125004674745
2025-08-24T18:52:42.443000,0.0,0.019919797079637647,0.05886565614491701,29.728709651886177,389.12,49.6,0.5785618763636736,0.1727793514306029,0.017008474013224802,0.16318123684466077,0.23708710443995532,0.3601017571813484,0.3024125004674745
2025-08-24T18:52:43.455000,0.0,0.018608616897836328,0.058400657027959824,25.684642542324042,389.12,49.6,0.5785618763636736,0.1727793514306029,0.017008474013224802,0.16318123684466077,0.23708710443995532,0.3601017571813484,0.3024125004674745
2025-08-24T18:52:44.455000,0.0,0.018652857048437,0.059067877009510994,33.85935133030032,389.12,49.6,0.5785618763636736,0.1727793514306029,0.017008474013224802,0.16318123684466077,0.23708710443995532,0.3601017571813484,0.3024125004674745
2025-08-24T18:52:45.454000,0.0,0.019064356107264757,0.059153988026082516,29.583804209927266,389.12,49.6,0.5785618763636736,0.1727793514306029,0.017008474013224802,0.16318123684466077,0.23708710443995532,0.3601017571813484,0.3024125004674745
2025-08-24T18:52:46.455000,0.0,0.019037357065826654,0.06354791601188481,31.472314522886315,389.12,49.6,0.5785618763636736,0.1727793514306029,0.017008474013224802,0.16318123684466077,0.23708710443995532,0.3601017571813484,0.3024125004674745
2025-08-24T18:52:47.425000,0.0,0.019209874095395207,0.06420337595045567,27.257133664598005,389.12,49.6,0.5785618763636736,0.1727793514306029,0.017008474013224802,0.16318123684466077,0.23708710443995532,0.3601017571813484,0.3024125004674745
2025-08-24T18:52:48.426000,0.0,0.020245295949280262,0.0631362700369209,31.677512764539223,389.12,49.6,0.5785618763636736,0.1727793514306029,0.017008474013224802,0.16318123684466077,0.23708710443995532,0.3601017571813484,0.3024125004674745
2025-08-24T18:52:49.425000,0.0,0.01889019086956978,0.06242351303808391,32.03920930851526,389.12,49.6,0.5785618763636736,0.1727793514306029,0.017008474013224802,0.16318123684466077,0.23708710443995532,0.3601017571813484,0.3024125004674745
2025-08-24T18:52:50.437000,0.0,0.019333836855366826,0.062901197001338,27.821410138868767,389.12,49.6,0.5785618763636736,0.1727793514306029,0.017008474013224802,0.16318123684466077,0.23708710443995532,0.3601017571813484,0.3024125004674745
2025-08-24T18:52:51.436000,0.0,0.0195277810562402,0.06288719596341252,31.802976255509822,389.12,49.6,0.5785618763636736,0.1727793514306029,0.017008474013224802,0.16318123684466077,0.23708710443995532,0.3601017571813484,0.3024125004674745
2025-08-24T18:52:52.436000,0.0,0.02059114701114595,0.05986487399786711,33.408572781281705,389.12,49.6,0.5785618763636736,0.1727793514306029,0.017008474013224802,0.16318123684466077,0.23708710443995532,0.3601017571813484,0.3024125004674745
2025-08-24T18:52:53.446000,0.0,0.0183158409781754,0.060047280974686146,24.98031510589731,389.12,49.6,0.5785618763636736,0.1727793514306029,0.017008474013224802,0.16318123684466077,0.23708710443995532,0.3601017571813484,0.3024125004674745
2025-08-24T18:52:54.445000,0.0,0.01834415504708886,0.059009378077462316,29.656303065976413,389.12,49.6,0.5785618763636736,0.1727793514306029,0.017008474013224802,0.16318123684466077,0.23708710443995532,0.3601017571813484,0.3024125004674745
2025-08-24T18:52:55.457000,0.0,0.018871227046474814,0.06396126700565219,27.360308541814245,389.12,49.6,0.5785618763636736,0.1727793514306029,0.017008474013224802,0.16318123684466077,0.23708710443995532,0.3601017571813484,0.3024125004674745
2025-08-24T18:52:56.426000,0.0,0.01978937303647399,0.06364324921742082,31.425171162577126,389.12,49.6,0.5785618763636736,0.1727793514306029,0.017008474013224802,0.16318123684466077,0.23708710443995532,0.3601017571813484,0.3024125004674745
2025-08-24T18:52:57.425000,0.0,0.01901417109183967,0.06395645183511078,31.271278230948436,389.12,49.6,0.5785618763636736,0.1727793514306029,0.017008474013224802,0.16318123684466077,0.23708710443995532,0.3601017571813484,0.3024125004674745
2025-08-24T18:52:58.427000,0.0,0.019423318095505238,0.06927467393688858,28.87057977092848,389.12,49.6,0.5785618763636736,0.1727793514306029,0.017008474013224802,0.16318123684466077,0.23708710443995532,0.3601017571813484,0.3024125004674745
2025-08-24T18:52:59.426000,0.0,0.024548355024307966,0.07299253111705184,27.400063669429052,389.12,49.6,0.5785618763636736,0.1727793514306029,0.017008474013224802,0.16318123684466077,0.23708710443995532,0.3601017571813484,0.3024125004674745
2025-08-24T18:53:00.456000,0.0,0.02428661589510739,0.0647034680005163,27.04646372256342,389.12,49.6,0.5785618763636736,0.1727793514306029,0.017008474013224802,0.16318123684466077,0.23708710443995532,0.3601017571813484,0.3024125004674745
2025-08-24T18:53:01.456000,0.0,0.02467183582484722,0.06516418908722699,30.6917039560304,389.12,49.6,0.5785618763636736,0.1727793514306029,0.017008474013224802,0.16318123684466077,0.23708710443995532,0.3601017571813484,0.3024125004674745
2025-08-24T18:53:02.457000,0.0,0.02482281718403101,0.07110651908442378,28.12681629971768,389.12,49.6,0.5785618763636736,0.1727793514306029,0.017008474013224802,0.16318123684466077,0.23708710443995532,0.3601017571813484,0.3024125004674745
2025-08-24T18:53:03.457000,0.0,0.0242416150867939,0.06953948806039989,28.760637384372266,389.12,49.6,0.5785618763636736,0.1727793514306029,0.017008474013224802,0.16318123684466077,0.23708710443995532,0.3601017571813484,0.3024125004674745
2025-08-24T18:53:04.427000,0.0,0.024896021001040936,0.0690707671456039,25.33633362303532,389.12,49.6,0.5785618763636736,0.1727793514306029,0.017008474013224802,0.16318123684466077,0.23708710443995532,0.3601017571813484,0.3024125004674745
2025-08-24T18:53:05.427000,0.0,0.02506157592870295,0.06500207795761526,30.768247152099686,389.12,49.6,0.5785618763636736,0.1727793514306029,0.017008474013224802,0.16318123684466077,0.23708710443995532,0.3601017571813484,0.3024125004674745
2025-08-24T18:53:06.458000,0.0,0.024797762045636773,0.06494707893580198,30.794302573282632,389.12,49.6,0.5785618763636736,0.1727793514306029,0.017008474013224802,0.16318123684466077,0.23708710443995532,0.3601017571813484,0.3024125004674745
2025-08-24T18:53:07.456000,0.0,0.0244513179641217,0.06481583788990974,30.85665579757008,389.12,49.6,0.5785618763636736,0.1727793514306029,0.017008474013224802,0.16318123684466077,0.23708710443995532,0.3601017571813484,0.3024125004674745
2025-08-24T18:53:08.457000,0.0,0.024735891027376056,0.06294852984137833,27.800490407159106,389.12,49.6,0.5785618763636736,0.1727793514306029,0.017008474013224802,0.16318123684466077,0.23708710443995532,0.3601017571813484,0.3024125004674745
2025-08-24T18:53:09.458000,0.0,0.022259066812694073,0.06866732495836914,29.12593436853094,389.12,49.6,0.5785618763636736,0.1727793514306029,0.017008474013224802,0.16318123684466077,0.23708710443995532,0.3601017571813484,0.3024125004674745
2025-08-24T18:53:10.459000,0.0,0.0290552640799433,0.07109163096174598,24.616118329619876,389.12,49.6,0.5785618763636736,0.1727793514306029,0.017008474013224802,0.16318123684466077,0.23708710443995532,0.3601017571813484,0.3024125004674745
2025-08-24T18:53:11.458000,0.0,0.024270986206829548,0.0697146172169596,28.68838817225124,389.12,49.6,0.5785618763636736,0.1727793514306029,0.017008474013224802,0.16318123684466077,0.23708710443995532,0.3601017571813484,0.3024125004674745
2025-08-24T18:53:12.427000,0.0,0.0248298360966146,0.06989002390764654,28.616387406632864,389.12,49.6,0.5785618763636736,0.1727793514306029,0.017008474013224802,0.16318123684466077,0.23708710443995532,0.3601017571813484,0.3024125004674745
2025-08-24T18:53:13.428000,0.0,0.024519521975889802,0.06907093501649797,32.575206915362756,389.12,49.6,0.5785618763636736,0.1727793514306029,0.017008474013224802,0.16318123684466077,0.23708710443995532,0.3601017571813484,0.3024125004674745
2025-08-24T18:53:14.438000,0.0,0.02472989191301167,0.06623737094923854,26.42013073467307,389.12,49.6,0.5785618763636736,0.1727793514306029,0.017008474013224802,0.16318123684466077,0.23708710443995532,0.3601017571813484,0.3024125004674745
2025-08-24T18:53:15.438000,0.0,0.023437340976670384,0.06278497609309852,27.872910191206895,389.12,49.6,0.5785618763636736,0.1727793514306029,0.017008474013224802,0.16318123684466077,0.23708710443995532,0.3601017571813484,0.3024125004674745
2025-08-24T18:53:16.438000,0.0,0.019011097960174084,0.06310319690965116,27.732350906176638,389.12,49.6,0.5785618763636736,0.1727793514306029,0.017008474013224802,0.16318123684466077,0.23708710443995532,0.3601017571813484,0.3024125004674745
2025-08-24T18:53:17.439000,0.0,0.019302522065117955,0.06311878887936473,27.725500299834337,389.12,49.6,0.5785618763636736,0.1727793514306029,0.017008474013224802,0.16318123684466077,0.23708710443995532,0.3601017571813484,0.3024125004674745
2025-08-24T18:53:18.439000,0.0,0.019602114101871848,0.060997593915089965,28.689656225392213,389.12,49.6,0.5785618763636736,0.1727793514306029,0.017008474013224802,0.16318123684466077,0.23708710443995532,0.3601017571813484,0.3024125004674745
2025-08-24T18:53:19.447000,0.0,0.018074101069942117,0.06087968708015978,28.745220022169242,389.12,49.6,0.5785618763636736,0.1727793514306029,0.017008474013224802,0.16318123684466077,0.23708710443995532,0.3601017571813484,0.3024125004674745
2025-08-24T18:53:20.449000,0.0,0.018183951964601874,0.05884295282885432,29.740179849402022,389.12,49.6,0.5785618763636736,0.1727793514306029,0.017008474013224802,0.16318123684466077,0.23708710443995532,0.3601017571813484,0.3024125004674745
2025-08-24T18:53:21.458000,0.0,0.018556099152192473,0.05961700691841543,33.547474175228444,389.12,49.6,0.5785618763636736,0.1727793514306029,0.017008474013224802,0.16318123684466077,0.23708710443995532,0.3601017571813484,0.3024125004674745
2025-08-24T18:53:52.181000,0.0,,0.3698306509759277,6.7598507408807516,389.12,49.8,0.5762435986934508,0.08857001751411886,-0.010659354089660747,0.20051626943152326,0.20801027014932644,0.26427156444945277,0.23642703025090875,0.19819229798743432,0.2161315218366133,0.1665303342938321
2025-08-24T18:53:53.181000,0.0,0.029833781998604536,0.09050676692277193,27.622244004508566,389.12,49.8,0.5762435986934508,0.08857001751411886,-0.010659354089660747,0.20051626943152326,0.20801027014932644,0.26427156444945277,0.23642703025090875,0.19819229798743432,0.2161315218366133,0.1665303342938321
2025-08-24T18:53:54.153000,0.0,0.04210975603200495,0.09413686604239047,29.21278469969079,389.12,49.8,0.5762435986934508,0.08857001751411886,-0.010659354089660747,0.20051626943152326,0.20801027014932644,0.26427156444945277,0.23642703025090875,0.19819229798743432,0.2161315218366133,0.1665303342938321
2025-08-24T18:53:55.172000,0.0,0.04143114713951945,0.06851936411112547,29.18882896747815,389.12,49.8,0.5762435986934508,0.08857001751411886,-0.010659354089660747,0.20051626943152326,0.20801027014932644,0.26427156444945277,0.23642703025090875,0.19819229798743432,0.2161315218366133,0.1665303342938321
2025-08-24T18:53:56.172000,0.0,0.027049347991123796,0.0687858818564564,29.07573394455685,389.12,49.8,0.5762435986934508,0.08857001751411886,-0.010659354089660747,0.20051626943152326,0.20801027014932644,0.26427156444945277,0.23642703025090875,0.19819229798743432,0.2161315218366133,0.1665303342938321
2025-08-24T18:53:57.173000,0.0,0.02721531013958156,0.06632113200612366,30.156300706920003,389.12,49.8,0.5762435986934508,0.08857001751411886,-0.010659354089660747,0.20051626943152326,0.20801027014932644,0.26427156444945277,0.23642703025090875,0.19819229798743432,0.2161315218366133,0.1665303342938321
2025-08-24T18:53:58.183000,0.0,0.02725621685385704,0.06610465212725103,34.03693881738854,389.12,49.8,0.5762435986934508,0.08857001751411886,-0.010659354089660747,0.20051626943152326,0.20801027014932644,0.26427156444945277,0.23642703025090875,0.19819229798743432,0.2161315218366133,0.1665303342938321
2025-08-24T18:53:59.183000,0.0,0.027230550069361925,0.06612213281914592,30.247058204705912,389.12,49.8,0.5762435986934508,0.08857001751411886,-0.010659354089660747,0.20051626943152326,0.20801027014932644,0.26427156444945277,0.23642703025090875,0.19819229798743432,0.2161315218366133,0.1665303342938321
2025-08-24T18:54:00.183000,0.0,0.02729736501350999,0.0716070388443768,31.421492025245023,389.12,49.8,0.5762435986934508,0.08857001751411886,-0.010659354089660747,0.20051626943152326,0.20801027014932644,0.26427156444945277,0.23642703025090875,0.19819229798743432,0.2161315218366133,0.1665303342938321
2025-08-24T18:54:01.153000,0.0,0.027068088063970208,0.07095563411712646,28.18662710699699,389.12,49.8,0.5762435986934508,0.08857001751411886,-0.010659354089660747,0.20051626943152326,0.20801027014932644,0.26427156444945277,0.23642703025090875,0.19819229798743432,0.2161315218366133,0.1665303342938321
2025-08-24T18:54:02.154000,0.0,0.02715932810679078,0.07185209402814507,31.31432744491277,389.12,49.8,0.5762435986934508,0.08857001751411886,-0.010659354089660747,0.20051626943152326,0.20801027014932644,0.26427156444945277,0.23642703025090875,0.19819229798743432,0.2161315218366133,0.1665303342938321
2025-08-24T18:54:03.153000,0.0,0.027600104920566082,0.07206318504177034,34.691777757962655,389.12,49.8,0.5762435986934508,0.08857001751411886,-0.010659354089660747,0.20051626943152326,0.20801027014932644,0.26427156444945277,0.23642703025090875,0.19819229798743432,0.2161315218366133,0.1665303342938321
2025-08-24T18:54:04.153000,0.0,0.02752967900596559,0.06815538508817554,29.344709848128243,389.12,49.8,0.5762435986934508,0.08857001751411886,-0.010659354089660747,0.20051626943152326,0.20801027014932644,0.26427156444945277,0.23642703025090875,0.19819229798743432,0.2161315218366133,0.1665303342938321
2025-08-24T18:54:05.174000,0.0,0.026234201854094863,0.06625183601863682,30.187842634843214,389.12,49.8,0.5762435986934508,0.08857001751411886,-0.010659354089660747,0.20051626943152326,0.20801027014932644,0.26427156444945277,0.23642703025090875,0.19819229798743432,0.2161315218366133,0.1665303342938321
2025-08-24T18:54:06.184000,0.0,0.027155032148584723,0.06647392781451344,30.08698396130117,389.12,49.8,0.5762435986934508,0.08857001751411886,-0.010659354089660747,0.20051626943152326,0.20801027014932644,0.26427156444945277,0.23642703025090875,0.19819229798743432,0.2161315218366133,0.1665303342938321
2025-08-24T18:54:07.183000,0.0,0.027135033160448074,0.06683574197813869,29.92410858031959,389.12,49.8,0.5762435986934508,0.08857001751411886,-0.010659354089660747,0.20051626943152326,0.20801027014932644,0.26427156444945277,0.23642703025090875,0.19819229798743432,0.2161315218366133,0.1665303342938321
2025-08-24T18:54:08.184000,0.0,0.02796871494501829,0.07108385604806244,31.65275668892649,389.12,49.8,0.5762435986934508,0.08857001751411886,-0.010659354089660747,0.20051626943152326,0.20801027014932644,0.26427156444945277,0.23642703025090875,0.19819229798743432,0.2161315218366133,0.1665303342938321
2025-08-24T18:54:09.153000,0.0,0.026972274063155055,0.0662273180205375,30.199018468176376,389.12,49.8,0.5762435986934508,0.08857001751411886,-0.010659354089660747,0.20051626943152326,0.20801027014932644,0.26427156444945277,0.23642703025090875,0.19819229798743432,0.2161315218366133,0.1665303342938321
2025-08-24T18:54:10.184000,0.0,0.027112588053569198,0.06688309297896922,33.64078872230817,389.12,49.8,0.5762435986934508,0.08857001751411886,-0.010659354089660747,0.20051626943152326,0.20801027014932644,0.26427156444945277,0.23642703025090875,0.19819229798743432,0.2161315218366133,0.1665303342938321
2025-08-24T18:54:11.183000,0.0,0.026976718101650476,0.06652837293222547,30.06236154365927,389.12,49.8,0.5762435986934508,0.08857001751411886,-0.010659354089660747,0.20051626943152326,0.20801027014932644,0.26427156444945277,0.23642703025090875,0.19819229798743432,0.2161315218366133,0.1665303342938321
2025-08-24T18:54:12.185000,0.0,0.026835884898900986,0.0663125030696392,30.16022480556446,389.12,49.8,0.5762435986934508,0.08857001751411886,-0.010659354089660747,0.20051626943152326,0.20801027014932644,0.26427156444945277,0.23642703025090875,0.19819229798743432,0.2161315218366133,0.1665303342938321
2025-08-24T18:54:13.185000,0.0,0.026924162870272994,0.08209346584044397,27.40778424890811,389.12,49.8,0.5762435986934508,0.08857001751411886,-0.010659354089660747,0.20051626943152326,0.20801027014932644,0.26427156444945277,0.23642703025090875,0.19819229798743432,0.2161315218366133,0.1665303342938321
2025-08-24T18:54:14.185000,0.0,0.04202627600170672,0.0758580060210079,26.36504839642334,389.12,49.8,0.5762435986934508,0.08857001751411886,-0.010659354089660747,0.20051626943152326,0.20801027014932644,0.26427156444945277,0.23642703025090875,0.19819229798743432,0.2161315218366133,0.1665303342938321
2025-08-24T18:54:15.185000,0.0,0.02596470294520259,0.0665382428560406,33.81514003710624,389.12,49.8,0.5762435986934508,0.08857001751411886,-0.010659354089660747,0.20051626943152326,0.20801027014932644,0.26427156444945277,0.23642703025090875,0.19819229798743432,0.2161315218366133,0.1665303342938321
2025-08-24T18:54:16.185000,0.0,0.02683290303684771,0.06616755900904536,30.226292611558996,389.12,49.8,0.5762435986934508,0.08857001751411886,-0.010659354089660747,0.20051626943152326,0.20801027014932644,0.26427156444945277,0.23642703025090875,0.19819229798743432,0.2161315218366133,0.1665303342938321
2025-08-24T18:54:17.184000,0.0,0.026319554075598717,0.07181700202636421,31.329628590929143,389.12,49.8,0.5762435986934508,0.08857001751411886,-0.010659354089660747,0.20051626943152326,0.20801027014932644,0.26427156444945277,0.23642703025090875,0.19819229798743432,0.2161315218366133,0.1665303342938321
2025-08-24T18:54:18.154000,0.0,0.027745974017307162,0.07222998212091625,27.68933261885503,389.12,49.8,0.5762435986934508,0.08857001751411886,-0.010659354089660747,0.20051626943152326,0.20801027014932644,0.26427156444945277,0.23642703025090875,0.19819229798743432,0.2161315218366133,0.1665303342938321
2025-08-24T18:54:19.155000,0.0,0.027764807920902967,0.07211616798304021,31.199661087498935,389.12,49.8,0.5762435986934508,0.08857001751411886,-0.010659354089660747,0.20051626943152326,0.20801027014932644,0.26427156444945277,0.23642703025090875,0.19819229798743432,0.2161315218366133,0.1665303342938321
2025-08-24T18:54:20.155000,0.0,0.027620345819741488,0.0731687389779836,34.16759718589982,389.12,49.8,0.5762435986934508,0.08857001751411886,-0.010659354089660747,0.20051626943152326,0.20801027014932644,0.26427156444945277,0.23642703025090875,0.19819229798743432,0.2161315218366133,0.1665303342938321
2025-08-24T18:54:21.154000,0.0,0.028772267047315836,0.0726891472004354,30.953726748172926,389.12,49.8,0.5762435986934508,0.08857001751411886,-0.010659354089660747,0.20051626943152326,0.20801027014932644,0.26427156444945277,0.23642703025090875,0.19819229798743432,0.2161315218366133,0.1665303342938321
2025-08-24T18:54:22.155000,0.0,0.028507268987596035,0.07163787307217717,31.407967650478096,389.12,49.8,0.5762435986934508,0.08857001751411886,-0.010659354089660747,0.20051626943152326,0.20801027014932644,0.26427156444945277,0.23642703025090875,0.19819229798743432,0.2161315218366133,0.1665303342938321
2025-08-24T18:54:23.156000,0.0,0.027072977041825652,0.07084409915842116,31.759878758124366,389.12,49.8,0.5762435986934508,0.08857001751411886,-0.010659354089660747,0.20051626943152326,0.20801027014932644,0.26427156444945277,0.23642703025090875,0.19819229798743432,0.2161315218366133,0.1665303342938321
2025-08-24T18:54:24.155000,0.0,0.027186864987015724,0.07196389092132449,31.265680207033824,389.12,49.8,0.5762435986934508,0.08857001751411886,-0.010659354089660747,0.20051626943152326,0.20801027014932644,0.26427156444945277,0.23642703025090875,0.19819229798743432,0.2161315218366133,0.1665303342938321
2025-08-24T18:54:25.155000,0.0,0.02773977187462151,0.07149002188816667,31.472923641284073,389.12,49.8,0.5762435986934508,0.08857001751411886,-0.010659354089660747,0.20051626943152326,0.20801027014932644,0.26427156444945277,0.23642703025090875,0.19819229798743432,0.2161315218366133,0.1665303342938321
2025-08-24T18:54:26.156000,0.0,0.027207012986764312,0.07267257384955883,30.96078590332817,389.12,49.8,0.5762435986934508,0.08857001751411886,-0.010659354089660747,0.20051626943152326,0.20801027014932644,0.26427156444945277,0.23642703025090875,0.19819229798743432,0.2161315218366133,0.1665303342938321
2025-08-24T18:54:27.156000,0.0,0.02824119501747191,0.0722357789054513,31.14799942761051,389.12,49.8,0.5762435986934508,0.08857001751411886,-0.010659354089660747,0.20051626943152326,0.20801027014932644,0.26427156444945277,0.23642703025090875,0.19819229798743432,0.2161315218366133,0.1665303342938321
2025-08-24T18:54:28.156000,0.0,0.028478454099968076,0.07149509596638381,31.470689976525396,389.12,49.8,0.5762435986934508,0.08857001751411886,-0.010659354089660747,0.20051626943152326,0.20801027014932644,0.26427156444945277,0.23642703025090875,0.19819229798743432,0.2161315218366133,0.1665303342938321
2025-08-24T18:54:29.155000,0.0,0.027315346989780664,0.07103893090970814,31.6727739450329,389.12,49.8,0.5762435986934508,0.08857001751411886,-0.010659354089660747,0.20051626943152326,0.20801027014932644,0.26427156444945277,0.23642703025090875,0.19819229798743432,0.2161315218366133,0.1665303342938321
2025-08-24T18:54:30.155000,0.0,0.02754041994921863,0.07891805190593004,28.51058719343435,389.12,49.8,0.5762435986934508,0.08857001751411886,-0.010659354089660747,0.20051626943152326,0.20801027014932644,0.26427156444945277,0.23642703025090875,0.19819229798743432,0.2161315218366133,0.1665303342938321
2025-08-24T18:54:31.166000,0.0,0.03505509695969522,0.09301657509058714,24.189237217224594,389.12,49.8,0.5762435986934508,0.08857001751411886,-0.010659354089660747,0.20051626943152326,0.20801027014932644,0.26427156444945277,0.23642703025090875,0.19819229798743432,0.2161315218366133,0.1665303342938321
2025-08-24T18:54:32.187000,0.0,0.04259858909063041,0.0840572000015527,29.741652112535938,389.12,49.8,0.5762435986934508,0.08857001751411886,-0.010659354089660747,0.20051626943152326,0.20801027014932644,0.26427156444945277,0.23642703025090875,0.19819229798743432,0.2161315218366133,0.1665303342938321
2025-08-24T18:54:33.186000,0.0,0.035248928936198354,0.07481495500542223,30.074201071656425,389.12,49.8,0.5762435986934508,0.08857001751411886,-0.010659354089660747,0.20051626943152326,0.20801027014932644,0.26427156444945277,0.23642703025090875,0.19819229798743432,0.2161315218366133,0.1665303342938321
2025-08-24T18:54:34.186000,0.0,0.03492957912385464,0.07917506899684668,31.575596102095155,389.12,49.8,0.5762435986934508,0.08857001751411886,-0.010659354089660747,0.20051626943152326,0.20801027014932644,0.26427156444945277,0.23642703025090875,0.19819229798743432,0.2161315218366133,0.1665303342938321
2025-08-24T18:54:35.165000,0.0,0.035516855074092746,0.07984773395583034,28.178633112426677,389.12,49.8,0.5762435986934508,0.08857001751411886,-0.010659354089660747,0.20051626943152326,0.20801027014932644,0.26427156444945277,0.23642703025090875,0.19819229798743432,0.2161315218366133,0.1665303342938321
2025-08-24T18:54:36.156000,0.0,0.035412854980677366,0.07476723310537636,26.749685884206276,389.12,49.8,0.5762435986934508,0.08857001751411886,-0.010659354089660747,0.20051626943152326,0.20801027014932644,0.26427156444945277,0.23642703025090875,0.19819229798743432,0.2161315218366133,0.1665303342938321
2025-08-24T18:54:37.187000,0.0,0.03489643195644021,0.07615974708460271,32.82573926122417,389.12,49.8,0.5762435986934508,0.08857001751411886,-0.010659354089660747,0.20051626943152326,0.20801027014932644,0.26427156444945277,0.23642703025090875,0.19819229798743432,0.2161315218366133,0.1665303342938321
2025-08-24T18:54:38.186000,0.0,0.03500761603936553,0.07911925506778061,28.43808372655235,389.12,49.8,0.5762435986934508,0.08857001751411886,-0.010659354089660747,0.20051626943152326,0.20801027014932644,0.26427156444945277,0.23642703025090875,0.19819229798743432,0.2161315218366133,0.1665303342938321
2025-08-24T18:54:39.157000,0.0,0.03518218896351755,0.07963321614079177,28.254541371555174,389.12,49.8,0.5762435986934508,0.08857001751411886,-0.010659354089660747,0.20051626943152326,0.20801027014932644,0.26427156444945277,0.23642703025090875,0.19819229798743432,0.2161315218366133,0.1665303342938321
2025-08-24T18:54:40.157000,0.0,0.03523411601781845,0.07120213494636118,31.600176057852654,389.12,49.8,0.5762435986934508,0.08857001751411886,-0.010659354089660747,0.20051626943152326,0.20801027014932644,0.26427156444945277,0.23642703025090875,0.19819229798743432,0.2161315218366133,0.1665303342938321
2025-08-24T18:54:41.167000,0.0,0.028366621118038893,0.06732914899475873,29.704816262503737,389.12,49.8,0.5762435986934508,0.08857001751411886,-0.010659354089660747,0.20051626943152326,0.20801027014932644,0.26427156444945277,0.23642703025090875,0.19819229798743432,0.2161315218366133,0.1665303342938321
2025-08-24T18:54:42.188000,0.0,0.027558197965845466,0.07004636200144887,32.12158255918354,389.12,49.8,0.5762435986934508,0.08857001751411886,-0.010659354089660747,0.20051626943152326,0.20801027014932644,0.26427156444945277,0.23642703025090875,0.19819229798743432,0.2161315218366133,0.1665303342938321
2025-08-24T18:54:43.177000,0.0,0.027834549080580473,0.07030732394196093,32.00235585495166,389.12,49.8,0.5762435986934508,0.08857001751411886,-0.010659354089660747,0.20051626943152326,0.20801027014932644,0.26427156444945277,0.23642703025090875,0.19819229798743432,0.2161315218366133,0.1665303342938321
2025-08-24T18:54:44.178000,0.0,0.028147788951173425,0.07834212901070714,28.72017940299383,389.12,49.8,0.5762435986934508,0.08857001751411886,-0.010659354089660747,0.20051626943152326,0.20801027014932644,0.26427156444945277,0.23642703025090875,0.19819229798743432,0.2161315218366133,0.1665303342938321
2025-08-24T18:55:16.713000,0.0,,0.3810761319473386,7.216405776838462,389.12,50.4,0.4576757603958744,0.1259668457399297,0.05897436199917464,0.1808612077641902,0.08804256508639734,0.2618103599267934,0.2146223898012913,0.25871961515267183,0.16123707493170206,0.14858909064615602,0.45381839012582115,0.13837848166423264,-0.02460701893528913
2025-08-24T18:55:17.713000,0.0,0.0380810690112412,0.07579499087296426,32.9837100210237,389.12,50.4,0.4576757603958744,0.1259668457399297,0.05897436199917464,0.1808612077641902,0.08804256508639734,0.2618103599267934,0.2146223898012913,0.25871961515267183,0.16123707493170206,0.14858909064615602,0.45381839012582115,0.13837848166423264,-0.02460701893528913
2025-08-24T18:55:18.714000,0.0,0.035351949045434594,0.07577023189514875,32.99448790732889,389.12,50.4,0.4576757603958744,0.1259668457399297,0.05897436199917464,0.1808612077641902,0.08804256508639734,0.2618103599267934,0.2146223898012913,0.25871961515267183,0.16123707493170206,0.14858909064615602,0.45381839012582115,0.13837848166423264,-0.02460701893528913
2025-08-24T18:55:19.715000,0.0,0.03483017301186919,0.0732466671615839,34.13124578740124,389.12,50.4,0.4576757603958744,0.1259668457399297,0.05897436199917464,0.1808612077641902,0.08804256508639734,0.2618103599267934,0.2146223898012913,0.25871961515267183,0.16123707493170206,0.14858909064615602,0.45381839012582115,0.13837848166423264,-0.02460701893528913
2025-08-24T18:55:20.726000,0.0,0.03477300703525543,0.0738292948808521,30.475707557970217,389.12,50.4,0.4576757603958744,0.1259668457399297,0.05897436199917464,0.1808612077641902,0.08804256508639734,0.2618103599267934,0.2146223898012913,0.25871961515267183,0.16123707493170206,0.14858909064615602,0.45381839012582115,0.13837848166423264,-0.02460701893528913
2025-08-24T18:55:21.725000,0.0,0.034581080777570605,0.07390283094719052,30.445383095104994,399.36,50.4,0.4576757603958744,0.1259668457399297,0.05897436199917464,0.1808612077641902,0.08804256508639734,0.2618103599267934,0.2146223898012913,0.25871961515267183,0.16123707493170206,0.14858909064615602,0.45381839012582115,0.13837848166423264,-0.02460701893528913
2025-08-24T18:55:22.723000,0.0,0.03427669405937195,0.0759887311141938,32.89961502637884,399.36,50.4,0.4576757603958744,0.1259668457399297,0.05897436199917464,0.1808612077641902,0.08804256508639734,0.2618103599267934,0.2146223898012913,0.25871961515267183,0.16123707493170206,0.14858909064615602,0.45381839012582115,0.13837848166423264,-0.02460701893528913
2025-08-24T18:55:23.714000,0.0,0.035199874779209495,0.07666815514676273,32.608062568015924,399.36,50.4,0.4576757603958744,0.1259668457399297,0.05897436199917464,0.1808612077641902,0.08804256508639734,0.2618103599267934,0.2146223898012913,0.25871961515267183,0.16123707493170206,0.14858909064615602,0.45381839012582115,0.13837848166423264,-0.02460701893528913
2025-08-24T18:55:24.714000,0.0,0.034821396227926016,0.07423653383739293,33.67614125783364,399.36,50.4,0.4576757603958744,0.1259668457399297,0.05897436199917464,0.1808612077641902,0.08804256508639734,0.2618103599267934,0.2146223898012913,0.25871961515267183,0.16123707493170206,0.14858909064615602,0.45381839012582115,0.13837848166423264,-0.02460701893528913
2025-08-24T18:55:25.725000,0.0,0.03444187785498798,0.07877998100593686,31.733950276169665,399.36,50.4,0.4576757603958744,0.1259668457399297,0.05897436199917464,0.1808612077641902,0.08804256508639734,0.2618103599267934,0.2146223898012913,0.25871961515267183,0.16123707493170206,0.14858909064615602,0.45381839012582115,0.13837848166423264,-0.02460701893528913
2025-08-24T18:55:26.694000,0.0,0.03473734110593796,0.07855537114664912,35.007154314963614,399.36,50.4,0.4576757603958744,0.1259668457399297,0.05897436199917464,0.1808612077641902,0.08804256508639734,0.2618103599267934,0.2146223898012913,0.25871961515267183,0.16123707493170206,0.14858909064615602,0.45381839012582115,0.13837848166423264,-0.02460701893528913
2025-08-24T18:55:27.693000,0.0,0.03469211794435978,0.07759522600099444,35.44032464013627,399.36,50.4,0.4576757603958744,0.1259668457399297,0.05897436199917464,0.1808612077641902,0.08804256508639734,0.2618103599267934,0.2146223898012913,0.25871961515267183,0.16123707493170206,0.14858909064615602,0.45381839012582115,0.13837848166423264,-0.02460701893528913
2025-08-24T18:55:28.695000,0.0,0.03461869200691581,0.08883376000449061,30.95669934336968,399.36,50.4,0.4576757603958744,0.1259668457399297,0.05897436199917464,0.1808612077641902,0.08804256508639734,0.2618103599267934,0.2146223898012913,0.25871961515267183,0.16123707493170206,0.14858909064615602,0.45381839012582115,0.13837848166423264,-0.02460701893528913
2025-08-24T18:55:29.709000,0.0,0.046223854878917336,0.09150110278278589,30.05428258638806,399.36,50.4,0.4576757603958744,0.1259668457399297,0.05897436199917464,0.1808612077641902,0.08804256508639734,0.2618103599267934,0.2146223898012913,0.25871961515267183,0.16123707493170206,0.14858909064615602,0.45381839012582115,0.13837848166423264,-0.02460701893528913
2025-08-24T18:55:30.704000,0.0,0.04516811785288155,0.08847509603947401,31.082192878016734,399.36,50.4,0.4576757603958744,0.1259668457399297,0.05897436199917464,0.1808612077641902,0.08804256508639734,0.2618103599267934,0.2146223898012913,0.25871961515267183,0.16123707493170206,0.14858909064615602,0.45381839012582115,0.13837848166423264,-0.02460701893528913
2025-08-24T18:55:31.704000,0.0,0.046244910918176174,0.08613923308439553,31.925057857267593,399.36,50.4,0.4576757603958744,0.1259668457399297,0.05897436199917464,0.1808612077641902,0.08804256508639734,0.2618103599267934,0.2146223898012913,0.25871961515267183,0.16123707493170206,0.14858909064615602,0.45381839012582115,0.13837848166423264,-0.02460701893528913
2025-08-24T18:55:32.716000,0.0,0.04543485795147717,0.08620901103131473,28.9992887065122,399.36,50.4,0.4576757603958744,0.1259668457399297,0.05897436199917464,0.1808612077641902,0.08804256508639734,0.2618103599267934,0.2146223898012913,0.25871961515267183,0.16123707493170206,0.14858909064615602,0.45381839012582115,0.13837848166423264,-0.02460701893528913
2025-08-24T18:55:33.715000,0.0,0.04563924693502486,0.08748237695544958,28.577184194173377,399.36,50.4,0.4576757603958744,0.1259668457399297,0.05897436199917464,0.1808612077641902,0.08804256508639734,0.2618103599267934,0.2146223898012913,0.25871961515267183,0.16123707493170206,0.14858909064615602,0.45381839012582115,0.13837848166423264,-0.02460701893528913
2025-08-24T18:55:34.715000,0.0,0.04585692984983325,0.08654945413582027,28.88521972740391,399.36,50.4,0.4576757603958744,0.1259668457399297,0.05897436199917464,0.1808612077641902,0.08804256508639734,0.2618103599267934,0.2146223898012913,0.25871961515267183,0.16123707493170206,0.14858909064615602,0.45381839012582115,0.13837848166423264,-0.02460701893528913
2025-08-24T18:55:35.715000,0.0,0.04583041206933558,0.08699339698068798,28.737813291220494,399.36,50.4,0.4576757603958744,0.1259668457399297,0.05897436199917464,0.1808612077641902,0.08804256508639734,0.2618103599267934,0.2146223898012913,0.25871961515267183,0.16123707493170206,0.14858909064615602,0.45381839012582115,0.13837848166423264,-0.02460701893528913
2025-08-24T18:55:36.715000,0.0,0.04578409809619188,0.08739361795596778,28.60620784986417,399.36,50.4,0.4576757603958744,0.1259668457399297,0.05897436199917464,0.1808612077641902,0.08804256508639734,0.2618103599267934,0.2146223898012913,0.25871961515267183,0.16123707493170206,0.14858909064615602,0.45381839012582115,0.13837848166423264,-0.02460701893528913
2025-08-24T18:55:37.714000,0.0,0.045463025104254484,0.08567788288928568,29.179059002082614,399.36,50.4,0.4576757603958744,0.1259668457399297,0.05897436199917464,0.1808612077641902,0.08804256508639734,0.2618103599267934,0.2146223898012913,0.25871961515267183,0.16123707493170206,0.14858909064615602,0.45381839012582115,0.13837848166423264,-0.02460701893528913
2025-08-24T18:55:38.715000,0.0,0.04394710389897227,0.07727983896620572,32.349963890235784,399.36,50.4,0.4576757603958744,0.1259668457399297,0.05897436199917464,0.1808612077641902,0.08804256508639734,0.2618103599267934,0.2146223898012913,0.25871961515267183,0.16123707493170206,0.14858909064615602,0.45381839012582115,0.13837848166423264,-0.02460701893528913
2025-08-24T18:55:39.705000,0.0,0.03423349093645811,0.09037747816182673,30.42793465730403,399.36,50.4,0.4576757603958744,0.1259668457399297,0.05897436199917464,0.1808612077641902,0.08804256508639734,0.2618103599267934,0.2146223898012913,0.25871961515267183,0.16123707493170206,0.14858909064615602,0.45381839012582115,0.13837848166423264,-0.02460701893528913
2025-08-24T18:55:40.704000,0.0,0.04739274107851088,0.07615221315063536,36.11188547547869,399.36,50.4,0.4576757603958744,0.1259668457399297,0.05897436199917464,0.1808612077641902,0.08804256508639734,0.2618103599267934,0.2146223898012913,0.25871961515267183,0.16123707493170206,0.14858909064615602,0.45381839012582115,0.13837848166423264,-0.02460701893528913
2025-08-24T18:55:41.715000,0.0,0.03491398808546364,0.07671871106140316,32.58657458412033,399.36,50.4,0.4576757603958744,0.1259668457399297,0.05897436199917464,0.1808612077641902,0.08804256508639734,0.2618103599267934,0.2146223898012913,0.25871961515267183,0.16123707493170206,0.14858909064615602,0.45381839012582115,0.13837848166423264,-0.02460701893528913
2025-08-24T18:55:42.716000,0.0,0.035364486975595355,0.07675150712020695,32.57265028144107,399.36,50.4,0.4576757603958744,0.1259668457399297,0.05897436199917464,0.1808612077641902,0.08804256508639734,0.2618103599267934,0.2146223898012913,0.25871961515267183,0.16123707493170206,0.14858909064615602,0.45381839012582115,0.13837848166423264,-0.02460701893528913
2025-08-24T18:55:43.715000,0.0,0.0349834319204092,0.0782977610360831,28.736453893784986,399.36,50.4,0.4576757603958744,0.1259668457399297,0.05897436199917464,0.1808612077641902,0.08804256508639734,0.2618103599267934,0.2146223898012913,0.25871961515267183,0.16123707493170206,0.14858909064615602,0.45381839012582115,0.13837848166423264,-0.02460701893528913
2025-08-24T18:55:44.706000,0.0,0.03507146914489567,0.07765391189604998,32.194128266797065,399.36,50.4,0.4576757603958744,0.1259668457399297,0.05897436199917464,0.1808612077641902,0.08804256508639734,0.2618103599267934,0.2146223898012913,0.25871961515267183,0.16123707493170206,0.14858909064615602,0.45381839012582115,0.13837848166423264,-0.02460701893528913
2025-08-24T18:55:45.705000,0.0,0.03459161915816367,0.0768957668915391,32.51154258629434,399.36,50.4,0.4576757603958744,0.1259668457399297,0.05897436199917464,0.1808612077641902,0.08804256508639734,0.2618103599267934,0.2146223898012913,0.25871961515267183,0.16123707493170206,0.14858909064615602,0.45381839012582115,0.13837848166423264,-0.02460701893528913
2025-08-24T18:55:46.716000,0.0,0.03474826621823013,0.07732308004051447,32.331872950354885,399.36,50.4,0.4576757603958744,0.1259668457399297,0.05897436199917464,0.1808612077641902,0.08804256508639734,0.2618103599267934,0.2146223898012913,0.25871961515267183,0.16123707493170206,0.14858909064615602,0.45381839012582115,0.13837848166423264,-0.02460701893528913
2025-08-24T18:55:47.710000,0.0,0.03537033777683973,0.07554180780425668,33.09425697724797,399.36,50.4,0.4576757603958744,0.1259668457399297,0.05897436199917464,0.1808612077641902,0.08804256508639734,0.2618103599267934,0.2146223898012913,0.25871961515267183,0.16123707493170206,0.14858909064615602,0.45381839012582115,0.13837848166423264,-0.02460701893528913
2025-08-24T18:55:48.711000,0.0,0.03476228495128453,0.07487145811319351,30.051505028770258,399.36,50.4,0.4576757603958744,0.1259668457399297,0.05897436199917464,0.1808612077641902,0.08804256508639734,0.2618103599267934,0.2146223898012913,0.25871961515267183,0.16123707493170206,0.14858909064615602,0.45381839012582115,0.13837848166423264,-0.02460701893528913
2025-08-24T18:55:49.722000,0.0,0.0347707481123507,0.07480699615553021,33.4193341328974,399.36,50.4,0.4576757603958744,0.1259668457399297,0.05897436199917464,0.1808612077641902,0.08804256508639734,0.2618103599267934,0.2146223898012913,0.25871961515267183,0.16123707493170206,0.14858909064615602,0.45381839012582115,0.13837848166423264,-0.02460701893528913
2025-08-24T18:55:50.723000,0.0,0.0339893801137805,0.07409148011356592,33.742071236368844,399.36,50.4,0.4576757603958744,0.1259668457399297,0.05897436199917464,0.1808612077641902,0.08804256508639734,0.2618103599267934,0.2146223898012913,0.25871961515267183,0.16123707493170206,0.14858909064615602,0.45381839012582115,0.13837848166423264,-0.02460701893528913
2025-08-24T18:55:51.721000,0.0,0.034040768863633275,0.0758535850327462,32.95823129415411,399.36,50.4,0.4576757603958744,0.1259668457399297,0.05897436199917464,0.1808612077641902,0.08804256508639734,0.2618103599267934,0.2146223898012913,0.25871961515267183,0.16123707493170206,0.14858909064615602,0.45381839012582115,0.13837848166423264,-0.02460701893528913
2025-08-24T18:55:52.722000,0.0,0.034346934873610735,0.07724174694158137,32.365917382614455,399.36,50.4,0.4576757603958744,0.1259668457399297,0.05897436199917464,0.1808612077641902,0.08804256508639734,0.2618103599267934,0.2146223898012913,0.25871961515267183,0.16123707493170206,0.14858909064615602,0.45381839012582115,0.13837848166423264,-0.02460701893528913
2025-08-24T18:55:53.711000,0.0,0.03564078197814524,0.07774178287945688,35.37351342024172,389.12,50.4,0.4576757603958744,0.1259668457399297,0.05897436199917464,0.1808612077641902,0.08804256508639734,0.2618103599267934,0.2146223898012913,0.25871961515267183,0.16123707493170206,0.14858909064615602,0.45381839012582115,0.13837848166423264,-0.02460701893528913
2025-08-24T18:55:54.702000,0.0,0.03452391503378749,0.07694674795493484,32.49000206563899,389.12,50.4,0.4576757603958744,0.1259668457399297,0.05897436199917464,0.1808612077641902,0.08804256508639734,0.2618103599267934,0.2146223898012913,0.25871961515267183,0.16123707493170206,0.14858909064615602,0.45381839012582115,0.13837848166423264,-0.02460701893528913
2025-08-24T18:55:55.702000,0.0,0.03447950887493789,0.07912062900140882,31.597322108693447,389.12,50.4,0.4576757603958744,0.1259668457399297,0.05897436199917464,0.1808612077641902,0.08804256508639734,0.2618103599267934,0.2146223898012913,0.25871961515267183,0.16123707493170206,0.14858909064615602,0.45381839012582115,0.13837848166423264,-0.02460701893528913
2025-08-24T18:55:56.692000,0.0,0.034715211018919945,0.07908942620269954,34.770766865244,399.36,50.5,0.4576757603958744,0.1259668457399297,0.05897436199917464,0.1808612077641902,0.08804256508639734,0.2618103599267934,0.2146223898012913,0.25871961515267183,0.16123707493170206,0.14858909064615602,0.45381839012582115,0.13837848166423264,-0.02460701893528913
2025-08-24T18:55:57.702000,0.0,0.03437428595498204,0.07915074098855257,34.74383139884582,399.36,50.5,0.4576757603958744,0.1259668457399297,0.05897436199917464,0.1808612077641902,0.08804256508639734,0.2618103599267934,0.2146223898012913,0.25871961515267183,0.16123707493170206,0.14858909064615602,0.45381839012582115,0.13837848166423264,-0.02460701893528913
2025-08-24T18:55:58.692000,0.0,0.03521098685450852,0.08037951402366161,31.102452289821166,399.36,50.5,0.4576757603958744,0.1259668457399297,0.05897436199917464,0.1808612077641902,0.08804256508639734,0.2618103599267934,0.2146223898012913,0.25871961515267183,0.16123707493170206,0.14858909064615602,0.45381839012582115,0.13837848166423264,-0.02460701893528913
2025-08-24T18:55:59.691000,0.0,0.03549604187719524,0.09780550794675946,30.673119162502367,399.36,50.5,0.4576757603958744,0.1259668457399297,0.05897436199917464,0.1808612077641902,0.08804256508639734,0.2618103599267934,0.2146223898012913,0.25871961515267183,0.16123707493170206,0.14858909064615602,0.45381839012582115,0.13837848166423264,-0.02460701893528913
2025-08-24T18:56:00.693000,0.0,0.05394981103017926,0.1006308498326689,32.29625910348709,399.36,50.5,0.4576757603958744,0.1259668457399297,0.05897436199917464,0.1808612077641902,0.08804256508639734,0.2618103599267934,0.2146223898012913,0.25871961515267183,0.16123707493170206,0.14858909064615602,0.45381839012582115,0.13837848166423264,-0.02460701893528913
2025-08-24T18:56:01.692000,0.0,0.04551441385410726,0.079239018028602,31.550113343121428,399.36,50.4,0.4576757603958744,0.1259668457399297,0.05897436199917464,0.1808612077641902,0.08804256508639734,0.2618103599267934,0.2146223898012913,0.25871961515267183,0.16123707493170206,0.14858909064615602,0.45381839012582115,0.13837848166423264,-0.02460701893528913
2025-08-24T18:56:02.693000,0.0,0.0347449341788888,0.07546116085723042,33.129625513313385,399.36,50.4,0.4576757603958744,0.1259668457399297,0.05897436199917464,0.1808612077641902,0.08804256508639734,0.2618103599267934,0.2146223898012913,0.25871961515267183,0.16123707493170206,0.14858909064615602,0.45381839012582115,0.13837848166423264,-0.02460701893528913
2025-08-24T18:56:03.725000,0.0,0.03526602382771671,0.0764840638730675,32.68654767284505,399.36,50.4,0.4576757603958744,0.1259668457399297,0.05897436199917464,0.1808612077641902,0.08804256508639734,0.2618103599267934,0.2146223898012913,0.25871961515267183,0.16123707493170206,0.14858909064615602,0.45381839012582115,0.13837848166423264,-0.02460701893528913
2025-08-24T18:56:04.724000,0.0,0.03577070799656212,0.0751987169496715,33.24524807614909,399.36,50.4,0.4576757603958744,0.1259668457399297,0.05897436199917464,0.1808612077641902,0.08804256508639734,0.2618103599267934,0.2146223898012913,0.25871961515267183,0.16123707493170206,0.14858909064615602,0.45381839012582115,0.13837848166423264,-0.02460701893528913
2025-08-24T18:56:05.724000,0.0,0.035769151989370584,0.07441407209262252,33.59579619414214,399.36,50.4,0.4576757603958744,0.1259668457399297,0.05897436199917464,0.1808612077641902,0.08804256508639734,0.2618103599267934,0.2146223898012913,0.25871961515267183,0.16123707493170206,0.14858909064615602,0.45381839012582115,0.13837848166423264,-0.02460701893528913
2025-08-24T18:56:06.724000,0.0,0.034653859911486506,0.07935170293785632,34.65584099882162,399.36,50.4,0.4576757603958744,0.1259668457399297,0.05897436199917464,0.1808612077641902,0.08804256508639734,0.2618103599267934,0.2146223898012913,0.25871961515267183,0.16123707493170206,0.14858909064615602,0.45381839012582115,0.13837848166423264,-0.02460701893528913
2025-08-24T18:56:07.693000,0.0,0.03476189589127898,0.07940577692352235,31.48385541782127,399.36,50.4,0.4576757603958744,0.1259668457399297,0.05897436199917464,0.1808612077641902,0.08804256508639734,0.2618103599267934,0.2146223898012913,0.25871961515267183,0.16123707493170206,0.14858909064615602,0.45381839012582115,0.13837848166423264,-0.02460701893528913
2025-08-24T18:56:08.692000,0.0,0.03527920902706683,0.07576338201761246,32.997470986958696,399.36,50.4,0.4576757603958744,0.1259668457399297,0.05897436199917464,0.1808612077641902,0.08804256508639734,0.2618103599267934,0.2146223898012913,0.25871961515267183,0.16123707493170206,0.14858909064615602,0.45381839012582115,0.13837848166423264,-0.02460701893528913
2025-08-24T18:56:43.407000,0.0,,0.4010205641388893,7.4809131208568305,399.36,50.8,0.4951933719077827,0.2285350427072519,-0.02032939569537436,0.1316569499271165,0.24735281596387498,0.2644991432076314,0.2343018511372484,0.21159291862276025,0.17791686030129247,0.1918979473063744,0.40746271822720614,0.0889169577865153,-0.025058298581600823,-0.08994466716418655,-0.008541542607000437,-0.015462352237800759
2025-08-24T18:56:44.407000,0.0,0.059888938907533884,0.10057239001616836,32.31503198320627,399.36,50.8,0.4951933719077827,0.2285350427072519,-0.02032939569537436,0.1316569499271165,0.24735281596387498,0.2644991432076314,0.2343018511372484,0.21159291862276025,0.17791686030129247,0.1918979473063744,0.40746271822720614,0.0889169577865153,-0.025058298581600823,-0.08994466716418655,-0.008541542607000437,-0.015462352237800759
2025-08-24T18:56:45.377000,0.0,0.05555339902639389,0.09986198507249355,32.54491684338819,399.36,50.8,0.4951933719077827,0.2285350427072519,-0.02032939569537436,0.1316569499271165,0.24735281596387498,0.2644991432076314,0.2343018511372484,0.21159291862276025,0.17791686030129247,0.1918979473063744,0.40746271822720614,0.0889169577865153,-0.025058298581600823,-0.08994466716418655,-0.008541542607000437,-0.015462352237800759
2025-08-24T18:56:46.386000,0.0,0.05556082515977323,0.09907502494752407,30.280083215613622,399.36,50.8,0.4951933719077827,0.2285350427072519,-0.02032939569537436,0.1316569499271165,0.24735281596387498,0.2644991432076314,0.2343018511372484,0.21159291862276025,0.17791686030129247,0.1918979473063744,0.40746271822720614,0.0889169577865153,-0.025058298581600823,-0.08994466716418655,-0.008541542607000437,-0.015462352237800759
2025-08-24T18:56:47.382000,0.0,0.05488155013881624,0.08608525502495468,34.84917363757975,399.36,50.8,0.4951933719077827,0.2285350427072519,-0.02032939569537436,0.1316569499271165,0.24735281596387498,0.2644991432076314,0.2343018511372484,0.21159291862276025,0.17791686030129247,0.1918979473063744,0.40746271822720614,0.0889169577865153,-0.025058298581600823,-0.08994466716418655,-0.008541542607000437,-0.015462352237800759
2025-08-24T18:56:48.382000,0.0,0.04229137091897428,0.08582118293270469,32.04337094906276,399.36,50.8,0.4951933719077827,0.2285350427072519,-0.02032939569537436,0.1316569499271165,0.24735281596387498,0.2644991432076314,0.2343018511372484,0.21159291862276025,0.17791686030129247,0.1918979473063744,0.40746271822720614,0.0889169577865153,-0.025058298581600823,-0.08994466716418655,-0.008541542607000437,-0.015462352237800759
2025-08-24T18:56:49.382000,0.0,0.04183100210502744,0.08620553300715983,34.800550444375936,399.36,50.8,0.4951933719077827,0.2285350427072519,-0.02032939569537436,0.1316569499271165,0.24735281596387498,0.2644991432076314,0.2343018511372484,0.21159291862276025,0.17791686030129247,0.1918979473063744,0.40746271822720614,0.0889169577865153,-0.025058298581600823,-0.08994466716418655,-0.008541542607000437,-0.015462352237800759
2025-08-24T18:56:50.382000,0.0,0.042731296038255095,0.08573849801905453,32.07427309245457,399.36,50.9,0.4951933719077827,0.2285350427072519,-0.02032939569537436,0.1316569499271165,0.24735281596387498,0.2644991432076314,0.2343018511372484,0.21159291862276025,0.17791686030129247,0.1918979473063744,0.40746271822720614,0.0889169577865153,-0.025058298581600823,-0.08994466716418655,-0.008541542607000437,-0.015462352237800759
2025-08-24T18:56:51.382000,0.0,0.041960556991398335,0.08624021802097559,34.78655398656757,399.36,50.9,0.4951933719077827,0.2285350427072519,-0.02032939569537436,0.1316569499271165,0.24735281596387498,0.2644991432076314,0.2343018511372484,0.21159291862276025,0.17791686030129247,0.1918979473063744,0.40746271822720614,0.0889169577865153,-0.025058298581600823,-0.08994466716418655,-0.008541542607000437,-0.015462352237800759
2025-08-24T18:56:52.382000,0.0,0.042372351977974176,0.08656249498017132,31.768954910899023,399.36,50.9,0.4951933719077827,0.2285350427072519,-0.02032939569537436,0.1316569499271165,0.24735281596387498,0.2644991432076314,0.2343018511372484,0.21159291862276025,0.17791686030129247,0.1918979473063744,0.40746271822720614,0.0889169577865153,-0.025058298581600823,-0.08994466716418655,-0.008541542607000437,-0.015462352237800759
2025-08-24T18:56:53.382000,0.0,0.04289936902932823,0.08576207212172449,34.98049808943564,399.36,50.9,0.4951933719077827,0.2285350427072519,-0.02032939569537436,0.1316569499271165,0.24735281596387498,0.2644991432076314,0.2343018511372484,0.21159291862276025,0.17791686030129247,0.1918979473063744,0.40746271822720614,0.0889169577865153,-0.025058298581600823,-0.08994466716418655,-0.008541542607000437,-0.015462352237800759
2025-08-24T18:56:54.383000,0.0,0.04184092883951962,0.08599757100455463,31.977647366974864,399.36,50.9,0.4951933719077827,0.2285350427072519,-0.02032939569537436,0.1316569499271165,0.24735281596387498,0.2644991432076314,0.2343018511372484,0.21159291862276025,0.17791686030129247,0.1918979473063744,0.40746271822720614,0.0889169577865153,-0.025058298581600823,-0.08994466716418655,-0.008541542607000437,-0.015462352237800759
2025-08-24T18:56:55.383000,0.0,0.04219253803603351,0.08685060497373343,34.54207372426804,399.36,50.9,0.4951933719077827,0.2285350427072519,-0.02032939569537436,0.1316569499271165,0.24735281596387498,0.2644991432076314,0.2343018511372484,0.21159291862276025,0.17791686030129247,0.1918979473063744,0.40746271822720614,0.0889169577865153,-0.025058298581600823,-0.08994466716418655,-0.008541542607000437,-0.015462352237800759
2025-08-24T18:56:56.381000,0.0,0.042746443999931216,0.08613842213526368,34.827663725823335,399.36,50.9,0.4951933719077827,0.2285350427072519,-0.02032939569537436,0.1316569499271165,0.24735281596387498,0.2644991432076314,0.2343018511372484,0.21159291862276025,0.17791686030129247,0.1918979473063744,0.40746271822720614,0.0889169577865153,-0.025058298581600823,-0.08994466716418655,-0.008541542607000437,-0.015462352237800759
2025-08-24T18:56:57.382000,0.0,0.04226350109092891,0.08640077407471836,34.72191114174117,399.36,50.9,0.4951933719077827,0.2285350427072519,-0.02032939569537436,0.1316569499271165,0.24735281596387498,0.2644991432076314,0.2343018511372484,0.21159291862276025,0.17791686030129247,0.1918979473063744,0.40746271822720614,0.0889169577865153,-0.025058298581600823,-0.08994466716418655,-0.008541542607000437,-0.015462352237800759
2025-08-24T18:56:58.383000,0.0,0.042261130874976516,0.0865167728625238,34.675357167644435,399.36,50.9,0.4951933719077827,0.2285350427072519,-0.02032939569537436,0.1316569499271165,0.24735281596387498,0.2644991432076314,0.2343018511372484,0.21159291862276025,0.17791686030129247,0.1918979473063744,0.40746271822720614,0.0889169577865153,-0.025058298581600823,-0.08994466716418655,-0.008541542607000437,-0.015462352237800759
2025-08-24T18:56:59.393000,0.0,0.0437656631693244,0.08720234502106905,34.402744550907975,399.36,50.9,0.4951933719077827,0.2285350427072519,-0.02032939569537436,0.1316569499271165,0.24735281596387498,0.2644991432076314,0.2343018511372484,0.21159291862276025,0.17791686030129247,0.1918979473063744,0.40746271822720614,0.0889169577865153,-0.025058298581600823,-0.08994466716418655,-0.008541542607000437,-0.015462352237800759
2025-08-24T18:57:00.393000,0.0,0.045334044843912125,0.09041353804059327,33.18087163731012,399.36,50.9,0.4951933719077827,0.2285350427072519,-0.02032939569537436,0.1316569499271165,0.24735281596387498,0.2644991432076314,0.2343018511372484,0.21159291862276025,0.17791686030129247,0.1918979473063744,0.40746271822720614,0.0889169577865153,-0.025058298581600823,-0.08994466716418655,-0.008541542607000437,-0.015462352237800759
2025-08-24T18:57:01.393000,0.0,0.04891151608899236,0.08427792997099459,32.630132241578316,399.36,50.9,0.4951933719077827,0.2285350427072519,-0.02032939569537436,0.1316569499271165,0.24735281596387498,0.2644991432076314,0.2343018511372484,0.21159291862276025,0.17791686030129247,0.1918979473063744,0.40746271822720614,0.0889169577865153,-0.025058298581600823,-0.08994466716418655,-0.008541542607000437,-0.015462352237800759
2025-08-24T18:57:02.394000,0.0,0.041745095048099756,0.08521285210736096,32.27212717320175,399.36,50.9,0.4951933719077827,0.2285350427072519,-0.02032939569537436,0.1316569499271165,0.24735281596387498,0.2644991432076314,0.2343018511372484,0.21159291862276025,0.17791686030129247,0.1918979473063744,0.40746271822720614,0.0889169577865153,-0.025058298581600823,-0.08994466716418655,-0.008541542607000437,-0.015462352237800759
2025-08-24T18:57:03.393000,0.0,0.04243100085295737,0.08574720192700624,32.071017341661715,399.36,50.9,0.4951933719077827,0.2285350427072519,-0.02032939569537436,0.1316569499271165,0.24735281596387498,0.2644991432076314,0.2343018511372484,0.21159291862276025,0.17791686030129247,0.1918979473063744,0.40746271822720614,0.0889169577865153,-0.025058298581600823,-0.08994466716418655,-0.008541542607000437,-0.015462352237800759
2025-08-24T18:57:04.395000,0.0,0.042371777817606926,0.08546512806788087,32.17686630991522,399.36,50.8,0.4951933719077827,0.2285350427072519,-0.02032939569537436,0.1316569499271165,0.24735281596387498,0.2644991432076314,0.2343018511372484,0.21159291862276025,0.17791686030129247,0.1918979473063744,0.40746271822720614,0.0889169577865153,-0.025058298581600823,-0.08994466716418655,-0.008541542607000437,-0.015462352237800759
2025-08-24T18:57:05.393000,0.0,0.04263733304105699,0.0856684420723468,32.100502045754695,399.36,50.8,0.4951933719077827,0.2285350427072519,-0.02032939569537436,0.1316569499271165,0.24735281596387498,0.2644991432076314,0.2343018511372484,0.21159291862276025,0.17791686030129247,0.1918979473063744,0.40746271822720614,0.0889169577865153,-0.025058298581600823,-0.08994466716418655,-0.008541542607000437,-0.015462352237800759
2025-08-24T18:57:06.393000,0.0,0.04270829609595239,0.08480844600126147,32.42601568196499,399.36,50.8,0.4951933719077827,0.2285350427072519,-0.02032939569537436,0.1316569499271165,0.24735281596387498,0.2644991432076314,0.2343018511372484,0.21159291862276025,0.17791686030129247,0.1918979473063744,0.40746271822720614,0.0889169577865153,-0.025058298581600823,-0.08994466716418655,-0.008541542607000437,-0.015462352237800759
2025-08-24T18:57:07.394000,0.0,0.04223351995460689,0.08630184782668948,34.76171224079177,399.36,50.8,0.4951933719077827,0.2285350427072519,-0.02032939569537436,0.1316569499271165,0.24735281596387498,0.2644991432076314,0.2343018511372484,0.21159291862276025,0.17791686030129247,0.1918979473063744,0.40746271822720614,0.0889169577865153,-0.025058298581600823,-0.08994466716418655,-0.008541542607000437,-0.015462352237800759
2025-08-24T18:57:08.383000,0.0,0.04241224192082882,0.08605322008952498,34.86214690024321,399.36,50.8,0.4951933719077827,0.2285350427072519,-0.02032939569537436,0.1316569499271165,0.24735281596387498,0.2644991432076314,0.2343018511372484,0.21159291862276025,0.17791686030129247,0.1918979473063744,0.40746271822720614,0.0889169577865153,-0.025058298581600823,-0.08994466716418655,-0.008541542607000437,-0.015462352237800759
2025-08-24T18:57:09.384000,0.0,0.04325114609673619,0.08691442012786865,31.640319246843845,399.36,50.8,0.4951933719077827,0.2285350427072519,-0.02032939569537436,0.1316569499271165,0.24735281596387498,0.2644991432076314,0.2343018511372484,0.21159291862276025,0.17791686030129247,0.1918979473063744,0.40746271822720614,0.0889169577865153,-0.025058298581600823,-0.08994466716418655,-0.008541542607000437,-0.015462352237800759
2025-08-24T18:57:10.384000,0.0,0.04281073994934559,0.08689275407232344,34.5253183884924,399.36,50.8,0.4951933719077827,0.2285350427072519,-0.02032939569537436,0.1316569499271165,0.24735281596387498,0.2644991432076314,0.2343018511372484,0.21159291862276025,0.17791686030129247,0.1918979473063744,0.40746271822720614,0.0889169577865153,-0.025058298581600823,-0.08994466716418655,-0.008541542607000437,-0.015462352237800759
2025-08-24T18:57:11.385000,0.0,0.0430916091427207,0.08720606798306108,34.401275844505975,399.36,50.8,0.4951933719077827,0.2285350427072519,-0.02032939569537436,0.1316569499271165,0.24735281596387498,0.2644991432076314,0.2343018511372484,0.21159291862276025,0.17791686030129247,0.1918979473063744,0.40746271822720614,0.0889169577865153,-0.025058298581600823,-0.08994466716418655,-0.008541542607000437,-0.015462352237800759
2025-08-24T18:57:12.384000,0.0,0.043263682862743735,0.08595201605930924,34.903195265715965,399.36,50.9,0.4951933719077827,0.2285350427072519,-0.02032939569537436,0.1316569499271165,0.24735281596387498,0.2644991432076314,0.2343018511372484,0.21159291862276025,0.17791686030129247,0.1918979473063744,0.40746271822720614,0.0889169577865153,-0.025058298581600823,-0.08994466716418655,-0.008541542607000437,-0.015462352237800759
2025-08-24T18:57:13.383000,0.0,0.0420233360491693,0.08562261005863547,32.117684781119735,399.36,50.9,0.4951933719077827,0.2285350427072519,-0.02032939569537436,0.1316569499271165,0.24735281596387498,0.2644991432076314,0.2343018511372484,0.21159291862276025,0.17791686030129247,0.1918979473063744,0.40746271822720614,0.0889169577865153,-0.025058298581600823,-0.08994466716418655,-0.008541542607000437,-0.015462352237800759
2025-08-24T18:57:14.396000,0.0,0.043096869019791484,0.08322046999819577,36.04882308481393,399.36,50.9,0.4951933719077827,0.2285350427072519,-0.02032939569537436,0.1316569499271165,0.24735281596387498,0.2644991432076314,0.2343018511372484,0.21159291862276025,0.17791686030129247,0.1918979473063744,0.40746271822720614,0.0889169577865153,-0.025058298581600823,-0.08994466716418655,-0.008541542607000437,-0.015462352237800759
2025-08-24T18:57:15.405000,0.0,0.04268342605791986,0.08405255991965532,32.71762338504232,399.36,50.9,0.4951933719077827,0.2285350427072519,-0.02032939569537436,0.1316569499271165,0.24735281596387498,0.2644991432076314,0.2343018511372484,0.21159291862276025,0.17791686030129247,0.1918979473063744,0.40746271822720614,0.0889169577865153,-0.025058298581600823,-0.08994466716418655,-0.008541542607000437,-0.015462352237800759
2025-08-24T18:57:16.405000,0.0,0.04342034878209233,0.08288750797510147,30.16136039161666,399.36,50.9,0.4951933719077827,0.2285350427072519,-0.02032939569537436,0.1316569499271165,0.24735281596387498,0.2644991432076314,0.2343018511372484,0.21159291862276025,0.17791686030129247,0.1918979473063744,0.40746271822720614,0.0889169577865153,-0.025058298581600823,-0.08994466716418655,-0.008541542607000437,-0.015462352237800759
2025-08-24T18:57:17.414000,0.0,0.04439064208418131,0.08182612294331193,33.607849193895575,399.36,50.9,0.4951933719077827,0.2285350427072519,-0.02032939569537436,0.1316569499271165,0.24735281596387498,0.2644991432076314,0.2343018511372484,0.21159291862276025,0.17791686030129247,0.1918979473063744,0.40746271822720614,0.0889169577865153,-0.025058298581600823,-0.08994466716418655,-0.008541542607000437,-0.015462352237800759
2025-08-24T18:57:18.416000,0.0,0.04299399885348976,0.08185649383813143,36.649505241849575,399.36,50.9,0.4951933719077827,0.2285350427072519,-0.02032939569537436,0.1316569499271165,0.24735281596387498,0.2644991432076314,0.2343018511372484,0.21159291862276025,0.17791686030129247,0.1918979473063744,0.40746271822720614,0.0889169577865153,-0.025058298581600823,-0.08994466716418655,-0.008541542607000437,-0.015462352237800759
2025-08-24T18:57:19.416000,0.0,0.04295357293449342,0.08678662497550249,34.56753849855038,399.36,50.9,0.4951933719077827,0.2285350427072519,-0.02032939569537436,0.1316569499271165,0.24735281596387498,0.2644991432076314,0.2343018511372484,0.21159291862276025,0.17791686030129247,0.1918979473063744,0.40746271822720614,0.0889169577865153,-0.025058298581600823,-0.08994466716418655,-0.008541542607000437,-0.015462352237800759
2025-08-24T18:57:20.386000,0.0,0.04252963000908494,0.08641521888785064,31.823098238852182,399.36,50.9,0.4951933719077827,0.2285350427072519,-0.02032939569537436,0.1316569499271165,0.24735281596387498,0.2644991432076314,0.2343018511372484,0.21159291862276025,0.17791686030129247,0.1918979473063744,0.40746271822720614,0.0889169577865153,-0.025058298581600823,-0.08994466716418655,-0.008541542607000437,-0.015462352237800759
2025-08-24T18:57:21.385000,0.0,0.042792574036866426,0.08660064404830337,34.64177470004392,399.36,50.9,0.4951933719077827,0.2285350427072519,-0.02032939569537436,0.1316569499271165,0.24735281596387498,0.2644991432076314,0.2343018511372484,0.21159291862276025,0.17791686030129247,0.1918979473063744,0.40746271822720614,0.0889169577865153,-0.025058298581600823,-0.08994466716418655,-0.008541542607000437,-0.015462352237800759
2025-08-24T18:57:22.385000,0.0,0.04243453801609576,0.08178256801329553,33.62574772111477,399.36,50.9,0.4951933719077827,0.2285350427072519,-0.02032939569537436,0.1316569499271165,0.24735281596387498,0.2644991432076314,0.2343018511372484,0.21159291862276025,0.17791686030129247,0.1918979473063744,0.40746271822720614,0.0889169577865153,-0.025058298581600823,-0.08994466716418655,-0.008541542607000437,-0.015462352237800759
2025-08-24T18:57:23.416000,0.0,0.043186869006603956,0.08267213893122971,30.239933698577165,399.36,50.9,0.4951933719077827,0.2285350427072519,-0.02032939569537436,0.1316569499271165,0.24735281596387498,0.2644991432076314,0.2343018511372484,0.21159291862276025,0.17791686030129247,0.1918979473063744,0.40746271822720614,0.0889169577865153,-0.025058298581600823,-0.08994466716418655,-0.008541542607000437,-0.015462352237800759
2025-08-24T18:57:24.416000,0.0,0.043769755866378546,0.08135897689498961,33.80081836021011,399.36,50.9,0.4951933719077827,0.2285350427072519,-0.02032939569537436,0.1316569499271165,0.24735281596387498,0.2644991432076314,0.2343018511372484,0.21159291862276025,0.17791686030129247,0.1918979473063744,0.40746271822720614,0.0889169577865153,-0.025058298581600823,-0.08994466716418655,-0.008541542607000437,-0.015462352237800759
2025-08-24T18:57:25.416000,0.0,0.04250118602067232,0.08188793808221817,33.58247947626787,399.36,50.9,0.4951933719077827,0.2285350427072519,-0.02032939569537436,0.1316569499271165,0.24735281596387498,0.2644991432076314,0.2343018511372484,0.21159291862276025,0.17791686030129247,0.1918979473063744,0.40746271822720614,0.0889169577865153,-0.025058298581600823,-0.08994466716418655,-0.008541542607000437,-0.015462352237800759
2025-08-24T18:57:26.415000,0.0,0.043202647008001804,0.0815959949977696,30.6387586801089,399.36,50.9,0.4951933719077827,0.2285350427072519,-0.02032939569537436,0.1316569499271165,0.24735281596387498,0.2644991432076314,0.2343018511372484,0.21159291862276025,0.17791686030129247,0.1918979473063744,0.40746271822720614,0.0889169577865153,-0.025058298581600823,-0.08994466716418655,-0.008541542607000437,-0.015462352237800759
2025-08-24T18:57:27.417000,0.0,0.04330607200972736,0.08535214909352362,32.219458200012106,399.36,50.9,0.4951933719077827,0.2285350427072519,-0.02032939569537436,0.1316569499271165,0.24735281596387498,0.2644991432076314,0.2343018511372484,0.21159291862276025,0.17791686030129247,0.1918979473063744,0.40746271822720614,0.0889169577865153,-0.025058298581600823,-0.08994466716418655,-0.008541542607000437,-0.015462352237800759
2025-08-24T18:57:28.396000,0.0,0.042631888994947076,0.08536239014938474,32.21559278257635,399.36,50.9,0.4951933719077827,0.2285350427072519,-0.02032939569537436,0.1316569499271165,0.24735281596387498,0.2644991432076314,0.2343018511372484,0.21159291862276025,0.17791686030129247,0.1918979473063744,0.40746271822720614,0.0889169577865153,-0.025058298581600823,-0.08994466716418655,-0.008541542607000437,-0.015462352237800759
2025-08-24T18:57:29.397000,0.0,0.042519796872511506,0.08568435092456639,35.01222764284138,399.36,50.9,0.4951933719077827,0.2285350427072519,-0.02032939569537436,0.1316569499271165,0.24735281596387498,0.2644991432076314,0.2343018511372484,0.21159291862276025,0.17791686030129247,0.1918979473063744,0.40746271822720614,0.0889169577865153,-0.025058298581600823,-0.08994466716418655,-0.008541542607000437,-0.015462352237800759
2025-08-24T18:57:30.395000,0.0,0.04259018483571708,0.09883663896471262,30.353116328359835,399.36,50.9,0.4951933719077827,0.2285350427072519,-0.02032939569537436,0.1316569499271165,0.24735281596387498,0.2644991432076314,0.2343018511372484,0.21159291862276025,0.17791686030129247,0.1918979473063744,0.40746271822720614,0.0889169577865153,-0.025058298581600823,-0.08994466716418655,-0.008541542607000437,-0.015462352237800759
2025-08-24T18:57:31.406000,0.0,0.05740968999452889,0.09455995005555451,31.725905081776247,399.36,50.9,0.4951933719077827,0.2285350427072519,-0.02032939569537436,0.1316569499271165,0.24735281596387498,0.2644991432076314,0.2343018511372484,0.21159291862276025,0.17791686030129247,0.1918979473063744,0.40746271822720614,0.0889169577865153,-0.025058298581600823,-0.08994466716418655,-0.008541542607000437,-0.015462352237800759
2025-08-24T18:57:32.416000,0.0,0.05605067708529532,0.10040787397883832,29.878134862532868,399.36,50.9,0.4951933719077827,0.2285350427072519,-0.02032939569537436,0.1316569499271165,0.24735281596387498,0.2644991432076314,0.2343018511372484,0.21159291862276025,0.17791686030129247,0.1918979473063744,0.40746271822720614,0.0889169577865153,-0.025058298581600823,-0.08994466716418655,-0.008541542607000437,-0.015462352237800759
2025-08-24T18:57:33.387000,0.0,0.05618162010796368,0.10080254008062184,27.281058570552368,399.36,50.9,0.4951933719077827,0.2285350427072519,-0.02032939569537436,0.1316569499271165,0.24735281596387498,0.2644991432076314,0.2343018511372484,0.21159291862276025,0.17791686030129247,0.1918979473063744,0.40746271822720614,0.0889169577865153,-0.025058298581600823,-0.08994466716418655,-0.008541542607000437,-0.015462352237800759
2025-08-24T18:57:34.386000,0.0,0.05647706403397024,0.09958646981976926,32.634955389842474,399.36,50.9,0.4951933719077827,0.2285350427072519,-0.02032939569537436,0.1316569499271165,0.24735281596387498,0.2644991432076314,0.2343018511372484,0.21159291862276025,0.17791686030129247,0.1918979473063744,0.40746271822720614,0.0889169577865153,-0.025058298581600823,-0.08994466716418655,-0.008541542607000437,-0.015462352237800759
2025-08-24T18:57:35.397000,0.0,0.05579980695620179,0.09490067092701793,28.97766657640214,399.36,50.9,0.4951933719077827,0.2285350427072519,-0.02032939569537436,0.1316569499271165,0.24735281596387498,0.2644991432076314,0.2343018511372484,0.21159291862276025,0.17791686030129247,0.1918979473063744,0.40746271822720614,0.0889169577865153,-0.025058298581600823,-0.08994466716418655,-0.008541542607000437,-0.015462352237800759
2025-08-24T18:58:05.193000,0.0,,0.36394078307785094,5.4953995072659385,368.64,47.8,0.5877369538160744,0.24678538902382988,0.3261167843071757,0.31084709434972896
2025-08-24T18:58:06.193000,0.0,0.013771434081718326,0.05960099911317229,25.167363338184384,368.64,47.8,0.5877369538160744,0.24678538902382988,0.3261167843071757,0.31084709434972896
2025-08-24T18:58:07.193000,0.0,0.011202534893527627,0.05995851615443826,25.01729689467939,368.64,47.8,0.5877369538160744,0.24678538902382988,0.3261167843071757,0.31084709434972896
2025-08-24T18:58:08.193000,0.0,0.011213516816496849,0.05921018496155739,25.333479383215867,368.64,47.8,0.5877369538160744,0.24678538902382988,0.3261167843071757,0.31084709434972896
2025-08-24T18:58:09.193000,0.0,0.010928035946562886,0.05968216503970325,29.321992572418054,368.64,47.8,0.5877369538160744,0.24678538902382988,0.3261167843071757,0.31084709434972896
2025-08-24T18:58:10.193000,0.0,0.01118616503663361,0.05898540816269815,29.668354505117954,368.64,47.8,0.5877369538160744,0.24678538902382988,0.3261167843071757,0.31084709434972896
2025-08-24T18:58:11.194000,0.0,0.01075575896538794,0.06279174704104662,27.869904604757085,368.64,47.8,0.5877369538160744,0.24678538902382988,0.3261167843071757,0.31084709434972896
2025-08-24T18:58:12.174000,0.0,0.012108031893149018,0.06673821504227817,26.221858029786905,368.64,47.8,0.5877369538160744,0.24678538902382988,0.3261167843071757,0.31084709434972896
2025-08-24T18:58:13.174000,0.0,0.015947852050885558,0.082855474203825,24.138417156119207,368.64,47.8,0.5877369538160744,0.24678538902382988,0.3261167843071757,0.31084709434972896
2025-08-24T18:58:14.174000,0.0,0.01744007016532123,0.06632027099840343,26.387105686617833,368.64,47.8,0.5877369538160744,0.24678538902382988,0.3261167843071757,0.31084709434972896
2025-08-24T18:58:15.184000,0.0,0.014683487126603723,0.06381737301126122,31.339428522811204,368.64,47.8,0.5877369538160744,0.24678538902382988,0.3261167843071757,0.31084709434972896
2025-08-24T18:58:16.184000,0.0,0.011201146990060806,0.06846606102772057,25.560109253130047,368.64,47.8,0.5877369538160744,0.24678538902382988,0.3261167843071757,0.31084709434972896
2025-08-24T18:58:17.173000,0.0,0.01680566417053342,0.08175038499757648,27.522806162523867,368.64,47.8,0.5877369538160744,0.24678538902382988,0.3261167843071757,0.31084709434972896
2025-08-24T18:58:18.175000,0.0,0.01759514305740595,0.0783381569199264,25.530342793797256,368.64,47.8,0.5877369538160744,0.24678538902382988,0.3261167843071757,0.31084709434972896
2025-08-24T18:58:19.175000,0.0,0.012909085024148226,0.06302613508887589,23.799650698631563,368.64,47.8,0.5877369538160744,0.24678538902382988,0.3261167843071757,0.31084709434972896
2025-08-24T18:58:20.175000,0.0,0.014299654867500067,0.06491409195587039,30.809951117542134,368.64,47.8,0.5877369538160744,0.24678538902382988,0.3261167843071757,0.31084709434972896
2025-08-24T18:58:21.174000,0.0,0.014373413985595107,0.06502390606328845,30.757918450074907,368.64,47.8,0.5877369538160744,0.24678538902382988,0.3261167843071757,0.31084709434972896
2025-08-24T18:58:22.174000,0.0,0.014422839041799307,0.06497872108593583,30.779306926569273,368.64,47.8,0.5877369538160744,0.24678538902382988,0.3261167843071757,0.31084709434972896
2025-08-24T18:58:23.175000,0.0,0.014422951033338904,0.06662101205438375,30.020558654488333,368.64,47.8,0.5877369538160744,0.24678538902382988,0.3261167843071757,0.31084709434972896
2025-08-24T18:58:24.174000,0.0,0.014477302087470889,0.06604531011544168,26.496960903675877,368.64,47.8,0.5877369538160744,0.24678538902382988,0.3261167843071757,0.31084709434972896
2025-08-24T18:58:25.175000,0.0,0.014575061155483127,0.06603225413709879,30.288228474640928,368.64,47.8,0.5877369538160744,0.24678538902382988,0.3261167843071757,0.31084709434972896
2025-08-24T18:58:26.175000,0.0,0.01459357887506485,0.0655944962054491,26.679067623582576,368.64,47.8,0.5877369538160744,0.24678538902382988,0.3261167843071757,0.31084709434972896
2025-08-24T18:58:27.175000,0.0,0.014487284002825618,0.06455753813497722,27.10760122762269,368.64,47.8,0.5877369538160744,0.24678538902382988,0.3261167843071757,0.31084709434972896
2025-08-24T18:58:28.175000,0.0,0.014349968871101737,0.0669772510882467,26.128274474779932,368.64,47.8,0.5877369538160744,0.24678538902382988,0.3261167843071757,0.31084709434972896
2025-08-24T18:58:29.175000,0.0,0.014456153847277164,0.06361344899050891,31.439892534335,368.64,47.8,0.5877369538160744,0.24678538902382988,0.3261167843071757,0.31084709434972896
2025-08-24T18:58:30.177000,0.0,0.011840051971375942,0.06402096501551569,27.33479571224659,368.64,47.8,0.5877369538160744,0.24678538902382988,0.3261167843071757,0.31084709434972896
2025-08-24T18:58:31.175000,0.0,0.01120264595374465,0.06266234000213444,31.917097253818355,368.64,47.8,0.5877369538160744,0.24678538902382988,0.3261167843071757,0.31084709434972896
2025-08-24T18:58:32.185000,0.0,0.011340035125613213,0.059983405051752925,29.174735887202214,368.64,47.8,0.5877369538160744,0.24678538902382988,0.3261167843071757,0.31084709434972896
2025-08-24T18:58:33.196000,0.0,0.011200127890333533,0.062272212002426386,28.102422312086418,368.64,47.8,0.5877369538160744,0.24678538902382988,0.3261167843071757,0.31084709434972896
2025-08-24T18:58:34.177000,0.0,0.01192881097085774,0.06428039004094899,27.224476996564462,368.64,47.8,0.5877369538160744,0.24678538902382988,0.3261167843071757,0.31084709434972896
2025-08-24T18:58:35.176000,0.0,0.012238697847351432,0.06413589091971517,27.285814150311626,368.64,47.8,0.5877369538160744,0.24678538902382988,0.3261167843071757,0.31084709434972896
2025-08-24T18:58:36.176000,0.0,0.011541516054421663,0.06333435699343681,31.578436964430807,368.64,47.8,0.5877369538160744,0.24678538902382988,0.3261167843071757,0.31084709434972896
2025-08-24T18:58:37.176000,0.0,0.01239371718838811,0.06333139399066567,31.579914383295886,368.64,47.8,0.5877369538160744,0.24678538902382988,0.3261167843071757,0.31084709434972896
2025-08-24T18:58:38.175000,0.0,0.012624161085113883,0.06479216599836946,27.00943814787736,368.64,47.8,0.5877369538160744,0.24678538902382988,0.3261167843071757,0.31084709434972896
2025-08-24T18:58:39.177000,0.0,0.011673738015815616,0.062113471794873476,32.199133975393515,368.64,47.8,0.5877369538160744,0.24678538902382988,0.3261167843071757,0.31084709434972896
2025-08-24T18:58:40.187000,0.0,0.011409886879846454,0.05982757196761668,25.072052076789685,368.64,47.8,0.5877369538160744,0.24678538902382988,0.3261167843071757,0.31084709434972896
2025-08-24T18:58:41.196000,0.0,0.010815407847985625,0.05822655884549022,25.761439963855025,368.64,47.8,0.5877369538160744,0.24678538902382988,0.3261167843071757,0.31084709434972896
2025-08-24T18:58:42.207000,0.0,0.011260256869718432,0.0642014651093632,31.151937056157237,368.64,47.8,0.5877369538160744,0.24678538902382988,0.3261167843071757,0.31084709434972896
2025-08-24T18:58:43.177000,0.0,0.011965218000113964,0.06258685910142958,27.961141126509006,368.64,47.8,0.5877369538160744,0.24678538902382988,0.3261167843071757,0.31084709434972896
2025-08-24T18:58:44.187000,0.0,0.011603201040998101,0.0632415791042149,27.671668304109197,368.64,47.8,0.5877369538160744,0.24678538902382988,0.3261167843071757,0.31084709434972896
2025-08-24T18:58:45.187000,0.0,0.011857348028570414,0.0635106519330293,27.554432945283857,368.64,47.8,0.5877369538160744,0.24678538902382988,0.3261167843071757,0.31084709434972896
2025-08-24T18:58:46.188000,0.0,0.011663774959743023,0.05901883402839303,29.651551556542454,368.64,47.8,0.5877369538160744,0.24678538902382988,0.3261167843071757,0.31084709434972896
2025-08-24T18:58:47.207000,0.0,0.011233536060899496,0.06298282113857567,31.754690625869706,368.64,47.8,0.5877369538160744,0.24678538902382988,0.3261167843071757,0.31084709434972896
2025-08-24T18:58:48.174000,0.0,0.011917552212253213,0.060885403072461486,28.742521387551506,368.64,47.8,0.5877369538160744,0.24678538902382988,0.3261167843071757,0.31084709434972896
2025-08-24T18:58:49.185000,0.0,0.010915481019765139,0.058535726042464375,25.625376183286807,368.64,47.8,0.5877369538160744,0.24678538902382988,0.3261167843071757,0.31084709434972896
2025-08-24T18:58:50.195000,0.0,0.010997331934049726,0.06703784386627376,29.83389507558644,368.64,47.8,0.5877369538160744,0.24678538902382988,0.3261167843071757,0.31084709434972896
2025-08-24T18:58:51.166000,0.0,0.014422301901504397,0.06548392400145531,30.541847186120208,368.64,47.8,0.5877369538160744,0.24678538902382988,0.3261167843071757,0.31084709434972896
2025-08-24T18:58:52.165000,0.0,0.012265365105122328,0.06274261814542115,23.907194891409656,368.64,47.8,0.5877369538160744,0.24678538902382988,0.3261167843071757,0.31084709434972896
2025-08-24T18:58:53.175000,0.0,0.01237484603188932,0.0635234119836241,27.54889804173391,368.64,47.8,0.5877369538160744,0.24678538902382988,0.3261167843071757,0.31084709434972896
2025-08-24T18:58:54.174000,0.0,0.012241717893630266,0.0635758750140667,27.526164596440335,368.64,47.8,0.5877369538160744,0.24678538902382988,0.3261167843071757,0.31084709434972896
2025-08-24T18:59:25.529000,0.0,,0.3829274328891188,6.528652129041745,378.88,48.5,0.7419090082643466,0.32748000257720117,0.3363911114906219,0.2441090549192491,0.13517767379668655,0.21106617794592614,0.5890479747025116
2025-08-24T18:59:26.529000,0.0,0.027815275127068162,0.07636062800884247,26.19150800813686,378.88,48.5,0.7419090082643466,0.32748000257720117,0.3363911114906219,0.2441090549192491,0.13517767379668655,0.21106617794592614,0.5890479747025116
2025-08-24T18:59:27.520000,0.0,0.024781194049865007,0.07593498192727566,26.338321933301295,378.88,48.5,0.7419090082643466,0.32748000257720117,0.3363911114906219,0.2441090549192491,0.13517767379668655,0.21106617794592614,0.5890479747025116
2025-08-24T18:59:28.520000,0.0,0.02473259996622801,0.07534289103932679,26.545304705072443,378.88,48.5,0.7419090082643466,0.32748000257720117,0.3363911114906219,0.2441090549192491,0.13517767379668655,0.21106617794592614,0.5890479747025116
2025-08-24T18:59:29.520000,0.0,0.02461237902753055,0.07474317098967731,30.103084605692487,378.88,48.5,0.7419090082643466,0.32748000257720117,0.3363911114906219,0.2441090549192491,0.13517767379668655,0.21106617794592614,0.5890479747025116
2025-08-24T18:59:30.530000,0.0,0.02489274786785245,0.07509998511523008,29.960059200380616,378.88,48.5,0.7419090082643466,0.32748000257720117,0.3363911114906219,0.2441090549192491,0.13517767379668655,0.21106617794592614,0.5890479747025116
2025-08-24T18:59:31.530000,0.0,0.024905933998525143,0.06878513493575156,32.710555879574834,378.88,48.5,0.7419090082643466,0.32748000257720117,0.3363911114906219,0.2441090549192491,0.13517767379668655,0.21106617794592614,0.5890479747025116
2025-08-24T18:59:32.540000,0.0,0.02036568894982338,0.06699071591719985,29.85488321205569,378.88,48.5,0.7419090082643466,0.32748000257720117,0.3363911114906219,0.2441090549192491,0.13517767379668655,0.21106617794592614,0.5890479747025116
2025-08-24T18:59:33.541000,0.0,0.019013952929526567,0.07184564392082393,27.837456675927445,378.88,48.5,0.7419090082643466,0.32748000257720117,0.3363911114906219,0.2441090549192491,0.13517767379668655,0.21106617794592614,0.5890479747025116
2025-08-24T18:59:34.510000,0.0,0.018679252127185464,0.06966622592881322,28.708315591024757,378.88,48.5,0.7419090082643466,0.32748000257720117,0.3363911114906219,0.2441090549192491,0.13517767379668655,0.21106617794592614,0.5890479747025116
2025-08-24T18:59:35.531000,0.0,0.019563137087970972,0.07002263190224767,28.56219404594758,378.88,48.5,0.7419090082643466,0.32748000257720117,0.3363911114906219,0.2441090549192491,0.13517767379668655,0.21106617794592614,0.5890479747025116
2025-08-24T18:59:36.531000,0.0,0.02009667200036347,0.06980731803923845,32.23157776574707,378.88,48.5,0.7419090082643466,0.32748000257720117,0.3363911114906219,0.2441090549192491,0.13517767379668655,0.21106617794592614,0.5890479747025116
2025-08-24T18:59:37.531000,0.0,0.019786488031968474,0.0701267421245575,28.51979058784234,378.88,48.5,0.7419090082643466,0.32748000257720117,0.3363911114906219,0.2441090549192491,0.13517767379668655,0.21106617794592614,0.5890479747025116
2025-08-24T18:59:38.531000,0.0,0.01996017317287624,0.0691817831248045,32.5230125384456,378.88,48.5,0.7419090082643466,0.32748000257720117,0.3363911114906219,0.2441090549192491,0.13517767379668655,0.21106617794592614,0.5890479747025116
2025-08-24T18:59:39.531000,0.0,0.01961952610872686,0.06889133900403976,29.031225534500386,378.88,48.5,0.7419090082643466,0.32748000257720117,0.3363911114906219,0.2441090549192491,0.13517767379668655,0.21106617794592614,0.5890479747025116
2025-08-24T18:59:40.530000,0.0,0.019133639056235552,0.06988542899489403,32.19555252589758,378.88,48.5,0.7419090082643466,0.32748000257720117,0.3363911114906219,0.2441090549192491,0.13517767379668655,0.21106617794592614,0.5890479747025116
2025-08-24T18:59:41.520000,0.0,0.01929171197116375,0.076443110127002,26.163247370197485,378.88,48.5,0.7419090082643466,0.32748000257720117,0.3363911114906219,0.2441090549192491,0.13517767379668655,0.21106617794592614,0.5890479747025116
2025-08-24T18:59:42.521000,0.0,0.024953378131613135,0.07621583295986056,29.52142504543603,378.88,48.5,0.7419090082643466,0.32748000257720117,0.3363911114906219,0.2441090549192491,0.13517767379668655,0.21106617794592614,0.5890479747025116
2025-08-24T18:59:43.521000,0.0,0.025109896203503013,0.07721919985488057,29.137831060519424,378.88,48.5,0.7419090082643466,0.32748000257720117,0.3363911114906219,0.2441090549192491,0.13517767379668655,0.21106617794592614,0.5890479747025116
2025-08-24T18:59:44.512000,0.0,0.02451028604991734,0.07740230998024344,29.068899889089845,378.88,48.5,0.7419090082643466,0.32748000257720117,0.3363911114906219,0.2441090549192491,0.13517767379668655,0.21106617794592614,0.5890479747025116
2025-08-24T18:59:45.511000,0.0,0.024776248959824443,0.07096862886101007,24.658782733809463,378.88,48.5,0.7419090082643466,0.32748000257720117,0.3363911114906219,0.2441090549192491,0.13517767379668655,0.21106617794592614,0.5890479747025116
2025-08-24T18:59:46.540000,0.0,0.022724292939528823,0.07256562286056578,34.45157502201509,378.88,48.5,0.7419090082643466,0.32748000257720117,0.3363911114906219,0.2441090549192491,0.13517767379668655,0.21106617794592614,0.5890479747025116
2025-08-24T18:59:47.512000,0.0,0.019166989950463176,0.07191477296873927,27.81069754429155,378.88,48.5,0.7419090082643466,0.32748000257720117,0.3363911114906219,0.2441090549192491,0.13517767379668655,0.21106617794592614,0.5890479747025116
2025-08-24T18:59:48.517000,0.0,0.019442211836576462,0.07194599602371454,27.798628284203197,378.88,48.5,0.7419090082643466,0.32748000257720117,0.3363911114906219,0.2441090549192491,0.13517767379668655,0.21106617794592614,0.5890479747025116
2025-08-24T18:59:49.518000,0.0,0.018552455119788647,0.07144658989273012,31.49205586128247,378.88,48.5,0.7419090082643466,0.32748000257720117,0.3363911114906219,0.2441090549192491,0.13517767379668655,0.21106617794592614,0.5890479747025116
2025-08-24T18:59:50.517000,0.0,0.018472899915650487,0.07022896502166986,28.478278148949464,378.88,48.5,0.7419090082643466,0.32748000257720117,0.3363911114906219,0.2441090549192491,0.13517767379668655,0.21106617794592614,0.5890479747025116
2025-08-24T18:59:51.527000,0.0,0.019214730942621827,0.07069220393896103,31.82812070681446,378.88,48.5,0.7419090082643466,0.32748000257720117,0.3363911114906219,0.2441090549192491,0.13517767379668655,0.21106617794592614,0.5890479747025116
2025-08-24T18:59:52.526000,0.0,0.01916665700264275,0.07045709411613643,31.93432866094729,378.88,48.5,0.7419090082643466,0.32748000257720117,0.3363911114906219,0.2441090549192491,0.13517767379668655,0.21106617794592614,0.5890479747025116
2025-08-24T18:59:53.527000,0.0,0.018894769018515944,0.08041044883430004,27.981438141659474,378.88,48.5,0.7419090082643466,0.32748000257720117,0.3363911114906219,0.2441090549192491,0.13517767379668655,0.21106617794592614,0.5890479747025116
2025-08-24T18:59:54.526000,0.0,0.02883021696470678,0.07610564888454974,26.279258232643794,378.88,48.5,0.7419090082643466,0.32748000257720117,0.3363911114906219,0.2441090549192491,0.13517767379668655,0.21106617794592614,0.5890479747025116
2025-08-24T18:59:55.538000,0.0,0.02467869408428669,0.07396052591502666,27.041451845512892,378.88,48.5,0.7419090082643466,0.32748000257720117,0.3363911114906219,0.2441090549192491,0.13517767379668655,0.21106617794592614,0.5890479747025116
2025-08-24T18:59:56.547000,0.0,0.024829619098454714,0.0739358039572835,30.431805425419284,378.88,48.5,0.7419090082643466,0.32748000257720117,0.3363911114906219,0.2441090549192491,0.13517767379668655,0.21106617794592614,0.5890479747025116
2025-08-24T18:59:57.547000,0.0,0.024402362061664462,0.0743368030525744,26.904573749095857,378.88,48.5,0.7419090082643466,0.32748000257720117,0.3363911114906219,0.2441090549192491,0.13517767379668655,0.21106617794592614,0.5890479747025116
2025-08-24T18:59:58.548000,0.0,0.024608361069113016,0.07444098801352084,26.86691906395297,378.88,48.5,0.7419090082643466,0.32748000257720117,0.3363911114906219,0.2441090549192491,0.13517767379668655,0.21106617794592614,0.5890479747025116
2025-08-24T18:59:59.548000,0.0,0.024561416124925017,0.0776581431273371,28.973136742538912,378.88,48.5,0.7419090082643466,0.32748000257720117,0.3363911114906219,0.2441090549192491,0.13517767379668655,0.21106617794592614,0.5890479747025116
2025-08-24T19:00:00.517000,0.0,0.024515676079317927,0.0764914988540113,29.415033483580434,378.88,48.5,0.7419090082643466,0.32748000257720117,0.3363911114906219,0.2441090549192491,0.13517767379668655,0.21106617794592614,0.5890479747025116
2025-08-24T19:00:01.529000,0.0,0.024620268028229475,0.07625759299844503,29.505258578590016,378.88,48.5,0.7419090082643466,0.32748000257720117,0.3363911114906219,0.2441090549192491,0.13517767379668655,0.21106617794592614,0.5890479747025116
2025-08-24T19:00:02.528000,0.0,0.024985193042084575,0.07654020306654274,29.396316051629555,378.88,48.5,0.7419090082643466,0.32748000257720117,0.3363911114906219,0.2441090549192491,0.13517767379668655,0.21106617794592614,0.5890479747025116
2025-08-24T19:00:03.529000,0.0,0.025179432006552815,0.07518005999736488,29.928148502127566,378.88,48.5,0.7419090082643466,0.32748000257720117,0.3363911114906219,0.2441090549192491,0.13517767379668655,0.21106617794592614,0.5890479747025116
2025-08-24T19:00:04.538000,0.0,0.02487036003731191,0.07475720904767513,26.753272700758266,378.88,48.5,0.7419090082643466,0.32748000257720117,0.3363911114906219,0.2441090549192491,0.13517767379668655,0.21106617794592614,0.5890479747025116
2025-08-24T19:00:05.538000,0.0,0.024698805063962936,0.07011129893362522,28.52607255063651,378.88,48.5,0.7419090082643466,0.32748000257720117,0.3363911114906219,0.2441090549192491,0.13517767379668655,0.21106617794592614,0.5890479747025116
2025-08-24T19:00:06.550000,0.0,0.02117518801242113,0.06786869582720101,29.46866704337744,378.88,48.5,0.7419090082643466,0.32748000257720117,0.3363911114906219,0.2441090549192491,0.13517767379668655,0.21106617794592614,0.5890479747025116
2025-08-24T19:00:07.549000,0.0,0.018929603043943644,0.06736862286925316,29.687411064962582,378.88,48.5,0.7419090082643466,0.32748000257720117,0.3363911114906219,0.2441090549192491,0.13517767379668655,0.21106617794592614,0.5890479747025116
2025-08-24T19:00:08.549000,0.0,0.0185463628731668,0.06724886386655271,29.740279389237056,378.88,48.5,0.7419090082643466,0.32748000257720117,0.3363911114906219,0.2441090549192491,0.13517767379668655,0.21106617794592614,0.5890479747025116
2025-08-24T19:00:09.550000,0.0,0.018328827107325196,0.06701690191403031,29.84321779848268,378.88,48.5,0.7419090082643466,0.32748000257720117,0.3363911114906219,0.2441090549192491,0.13517767379668655,0.21106617794592614,0.5890479747025116
2025-08-24T19:00:10.549000,0.0,0.018708565970882773,0.06702849501743913,29.838056180131993,378.88,48.5,0.7419090082643466,0.32748000257720117,0.3363911114906219,0.2441090549192491,0.13517767379668655,0.21106617794592614,0.5890479747025116
2025-08-24T19:00:11.548000,0.0,0.018384604016318917,0.0712494240142405,31.579202655031892,378.88,48.5,0.7419090082643466,0.32748000257720117,0.3363911114906219,0.2441090549192491,0.13517767379668655,0.21106617794592614,0.5890479747025116
2025-08-24T19:00:12.529000,0.0,0.01961919292807579,0.0715843120124191,31.43146782789008,378.88,48.5,0.7419090082643466,0.32748000257720117,0.3363911114906219,0.2441090549192491,0.13517767379668655,0.21106617794592614,0.5890479747025116
2025-08-24T19:00:13.529000,0.0,0.019703024998307228,0.07129848096519709,28.051088507429856,378.88,48.5,0.7419090082643466,0.32748000257720117,0.3363911114906219,0.2441090549192491,0.13517767379668655,0.21106617794592614,0.5890479747025116
2025-08-24T19:00:14.530000,0.0,0.01969352620653808,0.07170725706964731,31.377577276657405,378.88,48.5,0.7419090082643466,0.32748000257720117,0.3363911114906219,0.2441090549192491,0.13517767379668655,0.21106617794592614,0.5890479747025116
2025-08-24T19:00:48.783000,0.0,,0.38208630005829036,7.197326885524164,378.88,49.0,0.6874261408807847,0.2558279916890611,0.41954716016108273,0.21232399339769406,0.1388124044986394,0.1007645336254848,0.6481769815999757,0.33971336250195655,0.03408450528809789,0.0033624055403681085
2025-08-24T19:00:49.783000,0.0,0.03130213404074311,0.0771205360069871,32.416787141800164,378.88,49.0,0.6874261408807847,0.2558279916890611,0.41954716016108273,0.21232399339769406,0.1388124044986394,0.1007645336254848,0.6481769815999757,0.33971336250195655,0.03408450528809789,0.0033624055403681085
2025-08-24T19:00:50.784000,0.0,0.0273106109816581,0.07897688099183142,31.654833270239198,378.88,49.0,0.6874261408807847,0.2558279916890611,0.41954716016108273,0.21232399339769406,0.1388124044986394,0.1007645336254848,0.6481769815999757,0.33971336250195655,0.03408450528809789,0.0033624055403681085
2025-08-24T19:00:51.774000,0.0,0.027331944089382887,0.07923526898957789,31.551606145601973,378.88,49.0,0.6874261408807847,0.2558279916890611,0.41954716016108273,0.21232399339769406,0.1388124044986394,0.1007645336254848,0.6481769815999757,0.33971336250195655,0.03408450528809789,0.0033624055403681085
2025-08-24T19:00:52.774000,0.0,0.027628166135400534,0.07877101097255945,34.91132037086552,378.88,49.0,0.6874261408807847,0.2558279916890611,0.41954716016108273,0.21232399339769406,0.1388124044986394,0.1007645336254848,0.6481769815999757,0.33971336250195655,0.03408450528809789,0.0033624055403681085
2025-08-24T19:00:53.773000,0.0,0.02701074187643826,0.07901304797269404,28.476309391046012,378.88,49.0,0.6874261408807847,0.2558279916890611,0.41954716016108273,0.21232399339769406,0.1388124044986394,0.1007645336254848,0.6481769815999757,0.33971336250195655,0.03408450528809789,0.0033624055403681085
2025-08-24T19:00:54.775000,0.0,0.02709727897308767,0.07802580995485187,32.04067989100745,378.88,49.0,0.6874261408807847,0.2558279916890611,0.41954716016108273,0.21232399339769406,0.1388124044986394,0.1007645336254848,0.6481769815999757,0.33971336250195655,0.03408450528809789,0.0033624055403681085
2025-08-24T19:00:55.785000,0.0,0.02733405609615147,0.07821453199721873,31.963369672644593,378.88,49.0,0.6874261408807847,0.2558279916890611,0.41954716016108273,0.21232399339769406,0.1388124044986394,0.1007645336254848,0.6481769815999757,0.33971336250195655,0.03408450528809789,0.0033624055403681085
2025-08-24T19:00:56.784000,0.0,0.02779759094119072,0.07746029295958579,32.274600372404265,378.88,49.0,0.6874261408807847,0.2558279916890611,0.41954716016108273,0.21232399339769406,0.1388124044986394,0.1007645336254848,0.6481769815999757,0.33971336250195655,0.03408450528809789,0.0033624055403681085
2025-08-24T19:00:57.774000,0.0,0.02672796486876905,0.07902921503409743,31.633871080730806,378.88,49.0,0.6874261408807847,0.2558279916890611,0.41954716016108273,0.21232399339769406,0.1388124044986394,0.1007645336254848,0.6481769815999757,0.33971336250195655,0.03408450528809789,0.0033624055403681085
2025-08-24T19:00:58.775000,0.0,0.027196686016395688,0.07779471785761416,28.92227212801412,378.88,49.0,0.6874261408807847,0.2558279916890611,0.41954716016108273,0.21232399339769406,0.1388124044986394,0.1007645336254848,0.6481769815999757,0.33971336250195655,0.03408450528809789,0.0033624055403681085
2025-08-24T19:00:59.774000,0.0,0.026803076034411788,0.07753473799675703,29.0192507014617,378.88,49.0,0.6874261408807847,0.2558279916890611,0.41954716016108273,0.21232399339769406,0.1388124044986394,0.1007645336254848,0.6481769815999757,0.33971336250195655,0.03408450528809789,0.0033624055403681085
2025-08-24T19:01:00.775000,0.0,0.027501889038830996,0.07748805289156735,32.26303806469828,378.88,49.0,0.6874261408807847,0.2558279916890611,0.41954716016108273,0.21232399339769406,0.1388124044986394,0.1007645336254848,0.6481769815999757,0.33971336250195655,0.03408450528809789,0.0033624055403681085
2025-08-24T19:01:01.784000,0.0,0.027371519012376666,0.07819942105561495,28.77259153107809,378.88,49.0,0.6874261408807847,0.2558279916890611,0.41954716016108273,0.21232399339769406,0.1388124044986394,0.1007645336254848,0.6481769815999757,0.33971336250195655,0.03408450528809789,0.0033624055403681085
2025-08-24T19:01:02.784000,0.0,0.027749203145503998,0.07754325703717768,29.016062594859104,378.88,49.0,0.6874261408807847,0.2558279916890611,0.41954716016108273,0.21232399339769406,0.1388124044986394,0.1007645336254848,0.6481769815999757,0.33971336250195655,0.03408450528809789,0.0033624055403681085
2025-08-24T19:01:03.786000,0.0,0.027680350933223963,0.07721057184971869,32.37898567654631,378.88,49.0,0.6874261408807847,0.2558279916890611,0.41954716016108273,0.21232399339769406,0.1388124044986394,0.1007645336254848,0.6481769815999757,0.33971336250195655,0.03408450528809789,0.0033624055403681085
2025-08-24T19:01:04.785000,0.0,0.026731594931334257,0.08586574718356133,29.115218605802884,378.88,49.0,0.6874261408807847,0.2558279916890611,0.41954716016108273,0.21232399339769406,0.1388124044986394,0.1007645336254848,0.6481769815999757,0.33971336250195655,0.03408450528809789,0.0033624055403681085
2025-08-24T19:01:05.785000,0.0,0.03548393491655588,0.07894315896555781,31.66835521607032,378.88,49.0,0.6874261408807847,0.2558279916890611,0.41954716016108273,0.21232399339769406,0.1388124044986394,0.1007645336254848,0.6481769815999757,0.33971336250195655,0.03408450528809789,0.0033624055403681085
2025-08-24T19:01:06.785000,0.0,0.026828391011804342,0.0778162928763777,28.91425326023288,378.88,49.0,0.6874261408807847,0.2558279916890611,0.41954716016108273,0.21232399339769406,0.1388124044986394,0.1007645336254848,0.6481769815999757,0.33971336250195655,0.03408450528809789,0.0033624055403681085
2025-08-24T19:01:07.785000,0.0,0.027747499058023095,0.07763688499107957,28.98107001921213,378.88,49.0,0.6874261408807847,0.2558279916890611,0.41954716016108273,0.21232399339769406,0.1388124044986394,0.1007645336254848,0.6481769815999757,0.33971336250195655,0.03408450528809789,0.0033624055403681085
2025-08-24T19:01:08.785000,0.0,0.027166889049112797,0.08626224589534104,26.083253185058997,378.88,49.0,0.6874261408807847,0.2558279916890611,0.41954716016108273,0.21232399339769406,0.1388124044986394,0.1007645336254848,0.6481769815999757,0.33971336250195655,0.03408450528809789,0.0033624055403681085
2025-08-24T19:01:09.786000,0.0,0.03513340000063181,0.09128793189302087,27.3858761849239,378.88,49.0,0.6874261408807847,0.2558279916890611,0.41954716016108273,0.21232399339769406,0.1388124044986394,0.1007645336254848,0.6481769815999757,0.33971336250195655,0.03408450528809789,0.0033624055403681085
2025-08-24T19:01:10.786000,0.0,0.03525684401392937,0.08613928291015327,29.022763082525728,378.88,49.0,0.6874261408807847,0.2558279916890611,0.41954716016108273,0.21232399339769406,0.1388124044986394,0.1007645336254848,0.6481769815999757,0.33971336250195655,0.03408450528809789,0.0033624055403681085
2025-08-24T19:01:11.787000,0.0,0.0352382140699774,0.0853441939689219,29.293146771183597,378.88,49.0,0.6874261408807847,0.2558279916890611,0.41954716016108273,0.21232399339769406,0.1388124044986394,0.1007645336254848,0.6481769815999757,0.33971336250195655,0.03408450528809789,0.0033624055403681085
2025-08-24T19:01:12.787000,0.0,0.03513088100589812,0.08577248803339899,29.146875149832603,378.88,49.0,0.6874261408807847,0.2558279916890611,0.41954716016108273,0.21232399339769406,0.1388124044986394,0.1007645336254848,0.6481769815999757,0.33971336250195655,0.03408450528809789,0.0033624055403681085
2025-08-24T19:01:13.785000,0.0,0.03519475203938782,0.08931386517360806,30.790292130505637,378.88,49.0,0.6874261408807847,0.2558279916890611,0.41954716016108273,0.21232399339769406,0.1388124044986394,0.1007645336254848,0.6481769815999757,0.33971336250195655,0.03408450528809789,0.0033624055403681085
2025-08-24T19:01:14.767000,0.0,0.03533399198204279,0.08462201082147658,29.5431410306963,378.88,49.0,0.6874261408807847,0.2558279916890611,0.41954716016108273,0.21232399339769406,0.1388124044986394,0.1007645336254848,0.6481769815999757,0.33971336250195655,0.03408450528809789,0.0033624055403681085
2025-08-24T19:01:15.796000,0.0,0.0355456389952451,0.07973830495029688,31.352560122243773,378.88,49.0,0.6874261408807847,0.2558279916890611,0.41954716016108273,0.21232399339769406,0.1388124044986394,0.1007645336254848,0.6481769815999757,0.33971336250195655,0.03408450528809789,0.0033624055403681085
2025-08-24T19:01:16.797000,0.0,0.030869951006025076,0.076591334072873,29.376691596196423,378.88,49.0,0.6874261408807847,0.2558279916890611,0.41954716016108273,0.21232399339769406,0.1388124044986394,0.1007645336254848,0.6481769815999757,0.33971336250195655,0.03408450528809789,0.0033624055403681085
2025-08-24T19:01:17.797000,0.0,0.02779810898937285,0.07657070481218398,26.119649870086036,378.88,49.0,0.6874261408807847,0.2558279916890611,0.41954716016108273,0.21232399339769406,0.1388124044986394,0.1007645336254848,0.6481769815999757,0.33971336250195655,0.03408450528809789,0.0033624055403681085
2025-08-24T19:01:18.797000,0.0,0.02769985096529126,0.07673137006349862,29.32307865919795,378.88,49.0,0.6874261408807847,0.2558279916890611,0.41954716016108273,0.21232399339769406,0.1388124044986394,0.1007645336254848,0.6481769815999757,0.33971336250195655,0.03408450528809789,0.0033624055403681085
2025-08-24T19:01:19.798000,0.0,0.02756005502305925,0.07892182609066367,31.67691529499078,378.88,49.0,0.6874261408807847,0.2558279916890611,0.41954716016108273,0.21232399339769406,0.1388124044986394,0.1007645336254848,0.6481769815999757,0.33971336250195655,0.03408450528809789,0.0033624055403681085
2025-08-24T19:01:20.777000,0.0,0.02762959199026227,0.07933597289957106,28.36040093499832,378.88,49.0,0.6874261408807847,0.2558279916890611,0.41954716016108273,0.21232399339769406,0.1388124044986394,0.1007645336254848,0.6481769815999757,0.33971336250195655,0.03408450528809789,0.0033624055403681085
2025-08-24T19:01:21.776000,0.0,0.027090408839285374,0.08094224613159895,30.886219736668064,378.88,49.0,0.6874261408807847,0.2558279916890611,0.41954716016108273,0.21232399339769406,0.1388124044986394,0.1007645336254848,0.6481769815999757,0.33971336250195655,0.03408450528809789,0.0033624055403681085
2025-08-24T19:01:22.778000,0.0,0.029018086846917868,0.07933367695659399,34.663715404299225,378.88,49.0,0.6874261408807847,0.2558279916890611,0.41954716016108273,0.21232399339769406,0.1388124044986394,0.1007645336254848,0.6481769815999757,0.33971336250195655,0.03408450528809789,0.0033624055403681085
2025-08-24T19:01:23.787000,0.0,0.02863312605768442,0.07663818611763418,29.358732428066688,378.88,49.0,0.6874261408807847,0.2558279916890611,0.41954716016108273,0.21232399339769406,0.1388124044986394,0.1007645336254848,0.6481769815999757,0.33971336250195655,0.03408450528809789,0.0033624055403681085
2025-08-24T19:01:24.799000,0.0,0.02721996302716434,0.07595800282433629,32.912924340329916,378.88,49.0,0.6874261408807847,0.2558279916890611,0.41954716016108273,0.21232399339769406,0.1388124044986394,0.1007645336254848,0.6481769815999757,0.33971336250195655,0.03408450528809789,0.0033624055403681085
2025-08-24T19:01:25.797000,0.0,0.027637555031105876,0.07740327599458396,32.29837455684532,378.88,49.0,0.6874261408807847,0.2558279916890611,0.41954716016108273,0.21232399339769406,0.1388124044986394,0.1007645336254848,0.6481769815999757,0.33971336250195655,0.03408450528809789,0.0033624055403681085
2025-08-24T19:01:26.796000,0.0,0.02811503503471613,0.07731336914002895,32.33593397633442,378.88,49.0,0.6874261408807847,0.2558279916890611,0.41954716016108273,0.21232399339769406,0.1388124044986394,0.1007645336254848,0.6481769815999757,0.33971336250195655,0.03408450528809789,0.0033624055403681085
2025-08-24T19:01:27.797000,0.0,0.02772466605529189,0.07422487903386354,30.313286182298544,378.88,49.0,0.6874261408807847,0.2558279916890611,0.41954716016108273,0.21232399339769406,0.1388124044986394,0.1007645336254848,0.6481769815999757,0.33971336250195655,0.03408450528809789,0.0033624055403681085
2025-08-24T19:01:28.798000,0.0,0.026418633991852403,0.07774610887281597,32.155950133654535,378.88,49.0,0.6874261408807847,0.2558279916890611,0.41954716016108273,0.21232399339769406,0.1388124044986394,0.1007645336254848,0.6481769815999757,0.33971336250195655,0.03408450528809789,0.0033624055403681085
2025-08-24T19:01:29.768000,0.0,0.026337133022025228,0.08017132198438048,31.1832203601071,378.88,49.0,0.6874261408807847,0.2558279916890611,0.41954716016108273,0.21232399339769406,0.1388124044986394,0.1007645336254848,0.6481769815999757,0.33971336250195655,0.03408450528809789,0.0033624055403681085
2025-08-24T19:01:30.778000,0.0,0.027535888832062483,0.07875621598213911,31.743526130902524,378.88,49.0,0.6874261408807847,0.2558279916890611,0.41954716016108273,0.21232399339769406,0.1388124044986394,0.1007645336254848,0.6481769815999757,0.33971336250195655,0.03408450528809789,0.0033624055403681085
2025-08-24T19:01:31.778000,0.0,0.027603296097368002,0.07863908703438938,28.611725858617458,378.88,49.0,0.6874261408807847,0.2558279916890611,0.41954716016108273,0.21232399339769406,0.1388124044986394,0.1007645336254848,0.6481769815999757,0.33971336250195655,0.03408450528809789,0.0033624055403681085
2025-08-24T19:01:32.787000,0.0,0.027551518054679036,0.0784175128210336,28.69257030805099,378.88,49.0,0.6874261408807847,0.2558279916890611,0.41954716016108273,0.21232399339769406,0.1388124044986394,0.1007645336254848,0.6481769815999757,0.33971336250195655,0.03408450528809789,0.0033624055403681085
2025-08-24T19:01:33.789000,0.0,0.027713369112461805,0.0789788628462702,28.488635046310414,378.88,49.0,0.6874261408807847,0.2558279916890611,0.41954716016108273,0.21232399339769406,0.1388124044986394,0.1007645336254848,0.6481769815999757,0.33971336250195655,0.03408450528809789,0.0033624055403681085
2025-08-24T19:01:34.779000,0.0,0.027044187067076564,0.07974132406525314,34.48651037885603,378.88,49.0,0.6874261408807847,0.2558279916890611,0.41954716016108273,0.21232399339769406,0.1388124044986394,0.1007645336254848,0.6481769815999757,0.33971336250195655,0.03408450528809789,0.0033624055403681085
2025-08-24T19:01:35.779000,0.0,0.026642613811418414,0.07663544593378901,29.35978218152389,378.88,49.0,0.6874261408807847,0.2558279916890611,0.41954716016108273,0.21232399339769406,0.1388124044986394,0.1007645336254848,0.6481769815999757,0.33971336250195655,0.03408450528809789,0.0033624055403681085
2025-08-24T19:01:36.798000,0.0,0.027072742115706205,0.07422873214818537,30.31171266011028,378.88,49.0,0.6874261408807847,0.2558279916890611,0.41954716016108273,0.21232399339769406,0.1388124044986394,0.1007645336254848,0.6481769815999757,0.33971336250195655,0.03408450528809789,0.0033624055403681085
2025-08-24T19:01:37.808000,0.0,0.026502317981794477,0.07506074709817767,26.645085178596663,378.88,49.0,0.6874261408807847,0.2558279916890611,0.41954716016108273,0.21232399339769406,0.1388124044986394,0.1007645336254848,0.6481769815999757,0.33971336250195655,0.03408450528809789,0.0033624055403681085
2025-08-24T19:02:15.087000,0.0,,0.4152194759808481,7.225094615114826,378.88,49.3,0.3333709055827908,0.3800851342995089,0.3307218530518125,0.30292295974957884,0.11230067571046268,0.10569153149964741,0.6579215506861784,0.396588754428622,-0.048138752670909876,0.017694594902100753,-0.12595796959409628,-0.12970048439813392,0.015560310123972285
2025-08-24T19:02:16.087000,0.0,0.04668339900672436,0.10643284698016942,28.186787116189244,378.88,49.3,0.3333709055827908,0.3800851342995089,0.3307218530518125,0.30292295974957884,0.11230067571046268,0.10569153149964741,0.6579215506861784,0.396588754428622,-0.048138752670909876,0.017694594902100753,-0.12595796959409628,-0.12970048439813392,0.015560310123972285
2025-08-24T19:02:17.097000,0.0,0.04527858807705343,0.09690254484303296,33.538850865727724,378.88,49.3,0.3333709055827908,0.3800851342995089,0.3307218530518125,0.30292295974957884,0.11230067571046268,0.10569153149964741,0.6579215506861784,0.396588754428622,-0.048138752670909876,0.017694594902100753,-0.12595796959409628,-0.12970048439813392,0.015560310123972285
2025-08-24T19:02:18.098000,0.0,0.04518325603567064,0.09219735697843134,32.53889372015079,378.88,49.3,0.3333709055827908,0.3800851342995089,0.3307218530518125,0.30292295974957884,0.11230067571046268,0.10569153149964741,0.6579215506861784,0.396588754428622,-0.048138752670909876,0.017694594902100753,-0.12595796959409628,-0.12970048439813392,0.015560310123972285
2025-08-24T19:02:19.098000,0.0,0.04071821505203843,0.08626758097670972,34.775520143655264,378.88,49.3,0.3333709055827908,0.3800851342995089,0.3307218530518125,0.30292295974957884,0.11230067571046268,0.10569153149964741,0.6579215506861784,0.396588754428622,-0.048138752670909876,0.017694594902100753,-0.12595796959409628,-0.12970048439813392,0.015560310123972285
2025-08-24T19:02:20.097000,0.0,0.034658717224374413,0.08571530412882566,32.08295213964216,378.88,49.3,0.3333709055827908,0.3800851342995089,0.3307218530518125,0.30292295974957884,0.11230067571046268,0.10569153149964741,0.6579215506861784,0.396588754428622,-0.048138752670909876,0.017694594902100753,-0.12595796959409628,-0.12970048439813392,0.015560310123972285
2025-08-24T19:02:21.097000,0.0,0.03410945902578533,0.08825248200446367,31.160596705494804,378.88,49.3,0.3333709055827908,0.3800851342995089,0.3307218530518125,0.30292295974957884,0.11230067571046268,0.10569153149964741,0.6579215506861784,0.396588754428622,-0.048138752670909876,0.017694594902100753,-0.12595796959409628,-0.12970048439813392,0.015560310123972285
2025-08-24T19:02:22.087000,0.0,0.0351903080008924,0.0881506479345262,34.03264831618966,378.88,49.3,0.3333709055827908,0.3800851342995089,0.3307218530518125,0.30292295974957884,0.11230067571046268,0.10569153149964741,0.6579215506861784,0.396588754428622,-0.048138752670909876,0.017694594902100753,-0.12595796959409628,-0.12970048439813392,0.015560310123972285
2025-08-24T19:02:23.087000,0.0,0.03455749503336847,0.0879844268783927,31.25553120668651,378.88,49.3,0.3333709055827908,0.3800851342995089,0.3307218530518125,0.30292295974957884,0.11230067571046268,0.10569153149964741,0.6579215506861784,0.396588754428622,-0.048138752670909876,0.017694594902100753,-0.12595796959409628,-0.12970048439813392,0.015560310123972285
2025-08-24T19:02:24.088000,0.0,0.03438049484975636,0.08724485500715673,34.38598184103681,378.88,49.3,0.3333709055827908,0.3800851342995089,0.3307218530518125,0.30292295974957884,0.11230067571046268,0.10569153149964741,0.6579215506861784,0.396588754428622,-0.048138752670909876,0.017694594902100753,-0.12595796959409628,-0.12970048439813392,0.015560310123972285
2025-08-24T19:02:25.087000,0.0,0.03354922099970281,0.08796742698177695,34.10353244299728,378.88,49.3,0.3333709055827908,0.3800851342995089,0.3307218530518125,0.30292295974957884,0.11230067571046268,0.10569153149964741,0.6579215506861784,0.396588754428622,-0.048138752670909876,0.017694594902100753,-0.12595796959409628,-0.12970048439813392,0.015560310123972285
2025-08-24T19:02:26.087000,0.0,0.03529734397307038,0.0878548170439899,31.301641646160732,378.88,49.3,0.3333709055827908,0.3800851342995089,0.3307218530518125,0.30292295974957884,0.11230067571046268,0.10569153149964741,0.6579215506861784,0.396588754428622,-0.048138752670909876,0.017694594902100753,-0.12595796959409628,-0.12970048439813392,0.015560310123972285
2025-08-24T19:02:27.087000,0.0,0.03422795911319554,0.08794905594550073,31.268101407524767,378.88,49.3,0.3333709055827908,0.3800851342995089,0.3307218530518125,0.30292295974957884,0.11230067571046268,0.10569153149964741,0.6579215506861784,0.396588754428622,-0.048138752670909876,0.017694594902100753,-0.12595796959409628,-0.12970048439813392,0.015560310123972285
2025-08-24T19:02:28.088000,0.0,0.033941886154934764,0.0878139091655612,34.16315283657322,378.88,49.3,0.3333709055827908,0.3800851342995089,0.3307218530518125,0.30292295974957884,0.11230067571046268,0.10569153149964741,0.6579215506861784,0.396588754428622,-0.048138752670909876,0.017694594902100753,-0.12595796959409628,-0.12970048439813392,0.015560310123972285
2025-08-24T19:02:29.089000,0.0,0.035368510987609625,0.08658131980337203,31.762047590003167,378.88,49.3,0.3333709055827908,0.3800851342995089,0.3307218530518125,0.30292295974957884,0.11230067571046268,0.10569153149964741,0.6579215506861784,0.396588754428622,-0.048138752670909876,0.017694594902100753,-0.12595796959409628,-0.12970048439813392,0.015560310123972285
2025-08-24T19:02:30.098000,0.0,0.034532680874690413,0.08542804699391127,35.11727243646158,378.88,49.3,0.3333709055827908,0.3800851342995089,0.3307218530518125,0.30292295974957884,0.11230067571046268,0.10569153149964741,0.6579215506861784,0.396588754428622,-0.048138752670909876,0.017694594902100753,-0.12595796959409628,-0.12970048439813392,0.015560310123972285
2025-08-24T19:02:31.108000,0.0,0.03479727194644511,0.08372470107860863,32.84574282824935,378.88,49.3,0.3333709055827908,0.3800851342995089,0.3307218530518125,0.30292295974957884,0.11230067571046268,0.10569153149964741,0.6579215506861784,0.396588754428622,-0.048138752670909876,0.017694594902100753,-0.12595796959409628,-0.12970048439813392,0.015560310123972285
2025-08-24T19:02:32.119000,0.0,0.03476068004965782,0.08349770214408636,29.940943712270183,378.88,49.3,0.3333709055827908,0.3800851342995089,0.3307218530518125,0.30292295974957884,0.11230067571046268,0.10569153149964741,0.6579215506861784,0.396588754428622,-0.048138752670909876,0.017694594902100753,-0.12595796959409628,-0.12970048439813392,0.015560310123972285
2025-08-24T19:02:33.119000,0.0,0.035754527896642685,0.0838371638674289,32.80168213166825,378.88,49.3,0.3333709055827908,0.3800851342995089,0.3307218530518125,0.30292295974957884,0.11230067571046268,0.10569153149964741,0.6579215506861784,0.396588754428622,-0.048138752670909876,0.017694594902100753,-0.12595796959409628,-0.12970048439813392,0.015560310123972285
2025-08-24T19:02:34.119000,0.0,0.035162437008693814,0.0835342388600111,29.9278479593207,378.88,49.3,0.3333709055827908,0.3800851342995089,0.3307218530518125,0.30292295974957884,0.11230067571046268,0.10569153149964741,0.6579215506861784,0.396588754428622,-0.048138752670909876,0.017694594902100753,-0.12595796959409628,-0.12970048439813392,0.015560310123972285
2025-08-24T19:02:35.118000,0.0,0.034780679969117045,0.08324103499762714,33.03659066803262,378.88,49.3,0.3333709055827908,0.3800851342995089,0.3307218530518125,0.30292295974957884,0.11230067571046268,0.10569153149964741,0.6579215506861784,0.396588754428622,-0.048138752670909876,0.017694594902100753,-0.12595796959409628,-0.12970048439813392,0.015560310123972285
2025-08-24T19:02:36.118000,0.0,0.0351870299782604,0.08795607602223754,31.26560579288139,378.88,49.3,0.3333709055827908,0.3800851342995089,0.3307218530518125,0.30292295974957884,0.11230067571046268,0.10569153149964741,0.6579215506861784,0.396588754428622,-0.048138752670909876,0.017694594902100753,-0.12595796959409628,-0.12970048439813392,0.015560310123972285
2025-08-24T19:02:37.089000,0.0,0.03414531098678708,0.08929692301899195,30.79613392070752,378.88,49.3,0.3333709055827908,0.3800851342995089,0.3307218530518125,0.30292295974957884,0.11230067571046268,0.10569153149964741,0.6579215506861784,0.396588754428622,-0.048138752670909876,0.017694594902100753,-0.12595796959409628,-0.12970048439813392,0.015560310123972285
2025-08-24T19:02:38.089000,0.0,0.03628180408850312,0.08831463009119034,31.1386686119892,378.88,49.3,0.3333709055827908,0.3800851342995089,0.3307218530518125,0.30292295974957884,0.11230067571046268,0.10569153149964741,0.6579215506861784,0.396588754428622,-0.048138752670909876,0.017694594902100753,-0.12595796959409628,-0.12970048439813392,0.015560310123972285
2025-08-24T19:02:39.088000,0.0,0.0344452359713614,0.08612524904310703,29.027492260123417,378.88,49.3,0.3333709055827908,0.3800851342995089,0.3307218530518125,0.30292295974957884,0.11230067571046268,0.10569153149964741,0.6579215506861784,0.396588754428622,-0.048138752670909876,0.017694594902100753,-0.12595796959409628,-0.12970048439813392,0.015560310123972285
2025-08-24T19:02:40.089000,0.0,0.034246940864250064,0.08748153992928565,31.435203383741367,378.88,49.3,0.3333709055827908,0.3800851342995089,0.3307218530518125,0.30292295974957884,0.11230067571046268,0.10569153149964741,0.6579215506861784,0.396588754428622,-0.048138752670909876,0.017694594902100753,-0.12595796959409628,-0.12970048439813392,0.015560310123972285
2025-08-24T19:02:41.090000,0.0,0.034656272968277335,0.0882771119941026,36.81588496253862,378.88,49.3,0.3333709055827908,0.3800851342995089,0.3307218530518125,0.30292295974957884,0.11230067571046268,0.10569153149964741,0.6579215506861784,0.396588754428622,-0.048138752670909876,0.017694594902100753,-0.12595796959409628,-0.12970048439813392,0.015560310123972285
2025-08-24T19:02:42.089000,0.0,0.035333215026184916,0.0882387780584395,33.99865757448681,378.88,49.3,0.3333709055827908,0.3800851342995089,0.3307218530518125,0.30292295974957884,0.11230067571046268,0.10569153149964741,0.6579215506861784,0.396588754428622,-0.048138752670909876,0.017694594902100753,-0.12595796959409628,-0.12970048439813392,0.015560310123972285
2025-08-24T19:02:43.089000,0.0,0.034874234814196825,0.08725787396542728,31.515780468013375,378.88,49.3,0.3333709055827908,0.3800851342995089,0.3307218530518125,0.30292295974957884,0.11230067571046268,0.10569153149964741,0.6579215506861784,0.396588754428622,-0.048138752670909876,0.017694594902100753,-0.12595796959409628,-0.12970048439813392,0.015560310123972285
2025-08-24T19:02:44.090000,0.0,0.03435645904392004,0.08824900002218783,31.16182618849588,378.88,49.3,0.3333709055827908,0.3800851342995089,0.3307218530518125,0.30292295974957884,0.11230067571046268,0.10569153149964741,0.6579215506861784,0.396588754428622,-0.048138752670909876,0.017694594902100753,-0.12595796959409628,-0.12970048439813392,0.015560310123972285
2025-08-24T19:02:45.089000,0.0,0.03501893789507449,0.08856485201977193,33.873482895113746,378.88,49.3,0.3333709055827908,0.3800851342995089,0.3307218530518125,0.30292295974957884,0.11230067571046268,0.10569153149964741,0.6579215506861784,0.396588754428622,-0.048138752670909876,0.017694594902100753,-0.12595796959409628,-0.12970048439813392,0.015560310123972285
2025-08-24T19:02:46.090000,0.0,0.03461201395839453,0.08516871510073543,32.28885156653406,378.88,49.3,0.3333709055827908,0.3800851342995089,0.3307218530518125,0.30292295974957884,0.11230067571046268,0.10569153149964741,0.6579215506861784,0.396588754428622,-0.048138752670909876,0.017694594902100753,-0.12595796959409628,-0.12970048439813392,0.015560310123972285
2025-08-24T19:02:47.099000,0.0,0.03460706886835396,0.08609719295054674,31.940646445692543,378.88,49.3,0.3333709055827908,0.3800851342995089,0.3307218530518125,0.30292295974957884,0.11230067571046268,0.10569153149964741,0.6579215506861784,0.396588754428622,-0.048138752670909876,0.017694594902100753,-0.12595796959409628,-0.12970048439813392,0.015560310123972285
2025-08-24T19:02:48.100000,0.0,0.03478534589521587,0.08462347602471709,32.49689246039429,378.88,49.3,0.3333709055827908,0.3800851342995089,0.3307218530518125,0.30292295974957884,0.11230067571046268,0.10569153149964741,0.6579215506861784,0.396588754428622,-0.048138752670909876,0.017694594902100753,-0.12595796959409628,-0.12970048439813392,0.015560310123972285
2025-08-24T19:02:49.111000,0.0,0.03461468010209501,0.08548656501807272,32.16879751126517,378.88,49.3,0.3333709055827908,0.3800851342995089,0.3307218530518125,0.30292295974957884,0.11230067571046268,0.10569153149964741,0.6579215506861784,0.396588754428622,-0.048138752670909876,0.017694594902100753,-0.12595796959409628,-0.12970048439813392,0.015560310123972285
2025-08-24T19:02:50.110000,0.0,0.03491654992103577,0.0853618630208075,32.21579172106101,378.88,49.3,0.3333709055827908,0.3800851342995089,0.3307218530518125,0.30292295974957884,0.11230067571046268,0.10569153149964741,0.6579215506861784,0.396588754428622,-0.048138752670909876,0.017694594902100753,-0.12595796959409628,-0.12970048439813392,0.015560310123972285
2025-08-24T19:02:51.110000,0.0,0.03499110508710146,0.08548010303638875,35.095886568163465,378.88,49.3,0.3333709055827908,0.3800851342995089,0.3307218530518125,0.30292295974957884,0.11230067571046268,0.10569153149964741,0.6579215506861784,0.396588754428622,-0.048138752670909876,0.017694594902100753,-0.12595796959409628,-0.12970048439813392,0.015560310123972285
2025-08-24T19:02:52.110000,0.0,0.034936678828671575,0.08668924705125391,31.72250415756966,378.88,49.3,0.3333709055827908,0.3800851342995089,0.3307218530518125,0.30292295974957884,0.11230067571046268,0.10569153149964741,0.6579215506861784,0.396588754428622,-0.048138752670909876,0.017694594902100753,-0.12595796959409628,-0.12970048439813392,0.015560310123972285
2025-08-24T19:02:53.100000,0.0,0.034616532968357205,0.09675576887093484,31.005903162236432,378.88,49.3,0.3333709055827908,0.3800851342995089,0.3307218530518125,0.30292295974957884,0.11230067571046268,0.10569153149964741,0.6579215506861784,0.396588754428622,-0.048138752670909876,0.017694594902100753,-0.12595796959409628,-0.12970048439813392,0.015560310123972285
2025-08-24T19:02:54.100000,0.0,0.04530623694881797,0.08651380287483335,31.786835263485504,378.88,49.3,0.3333709055827908,0.3800851342995089,0.3307218530518125,0.30292295974957884,0.11230067571046268,0.10569153149964741,0.6579215506861784,0.396588754428622,-0.048138752670909876,0.017694594902100753,-0.12595796959409628,-0.12970048439813392,0.015560310123972285
2025-08-24T19:02:55.111000,0.0,0.03648802591487765,0.08587524900212884,32.02319681113022,378.88,49.3,0.3333709055827908,0.3800851342995089,0.3307218530518125,0.30292295974957884,0.11230067571046268,0.10569153149964741,0.6579215506861784,0.396588754428622,-0.048138752670909876,0.017694594902100753,-0.12595796959409628,-0.12970048439813392,0.015560310123972285
2025-08-24T19:02:56.112000,0.0,0.03539895499125123,0.08360212808474898,29.903545008634847,378.88,49.3,0.3333709055827908,0.3800851342995089,0.3307218530518125,0.30292295974957884,0.11230067571046268,0.10569153149964741,0.6579215506861784,0.396588754428622,-0.048138752670909876,0.017694594902100753,-0.12595796959409628,-0.12970048439813392,0.015560310123972285
2025-08-24T19:02:57.121000,0.0,0.034975087037310004,0.08559871418401599,32.12665080562038,378.88,49.3,0.3333709055827908,0.3800851342995089,0.3307218530518125,0.30292295974957884,0.11230067571046268,0.10569153149964741,0.6579215506861784,0.396588754428622,-0.048138752670909876,0.017694594902100753,-0.12595796959409628,-0.12970048439813392,0.015560310123972285
2025-08-24T19:02:58.111000,0.0,0.03483693883754313,0.08342966600321233,32.961896310290754,378.88,49.3,0.3333709055827908,0.3800851342995089,0.3307218530518125,0.30292295974957884,0.11230067571046268,0.10569153149964741,0.6579215506861784,0.396588754428622,-0.048138752670909876,0.017694594902100753,-0.12595796959409628,-0.12970048439813392,0.015560310123972285
2025-08-24T19:02:59.122000,0.0,0.034469773061573505,0.08412264403887093,32.69036573231437,378.88,49.3,0.3333709055827908,0.3800851342995089,0.3307218530518125,0.30292295974957884,0.11230067571046268,0.10569153149964741,0.6579215506861784,0.396588754428622,-0.048138752670909876,0.017694594902100753,-0.12595796959409628,-0.12970048439813392,0.015560310123972285
2025-08-24T19:03:00.122000,0.0,0.034803735092282295,0.0833913697861135,35.974945701149785,378.88,49.3,0.3333709055827908,0.3800851342995089,0.3307218530518125,0.30292295974957884,0.11230067571046268,0.10569153149964741,0.6579215506861784,0.396588754428622,-0.048138752670909876,0.017694594902100753,-0.12595796959409628,-0.12970048439813392,0.015560310123972285
2025-08-24T19:03:01.122000,0.0,0.034755181055516005,0.08762242901138961,28.531507608343894,378.88,49.3,0.3333709055827908,0.3800851342995089,0.3307218530518125,0.30292295974957884,0.11230067571046268,0.10569153149964741,0.6579215506861784,0.396588754428622,-0.048138752670909876,0.017694594902100753,-0.12595796959409628,-0.12970048439813392,0.015560310123972285
2025-08-24T19:03:02.091000,0.0,0.03532510413788259,0.08268644590862095,30.23470137733051,378.88,49.3,0.3333709055827908,0.3800851342995089,0.3307218530518125,0.30292295974957884,0.11230067571046268,0.10569153149964741,0.6579215506861784,0.396588754428622,-0.048138752670909876,0.017694594902100753,-0.12595796959409628,-0.12970048439813392,0.015560310123972285
2025-08-24T19:03:03.121000,0.0,0.03546832618303597,0.08861870388500392,33.852898637436354,378.88,49.3,0.3333709055827908,0.3800851342995089,0.3307218530518125,0.30292295974957884,0.11230067571046268,0.10569153149964741,0.6579215506861784,0.396588754428622,-0.048138752670909876,0.017694594902100753,-0.12595796959409628,-0.12970048439813392,0.015560310123972285
2025-08-24T19:03:04.092000,0.0,0.035246622981503606,0.08310272195376456,33.091575526611386,378.88,49.3,0.3333709055827908,0.3800851342995089,0.3307218530518125,0.30292295974957884,0.11230067571046268,0.10569153149964741,0.6579215506861784,0.396588754428622,-0.048138752670909876,0.017694594902100753,-0.12595796959409628,-0.12970048439813392,0.015560310123972285
2025-08-24T19:03:44.027000,0.0,,0.3986699671950191,8.152106422428751,389.12,49.7,0.526166607324946,0.34707546093490116,0.31249085516593134,0.25249012192138126,0.13328594399330715,0.19680590524519465,0.6272369643082465,0.35223933576031846,0.05931333502835386,0.015406684515432147,-0.08967231250359625,-0.12124411647114335,0.07096594596172913,-0.07884286925107513,0.24229855574830217,0.2760587007020311
2025-08-24T19:03:45.027000,0.0,0.04634541994892061,0.11741871992126107,29.80785348662507,389.12,49.7,0.526166607324946,0.34707546093490116,0.31249085516593134,0.25249012192138126,0.13328594399330715,0.19680590524519465,0.6272369643082465,0.35223933576031846,0.05931333502835386,0.015406684515432147,-0.08967231250359625,-0.12124411647114335,0.07096594596172913,-0.07884286925107513,0.24229855574830217,0.2760587007020311
2025-08-24T19:03:46.026000,0.0,0.0662265750579536,0.13349060993641615,28.091863553445428,389.12,49.7,0.526166607324946,0.34707546093490116,0.31249085516593134,0.25249012192138126,0.13328594399330715,0.19680590524519465,0.6272369643082465,0.35223933576031846,0.05931333502835386,0.015406684515432147,-0.08967231250359625,-0.12124411647114335,0.07096594596172913,-0.07884286925107513,0.24229855574830217,0.2760587007020311
2025-08-24T19:03:47.027000,0.0,0.06729246093891561,0.11029348382726312,29.466836001753144,389.12,49.7,0.526166607324946,0.34707546093490116,0.31249085516593134,0.25249012192138126,0.13328594399330715,0.19680590524519465,0.6272369643082465,0.35223933576031846,0.05931333502835386,0.015406684515432147,-0.08967231250359625,-0.12124411647114335,0.07096594596172913,-0.07884286925107513,0.24229855574830217,0.2760587007020311
2025-08-24T19:03:48.048000,0.0,0.05536814802326262,0.1077740490436554,27.836014575130125,389.12,49.7,0.526166607324946,0.34707546093490116,0.31249085516593134,0.25249012192138126,0.13328594399330715,0.19680590524519465,0.6272369643082465,0.35223933576031846,0.05931333502835386,0.015406684515432147,-0.08967231250359625,-0.12124411647114335,0.07096594596172913,-0.07884286925107513,0.24229855574830217,0.2760587007020311
2025-08-24T19:03:49.017000,0.0,0.05568531411699951,0.10794702894054353,30.10735943265374,389.12,49.7,0.526166607324946,0.34707546093490116,0.31249085516593134,0.25249012192138126,0.13328594399330715,0.19680590524519465,0.6272369643082465,0.35223933576031846,0.05931333502835386,0.015406684515432147,-0.08967231250359625,-0.12124411647114335,0.07096594596172913,-0.07884286925107513,0.24229855574830217,0.2760587007020311
2025-08-24T19:03:50.017000,0.0,0.05918915499933064,0.11540863406844437,28.160804659316273,389.12,49.7,0.526166607324946,0.34707546093490116,0.31249085516593134,0.25249012192138126,0.13328594399330715,0.19680590524519465,0.6272369643082465,0.35223933576031846,0.05931333502835386,0.015406684515432147,-0.08967231250359625,-0.12124411647114335,0.07096594596172913,-0.07884286925107513,0.24229855574830217,0.2760587007020311
2025-08-24T19:03:51.026000,0.0,0.06256260699592531,0.10618901695124805,30.605801742115307,389.12,49.7,0.526166607324946,0.34707546093490116,0.31249085516593134,0.25249012192138126,0.13328594399330715,0.19680590524519465,0.6272369643082465,0.35223933576031846,0.05931333502835386,0.015406684515432147,-0.08967231250359625,-0.12124411647114335,0.07096594596172913,-0.07884286925107513,0.24229855574830217,0.2760587007020311
2025-08-24T19:03:52.027000,0.0,0.05527203809469938,0.09660369693301618,33.64260481929102,389.12,49.7,0.526166607324946,0.34707546093490116,0.31249085516593134,0.25249012192138126,0.13328594399330715,0.19680590524519465,0.6272369643082465,0.35223933576031846,0.05931333502835386,0.015406684515432147,-0.08967231250359625,-0.12124411647114335,0.07096594596172913,-0.07884286925107513,0.24229855574830217,0.2760587007020311
2025-08-24T19:03:53.028000,0.0,0.04495925805531442,0.09331459598615766,34.8284206308098,389.12,49.7,0.526166607324946,0.34707546093490116,0.31249085516593134,0.25249012192138126,0.13328594399330715,0.19680590524519465,0.6272369643082465,0.35223933576031846,0.05931333502835386,0.015406684515432147,-0.08967231250359625,-0.12124411647114335,0.07096594596172913,-0.07884286925107513,0.24229855574830217,0.2760587007020311
2025-08-24T19:03:54.026000,0.0,0.042444617953151464,0.09261539508588612,32.392022916038954,389.12,49.7,0.526166607324946,0.34707546093490116,0.31249085516593134,0.25249012192138126,0.13328594399330715,0.19680590524519465,0.6272369643082465,0.35223933576031846,0.05931333502835386,0.015406684515432147,-0.08967231250359625,-0.12124411647114335,0.07096594596172913,-0.07884286925107513,0.24229855574830217,0.2760587007020311
2025-08-24T19:03:55.037000,0.0,0.041710193967446685,0.09202143410220742,32.60110026831256,389.12,49.7,0.526166607324946,0.34707546093490116,0.31249085516593134,0.25249012192138126,0.13328594399330715,0.19680590524519465,0.6272369643082465,0.35223933576031846,0.05931333502835386,0.015406684515432147,-0.08967231250359625,-0.12124411647114335,0.07096594596172913,-0.07884286925107513,0.24229855574830217,0.2760587007020311
2025-08-24T19:03:56.038000,0.0,0.0416040460113436,0.09371096594259143,29.34555174348189,389.12,49.7,0.526166607324946,0.34707546093490116,0.31249085516593134,0.25249012192138126,0.13328594399330715,0.19680590524519465,0.6272369643082465,0.35223933576031846,0.05931333502835386,0.015406684515432147,-0.08967231250359625,-0.12124411647114335,0.07096594596172913,-0.07884286925107513,0.24229855574830217,0.2760587007020311
2025-08-24T19:03:57.018000,0.0,0.04282722808420658,0.09651354793459177,33.6740288752267,389.12,49.7,0.526166607324946,0.34707546093490116,0.31249085516593134,0.25249012192138126,0.13328594399330715,0.19680590524519465,0.6272369643082465,0.35223933576031846,0.05931333502835386,0.015406684515432147,-0.08967231250359625,-0.12124411647114335,0.07096594596172913,-0.07884286925107513,0.24229855574830217,0.2760587007020311
2025-08-24T19:03:58.037000,0.0,0.045686441008001566,0.09228893392719328,29.797722034252345,389.12,49.7,0.526166607324946,0.34707546093490116,0.31249085516593134,0.25249012192138126,0.13328594399330715,0.19680590524519465,0.6272369643082465,0.35223933576031846,0.05931333502835386,0.015406684515432147,-0.08967231250359625,-0.12124411647114335,0.07096594596172913,-0.07884286925107513,0.24229855574830217,0.2760587007020311
2025-08-24T19:03:59.038000,0.0,0.04189160210080445,0.09258552500978112,32.402473277363136,389.12,49.7,0.526166607324946,0.34707546093490116,0.31249085516593134,0.25249012192138126,0.13328594399330715,0.19680590524519465,0.6272369643082465,0.35223933576031846,0.05931333502835386,0.015406684515432147,-0.08967231250359625,-0.12124411647114335,0.07096594596172913,-0.07884286925107513,0.24229855574830217,0.2760587007020311
2025-08-24T19:04:00.038000,0.0,0.042192636989057064,0.09236134006641805,32.48112248958977,389.12,49.7,0.526166607324946,0.34707546093490116,0.31249085516593134,0.25249012192138126,0.13328594399330715,0.19680590524519465,0.6272369643082465,0.35223933576031846,0.05931333502835386,0.015406684515432147,-0.08967231250359625,-0.12124411647114335,0.07096594596172913,-0.07884286925107513,0.24229855574830217,0.2760587007020311
2025-08-24T19:04:01.037000,0.0,0.04156775097362697,0.09191473107784986,32.63894660649165,389.12,49.7,0.526166607324946,0.34707546093490116,0.31249085516593134,0.25249012192138126,0.13328594399330715,0.19680590524519465,0.6272369643082465,0.35223933576031846,0.05931333502835386,0.015406684515432147,-0.08967231250359625,-0.12124411647114335,0.07096594596172913,-0.07884286925107513,0.24229855574830217,0.2760587007020311
2025-08-24T19:04:02.038000,0.0,0.04145499086007476,0.09305056091398001,32.24053644097118,389.12,49.7,0.526166607324946,0.34707546093490116,0.31249085516593134,0.25249012192138126,0.13328594399330715,0.19680590524519465,0.6272369643082465,0.35223933576031846,0.05931333502835386,0.015406684515432147,-0.08967231250359625,-0.12124411647114335,0.07096594596172913,-0.07884286925107513,0.24229855574830217,0.2760587007020311
2025-08-24T19:04:03.038000,0.0,0.042218544986099005,0.09150184411555529,32.78622446353495,389.12,49.7,0.526166607324946,0.34707546093490116,0.31249085516593134,0.25249012192138126,0.13328594399330715,0.19680590524519465,0.6272369643082465,0.35223933576031846,0.05931333502835386,0.015406684515432147,-0.08967231250359625,-0.12124411647114335,0.07096594596172913,-0.07884286925107513,0.24229855574830217,0.2760587007020311
2025-08-24T19:04:04.048000,0.0,0.042537043103948236,0.08927325904369354,33.604687810620064,389.12,49.7,0.526166607324946,0.34707546093490116,0.31249085516593134,0.25249012192138126,0.13328594399330715,0.19680590524519465,0.6272369643082465,0.35223933576031846,0.05931333502835386,0.015406684515432147,-0.08967231250359625,-0.12124411647114335,0.07096594596172913,-0.07884286925107513,0.24229855574830217,0.2760587007020311
2025-08-24T19:04:05.058000,0.0,0.041731341974809766,0.09016495989635587,30.4996531153697,389.12,49.7,0.526166607324946,0.34707546093490116,0.31249085516593134,0.25249012192138126,0.13328594399330715,0.19680590524519465,0.6272369643082465,0.35223933576031846,0.05931333502835386,0.015406684515432147,-0.08967231250359625,-0.12124411647114335,0.07096594596172913,-0.07884286925107513,0.24229855574830217,0.2760587007020311
2025-08-24T19:04:06.028000,0.0,0.0426506910007447,0.09558925591409206,33.999636977201845,389.12,49.7,0.526166607324946,0.34707546093490116,0.31249085516593134,0.25249012192138126,0.13328594399330715,0.19680590524519465,0.6272369643082465,0.35223933576031846,0.05931333502835386,0.015406684515432147,-0.08967231250359625,-0.12124411647114335,0.07096594596172913,-0.07884286925107513,0.24229855574830217,0.2760587007020311
2025-08-24T19:04:07.029000,0.0,0.04234711779281497,0.09247030294500291,35.1464188663135,389.12,49.7,0.526166607324946,0.34707546093490116,0.31249085516593134,0.25249012192138126,0.13328594399330715,0.19680590524519465,0.6272369643082465,0.35223933576031846,0.05931333502835386,0.015406684515432147,-0.08967231250359625,-0.12124411647114335,0.07096594596172913,-0.07884286925107513,0.24229855574830217,0.2760587007020311
2025-08-24T19:04:08.038000,0.0,0.041813879972323775,0.0933335421141237,34.8213506782592,389.12,49.7,0.526166607324946,0.34707546093490116,0.31249085516593134,0.25249012192138126,0.13328594399330715,0.19680590524519465,0.6272369643082465,0.35223933576031846,0.05931333502835386,0.015406684515432147,-0.08967231250359625,-0.12124411647114335,0.07096594596172913,-0.07884286925107513,0.24229855574830217,0.2760587007020311
2025-08-24T19:04:09.039000,0.0,0.04191156383603811,0.0932304859161377,32.178315606963295,389.12,49.7,0.526166607324946,0.34707546093490116,0.31249085516593134,0.25249012192138126,0.13328594399330715,0.19680590524519465,0.6272369643082465,0.35223933576031846,0.05931333502835386,0.015406684515432147,-0.08967231250359625,-0.12124411647114335,0.07096594596172913,-0.07884286925107513,0.24229855574830217,0.2760587007020311
2025-08-24T19:04:10.039000,0.0,0.042367414105683565,0.09303057892248034,34.934749817133834,389.12,49.7,0.526166607324946,0.34707546093490116,0.31249085516593134,0.25249012192138126,0.13328594399330715,0.19680590524519465,0.6272369643082465,0.35223933576031846,0.05931333502835386,0.015406684515432147,-0.08967231250359625,-0.12124411647114335,0.07096594596172913,-0.07884286925107513,0.24229855574830217,0.2760587007020311
2025-08-24T19:04:11.039000,0.0,0.04178234306164086,0.0939032428432256,31.94777847031991,389.12,49.7,0.526166607324946,0.34707546093490116,0.31249085516593134,0.25249012192138126,0.13328594399330715,0.19680590524519465,0.6272369643082465,0.35223933576031846,0.05931333502835386,0.015406684515432147,-0.08967231250359625,-0.12124411647114335,0.07096594596172913,-0.07884286925107513,0.24229855574830217,0.2760587007020311
2025-08-24T19:04:12.039000,0.0,0.04258230212144554,0.09579501510597765,33.926608774000535,389.12,49.7,0.526166607324946,0.34707546093490116,0.31249085516593134,0.25249012192138126,0.13328594399330715,0.19680590524519465,0.6272369643082465,0.35223933576031846,0.05931333502835386,0.015406684515432147,-0.08967231250359625,-0.12124411647114335,0.07096594596172913,-0.07884286925107513,0.24229855574830217,0.2760587007020311
2025-08-24T19:04:13.030000,0.0,0.04357185494154692,0.09322572709061205,32.17995818991181,389.12,49.7,0.526166607324946,0.34707546093490116,0.31249085516593134,0.25249012192138126,0.13328594399330715,0.19680590524519465,0.6272369643082465,0.35223933576031846,0.05931333502835386,0.015406684515432147,-0.08967231250359625,-0.12124411647114335,0.07096594596172913,-0.07884286925107513,0.24229855574830217,0.2760587007020311
2025-08-24T19:04:14.039000,0.0,0.04190073092468083,0.09296509786508977,32.27017524741934,389.12,49.7,0.526166607324946,0.34707546093490116,0.31249085516593134,0.25249012192138126,0.13328594399330715,0.19680590524519465,0.6272369643082465,0.35223933576031846,0.05931333502835386,0.015406684515432147,-0.08967231250359625,-0.12124411647114335,0.07096594596172913,-0.07884286925107513,0.24229855574830217,0.2760587007020311
2025-08-24T19:04:15.039000,0.0,0.04163984302431345,0.0929441349580884,32.27745356232348,389.12,49.7,0.526166607324946,0.34707546093490116,0.31249085516593134,0.25249012192138126,0.13328594399330715,0.19680590524519465,0.6272369643082465,0.35223933576031846,0.05931333502835386,0.015406684515432147,-0.08967231250359625,-0.12124411647114335,0.07096594596172913,-0.07884286925107513,0.24229855574830217,0.2760587007020311
2025-08-24T19:04:16.039000,0.0,0.04233024804852903,0.09258893295191228,32.40128063208298,389.12,49.7,0.526166607324946,0.34707546093490116,0.31249085516593134,0.25249012192138126,0.13328594399330715,0.19680590524519465,0.6272369643082465,0.35223933576031846,0.05931333502835386,0.015406684515432147,-0.08967231250359625,-0.12124411647114335,0.07096594596172913,-0.07884286925107513,0.24229855574830217,0.2760587007020311
2025-08-24T19:04:17.040000,0.0,0.04215685999952257,0.09370220708660781,34.68434843798426,389.12,49.7,0.526166607324946,0.34707546093490116,0.31249085516593134,0.25249012192138126,0.13328594399330715,0.19680590524519465,0.6272369643082465,0.35223933576031846,0.05931333502835386,0.015406684515432147,-0.08967231250359625,-0.12124411647114335,0.07096594596172913,-0.07884286925107513,0.24229855574830217,0.2760587007020311
2025-08-24T19:04:18.040000,0.0,0.04220143402926624,0.0937888000626117,31.9867617241854,389.12,49.7,0.526166607324946,0.34707546093490116,0.31249085516593134,0.25249012192138126,0.13328594399330715,0.19680590524519465,0.6272369643082465,0.35223933576031846,0.05931333502835386,0.015406684515432147,-0.08967231250359625,-0.12124411647114335,0.07096594596172913,-0.07884286925107513,0.24229855574830217,0.2760587007020311
2025-08-24T19:04:19.040000,0.0,0.04267356195487082,0.09357783710584044,32.05887304925429,389.12,49.7,0.526166607324946,0.34707546093490116,0.31249085516593134,0.25249012192138126,0.13328594399330715,0.19680590524519465,0.6272369643082465,0.35223933576031846,0.05931333502835386,0.015406684515432147,-0.08967231250359625,-0.12124411647114335,0.07096594596172913,-0.07884286925107513,0.24229855574830217,0.2760587007020311
2025-08-24T19:04:20.040000,0.0,0.04254956194199622,0.09543188707903028,34.05570296759019,389.12,49.7,0.526166607324946,0.34707546093490116,0.31249085516593134,0.25249012192138126,0.13328594399330715,0.19680590524519465,0.6272369643082465,0.35223933576031846,0.05931333502835386,0.015406684515432147,-0.08967231250359625,-0.12124411647114335,0.07096594596172913,-0.07884286925107513,0.24229855574830217,0.2760587007020311
2025-08-24T19:04:21.031000,0.0,0.04316531913354993,0.09432570519857109,31.804691983849402,389.12,49.7,0.526166607324946,0.34707546093490116,0.31249085516593134,0.25249012192138126,0.13328594399330715,0.19680590524519465,0.6272369643082465,0.35223933576031846,0.05931333502835386,0.015406684515432147,-0.08967231250359625,-0.12124411647114335,0.07096594596172913,-0.07884286925107513,0.24229855574830217,0.2760587007020311
2025-08-24T19:04:22.030000,0.0,0.04229111899621785,0.09757784195244312,33.30674193003806,389.12,49.7,0.526166607324946,0.34707546093490116,0.31249085516593134,0.25249012192138126,0.13328594399330715,0.19680590524519465,0.6272369643082465,0.35223933576031846,0.05931333502835386,0.015406684515432147,-0.08967231250359625,-0.12124411647114335,0.07096594596172913,-0.07884286925107513,0.24229855574830217,0.2760587007020311
2025-08-24T19:04:23.041000,0.0,0.04662506701424718,0.09182708291336894,32.67010020159597,389.12,49.7,0.526166607324946,0.34707546093490116,0.31249085516593134,0.25249012192138126,0.13328594399330715,0.19680590524519465,0.6272369643082465,0.35223933576031846,0.05931333502835386,0.015406684515432147,-0.08967231250359625,-0.12124411647114335,0.07096594596172913,-0.07884286925107513,0.24229855574830217,0.2760587007020311
2025-08-24T19:04:24.052000,0.0,0.04211063799448311,0.09329622704535723,32.155641176588354,389.12,49.7,0.526166607324946,0.34707546093490116,0.31249085516593134,0.25249012192138126,0.13328594399330715,0.19680590524519465,0.6272369643082465,0.35223933576031846,0.05931333502835386,0.015406684515432147,-0.08967231250359625,-0.12124411647114335,0.07096594596172913,-0.07884286925107513,0.24229855574830217,0.2760587007020311
2025-08-24T19:04:25.051000,0.0,0.04314483795315027,0.08957794308662415,33.49038721618054,389.12,49.7,0.526166607324946,0.34707546093490116,0.31249085516593134,0.25249012192138126,0.13328594399330715,0.19680590524519465,0.6272369643082465,0.35223933576031846,0.05931333502835386,0.015406684515432147,-0.08967231250359625,-0.12124411647114335,0.07096594596172913,-0.07884286925107513,0.24229855574830217,0.2760587007020311
2025-08-24T19:04:26.060000,0.0,0.04157128790393472,0.08946366608142853,33.533166383652976,389.12,49.7,0.526166607324946,0.34707546093490116,0.31249085516593134,0.25249012192138126,0.13328594399330715,0.19680590524519465,0.6272369643082465,0.35223933576031846,0.05931333502835386,0.015406684515432147,-0.08967231250359625,-0.12124411647114335,0.07096594596172913,-0.07884286925107513,0.24229855574830217,0.2760587007020311
2025-08-24T19:04:27.062000,0.0,0.04220541496761143,0.10711957002058625,28.00608702428029,389.12,49.7,0.526166607324946,0.34707546093490116,0.31249085516593134,0.25249012192138126,0.13328594399330715,0.19680590524519465,0.6272369643082465,0.35223933576031846,0.05931333502835386,0.015406684515432147,-0.08967231250359625,-0.12124411647114335,0.07096594596172913,-0.07884286925107513,0.24229855574830217,0.2760587007020311
2025-08-24T19:04:28.030000,0.0,0.05566413002088666,0.1081754919141531,30.043773709660858,389.12,49.7,0.526166607324946,0.34707546093490116,0.31249085516593134,0.25249012192138126,0.13328594399330715,0.19680590524519465,0.6272369643082465,0.35223933576031846,0.05931333502835386,0.015406684515432147,-0.08967231250359625,-0.12124411647114335,0.07096594596172913,-0.07884286925107513,0.24229855574830217,0.2760587007020311
2025-08-24T19:04:29.030000,0.0,0.05551422294229269,0.10878341598436236,32.17402182427376,389.12,49.7,0.526166607324946,0.34707546093490116,0.31249085516593134,0.25249012192138126,0.13328594399330715,0.19680590524519465,0.6272369643082465,0.35223933576031846,0.05931333502835386,0.015406684515432147,-0.08967231250359625,-0.12124411647114335,0.07096594596172913,-0.07884286925107513,0.24229855574830217,0.2760587007020311
2025-08-24T19:04:30.031000,0.0,0.0557002779096365,0.10752423503436148,30.22574398191602,389.12,49.7,0.526166607324946,0.34707546093490116,0.31249085516593134,0.25249012192138126,0.13328594399330715,0.19680590524519465,0.6272369643082465,0.35223933576031846,0.05931333502835386,0.015406684515432147,-0.08967231250359625,-0.12124411647114335,0.07096594596172913,-0.07884286925107513,0.24229855574830217,0.2760587007020311
2025-08-24T19:04:31.032000,0.0,0.055495000910013914,0.10717793996445835,27.990834690375223,389.12,49.7,0.526166607324946,0.34707546093490116,0.31249085516593134,0.25249012192138126,0.13328594399330715,0.19680590524519465,0.6272369643082465,0.35223933576031846,0.05931333502835386,0.015406684515432147,-0.08967231250359625,-0.12124411647114335,0.07096594596172913,-0.07884286925107513,0.24229855574830217,0.2760587007020311
2025-08-24T19:04:32.041000,0.0,0.055545371025800705,0.09638286498375237,33.71968659105371,389.12,49.7,0.526166607324946,0.34707546093490116,0.31249085516593134,0.25249012192138126,0.13328594399330715,0.19680590524519465,0.6272369643082465,0.35223933576031846,0.05931333502835386,0.015406684515432147,-0.08967231250359625,-0.12124411647114335,0.07096594596172913,-0.07884286925107513,0.24229855574830217,0.2760587007020311
2025-08-24T19:04:33.041000,0.0,0.04514257190749049,0.09174323291517794,35.42495611643511,389.12,49.7,0.526166607324946,0.34707546093490116,0.31249085516593134,0.25249012192138126,0.13328594399330715,0.19680590524519465,0.6272369643082465,0.35223933576031846,0.05931333502835386,0.015406684515432147,-0.08967231250359625,-0.12124411647114335,0.07096594596172913,-0.07884286925107513,0.24229855574830217,0.2760587007020311
2025-08-24T19:05:07.706000,0.0,,0.3713128981180489,5.386292827792371,368.64,47.9,0.6510188826949524,0.30320168480497844,0.03896802590094647,0.2272758580705132
2025-08-24T19:05:08.706000,0.0,0.013739732094109058,0.06828023702837527,29.291052390003568,368.64,47.9,0.6510188826949524,0.30320168480497844,0.03896802590094647,0.2272758580705132
2025-08-24T19:05:09.706000,0.0,0.01122987107373774,0.06748898001387715,29.63446772478647,368.64,47.9,0.6510188826949524,0.30320168480497844,0.03896802590094647,0.2272758580705132
2025-08-24T19:05:10.707000,0.0,0.010899796849116683,0.06781212706118822,29.493249757455885,368.64,47.9,0.6510188826949524,0.30320168480497844,0.03896802590094647,0.2272758580705132
2025-08-24T19:05:11.708000,0.0,0.01088200113736093,0.0673702210187912,25.975868470312562,368.64,47.9,0.6510188826949524,0.30320168480497844,0.03896802590094647,0.2272758580705132
2025-08-24T19:05:12.707000,0.0,0.010786353144794703,0.06800714507699013,29.408674599350178,368.64,47.9,0.6510188826949524,0.30320168480497844,0.03896802590094647,0.2272758580705132
2025-08-24T19:05:13.708000,0.0,0.010704242158681154,0.07233022316358984,27.650958513933876,368.64,47.9,0.6510188826949524,0.30320168480497844,0.03896802590094647,0.2272758580705132
2025-08-24T19:05:14.677000,0.0,0.010854759952053428,0.07422621687874198,30.312739819081163,368.64,47.9,0.6510188826949524,0.30320168480497844,0.03896802590094647,0.2272758580705132
2025-08-24T19:05:15.677000,0.0,0.010946389054879546,0.07195785408839583,27.79404729806317,368.64,47.9,0.6510188826949524,0.30320168480497844,0.03896802590094647,0.2272758580705132
2025-08-24T19:05:16.687000,0.0,0.011232239892706275,0.07087957998737693,28.216871493259205,368.64,47.9,0.6510188826949524,0.30320168480497844,0.03896802590094647,0.2272758580705132
2025-08-24T19:05:17.688000,0.0,0.011278055142611265,0.07010889705270529,32.0929310627798,368.64,47.9,0.6510188826949524,0.30320168480497844,0.03896802590094647,0.2272758580705132
2025-08-24T19:05:18.688000,0.0,0.011568220797926188,0.06745309103280306,29.650234991119728,368.64,47.9,0.6510188826949524,0.30320168480497844,0.03896802590094647,0.2272758580705132
2025-08-24T19:05:19.708000,0.0,0.010711909038946033,0.0671550917904824,29.78180725654898,368.64,47.9,0.6510188826949524,0.30320168480497844,0.03896802590094647,0.2272758580705132
2025-08-24T19:05:20.708000,0.0,0.010647982824593782,0.06788695999421179,25.778146497489594,368.64,47.9,0.6510188826949524,0.30320168480497844,0.03896802590094647,0.2272758580705132
2025-08-24T19:05:21.708000,0.0,0.010862409137189388,0.06716486997902393,29.777471476154364,368.64,47.9,0.6510188826949524,0.30320168480497844,0.03896802590094647,0.2272758580705132
2025-08-24T19:05:22.708000,0.0,0.01065235398709774,0.07247712998650968,27.594911668994975,368.64,47.9,0.6510188826949524,0.30320168480497844,0.03896802590094647,0.2272758580705132
2025-08-24T19:05:23.679000,0.0,0.011279684957116842,0.06963654700666666,25.13048212790434,368.64,47.9,0.6510188826949524,0.30320168480497844,0.03896802590094647,0.2272758580705132
2025-08-24T19:05:24.689000,0.0,0.01081194612197578,0.0721554639749229,27.717928620000876,368.64,47.9,0.6510188826949524,0.30320168480497844,0.03896802590094647,0.2272758580705132
2025-08-24T19:05:25.689000,0.0,0.010783205041661859,0.07100791297852993,28.165874986421933,368.64,47.9,0.6510188826949524,0.30320168480497844,0.03896802590094647,0.2272758580705132
2025-08-24T19:05:26.689000,0.0,0.010686038993299007,0.07200300297699869,27.776619270156004,368.64,47.9,0.6510188826949524,0.30320168480497844,0.03896802590094647,0.2272758580705132
2025-08-24T19:05:27.688000,0.0,0.011766590876504779,0.06722786999307573,29.749566663438117,368.64,47.9,0.6510188826949524,0.30320168480497844,0.03896802590094647,0.2272758580705132
2025-08-24T19:05:28.710000,0.0,0.01070483517833054,0.06783336796797812,25.798512626206676,368.64,47.9,0.6510188826949524,0.30320168480497844,0.03896802590094647,0.2272758580705132
2025-08-24T19:05:29.709000,0.0,0.010818853043019772,0.06728627695702016,26.008275076920047,368.64,47.9,0.6510188826949524,0.30320168480497844,0.03896802590094647,0.2272758580705132
2025-08-24T19:05:30.709000,0.0,0.010751334950327873,0.07067961804568768,28.296700736374035,368.64,47.9,0.6510188826949524,0.30320168480497844,0.03896802590094647,0.2272758580705132
2025-08-24T19:05:31.700000,0.0,0.011796904960647225,0.07240909314714372,27.62084032644586,368.64,47.9,0.6510188826949524,0.30320168480497844,0.03896802590094647,0.2272758580705132
2025-08-24T19:05:32.680000,0.0,0.011040816083550453,0.07055102591402829,28.348276642173165,368.64,47.9,0.6510188826949524,0.30320168480497844,0.03896802590094647,0.2272758580705132
2025-08-24T19:05:33.688000,0.0,0.011400036979466677,0.06705324095673859,29.82704447187514,368.64,47.9,0.6510188826949524,0.30320168480497844,0.03896802590094647,0.2272758580705132
2025-08-24T19:05:34.710000,0.0,0.010833945823833346,0.06784951593726873,29.47699732816268,368.64,47.9,0.6510188826949524,0.30320168480497844,0.03896802590094647,0.2272758580705132
2025-08-24T19:05:35.709000,0.0,0.01076774182729423,0.06948006618767977,25.187080209061712,368.64,47.9,0.6510188826949524,0.30320168480497844,0.03896802590094647,0.2272758580705132
2025-08-24T19:05:36.700000,0.0,0.011508535826578736,0.07037778594531119,24.86580071387708,368.64,47.9,0.6510188826949524,0.30320168480497844,0.03896802590094647,0.2272758580705132
2025-08-24T19:05:37.701000,0.0,0.01210621907375753,0.07018771208822727,28.49501629980422,368.64,47.9,0.6510188826949524,0.30320168480497844,0.03896802590094647,0.2272758580705132
2025-08-24T19:05:38.700000,0.0,0.011182296089828014,0.0737043300177902,30.527378777568543,368.64,47.9,0.6510188826949524,0.30320168480497844,0.03896802590094647,0.2272758580705132
2025-08-24T19:05:39.699000,0.0,0.015367283020168543,0.07094974699430168,28.188965919224934,368.64,47.9,0.6510188826949524,0.30320168480497844,0.03896802590094647,0.2272758580705132
2025-08-24T19:05:40.701000,0.0,0.011386184021830559,0.06982397311367095,28.643457408876294,368.64,47.9,0.6510188826949524,0.30320168480497844,0.03896802590094647,0.2272758580705132
2025-08-24T19:05:41.700000,0.0,0.011990903876721859,0.06999399117194116,28.57388136485916,368.64,47.9,0.6510188826949524,0.30320168480497844,0.03896802590094647,0.2272758580705132
2025-08-24T19:05:42.701000,0.0,0.012134294025599957,0.07063741399906576,31.85280820203518,368.64,47.9,0.6510188826949524,0.30320168480497844,0.03896802590094647,0.2272758580705132
2025-08-24T19:05:43.701000,0.0,0.012427902780473232,0.0689210130367428,29.01872610220816,368.64,47.9,0.6510188826949524,0.30320168480497844,0.03896802590094647,0.2272758580705132
2025-08-24T19:05:44.700000,0.0,0.011534294812008739,0.06798623804934323,25.740503522637738,368.64,47.9,0.6510188826949524,0.30320168480497844,0.03896802590094647,0.2272758580705132
2025-08-24T19:05:45.711000,0.0,0.011269296053797007,0.07195868785493076,27.793725255690767,368.64,47.9,0.6510188826949524,0.30320168480497844,0.03896802590094647,0.2272758580705132
2025-08-24T19:05:46.692000,0.0,0.011345499893650413,0.06927341897971928,28.871102790313902,368.64,47.9,0.6510188826949524,0.30320168480497844,0.03896802590094647,0.2272758580705132
2025-08-24T19:05:47.701000,0.0,0.01131427800282836,0.06773592391982675,29.526429762252544,368.64,47.9,0.6510188826949524,0.30320168480497844,0.03896802590094647,0.2272758580705132
2025-08-24T19:05:48.716000,0.0,0.01069389097392559,0.06782012712210417,29.489770734272174,368.64,47.9,0.6510188826949524,0.30320168480497844,0.03896802590094647,0.2272758580705132
2025-08-24T19:05:49.716000,0.0,0.011136740911751986,0.06799812684766948,25.736003050795585,368.64,47.9,0.6510188826949524,0.30320168480497844,0.03896802590094647,0.2272758580705132
2025-08-24T19:05:50.717000,0.0,0.010735650081187487,0.0727303340099752,27.49884250119972,368.64,47.9,0.6510188826949524,0.30320168480497844,0.03896802590094647,0.2272758580705132
2025-08-24T19:05:51.688000,0.0,0.012613588012754917,0.0711381349246949,28.114315930790113,368.64,47.9,0.6510188826949524,0.30320168480497844,0.03896802590094647,0.2272758580705132
2025-08-24T19:05:52.696000,0.0,0.011124943848699331,0.07175598503090441,27.872239495265394,368.64,47.9,0.6510188826949524,0.30320168480497844,0.03896802590094647,0.2272758580705132
2025-08-24T19:05:53.696000,0.0,0.010765723884105682,0.0709783211350441,28.1776177291477,368.64,47.9,0.6510188826949524,0.30320168480497844,0.03896802590094647,0.2272758580705132
2025-08-24T19:06:29.771000,0.0,,0.3836892710532993,6.5156890969014185,368.64,48.1,0.6545495097863705,0.24643365824948943,0.02827187180355718,0.2209912982603265,0.3346951174235304,-0.03221594010520081,0.13544246562919854
2025-08-24T19:06:30.771000,0.0,0.021407706895843148,0.08113595400936902,27.73123244154105,368.64,48.2,0.6545495097863705,0.24643365824948943,0.02827187180355718,0.2209912982603265,0.3346951174235304,-0.03221594010520081,0.13544246562919854
2025-08-24T19:06:31.771000,0.0,0.018793215975165367,0.07840746408328414,31.88471951273088,368.64,48.2,0.6545495097863705,0.24643365824948943,0.02827187180355718,0.2209912982603265,0.3346951174235304,-0.03221594010520081,0.13544246562919854
2025-08-24T19:06:32.781000,0.0,0.018210643902420998,0.08308978099375963,33.09672943062061,368.64,48.2,0.6545495097863705,0.24643365824948943,0.02827187180355718,0.2209912982603265,0.3346951174235304,-0.03221594010520081,0.13544246562919854
2025-08-24T19:06:33.782000,0.0,0.022604017984122038,0.07872818503528833,31.754828323292557,368.64,48.2,0.6545495097863705,0.24643365824948943,0.02827187180355718,0.2209912982603265,0.3346951174235304,-0.03221594010520081,0.13544246562919854
2025-08-24T19:06:34.780000,0.0,0.01932138088159263,0.07787824305705726,28.89125270008448,368.64,48.2,0.6545495097863705,0.24643365824948943,0.02827187180355718,0.2209912982603265,0.3346951174235304,-0.03221594010520081,0.13544246562919854
2025-08-24T19:06:35.792000,0.0,0.019506825134158134,0.07707713404670358,29.191536865351626,368.64,48.2,0.6545495097863705,0.24643365824948943,0.02827187180355718,0.2209912982603265,0.3346951174235304,-0.03221594010520081,0.13544246562919854
2025-08-24T19:06:36.803000,0.0,0.019600787200033665,0.07650011801160872,29.41171933432265,368.64,48.2,0.6545495097863705,0.24643365824948943,0.02827187180355718,0.2209912982603265,0.3346951174235304,-0.03221594010520081,0.13544246562919854
2025-08-24T19:06:37.801000,0.0,0.019507694989442825,0.07640332193113863,26.176872280534248,368.64,48.2,0.6545495097863705,0.24643365824948943,0.02827187180355718,0.2209912982603265,0.3346951174235304,-0.03221594010520081,0.13544246562919854
2025-08-24T19:06:38.802000,0.0,0.0195284360088408,0.07529538101516664,29.882311101484195,368.64,48.2,0.6545495097863705,0.24643365824948943,0.02827187180355718,0.2209912982603265,0.3346951174235304,-0.03221594010520081,0.13544246562919854
2025-08-24T19:06:39.803000,0.0,0.018849140964448452,0.07684096787124872,32.534728143831806,368.64,48.2,0.6545495097863705,0.24643365824948943,0.02827187180355718,0.2209912982603265,0.3346951174235304,-0.03221594010520081,0.13544246562919854
2025-08-24T19:06:40.803000,0.0,0.02025622990913689,0.07564576901495457,26.43902000129865,368.64,48.2,0.6545495097863705,0.24643365824948943,0.02827187180355718,0.2209912982603265,0.3346951174235304,-0.03221594010520081,0.13544246562919854
2025-08-24T19:06:41.802000,0.0,0.019489564932882786,0.07725313515402377,32.36114618540213,368.64,48.2,0.6545495097863705,0.24643365824948943,0.02827187180355718,0.2209912982603265,0.3346951174235304,-0.03221594010520081,0.13544246562919854
2025-08-24T19:06:42.792000,0.0,0.0194167320150882,0.07646956294775009,29.423471421398993,368.64,48.2,0.6545495097863705,0.24643365824948943,0.02827187180355718,0.2209912982603265,0.3346951174235304,-0.03221594010520081,0.13544246562919854
2025-08-24T19:06:43.803000,0.0,0.019911174895241857,0.07402246003039181,27.018826436986913,368.64,48.2,0.6545495097863705,0.24643365824948943,0.02827187180355718,0.2209912982603265,0.3346951174235304,-0.03221594010520081,0.13544246562919854
2025-08-24T19:06:44.782000,0.0,0.01824627281166613,0.0783046679571271,31.9265768596168,368.64,48.2,0.6545495097863705,0.24643365824948943,0.02827187180355718,0.2209912982603265,0.3346951174235304,-0.03221594010520081,0.13544246562919854
2025-08-24T19:06:45.782000,0.0,0.01846853201277554,0.0769882460590452,29.22524041234017,368.64,48.2,0.6545495097863705,0.24643365824948943,0.02827187180355718,0.2209912982603265,0.3346951174235304,-0.03221594010520081,0.13544246562919854
2025-08-24T19:06:46.793000,0.0,0.019355899887159467,0.07708815392106771,32.43040432074481,368.64,48.2,0.6545495097863705,0.24643365824948943,0.02827187180355718,0.2209912982603265,0.3346951174235304,-0.03221594010520081,0.13544246562919854
2025-08-24T19:06:47.778000,0.0,0.019134363159537315,0.07734665204770863,29.08981759950206,368.64,48.2,0.6545495097863705,0.24643365824948943,0.02827187180355718,0.2209912982603265,0.3346951174235304,-0.03221594010520081,0.13544246562919854
2025-08-24T19:06:48.778000,0.0,0.01941958488896489,0.08752730418927968,25.70626412912619,368.64,48.2,0.6545495097863705,0.24643365824948943,0.02827187180355718,0.2209912982603265,0.3346951174235304,-0.03221594010520081,0.13544246562919854
2025-08-24T19:06:49.779000,0.0,0.028985478915274143,0.08467855397611856,26.571072536673174,368.64,48.2,0.6545495097863705,0.24643365824948943,0.02827187180355718,0.2209912982603265,0.3346951174235304,-0.03221594010520081,0.13544246562919854
2025-08-24T19:06:50.778000,0.0,0.024736752035096288,0.07948742294684052,28.30636491391535,368.64,48.2,0.6545495097863705,0.24643365824948943,0.02827187180355718,0.2209912982603265,0.3346951174235304,-0.03221594010520081,0.13544246562919854
2025-08-24T19:06:51.799000,0.0,0.024249400943517685,0.0845906650647521,29.554088481114338,368.64,48.2,0.6545495097863705,0.24643365824948943,0.02827187180355718,0.2209912982603265,0.3346951174235304,-0.03221594010520081,0.13544246562919854
2025-08-24T19:06:52.768000,0.0,0.024650215171277523,0.08367998385801911,26.88815050224675,368.64,48.2,0.6545495097863705,0.24643365824948943,0.02827187180355718,0.2209912982603265,0.3346951174235304,-0.03221594010520081,0.13544246562919854
2025-08-24T19:06:53.769000,0.0,0.024436383042484522,0.0836892609950155,26.88516989215624,368.64,48.2,0.6545495097863705,0.24643365824948943,0.02827187180355718,0.2209912982603265,0.3346951174235304,-0.03221594010520081,0.13544246562919854
2025-08-24T19:06:54.769000,0.0,0.024636344984173775,0.0852315160445869,26.398685655467645,368.64,48.2,0.6545495097863705,0.24643365824948943,0.02827187180355718,0.2209912982603265,0.3346951174235304,-0.03221594010520081,0.13544246562919854
2025-08-24T19:06:55.770000,0.0,0.02451408584602177,0.08204106288030744,27.425290714268293,368.64,48.2,0.6545495097863705,0.24643365824948943,0.02827187180355718,0.2209912982603265,0.3346951174235304,-0.03221594010520081,0.13544246562919854
2025-08-24T19:06:56.779000,0.0,0.024597899988293648,0.0836523158941418,26.897043745295342,368.64,48.2,0.6545495097863705,0.24643365824948943,0.02827187180355718,0.2209912982603265,0.3346951174235304,-0.03221594010520081,0.13544246562919854
2025-08-24T19:06:57.780000,0.0,0.024970307014882565,0.08200647099874914,27.436859220954844,368.64,48.2,0.6545495097863705,0.24643365824948943,0.02827187180355718,0.2209912982603265,0.3346951174235304,-0.03221594010520081,0.13544246562919854
2025-08-24T19:06:58.790000,0.0,0.02483767783269286,0.0832187810447067,27.037166030961856,368.64,48.2,0.6545495097863705,0.24643365824948943,0.02827187180355718,0.2209912982603265,0.3346951174235304,-0.03221594010520081,0.13544246562919854
2025-08-24T19:06:59.789000,0.0,0.025168583961203694,0.08074414101429284,27.865798951303667,368.64,48.2,0.6545495097863705,0.24643365824948943,0.02827187180355718,0.2209912982603265,0.3346951174235304,-0.03221594010520081,0.13544246562919854
2025-08-24T19:07:00.800000,0.0,0.024549012072384357,0.08573277294635773,26.244339506057994,368.64,48.2,0.6545495097863705,0.24643365824948943,0.02827187180355718,0.2209912982603265,0.3346951174235304,-0.03221594010520081,0.13544246562919854
2025-08-24T19:07:01.770000,0.0,0.02481443714350462,0.08656788105145097,28.879071194016348,368.64,48.1,0.6545495097863705,0.24643365824948943,0.02827187180355718,0.2209912982603265,0.3346951174235304,-0.03221594010520081,0.13544246562919854
2025-08-24T19:07:02.769000,0.0,0.024858566001057625,0.0819842480123043,30.49366263169032,368.64,48.1,0.6545495097863705,0.24643365824948943,0.02827187180355718,0.2209912982603265,0.3346951174235304,-0.03221594010520081,0.13544246562919854
2025-08-24T19:07:03.770000,0.0,0.021686058025807142,0.07869850005954504,28.590125584320987,368.64,48.1,0.6545495097863705,0.24643365824948943,0.02827187180355718,0.2209912982603265,0.3346951174235304,-0.03221594010520081,0.13544246562919854
2025-08-24T19:07:04.772000,0.0,0.0185287541244179,0.07687996793538332,29.2664013841835,368.64,48.1,0.6545495097863705,0.24643365824948943,0.02827187180355718,0.2209912982603265,0.3346951174235304,-0.03221594010520081,0.13544246562919854
2025-08-24T19:07:05.790000,0.0,0.019387066131457686,0.07659770990721881,26.11044119233596,368.64,48.1,0.6545495097863705,0.24643365824948943,0.02827187180355718,0.2209912982603265,0.3346951174235304,-0.03221594010520081,0.13544246562919854
2025-08-24T19:07:06.789000,0.0,0.019644638989120722,0.08590264292433858,26.192442087979096,368.64,48.1,0.6545495097863705,0.24643365824948943,0.02827187180355718,0.2209912982603265,0.3346951174235304,-0.03221594010520081,0.13544246562919854
2025-08-24T19:07:07.790000,0.0,0.02483152993954718,0.08086804789490998,27.823102678624405,368.64,48.1,0.6545495097863705,0.24643365824948943,0.02827187180355718,0.2209912982603265,0.3346951174235304,-0.03221594010520081,0.13544246562919854
2025-08-24T19:07:08.799000,0.0,0.02465567784383893,0.08090838184580207,27.809232475914825,368.64,48.1,0.6545495097863705,0.24643365824948943,0.02827187180355718,0.2209912982603265,0.3346951174235304,-0.03221594010520081,0.13544246562919854
2025-08-24T19:07:09.801000,0.0,0.024799047969281673,0.08112297276966274,27.735669973394035,368.64,48.1,0.6545495097863705,0.24643365824948943,0.02827187180355718,0.2209912982603265,0.3346951174235304,-0.03221594010520081,0.13544246562919854
2025-08-24T19:07:10.800000,0.0,0.024664604105055332,0.0810789370443672,24.667318947528106,368.64,48.1,0.6545495097863705,0.24643365824948943,0.02827187180355718,0.2209912982603265,0.3346951174235304,-0.03221594010520081,0.13544246562919854
2025-08-24T19:07:11.801000,0.0,0.025230454048141837,0.08037843904457986,27.992581427863893,368.64,48.1,0.6545495097863705,0.24643365824948943,0.02827187180355718,0.2209912982603265,0.3346951174235304,-0.03221594010520081,0.13544246562919854
2025-08-24T19:07:12.801000,0.0,0.024527715984731913,0.08368161297403276,29.87514115885661,368.64,48.1,0.6545495097863705,0.24643365824948943,0.02827187180355718,0.2209912982603265,0.3346951174235304,-0.03221594010520081,0.13544246562919854
2025-08-24T19:07:13.781000,0.0,0.0252668431494385,0.08364511397667229,29.888177338094955,368.64,48.2,0.6545495097863705,0.24643365824948943,0.02827187180355718,0.2209912982603265,0.3346951174235304,-0.03221594010520081,0.13544246562919854
2025-08-24T19:07:14.780000,0.0,0.024924103170633316,0.08434579591266811,26.6758997962347,368.64,48.2,0.6545495097863705,0.24643365824948943,0.02827187180355718,0.2209912982603265,0.3346951174235304,-0.03221594010520081,0.13544246562919854
2025-08-24T19:07:15.780000,0.0,0.024953603046014905,0.08367650187574327,29.876965981590025,368.64,48.2,0.6545495097863705,0.24643365824948943,0.02827187180355718,0.2209912982603265,0.3346951174235304,-0.03221594010520081,0.13544246562919854
2025-08-24T19:07:54.949000,0.0,,0.3890016661025584,7.069378461929163,378.88,49.0,0.6426891267512268,0.2458054637546215,0.052006358136826907,0.1969421306072657,0.4151194760261886,-0.05122465187823634,0.047703047510310057,0.18810490535230415,-0.00969350266814835,0.07463771636004549
2025-08-24T19:07:55.949000,0.0,0.029440420912578702,0.0997878760099411,27.558458100922245,378.88,49.0,0.6426891267512268,0.2458054637546215,0.052006358136826907,0.1969421306072657,0.4151194760261886,-0.05122465187823634,0.047703047510310057,0.18810490535230415,-0.00969350266814835,0.07463771636004549
2025-08-24T19:07:56.949000,0.0,0.04090919881127775,0.0955360010266304,26.168145757986277,378.88,49.0,0.6426891267512268,0.2458054637546215,0.052006358136826907,0.1969421306072657,0.4151194760261886,-0.05122465187823634,0.047703047510310057,0.18810490535230415,-0.00969350266814835,0.07463771636004549
2025-08-24T19:07:57.950000,0.0,0.03515651379711926,0.09440150507725775,31.779154342346494,378.88,49.0,0.6426891267512268,0.2458054637546215,0.052006358136826907,0.1969421306072657,0.4151194760261886,-0.05122465187823634,0.047703047510310057,0.18810490535230415,-0.00969350266814835,0.07463771636004549
2025-08-24T19:07:58.949000,0.0,0.035345550859346986,0.09163412405177951,30.010654092639648,378.88,49.0,0.6426891267512268,0.2458054637546215,0.052006358136826907,0.1969421306072657,0.4151194760261886,-0.05122465187823634,0.047703047510310057,0.18810490535230415,-0.00969350266814835,0.07463771636004549
2025-08-24T19:07:59.948000,0.0,0.03522368101403117,0.09256280702538788,29.709557092901985,378.88,49.0,0.6426891267512268,0.2458054637546215,0.052006358136826907,0.1969421306072657,0.4151194760261886,-0.05122465187823634,0.047703047510310057,0.18810490535230415,-0.00969350266814835,0.07463771636004549
2025-08-24T19:08:00.959000,0.0,0.035539013100788,0.0939468948636204,26.610778393785157,378.88,49.0,0.6426891267512268,0.2458054637546215,0.052006358136826907,0.1969421306072657,0.4151194760261886,-0.05122465187823634,0.047703047510310057,0.18810490535230415,-0.00969350266814835,0.07463771636004549
2025-08-24T19:08:01.950000,0.0,0.035089513985440135,0.09390421002171934,31.947449420064842,378.88,49.0,0.6426891267512268,0.2458054637546215,0.052006358136826907,0.1969421306072657,0.4151194760261886,-0.05122465187823634,0.047703047510310057,0.18810490535230415,-0.00969350266814835,0.07463771636004549
2025-08-24T19:08:02.949000,0.0,0.03510881005786359,0.09367891401052475,26.68690202492226,378.88,49.0,0.6426891267512268,0.2458054637546215,0.052006358136826907,0.1969421306072657,0.4151194760261886,-0.05122465187823634,0.047703047510310057,0.18810490535230415,-0.00969350266814835,0.07463771636004549
2025-08-24T19:08:03.949000,0.0,0.03518532798625529,0.08990440890192986,27.80731257270217,378.88,49.0,0.6426891267512268,0.2458054637546215,0.052006358136826907,0.1969421306072657,0.4151194760261886,-0.05122465187823634,0.047703047510310057,0.18810490535230415,-0.00969350266814835,0.07463771636004549
2025-08-24T19:08:04.961000,0.0,0.033012724947184324,0.08504516491666436,29.396145006594292,378.88,49.0,0.6426891267512268,0.2458054637546215,0.052006358136826907,0.1969421306072657,0.4151194760261886,-0.05122465187823634,0.047703047510310057,0.18810490535230415,-0.00969350266814835,0.07463771636004549
2025-08-24T19:08:05.959000,0.0,0.02765394584275782,0.08337511518038809,32.983462680083406,378.88,49.0,0.6426891267512268,0.2458054637546215,0.052006358136826907,0.1969421306072657,0.4151194760261886,-0.05122465187823634,0.047703047510310057,0.18810490535230415,-0.00969350266814835,0.07463771636004549
2025-08-24T19:08:06.960000,0.0,0.02681289310567081,0.08671115897595882,31.714487875343007,378.88,49.0,0.6426891267512268,0.2458054637546215,0.052006358136826907,0.1969421306072657,0.4151194760261886,-0.05122465187823634,0.047703047510310057,0.18810490535230415,-0.00969350266814835,0.07463771636004549
2025-08-24T19:08:07.940000,0.0,0.026302265003323555,0.08576242090202868,32.06532617755173,378.88,49.0,0.6426891267512268,0.2458054637546215,0.052006358136826907,0.1969421306072657,0.4151194760261886,-0.05122465187823634,0.047703047510310057,0.18810490535230415,-0.00969350266814835,0.07463771636004549
2025-08-24T19:08:08.940000,0.0,0.025837471010163426,0.08206230401992798,30.46465767513483,378.88,49.0,0.6426891267512268,0.2458054637546215,0.052006358136826907,0.1969421306072657,0.4151194760261886,-0.05122465187823634,0.047703047510310057,0.18810490535230415,-0.00969350266814835,0.07463771636004549
2025-08-24T19:08:09.970000,0.0,0.026599190896376967,0.08260487602092326,30.264557256484505,378.88,49.0,0.6426891267512268,0.2458054637546215,0.052006358136826907,0.1969421306072657,0.4151194760261886,-0.05122465187823634,0.047703047510310057,0.18810490535230415,-0.00969350266814835,0.07463771636004549
2025-08-24T19:08:10.970000,0.0,0.02675857814028859,0.08653462398797274,28.8901700242837,378.88,49.0,0.6426891267512268,0.2458054637546215,0.052006358136826907,0.1969421306072657,0.4151194760261886,-0.05122465187823634,0.047703047510310057,0.18810490535230415,-0.00969350266814835,0.07463771636004549
2025-08-24T19:08:11.940000,0.0,0.02596193295903504,0.08725060196593404,31.518407186161195,378.88,49.0,0.6426891267512268,0.2458054637546215,0.052006358136826907,0.1969421306072657,0.4151194760261886,-0.05122465187823634,0.047703047510310057,0.18810490535230415,-0.00969350266814835,0.07463771636004549
2025-08-24T19:08:12.940000,0.0,0.025873692939057946,0.0859418660402298,31.99837432797587,378.88,49.0,0.6426891267512268,0.2458054637546215,0.052006358136826907,0.1969421306072657,0.4151194760261886,-0.05122465187823634,0.047703047510310057,0.18810490535230415,-0.00969350266814835,0.07463771636004549
2025-08-24T19:08:13.951000,0.0,0.027121689170598984,0.08481485093943775,32.423566976066844,378.88,49.0,0.6426891267512268,0.2458054637546215,0.052006358136826907,0.1969421306072657,0.4151194760261886,-0.05122465187823634,0.047703047510310057,0.18810490535230415,-0.00969350266814835,0.07463771636004549
2025-08-24T19:08:14.962000,0.0,0.027615297818556428,0.08329439302906394,30.01402506321909,378.88,49.0,0.6426891267512268,0.2458054637546215,0.052006358136826907,0.1969421306072657,0.4151194760261886,-0.05122465187823634,0.047703047510310057,0.18810490535230415,-0.00969350266814835,0.07463771636004549
2025-08-24T19:08:15.971000,0.0,0.027619538828730583,0.08689190004952252,28.77138143572881,378.88,49.0,0.6426891267512268,0.2458054637546215,0.052006358136826907,0.1969421306072657,0.4151194760261886,-0.05122465187823634,0.047703047510310057,0.18810490535230415,-0.00969350266814835,0.07463771636004549
2025-08-24T19:08:16.940000,0.0,0.026095766108483076,0.08814493287354708,31.198616986244033,378.88,49.0,0.6426891267512268,0.2458054637546215,0.052006358136826907,0.1969421306072657,0.4151194760261886,-0.05122465187823634,0.047703047510310057,0.18810490535230415,-0.00969350266814835,0.07463771636004549
2025-08-24T19:08:17.940000,0.0,0.026185358176007867,0.08751023095101118,31.424897067629203,378.88,49.0,0.6426891267512268,0.2458054637546215,0.052006358136826907,0.1969421306072657,0.4151194760261886,-0.05122465187823634,0.047703047510310057,0.18810490535230415,-0.00969350266814835,0.07463771636004549
2025-08-24T19:08:18.941000,0.0,0.026289933128282428,0.0873195098247379,34.35658315102074,378.88,49.0,0.6426891267512268,0.2458054637546215,0.052006358136826907,0.1969421306072657,0.4151194760261886,-0.05122465187823634,0.047703047510310057,0.18810490535230415,-0.00969350266814835,0.07463771636004549
2025-08-24T19:08:19.941000,0.0,0.026818023063242435,0.08623506803996861,31.88957882801697,378.88,49.0,0.6426891267512268,0.2458054637546215,0.052006358136826907,0.1969421306072657,0.4151194760261886,-0.05122465187823634,0.047703047510310057,0.18810490535230415,-0.00969350266814835,0.07463771636004549
2025-08-24T19:08:20.951000,0.0,0.02759268693625927,0.0846924998331815,32.47040771516598,378.88,49.0,0.6426891267512268,0.2458054637546215,0.052006358136826907,0.1969421306072657,0.4151194760261886,-0.05122465187823634,0.047703047510310057,0.18810490535230415,-0.00969350266814835,0.07463771636004549
2025-08-24T19:08:21.961000,0.0,0.027312688063830137,0.08714515808969736,31.556543820478144,378.88,49.0,0.6426891267512268,0.2458054637546215,0.052006358136826907,0.1969421306072657,0.4151194760261886,-0.05122465187823634,0.047703047510310057,0.18810490535230415,-0.00969350266814835,0.07463771636004549
2025-08-24T19:08:22.941000,0.0,0.026322209974750876,0.08750049117952585,31.428395005895183,378.88,49.0,0.6426891267512268,0.2458054637546215,0.052006358136826907,0.1969421306072657,0.4151194760261886,-0.05122465187823634,0.047703047510310057,0.18810490535230415,-0.00969350266814835,0.07463771636004549
2025-08-24T19:08:23.942000,0.0,0.025872303871437907,0.08471988909877837,32.45991029088399,378.88,49.0,0.6426891267512268,0.2458054637546215,0.052006358136826907,0.1969421306072657,0.4151194760261886,-0.05122465187823634,0.047703047510310057,0.18810490535230415,-0.00969350266814835,0.07463771636004549
2025-08-24T19:08:24.961000,0.0,0.027377947932109237,0.08447759295813739,29.59364622567907,378.88,49.0,0.6426891267512268,0.2458054637546215,0.052006358136826907,0.1969421306072657,0.4151194760261886,-0.05122465187823634,0.047703047510310057,0.18810490535230415,-0.00969350266814835,0.07463771636004549
2025-08-24T19:08:25.963000,0.0,0.02733691083267331,0.0847090920433402,29.5127705857235,378.88,49.0,0.6426891267512268,0.2458054637546215,0.052006358136826907,0.1969421306072657,0.4151194760261886,-0.05122465187823634,0.047703047510310057,0.18810490535230415,-0.00969350266814835,0.07463771636004549
2025-08-24T19:08:26.962000,0.0,0.027226818026974797,0.08379868813790381,32.81674285251855,378.88,49.0,0.6426891267512268,0.2458054637546215,0.052006358136826907,0.1969421306072657,0.4151194760261886,-0.05122465187823634,0.047703047510310057,0.18810490535230415,-0.00969350266814835,0.07463771636004549
2025-08-24T19:08:27.962000,0.0,0.026804225984960794,0.08483820292167366,32.414642287259504,378.88,49.0,0.6426891267512268,0.2458054637546215,0.052006358136826907,0.1969421306072657,0.4151194760261886,-0.05122465187823634,0.047703047510310057,0.18810490535230415,-0.00969350266814835,0.07463771636004549
2025-08-24T19:08:28.962000,0.0,0.027629982912912965,0.08525155298411846,29.32497898854419,378.88,49.0,0.6426891267512268,0.2458054637546215,0.052006358136826907,0.1969421306072657,0.4151194760261886,-0.05122465187823634,0.047703047510310057,0.18810490535230415,-0.00969350266814835,0.07463771636004549
2025-08-24T19:08:29.962000,0.0,0.02764740912243724,0.08273589494638145,30.216630902708037,378.88,49.0,0.6426891267512268,0.2458054637546215,0.052006358136826907,0.1969421306072657,0.4151194760261886,-0.05122465187823634,0.047703047510310057,0.18810490535230415,-0.00969350266814835,0.07463771636004549
2025-08-24T19:08:30.973000,0.0,0.027655650163069367,0.08181047206744552,27.50259157709138,378.88,49.0,0.6426891267512268,0.2458054637546215,0.052006358136826907,0.1969421306072657,0.4151194760261886,-0.05122465187823634,0.047703047510310057,0.18810490535230415,-0.00969350266814835,0.07463771636004549
2025-08-24T19:08:31.971000,0.0,0.026067839935421944,0.08421768597327173,29.684976155643405,378.88,49.0,0.6426891267512268,0.2458054637546215,0.052006358136826907,0.1969421306072657,0.4151194760261886,-0.05122465187823634,0.047703047510310057,0.18810490535230415,-0.00969350266814835,0.07463771636004549
2025-08-24T19:08:32.962000,0.0,0.02707166993059218,0.08474314701743424,29.500910551335906,378.88,49.0,0.6426891267512268,0.2458054637546215,0.052006358136826907,0.1969421306072657,0.4151194760261886,-0.05122465187823634,0.047703047510310057,0.18810490535230415,-0.00969350266814835,0.07463771636004549
2025-08-24T19:08:33.962000,0.0,0.02761052083224058,0.08508220291696489,32.32168309844903,378.88,49.0,0.6426891267512268,0.2458054637546215,0.052006358136826907,0.1969421306072657,0.4151194760261886,-0.05122465187823634,0.047703047510310057,0.18810490535230415,-0.00969350266814835,0.07463771636004549
2025-08-24T19:08:34.963000,0.0,0.027425206964835525,0.08531921985559165,29.301721279582253,378.88,49.0,0.6426891267512268,0.2458054637546215,0.052006358136826907,0.1969421306072657,0.4151194760261886,-0.05122465187823634,0.047703047510310057,0.18810490535230415,-0.00969350266814835,0.07463771636004549
2025-08-24T19:08:35.951000,0.0,0.027766501996666193,0.08677506702952087,31.691130806784912,378.88,49.0,0.6426891267512268,0.2458054637546215,0.052006358136826907,0.1969421306072657,0.4151194760261886,-0.05122465187823634,0.047703047510310057,0.18810490535230415,-0.00969350266814835,0.07463771636004549
2025-08-24T19:08:36.952000,0.0,0.02673322707414627,0.08581694005988538,29.131777458569125,378.88,49.0,0.6426891267512268,0.2458054637546215,0.052006358136826907,0.1969421306072657,0.4151194760261886,-0.05122465187823634,0.047703047510310057,0.18810490535230415,-0.00969350266814835,0.07463771636004549
2025-08-24T19:08:37.963000,0.0,0.02826996217481792,0.09417550591751933,29.20079879802809,378.88,49.0,0.6426891267512268,0.2458054637546215,0.052006358136826907,0.1969421306072657,0.4151194760261886,-0.05122465187823634,0.047703047510310057,0.18810490535230415,-0.00969350266814835,0.07463771636004549
2025-08-24T19:08:38.963000,0.0,0.03650008398108184,0.09953535790555179,27.62837305120695,378.88,49.0,0.6426891267512268,0.2458054637546215,0.052006358136826907,0.1969421306072657,0.4151194760261886,-0.05122465187823634,0.047703047510310057,0.18810490535230415,-0.00969350266814835,0.07463771636004549
2025-08-24T19:08:39.953000,0.0,0.04160669702105224,0.09338512015528977,29.447946261963587,378.88,49.0,0.6426891267512268,0.2458054637546215,0.052006358136826907,0.1969421306072657,0.4151194760261886,-0.05122465187823634,0.047703047510310057,0.18810490535230415,-0.00969350266814835,0.07463771636004549
2025-08-24T19:08:40.953000,0.0,0.03485051495954394,0.09221203112974763,29.822572676341743,378.88,49.0,0.6426891267512268,0.2458054637546215,0.052006358136826907,0.1969421306072657,0.4151194760261886,-0.05122465187823634,0.047703047510310057,0.18810490535230415,-0.00969350266814835,0.07463771636004549
2025-08-24T19:09:23.751000,0.0,,0.4015004700049758,8.094635605183083,378.88,49.1,0.64059821373328,0.3051560376010184,0.09062506097171256,0.22227188733046085,0.35340867994326386,-0.033995625204482835,0.11905842753287725,0.04646606386622545,-0.03779540627411489,0.055571127961560524,-0.1674396067428348,0.00454806667261384,0.2146584116780953
2025-08-24T19:09:24.751000,0.0,0.03871851693838835,0.09648243407718837,33.6848881465811,378.88,49.1,0.64059821373328,0.3051560376010184,0.09062506097171256,0.22227188733046085,0.35340867994326386,-0.033995625204482835,0.11905842753287725,0.04646606386622545,-0.03779540627411489,0.055571127961560524,-0.1674396067428348,0.00454806667261384,0.2146584116780953
2025-08-24T19:09:25.753000,0.0,0.0348366720136255,0.09316428890451789,32.20117960729203,378.88,49.1,0.64059821373328,0.3051560376010184,0.09062506097171256,0.22227188733046085,0.35340867994326386,-0.033995625204482835,0.11905842753287725,0.04646606386622545,-0.03779540627411489,0.055571127961560524,-0.1674396067428348,0.00454806667261384,0.2146584116780953
2025-08-24T19:09:26.761000,0.0,0.03392254305072129,0.09338038205169141,32.12666230407269,378.88,49.1,0.64059821373328,0.3051560376010184,0.09062506097171256,0.22227188733046085,0.35340867994326386,-0.033995625204482835,0.11905842753287725,0.04646606386622545,-0.03779540627411489,0.055571127961560524,-0.1674396067428348,0.00454806667261384,0.2146584116780953
2025-08-24T19:09:27.763000,0.0,0.03398537589237094,0.09392886213026941,31.939064649152222,378.88,49.1,0.64059821373328,0.3051560376010184,0.09062506097171256,0.22227188733046085,0.35340867994326386,-0.033995625204482835,0.11905842753287725,0.04646606386622545,-0.03779540627411489,0.055571127961560524,-0.1674396067428348,0.00454806667261384,0.2146584116780953
2025-08-24T19:09:28.762000,0.0,0.034038413083180785,0.09390349197201431,29.28538590257706,378.88,49.1,0.64059821373328,0.3051560376010184,0.09062506097171256,0.22227188733046085,0.35340867994326386,-0.033995625204482835,0.11905842753287725,0.04646606386622545,-0.03779540627411489,0.055571127961560524,-0.1674396067428348,0.00454806667261384,0.2146584116780953
2025-08-24T19:09:29.772000,0.0,0.03530428116209805,0.09163138410076499,30.011551467735902,378.88,49.1,0.64059821373328,0.3051560376010184,0.09062506097171256,0.22227188733046085,0.35340867994326386,-0.033995625204482835,0.11905842753287725,0.04646606386622545,-0.03779540627411489,0.055571127961560524,-0.1674396067428348,0.00454806667261384,0.2146584116780953
2025-08-24T19:09:30.782000,0.0,0.035034151980653405,0.09205265995115042,29.874204628734557,378.88,49.1,0.64059821373328,0.3051560376010184,0.09062506097171256,0.22227188733046085,0.35340867994326386,-0.033995625204482835,0.11905842753287725,0.04646606386622545,-0.03779540627411489,0.055571127961560524,-0.1674396067428348,0.00454806667261384,0.2146584116780953
2025-08-24T19:09:31.782000,0.0,0.034647541120648384,0.10436564194969833,31.140516546301654,378.88,49.1,0.64059821373328,0.3051560376010184,0.09062506097171256,0.22227188733046085,0.35340867994326386,-0.033995625204482835,0.11905842753287725,0.04646606386622545,-0.03779540627411489,0.055571127961560524,-0.1674396067428348,0.00454806667261384,0.2146584116780953
2025-08-24T19:09:32.754000,0.0,0.04228312289342284,0.09291180688887835,29.597960604608197,378.88,49.1,0.64059821373328,0.3051560376010184,0.09062506097171256,0.22227188733046085,0.35340867994326386,-0.033995625204482835,0.11905842753287725,0.04646606386622545,-0.03779540627411489,0.055571127961560524,-0.1674396067428348,0.00454806667261384,0.2146584116780953
2025-08-24T19:09:33.762000,0.0,0.033542634919285774,0.09503671107813716,28.936186540998822,378.88,49.1,0.64059821373328,0.3051560376010184,0.09062506097171256,0.22227188733046085,0.35340867994326386,-0.033995625204482835,0.11905842753287725,0.04646606386622545,-0.03779540627411489,0.055571127961560524,-0.1674396067428348,0.00454806667261384,0.2146584116780953
2025-08-24T19:09:34.764000,0.0,0.033725115936249495,0.09692894900217652,30.95050581774806,378.88,49.1,0.64059821373328,0.3051560376010184,0.09062506097171256,0.22227188733046085,0.35340867994326386,-0.033995625204482835,0.11905842753287725,0.04646606386622545,-0.03779540627411489,0.055571127961560524,-0.1674396067428348,0.00454806667261384,0.2146584116780953
2025-08-24T19:09:35.762000,0.0,0.03471217001788318,0.09362263791263103,32.043532065392036,378.88,49.1,0.64059821373328,0.3051560376010184,0.09062506097171256,0.22227188733046085,0.35340867994326386,-0.033995625204482835,0.11905842753287725,0.04646606386622545,-0.03779540627411489,0.055571127961560524,-0.1674396067428348,0.00454806667261384,0.2146584116780953
2025-08-24T19:09:36.762000,0.0,0.033626320073381066,0.09429039596579969,31.816601990813176,378.88,49.1,0.64059821373328,0.3051560376010184,0.09062506097171256,0.22227188733046085,0.35340867994326386,-0.033995625204482835,0.11905842753287725,0.04646606386622545,-0.03779540627411489,0.055571127961560524,-0.1674396067428348,0.00454806667261384,0.2146584116780953
2025-08-24T19:09:37.773000,0.0,0.03520766901783645,0.09328241599723697,29.48036851963012,378.88,49.1,0.64059821373328,0.3051560376010184,0.09062506097171256,0.22227188733046085,0.35340867994326386,-0.033995625204482835,0.11905842753287725,0.04646606386622545,-0.03779540627411489,0.055571127961560524,-0.1674396067428348,0.00454806667261384,0.2146584116780953
2025-08-24T19:09:38.772000,0.0,0.03447726299054921,0.09455496887676418,31.72757641018315,378.88,49.1,0.64059821373328,0.3051560376010184,0.09062506097171256,0.22227188733046085,0.35340867994326386,-0.033995625204482835,0.11905842753287725,0.04646606386622545,-0.03779540627411489,0.055571127961560524,-0.1674396067428348,0.00454806667261384,0.2146584116780953
2025-08-24T19:09:39.773000,0.0,0.03522105817683041,0.09344411897473037,29.429353395087976,378.88,49.1,0.64059821373328,0.3051560376010184,0.09062506097171256,0.22227188733046085,0.35340867994326386,-0.033995625204482835,0.11905842753287725,0.04646606386622545,-0.03779540627411489,0.055571127961560524,-0.1674396067428348,0.00454806667261384,0.2146584116780953
2025-08-24T19:09:40.773000,0.0,0.03457957785576582,0.09301897091791034,29.563861789300137,378.88,49.1,0.64059821373328,0.3051560376010184,0.09062506097171256,0.22227188733046085,0.35340867994326386,-0.033995625204482835,0.11905842753287725,0.04646606386622545,-0.03779540627411489,0.055571127961560524,-0.1674396067428348,0.00454806667261384,0.2146584116780953
2025-08-24T19:09:41.784000,0.0,0.03513255785219371,0.0922348981257528,32.52564984578601,378.88,49.1,0.64059821373328,0.3051560376010184,0.09062506097171256,0.22227188733046085,0.35340867994326386,-0.033995625204482835,0.11905842753287725,0.04646606386622545,-0.03779540627411489,0.055571127961560524,-0.1674396067428348,0.00454806667261384,0.2146584116780953
2025-08-24T19:09:42.782000,0.0,0.034443059004843235,0.09691735287196934,33.53372645550194,378.88,49.1,0.64059821373328,0.3051560376010184,0.09062506097171256,0.22227188733046085,0.35340867994326386,-0.033995625204482835,0.11905842753287725,0.04646606386622545,-0.03779540627411489,0.055571127961560524,-0.1674396067428348,0.00454806667261384,0.2146584116780953
2025-08-24T19:09:43.753000,0.0,0.03491170611232519,0.09760929713957012,30.734777197609812,378.88,49.1,0.64059821373328,0.3051560376010184,0.09062506097171256,0.22227188733046085,0.35340867994326386,-0.033995625204482835,0.11905842753287725,0.04646606386622545,-0.03779540627411489,0.055571127961560524,-0.1674396067428348,0.00454806667261384,0.2146584116780953
2025-08-24T19:09:44.754000,0.0,0.0345940210390836,0.09787375899031758,30.65172964590854,378.88,49.1,0.64059821373328,0.3051560376010184,0.09062506097171256,0.22227188733046085,0.35340867994326386,-0.033995625204482835,0.11905842753287725,0.04646606386622545,-0.03779540627411489,0.055571127961560524,-0.1674396067428348,0.00454806667261384,0.2146584116780953
2025-08-24T19:09:45.755000,0.0,0.03480629879049957,0.09605307597666979,28.63000452653833,378.88,49.1,0.64059821373328,0.3051560376010184,0.09062506097171256,0.22227188733046085,0.35340867994326386,-0.033995625204482835,0.11905842753287725,0.04646606386622545,-0.03779540627411489,0.055571127961560524,-0.1674396067428348,0.00454806667261384,0.2146584116780953
2025-08-24T19:09:46.754000,0.0,0.03529694606550038,0.0990168119315058,30.29788519221619,378.88,49.1,0.64059821373328,0.3051560376010184,0.09062506097171256,0.22227188733046085,0.35340867994326386,-0.033995625204482835,0.11905842753287725,0.04646606386622545,-0.03779540627411489,0.055571127961560524,-0.1674396067428348,0.00454806667261384,0.2146584116780953
2025-08-24T19:09:47.746000,0.0,0.03526396490633488,0.09605740895494819,31.231323357961987,378.88,49.1,0.64059821373328,0.3051560376010184,0.09062506097171256,0.22227188733046085,0.35340867994326386,-0.033995625204482835,0.11905842753287725,0.04646606386622545,-0.03779540627411489,0.055571127961560524,-0.1674396067428348,0.00454806667261384,0.2146584116780953
2025-08-24T19:09:48.757000,0.0,0.034906131913885474,0.09622807498089969,31.1759328095828,378.88,49.1,0.64059821373328,0.3051560376010184,0.09062506097171256,0.22227188733046085,0.35340867994326386,-0.033995625204482835,0.11905842753287725,0.04646606386622545,-0.03779540627411489,0.055571127961560524,-0.1674396067428348,0.00454806667261384,0.2146584116780953
2025-08-24T19:09:49.757000,0.0,0.03506257594563067,0.09590989002026618,31.27936023455049,378.88,49.1,0.64059821373328,0.3051560376010184,0.09062506097171256,0.22227188733046085,0.35340867994326386,-0.033995625204482835,0.11905842753287725,0.04646606386622545,-0.03779540627411489,0.055571127961560524,-0.1674396067428348,0.00454806667261384,0.2146584116780953
2025-08-24T19:09:50.757000,0.0,0.03412422607652843,0.09749979502521455,33.33340341033013,378.88,49.1,0.64059821373328,0.3051560376010184,0.09062506097171256,0.22227188733046085,0.35340867994326386,-0.033995625204482835,0.11905842753287725,0.04646606386622545,-0.03779540627411489,0.055571127961560524,-0.1674396067428348,0.00454806667261384,0.2146584116780953
2025-08-24T19:09:51.757000,0.0,0.03533694497309625,0.09282269002869725,29.62637690364059,378.88,49.1,0.64059821373328,0.3051560376010184,0.09062506097171256,0.22227188733046085,0.35340867994326386,-0.033995625204482835,0.11905842753287725,0.04646606386622545,-0.03779540627411489,0.055571127961560524,-0.1674396067428348,0.00454806667261384,0.2146584116780953
2025-08-24T19:09:52.777000,0.0,0.0347673911601305,0.09364063292741776,32.03737422754681,378.88,49.1,0.64059821373328,0.3051560376010184,0.09062506097171256,0.22227188733046085,0.35340867994326386,-0.033995625204482835,0.11905842753287725,0.04646606386622545,-0.03779540627411489,0.055571127961560524,-0.1674396067428348,0.00454806667261384,0.2146584116780953
2025-08-24T19:09:53.777000,0.0,0.03607938904315233,0.09259128198027611,29.70042039795705,378.88,49.1,0.64059821373328,0.3051560376010184,0.09062506097171256,0.22227188733046085,0.35340867994326386,-0.033995625204482835,0.11905842753287725,0.04646606386622545,-0.03779540627411489,0.055571127961560524,-0.1674396067428348,0.00454806667261384,0.2146584116780953
2025-08-24T19:09:54.777000,0.0,0.034822243032976985,0.09465092793107033,31.695410341721942,378.88,49.1,0.64059821373328,0.3051560376010184,0.09062506097171256,0.22227188733046085,0.35340867994326386,-0.033995625204482835,0.11905842753287725,0.04646606386622545,-0.03779540627411489,0.055571127961560524,-0.1674396067428348,0.00454806667261384,0.2146584116780953
2025-08-24T19:09:55.778000,0.0,0.03640298102982342,0.09304628195241094,29.555184176047888,378.88,49.1,0.64059821373328,0.3051560376010184,0.09062506097171256,0.22227188733046085,0.35340867994326386,-0.033995625204482835,0.11905842753287725,0.04646606386622545,-0.03779540627411489,0.055571127961560524,-0.1674396067428348,0.00454806667261384,0.2146584116780953
2025-08-24T19:09:56.777000,0.0,0.035456167068332434,0.09285928215831518,32.30694799993452,378.88,49.1,0.64059821373328,0.3051560376010184,0.09062506097171256,0.22227188733046085,0.35340867994326386,-0.033995625204482835,0.11905842753287725,0.04646606386622545,-0.03779540627411489,0.055571127961560524,-0.1674396067428348,0.00454806667261384,0.2146584116780953
2025-08-24T19:09:57.778000,0.0,0.03504250105470419,0.09230915200896561,32.499486071637264,378.88,49.1,0.64059821373328,0.3051560376010184,0.09062506097171256,0.22227188733046085,0.35340867994326386,-0.033995625204482835,0.11905842753287725,0.04646606386622545,-0.03779540627411489,0.055571127961560524,-0.1674396067428348,0.00454806667261384,0.2146584116780953
2025-08-24T19:09:58.779000,0.0,0.034615427954122424,0.09284263313747942,32.31274144882986,378.88,49.1,0.64059821373328,0.3051560376010184,0.09062506097171256,0.22227188733046085,0.35340867994326386,-0.033995625204482835,0.11905842753287725,0.04646606386622545,-0.03779540627411489,0.055571127961560524,-0.1674396067428348,0.00454806667261384,0.2146584116780953
2025-08-24T19:09:59.777000,0.0,0.034658261109143496,0.09710633009672165,28.319472039164488,378.88,49.1,0.64059821373328,0.3051560376010184,0.09062506097171256,0.22227188733046085,0.35340867994326386,-0.033995625204482835,0.11905842753287725,0.04646606386622545,-0.03779540627411489,0.055571127961560524,-0.1674396067428348,0.00454806667261384,0.2146584116780953
2025-08-24T19:10:00.759000,0.0,0.03485557506792247,0.09385270485654473,29.301233291074585,378.88,49.1,0.64059821373328,0.3051560376010184,0.09062506097171256,0.22227188733046085,0.35340867994326386,-0.033995625204482835,0.11905842753287725,0.04646606386622545,-0.03779540627411489,0.055571127961560524,-0.1674396067428348,0.00454806667261384,0.2146584116780953
2025-08-24T19:10:01.768000,0.0,0.03498794510960579,0.09250704105943441,32.42996387780342,378.88,49.1,0.64059821373328,0.3051560376010184,0.09062506097171256,0.22227188733046085,0.35340867994326386,-0.033995625204482835,0.11905842753287725,0.04646606386622545,-0.03779540627411489,0.055571127961560524,-0.1674396067428348,0.00454806667261384,0.2146584116780953
2025-08-24T19:10:02.768000,0.0,0.03538074088282883,0.09400466689839959,31.91330918966333,378.88,49.1,0.64059821373328,0.3051560376010184,0.09062506097171256,0.22227188733046085,0.35340867994326386,-0.033995625204482835,0.11905842753287725,0.04646606386622545,-0.03779540627411489,0.055571127961560524,-0.1674396067428348,0.00454806667261384,0.2146584116780953
2025-08-24T19:10:03.768000,0.0,0.03464788990095258,0.09358213096857071,32.05740208039799,378.88,49.1,0.64059821373328,0.3051560376010184,0.09062506097171256,0.22227188733046085,0.35340867994326386,-0.033995625204482835,0.11905842753287725,0.04646606386622545,-0.03779540627411489,0.055571127961560524,-0.1674396067428348,0.00454806667261384,0.2146584116780953
2025-08-24T19:10:04.769000,0.0,0.03466935292817652,0.09350511198863387,29.41015674452393,378.88,49.1,0.64059821373328,0.3051560376010184,0.09062506097171256,0.22227188733046085,0.35340867994326386,-0.033995625204482835,0.11905842753287725,0.04646606386622545,-0.03779540627411489,0.055571127961560524,-0.1674396067428348,0.00454806667261384,0.2146584116780953
2025-08-24T19:10:05.767000,0.0,0.03504168498329818,0.09192581684328616,29.91542631259112,378.88,49.1,0.64059821373328,0.3051560376010184,0.09062506097171256,0.22227188733046085,0.35340867994326386,-0.033995625204482835,0.11905842753287725,0.04646606386622545,-0.03779540627411489,0.055571127961560524,-0.1674396067428348,0.00454806667261384,0.2146584116780953
2025-08-24T19:10:06.777000,0.0,0.034623594023287296,0.09122231905348599,32.88668859910312,378.88,49.1,0.64059821373328,0.3051560376010184,0.09062506097171256,0.22227188733046085,0.35340867994326386,-0.033995625204482835,0.11905842753287725,0.04646606386622545,-0.03779540627411489,0.055571127961560524,-0.1674396067428348,0.00454806667261384,0.2146584116780953
2025-08-24T19:10:07.767000,0.0,0.03480927809141576,0.0956554040312767,33.976125373296355,378.88,49.1,0.64059821373328,0.3051560376010184,0.09062506097171256,0.22227188733046085,0.35340867994326386,-0.033995625204482835,0.11905842753287725,0.04646606386622545,-0.03779540627411489,0.055571127961560524,-0.1674396067428348,0.00454806667261384,0.2146584116780953
2025-08-24T19:10:08.759000,0.0,0.03503848100081086,0.0963961249217391,31.121582972713263,378.88,49.1,0.64059821373328,0.3051560376010184,0.09062506097171256,0.22227188733046085,0.35340867994326386,-0.033995625204482835,0.11905842753287725,0.04646606386622545,-0.03779540627411489,0.055571127961560524,-0.1674396067428348,0.00454806667261384,0.2146584116780953
2025-08-24T19:10:09.758000,0.0,0.035956442821770906,0.09336762921884656,34.80863793148601,378.88,49.1,0.64059821373328,0.3051560376010184,0.09062506097171256,0.22227188733046085,0.35340867994326386,-0.033995625204482835,0.11905842753287725,0.04646606386622545,-0.03779540627411489,0.055571127961560524,-0.1674396067428348,0.00454806667261384,0.2146584116780953
2025-08-24T19:10:56.822000,0.0,,0.4140268270857632,9.057384098502327,389.12,49.7,0.6208000080801956,0.3338376902289133,0.07278369035752898,0.19973871193330672,0.4003561828444736,-0.00049995513570794,0.1003584811124867,0.08385736843993453,-0.05560772881560886,0.03509938045216791,-0.07545768277048777,0.022476812289536154,0.24105282019569163,0.03729217929015572,0.30821579711144803,0.25158746176248153
2025-08-24T19:10:57.822000,0.0,0.05131772696040571,0.10415748809464276,31.202749408155366,389.12,49.7,0.6208000080801956,0.3338376902289133,0.07278369035752898,0.19973871193330672,0.4003561828444736,-0.00049995513570794,0.1003584811124867,0.08385736843993453,-0.05560772881560886,0.03509938045216791,-0.07545768277048777,0.022476812289536154,0.24105282019569163,0.03729217929015572,0.30821579711144803,0.25158746176248153
2025-08-24T19:10:58.821000,0.0,0.04423923883587122,0.10044760489836335,29.866316902583563,389.12,49.7,0.6208000080801956,0.3338376902289133,0.07278369035752898,0.19973871193330672,0.4003561828444736,-0.00049995513570794,0.1003584811124867,0.08385736843993453,-0.05560772881560886,0.03509938045216791,-0.07545768277048777,0.022476812289536154,0.24105282019569163,0.03729217929015572,0.30821579711144803,0.25158746176248153
2025-08-24T19:10:59.832000,0.0,0.04212924186140299,0.09994056890718639,32.519326591168515,389.12,49.7,0.6208000080801956,0.3338376902289133,0.07278369035752898,0.19973871193330672,0.4003561828444736,-0.00049995513570794,0.1003584811124867,0.08385736843993453,-0.05560772881560886,0.03509938045216791,-0.07545768277048777,0.022476812289536154,0.24105282019569163,0.03729217929015572,0.30821579711144803,0.25158746176248153
2025-08-24T19:11:00.842000,0.0,0.04249098198488355,0.10408072802238166,33.62774325759298,389.12,49.7,0.6208000080801956,0.3338376902289133,0.07278369035752898,0.19973871193330672,0.4003561828444736,-0.00049995513570794,0.1003584811124867,0.08385736843993453,-0.05560772881560886,0.03509938045216791,-0.07545768277048777,0.022476812289536154,0.24105282019569163,0.03729217929015572,0.30821579711144803,0.25158746176248153
2025-08-24T19:11:01.813000,0.0,0.041908743092790246,0.10527643002569675,33.24580819415803,389.12,49.7,0.6208000080801956,0.3338376902289133,0.07278369035752898,0.19973871193330672,0.4003561828444736,-0.00049995513570794,0.1003584811124867,0.08385736843993453,-0.05560772881560886,0.03509938045216791,-0.07545768277048777,0.022476812289536154,0.24105282019569163,0.03729217929015572,0.30821579711144803,0.25158746176248153
2025-08-24T19:11:02.812000,0.0,0.04402699810452759,0.10512322513386607,33.294260098499095,389.12,49.7,0.6208000080801956,0.3338376902289133,0.07278369035752898,0.19973871193330672,0.4003561828444736,-0.00049995513570794,0.1003584811124867,0.08385736843993453,-0.05560772881560886,0.03509938045216791,-0.07545768277048777,0.022476812289536154,0.24105282019569163,0.03729217929015572,0.30821579711144803,0.25158746176248153
2025-08-24T19:11:03.813000,0.0,0.04273564903996885,0.10476735606789589,31.021113083103568,389.12,49.7,0.6208000080801956,0.3338376902289133,0.07278369035752898,0.19973871193330672,0.4003561828444736,-0.00049995513570794,0.1003584811124867,0.08385736843993453,-0.05560772881560886,0.03509938045216791,-0.07545768277048777,0.022476812289536154,0.24105282019569163,0.03729217929015572,0.30821579711144803,0.25158746176248153
2025-08-24T19:11:04.812000,0.0,0.042667648987844586,0.10246085980907083,34.159385413337276,389.12,49.7,0.6208000080801956,0.3338376902289133,0.07278369035752898,0.19973871193330672,0.4003561828444736,-0.00049995513570794,0.1003584811124867,0.08385736843993453,-0.05560772881560886,0.03509938045216791,-0.07545768277048777,0.022476812289536154,0.24105282019569163,0.03729217929015572,0.30821579711144803,0.25158746176248153
2025-08-24T19:11:05.822000,0.0,0.04199255700223148,0.10232235910370946,31.762363851541053,389.12,49.7,0.6208000080801956,0.3338376902289133,0.07278369035752898,0.19973871193330672,0.4003561828444736,-0.00049995513570794,0.1003584811124867,0.08385736843993453,-0.05560772881560886,0.03509938045216791,-0.07545768277048777,0.022476812289536154,0.24105282019569163,0.03729217929015572,0.30821579711144803,0.25158746176248153
2025-08-24T19:11:06.822000,0.0,0.04217333416454494,0.12187543604522943,30.76912068325551,389.12,49.7,0.6208000080801956,0.3338376902289133,0.07278369035752898,0.19973871193330672,0.4003561828444736,-0.00049995513570794,0.1003584811124867,0.08385736843993453,-0.05560772881560886,0.03509938045216791,-0.07545768277048777,0.022476812289536154,0.24105282019569163,0.03729217929015572,0.30821579711144803,0.25158746176248153
2025-08-24T19:11:07.833000,0.0,0.06372259301133454,0.11423520813696086,28.450072906624623,389.12,49.7,0.6208000080801956,0.3338376902289133,0.07278369035752898,0.19973871193330672,0.4003561828444736,-0.00049995513570794,0.1003584811124867,0.08385736843993453,-0.05560772881560886,0.03509938045216791,-0.07545768277048777,0.022476812289536154,0.24105282019569163,0.03729217929015572,0.30821579711144803,0.25158746176248153
2025-08-24T19:11:08.833000,0.0,0.055349441012367606,0.10036615887656808,32.38143251050309,389.12,49.7,0.6208000080801956,0.3338376902289133,0.07278369035752898,0.19973871193330672,0.4003561828444736,-0.00049995513570794,0.1003584811124867,0.08385736843993453,-0.05560772881560886,0.03509938045216791,-0.07545768277048777,0.022476812289536154,0.24105282019569163,0.03729217929015572,0.30821579711144803,0.25158746176248153
2025-08-24T19:11:09.842000,0.0,0.04343203501775861,0.09945349302142859,32.678590779106806,389.12,49.7,0.6208000080801956,0.3338376902289133,0.07278369035752898,0.19973871193330672,0.4003561828444736,-0.00049995513570794,0.1003584811124867,0.08385736843993453,-0.05560772881560886,0.03509938045216791,-0.07545768277048777,0.022476812289536154,0.24105282019569163,0.03729217929015572,0.30821579711144803,0.25158746176248153
2025-08-24T19:11:10.843000,0.0,0.0426701670512557,0.0999856588896364,30.004302950199722,389.12,49.7,0.6208000080801956,0.3338376902289133,0.07278369035752898,0.19973871193330672,0.4003561828444736,-0.00049995513570794,0.1003584811124867,0.08385736843993453,-0.05560772881560886,0.03509938045216791,-0.07545768277048777,0.022476812289536154,0.24105282019569163,0.03729217929015572,0.30821579711144803,0.25158746176248153
2025-08-24T19:11:11.833000,0.0,0.042445222148671746,0.103705724934116,33.74934221060173,389.12,49.7,0.6208000080801956,0.3338376902289133,0.07278369035752898,0.19973871193330672,0.4003561828444736,-0.00049995513570794,0.1003584811124867,0.08385736843993453,-0.05560772881560886,0.03509938045216791,-0.07545768277048777,0.022476812289536154,0.24105282019569163,0.03729217929015572,0.30821579711144803,0.25158746176248153
2025-08-24T19:11:12.822000,0.0,0.04336816421709955,0.10200754296965897,29.409589846628712,389.12,49.7,0.6208000080801956,0.3338376902289133,0.07278369035752898,0.19973871193330672,0.4003561828444736,-0.00049995513570794,0.1003584811124867,0.08385736843993453,-0.05560772881560886,0.03509938045216791,-0.07545768277048777,0.022476812289536154,0.24105282019569163,0.03729217929015572,0.30821579711144803,0.25158746176248153
2025-08-24T19:11:13.833000,0.0,0.04313122108578682,0.1018506910186261,31.909454589813503,389.12,49.7,0.6208000080801956,0.3338376902289133,0.07278369035752898,0.19973871193330672,0.4003561828444736,-0.00049995513570794,0.1003584811124867,0.08385736843993453,-0.05560772881560886,0.03509938045216791,-0.07545768277048777,0.022476812289536154,0.24105282019569163,0.03729217929015572,0.30821579711144803,0.25158746176248153
2025-08-24T19:11:14.833000,0.0,0.04209585185162723,0.1021645050495863,29.3644059504219,389.12,49.7,0.6208000080801956,0.3338376902289133,0.07278369035752898,0.19973871193330672,0.4003561828444736,-0.00049995513570794,0.1003584811124867,0.08385736843993453,-0.05560772881560886,0.03509938045216791,-0.07545768277048777,0.022476812289536154,0.24105282019569163,0.03729217929015572,0.30821579711144803,0.25158746176248153
2025-08-24T19:11:15.833000,0.0,0.04293294297531247,0.09997615707106888,32.50775079992053,389.12,49.7,0.6208000080801956,0.3338376902289133,0.07278369035752898,0.19973871193330672,0.4003561828444736,-0.00049995513570794,0.1003584811124867,0.08385736843993453,-0.05560772881560886,0.03509938045216791,-0.07545768277048777,0.022476812289536154,0.24105282019569163,0.03729217929015572,0.30821579711144803,0.25158746176248153
2025-08-24T19:11:16.843000,0.0,0.04291764716617763,0.10034191608428955,32.38925592441248,389.12,49.7,0.6208000080801956,0.3338376902289133,0.07278369035752898,0.19973871193330672,0.4003561828444736,-0.00049995513570794,0.1003584811124867,0.08385736843993453,-0.05560772881560886,0.03509938045216791,-0.07545768277048777,0.022476812289536154,0.24105282019569163,0.03729217929015572,0.30821579711144803,0.25158746176248153
2025-08-24T19:11:17.843000,0.0,0.04286307212896645,0.105731553863734,33.10270086932409,389.12,49.7,0.6208000080801956,0.3338376902289133,0.07278369035752898,0.19973871193330672,0.4003561828444736,-0.00049995513570794,0.1003584811124867,0.08385736843993453,-0.05560772881560886,0.03509938045216791,-0.07545768277048777,0.022476812289536154,0.24105282019569163,0.03729217929015572,0.30821579711144803,0.25158746176248153
2025-08-24T19:11:18.814000,0.0,0.0430223501753062,0.10378107498399913,31.315921525202413,389.12,49.7,0.6208000080801956,0.3338376902289133,0.07278369035752898,0.19973871193330672,0.4003561828444736,-0.00049995513570794,0.1003584811124867,0.08385736843993453,-0.05560772881560886,0.03509938045216791,-0.07545768277048777,0.022476812289536154,0.24105282019569163,0.03729217929015572,0.30821579711144803,0.25158746176248153
2025-08-24T19:11:19.814000,0.0,0.04300766484811902,0.10440111113712192,31.129936880953103,389.12,49.7,0.6208000080801956,0.3338376902289133,0.07278369035752898,0.19973871193330672,0.4003561828444736,-0.00049995513570794,0.1003584811124867,0.08385736843993453,-0.05560772881560886,0.03509938045216791,-0.07545768277048777,0.022476812289536154,0.24105282019569163,0.03729217929015572,0.30821579711144803,0.25158746176248153
2025-08-24T19:11:20.814000,0.0,0.04234740696847439,0.09968682308681309,35.109956277290635,389.12,49.7,0.6208000080801956,0.3338376902289133,0.07278369035752898,0.19973871193330672,0.4003561828444736,-0.00049995513570794,0.1003584811124867,0.08385736843993453,-0.05560772881560886,0.03509938045216791,-0.07545768277048777,0.022476812289536154,0.24105282019569163,0.03729217929015572,0.30821579711144803,0.25158746176248153
2025-08-24T19:11:21.814000,0.0,0.04247196181677282,0.10393931600265205,33.673494637108355,389.12,49.7,0.6208000080801956,0.3338376902289133,0.07278369035752898,0.19973871193330672,0.4003561828444736,-0.00049995513570794,0.1003584811124867,0.08385736843993453,-0.05560772881560886,0.03509938045216791,-0.07545768277048777,0.022476812289536154,0.24105282019569163,0.03729217929015572,0.30821579711144803,0.25158746176248153
2025-08-24T19:11:22.823000,0.0,0.042931849835440516,0.099873618921265,32.541125825851864,389.12,49.7,0.6208000080801956,0.3338376902289133,0.07278369035752898,0.19973871193330672,0.4003561828444736,-0.00049995513570794,0.1003584811124867,0.08385736843993453,-0.05560772881560886,0.03509938045216791,-0.07545768277048777,0.022476812289536154,0.24105282019569163,0.03729217929015572,0.30821579711144803,0.25158746176248153
2025-08-24T19:11:23.815000,0.0,0.04280759091489017,0.10492155398242176,33.35825545041388,389.12,49.7,0.6208000080801956,0.3338376902289133,0.07278369035752898,0.19973871193330672,0.4003561828444736,-0.00049995513570794,0.1003584811124867,0.08385736843993453,-0.05560772881560886,0.03509938045216791,-0.07545768277048777,0.022476812289536154,0.24105282019569163,0.03729217929015572,0.30821579711144803,0.25158746176248153
2025-08-24T19:11:24.815000,0.0,0.042897256789729,0.10211398499086499,34.275422708389264,389.12,49.7,0.6208000080801956,0.3338376902289133,0.07278369035752898,0.19973871193330672,0.4003561828444736,-0.00049995513570794,0.1003584811124867,0.08385736843993453,-0.05560772881560886,0.03509938045216791,-0.07545768277048777,0.022476812289536154,0.24105282019569163,0.03729217929015572,0.30821579711144803,0.25158746176248153
2025-08-24T19:11:25.825000,0.0,0.04235492506995797,0.10351894493214786,33.810236399666856,389.12,49.7,0.6208000080801956,0.3338376902289133,0.07278369035752898,0.19973871193330672,0.4003561828444736,-0.00049995513570794,0.1003584811124867,0.08385736843993453,-0.05560772881560886,0.03509938045216791,-0.07545768277048777,0.022476812289536154,0.24105282019569163,0.03729217929015572,0.30821579711144803,0.25158746176248153
2025-08-24T19:11:26.826000,0.0,0.042700422927737236,0.104205610929057,33.587442833406726,389.12,49.7,0.6208000080801956,0.3338376902289133,0.07278369035752898,0.19973871193330672,0.4003561828444736,-0.00049995513570794,0.1003584811124867,0.08385736843993453,-0.05560772881560886,0.03509938045216791,-0.07545768277048777,0.022476812289536154,0.24105282019569163,0.03729217929015572,0.30821579711144803,0.25158746176248153
2025-08-24T19:11:27.824000,0.0,0.04299614508636296,0.10488453507423401,30.98645570292824,389.12,49.7,0.6208000080801956,0.3338376902289133,0.07278369035752898,0.19973871193330672,0.4003561828444736,-0.00049995513570794,0.1003584811124867,0.08385736843993453,-0.05560772881560886,0.03509938045216791,-0.07545768277048777,0.022476812289536154,0.24105282019569163,0.03729217929015572,0.30821579711144803,0.25158746176248153
2025-08-24T19:11:28.825000,0.0,0.04356793989427388,0.1045197572093457,31.09459959317026,389.12,49.7,0.6208000080801956,0.3338376902289133,0.07278369035752898,0.19973871193330672,0.4003561828444736,-0.00049995513570794,0.1003584811124867,0.08385736843993453,-0.05560772881560886,0.03509938045216791,-0.07545768277048777,0.022476812289536154,0.24105282019569163,0.03729217929015572,0.30821579711144803,0.25158746176248153
2025-08-24T19:11:29.824000,0.0,0.043111088918522,0.10247383383102715,29.27576619165859,389.12,49.7,0.6208000080801956,0.3338376902289133,0.07278369035752898,0.19973871193330672,0.4003561828444736,-0.00049995513570794,0.1003584811124867,0.08385736843993453,-0.05560772881560886,0.03509938045216791,-0.07545768277048777,0.022476812289536154,0.24105282019569163,0.03729217929015572,0.30821579711144803,0.25158746176248153
2025-08-24T19:11:30.833000,0.0,0.043455458944663405,0.09983567311428487,32.55349414311659,389.12,49.7,0.6208000080801956,0.3338376902289133,0.07278369035752898,0.19973871193330672,0.4003561828444736,-0.00049995513570794,0.1003584811124867,0.08385736843993453,-0.05560772881560886,0.03509938045216791,-0.07545768277048777,0.022476812289536154,0.24105282019569163,0.03729217929015572,0.30821579711144803,0.25158746176248153
2025-08-24T19:11:31.846000,0.0,0.042455794056877494,0.09925180301070213,30.226151152906922,389.12,49.7,0.6208000080801956,0.3338376902289133,0.07278369035752898,0.19973871193330672,0.4003561828444736,-0.00049995513570794,0.1003584811124867,0.08385736843993453,-0.05560772881560886,0.03509938045216791,-0.07545768277048777,0.022476812289536154,0.24105282019569163,0.03729217929015572,0.30821579711144803,0.25158746176248153
2025-08-24T19:11:32.815000,0.0,0.04267914593219757,0.09941787598654628,32.69029807516489,389.12,49.7,0.6208000080801956,0.3338376902289133,0.07278369035752898,0.19973871193330672,0.4003561828444736,-0.00049995513570794,0.1003584811124867,0.08385736843993453,-0.05560772881560886,0.03509938045216791,-0.07545768277048777,0.022476812289536154,0.24105282019569163,0.03729217929015572,0.30821579711144803,0.25158746176248153
2025-08-24T19:11:33.835000,0.0,0.0430174230132252,0.09970217198133469,32.59708324717751,389.12,49.7,0.6208000080801956,0.3338376902289133,0.07278369035752898,0.19973871193330672,0.4003561828444736,-0.00049995513570794,0.1003584811124867,0.08385736843993453,-0.05560772881560886,0.03509938045216791,-0.07545768277048777,0.022476812289536154,0.24105282019569163,0.03729217929015572,0.30821579711144803,0.25158746176248153
2025-08-24T19:11:34.845000,0.0,0.04246708983555436,0.09875057986937463,27.84793774008854,389.12,49.7,0.6208000080801956,0.3338376902289133,0.07278369035752898,0.19973871193330672,0.4003561828444736,-0.00049995513570794,0.1003584811124867,0.08385736843993453,-0.05560772881560886,0.03509938045216791,-0.07545768277048777,0.022476812289536154,0.24105282019569163,0.03729217929015572,0.30821579711144803,0.25158746176248153
2025-08-24T19:11:35.856000,0.0,0.042325237998738885,0.10093702096492052,32.1982952234094,389.12,49.7,0.6208000080801956,0.3338376902289133,0.07278369035752898,0.19973871193330672,0.4003561828444736,-0.00049995513570794,0.1003584811124867,0.08385736843993453,-0.05560772881560886,0.03509938045216791,-0.07545768277048777,0.022476812289536154,0.24105282019569163,0.03729217929015572,0.30821579711144803,0.25158746176248153
2025-08-24T19:11:36.835000,0.0,0.04268082999624312,0.1012297251727432,32.105194343401706,389.12,49.7,0.6208000080801956,0.3338376902289133,0.07278369035752898,0.19973871193330672,0.4003561828444736,-0.00049995513570794,0.1003584811124867,0.08385736843993453,-0.05560772881560886,0.03509938045216791,-0.07545768277048777,0.022476812289536154,0.24105282019569163,0.03729217929015572,0.30821579711144803,0.25158746176248153
2025-08-24T19:11:37.834000,0.0,0.043044921942055225,0.10026944801211357,32.412664719240716,389.12,49.7,0.6208000080801956,0.3338376902289133,0.07278369035752898,0.19973871193330672,0.4003561828444736,-0.00049995513570794,0.1003584811124867,0.08385736843993453,-0.05560772881560886,0.03509938045216791,-0.07545768277048777,0.022476812289536154,0.24105282019569163,0.03729217929015572,0.30821579711144803,0.25158746176248153
2025-08-24T19:11:38.847000,0.0,0.04240784887224436,0.0995820970274508,32.636388437413295,389.12,49.7,0.6208000080801956,0.3338376902289133,0.07278369035752898,0.19973871193330672,0.4003561828444736,-0.00049995513570794,0.1003584811124867,0.08385736843993453,-0.05560772881560886,0.03509938045216791,-0.07545768277048777,0.022476812289536154,0.24105282019569163,0.03729217929015572,0.30821579711144803,0.25158746176248153
2025-08-24T19:11:39.845000,0.0,0.042495589004829526,0.09754160000011325,30.756108163045738,389.12,49.7,0.6208000080801956,0.3338376902289133,0.07278369035752898,0.19973871193330672,0.4003561828444736,-0.00049995513570794,0.1003584811124867,0.08385736843993453,-0.05560772881560886,0.03509938045216791,-0.07545768277048777,0.022476812289536154,0.24105282019569163,0.03729217929015572,0.30821579711144803,0.25158746176248153
2025-08-24T19:11:40.855000,0.0,0.041867591207847,0.09798578498885036,33.168076373219606,389.12,49.7,0.6208000080801956,0.3338376902289133,0.07278369035752898,0.19973871193330672,0.4003561828444736,-0.00049995513570794,0.1003584811124867,0.08385736843993453,-0.05560772881560886,0.03509938045216791,-0.07545768277048777,0.022476812289536154,0.24105282019569163,0.03729217929015572,0.30821579711144803,0.25158746176248153
2025-08-24T19:11:41.856000,0.0,0.04219897906295955,0.09804222802631557,33.14898146875692,389.12,49.7,0.6208000080801956,0.3338376902289133,0.07278369035752898,0.19973871193330672,0.4003561828444736,-0.00049995513570794,0.1003584811124867,0.08385736843993453,-0.05560772881560886,0.03509938045216791,-0.07545768277048777,0.022476812289536154,0.24105282019569163,0.03729217929015572,0.30821579711144803,0.25158746176248153
2025-08-24T19:11:42.856000,0.0,0.043087624944746494,0.10048598400317132,29.854909913658656,389.12,49.7,0.6208000080801956,0.3338376902289133,0.07278369035752898,0.19973871193330672,0.4003561828444736,-0.00049995513570794,0.1003584811124867,0.08385736843993453,-0.05560772881560886,0.03509938045216791,-0.07545768277048777,0.022476812289536154,0.24105282019569163,0.03729217929015572,0.30821579711144803,0.25158746176248153
2025-08-24T19:12:22.533000,0.0,,0.38154745497740805,5.897038417234947,368.64,47.9,0.5681462982730142,0.3857045216303616,0.08036336991299459,-0.1214358775843198
2025-08-24T19:12:23.533000,0.0,0.014903082977980375,0.07772881397977471,25.730483942806693,368.64,47.9,0.5681462982730142,0.3857045216303616,0.08036336991299459,-0.1214358775843198
2025-08-24T19:12:24.534000,0.0,0.012497680028900504,0.07763753598555923,28.980827011543774,368.64,47.9,0.5681462982730142,0.3857045216303616,0.08036336991299459,-0.1214358775843198
2025-08-24T19:12:25.533000,0.0,0.012048420961946249,0.07429396803490818,26.92008588180767,368.64,47.9,0.5681462982730142,0.3857045216303616,0.08036336991299459,-0.1214358775843198
2025-08-24T19:12:26.545000,0.0,0.010963959852233529,0.0776344989426434,28.981960734522772,368.64,47.9,0.5681462982730142,0.3857045216303616,0.08036336991299459,-0.1214358775843198
2025-08-24T19:12:27.534000,0.0,0.0121716249268502,0.07764790602959692,28.9769565600696,368.64,47.9,0.5681462982730142,0.3857045216303616,0.08036336991299459,-0.1214358775843198
2025-08-24T19:12:28.534000,0.0,0.012118365848436952,0.0784060899168253,25.50822266639799,368.64,47.9,0.5681462982730142,0.3857045216303616,0.08036336991299459,-0.1214358775843198
2025-08-24T19:12:29.535000,0.0,0.01277743885293603,0.07481250399723649,26.733498989338468,368.64,47.9,0.5681462982730142,0.3857045216303616,0.08036336991299459,-0.1214358775843198
2025-08-24T19:12:30.545000,0.0,0.010887590004131198,0.07413794915191829,26.976737593614057,368.64,47.9,0.5681462982730142,0.3857045216303616,0.08036336991299459,-0.1214358775843198
2025-08-24T19:12:31.544000,0.0,0.010857868008315563,0.08023195597343147,24.927723320895915,368.64,47.9,0.5681462982730142,0.3857045216303616,0.08036336991299459,-0.1214358775843198
2025-08-24T19:12:32.514000,0.0,0.014347805874422193,0.08021569717675447,28.04937286828218,368.64,47.9,0.5681462982730142,0.3857045216303616,0.08036336991299459,-0.1214358775843198
2025-08-24T19:12:33.535000,0.0,0.014838046161457896,0.0791057541500777,25.282610873105966,368.64,47.9,0.5681462982730142,0.3857045216303616,0.08036336991299459,-0.1214358775843198
2025-08-24T19:12:34.536000,0.0,0.014735194155946374,0.07966169691644609,25.10616867850149,368.64,47.9,0.5681462982730142,0.3857045216303616,0.08036336991299459,-0.1214358775843198
2025-08-24T19:12:35.545000,0.0,0.01457769307307899,0.08452900312840939,26.618082749443815,368.64,47.9,0.5681462982730142,0.3857045216303616,0.08036336991299459,-0.1214358775843198
2025-08-24T19:12:36.515000,0.0,0.014257806120440364,0.07966051204130054,25.106542109132917,368.64,47.9,0.5681462982730142,0.3857045216303616,0.08036336991299459,-0.1214358775843198
2025-08-24T19:12:37.545000,0.0,0.014956766972318292,0.10522159188985825,26.135320238060793,368.64,47.9,0.5681462982730142,0.3857045216303616,0.08036336991299459,-0.1214358775843198
2025-08-24T19:12:38.515000,0.0,0.017859983956441283,0.10490364790894091,26.21453166611614,368.64,47.9,0.5681462982730142,0.3857045216303616,0.08036336991299459,-0.1214358775843198
2025-08-24T19:12:39.514000,0.0,0.01821464905515313,0.08388852211646736,29.80145479889536,368.64,47.9,0.5681462982730142,0.3857045216303616,0.08036336991299459,-0.1214358775843198
2025-08-24T19:12:40.524000,0.0,0.014416785910725594,0.08101102709770203,27.773996708947053,368.64,47.9,0.5681462982730142,0.3857045216303616,0.08036336991299459,-0.1214358775843198
2025-08-24T19:12:41.536000,0.0,0.014731063973158598,0.07946708588860929,28.313609022405444,368.64,47.9,0.5681462982730142,0.3857045216303616,0.08036336991299459,-0.1214358775843198
2025-08-24T19:12:42.536000,0.0,0.014540676027536392,0.08250017208047211,27.2726703867394,368.64,47.9,0.5681462982730142,0.3857045216303616,0.08036336991299459,-0.1214358775843198
2025-08-24T19:12:43.525000,0.0,0.014413194032385945,0.08294026320800185,27.12795827953103,368.64,47.9,0.5681462982730142,0.3857045216303616,0.08036336991299459,-0.1214358775843198
2025-08-24T19:12:44.527000,0.0,0.014299639035016298,0.08171141380444169,24.476384716419258,368.64,47.9,0.5681462982730142,0.3857045216303616,0.08036336991299459,-0.1214358775843198
2025-08-24T19:12:45.526000,0.0,0.01312004798091948,0.07996373204514384,25.011338876365773,368.64,47.9,0.5681462982730142,0.3857045216303616,0.08036336991299459,-0.1214358775843198
2025-08-24T19:12:46.536000,0.0,0.013980750925838947,0.08382266899570823,23.859894035376076,368.64,47.9,0.5681462982730142,0.3857045216303616,0.08036336991299459,-0.1214358775843198
2025-08-24T19:12:47.537000,0.0,0.017163188895210624,0.08472372312098742,23.606139181867114,368.64,47.9,0.5681462982730142,0.3857045216303616,0.08036336991299459,-0.1214358775843198
2025-08-24T19:12:48.532000,0.0,0.017940428107976913,0.0838254471309483,26.84149118208876,368.64,47.9,0.5681462982730142,0.3857045216303616,0.08036336991299459,-0.1214358775843198
2025-08-24T19:12:49.533000,0.0,0.017933723982423544,0.08381839096546173,29.826389783957886,368.64,47.9,0.5681462982730142,0.3857045216303616,0.08036336991299459,-0.1214358775843198
2025-08-24T19:12:50.533000,0.0,0.01776431710459292,0.08302889205515385,27.09900065275329,368.64,47.9,0.5681462982730142,0.3857045216303616,0.08036336991299459,-0.1214358775843198
2025-08-24T19:12:51.523000,0.0,0.014270508894696832,0.08400677889585495,26.783552822437944,368.64,47.9,0.5681462982730142,0.3857045216303616,0.08036336991299459,-0.1214358775843198
2025-08-24T19:12:52.533000,0.0,0.016754799988120794,0.08889871300198138,25.3097027394519,368.64,47.9,0.5681462982730142,0.3857045216303616,0.08036336991299459,-0.1214358775843198
2025-08-24T19:12:53.543000,0.0,0.012035198975354433,0.07561342394910753,26.450329789934774,368.64,47.9,0.5681462982730142,0.3857045216303616,0.08036336991299459,-0.1214358775843198
2025-08-24T19:12:54.552000,0.0,0.01071821991354227,0.08002136019058526,28.117492562501024,368.64,47.9,0.5681462982730142,0.3857045216303616,0.08036336991299459,-0.1214358775843198
2025-08-24T19:12:55.523000,0.0,0.010813553119078279,0.0759811270982027,26.322326035188105,368.64,47.9,0.5681462982730142,0.3857045216303616,0.08036336991299459,-0.1214358775843198
2025-08-24T19:12:56.542000,0.0,0.010762460064142942,0.07775405002757907,28.937399392082213,368.64,47.9,0.5681462982730142,0.3857045216303616,0.08036336991299459,-0.1214358775843198
2025-08-24T19:12:57.543000,0.0,0.011305032996460795,0.08156417100690305,30.650713041494203,368.64,47.9,0.5681462982730142,0.3857045216303616,0.08036336991299459,-0.1214358775843198
2025-08-24T19:12:58.514000,0.0,0.01080460799857974,0.08054346987046301,24.831311628571882,368.64,47.9,0.5681462982730142,0.3857045216303616,0.08036336991299459,-0.1214358775843198
2025-08-24T19:12:59.514000,0.0,0.010919052874669433,0.08128959685564041,30.75424281460893,368.64,47.9,0.5681462982730142,0.3857045216303616,0.08036336991299459,-0.1214358775843198
2025-08-24T19:13:00.514000,0.0,0.010865866905078292,0.07996148895472288,28.138545560026134,368.64,47.9,0.5681462982730142,0.3857045216303616,0.08036336991299459,-0.1214358775843198
2025-08-24T19:13:01.523000,0.0,0.010890923207625747,0.08116037514992058,27.72288811927945,368.64,47.9,0.5681462982730142,0.3857045216303616,0.08036336991299459,-0.1214358775843198
2025-08-24T19:13:02.514000,0.0,0.010771200992166996,0.08161959587596357,27.566909341468655,368.64,47.9,0.5681462982730142,0.3857045216303616,0.08036336991299459,-0.1214358775843198
2025-08-24T19:13:03.514000,0.0,0.010812812019139528,0.08013235800899565,28.078544746524248,368.64,47.9,0.5681462982730142,0.3857045216303616,0.08036336991299459,-0.1214358775843198
2025-08-24T19:13:04.514000,0.0,0.010851664002984762,0.0797359140124172,25.08280020078014,368.64,47.9,0.5681462982730142,0.3857045216303616,0.08036336991299459,-0.1214358775843198
2025-08-24T19:13:05.525000,0.0,0.011451459024101496,0.0804013020824641,27.98462141436912,368.64,47.9,0.5681462982730142,0.3857045216303616,0.08036336991299459,-0.1214358775843198
2025-08-24T19:13:45.939000,0.0,,0.3880307669751346,7.087066887601345,378.88,49.1,0.48173830050593663,0.5243297118041318,0.047778105728396025,-0.08824837595326906,0.07737249547625216,0.09352849604527487,0.1328785384908508
2025-08-24T19:13:46.939000,0.0,0.022575045935809612,0.08340088208205998,26.978131931340627,378.88,49.1,0.48173830050593663,0.5243297118041318,0.047778105728396025,-0.08824837595326906,0.07737249547625216,0.09352849604527487,0.1328785384908508
2025-08-24T19:13:47.922000,0.0,0.019815606996417046,0.08322956692427397,30.037402480714633,378.88,49.1,0.48173830050593663,0.5243297118041318,0.047778105728396025,-0.08824837595326906,0.07737249547625216,0.09352849604527487,0.1328785384908508
2025-08-24T19:13:48.923000,0.0,0.019332218915224075,0.08368601114489138,29.87357105205567,378.88,49.1,0.48173830050593663,0.5243297118041318,0.047778105728396025,-0.08824837595326906,0.07737249547625216,0.09352849604527487,0.1328785384908508
2025-08-24T19:13:49.922000,0.0,0.019583495799452066,0.08459535986185074,26.597203483434324,378.88,49.1,0.48173830050593663,0.5243297118041318,0.047778105728396025,-0.08824837595326906,0.07737249547625216,0.09352849604527487,0.1328785384908508
2025-08-24T19:13:50.922000,0.0,0.020062624011188745,0.0842640099581331,29.668656894469247,378.88,49.1,0.48173830050593663,0.5243297118041318,0.047778105728396025,-0.08824837595326906,0.07737249547625216,0.09352849604527487,0.1328785384908508
2025-08-24T19:13:51.924000,0.0,0.01965732895769179,0.08444943488575518,29.60351366923934,378.88,49.1,0.48173830050593663,0.5243297118041318,0.047778105728396025,-0.08824837595326906,0.07737249547625216,0.09352849604527487,0.1328785384908508
2025-08-24T19:13:52.922000,0.0,0.019880829146131873,0.08541011810302734,32.19759041525682,378.88,49.1,0.48173830050593663,0.5243297118041318,0.047778105728396025,-0.08824837595326906,0.07737249547625216,0.09352849604527487,0.1328785384908508
2025-08-24T19:13:53.902000,0.0,0.01834966498427093,0.08628974598832428,28.972156208899513,378.88,49.1,0.48173830050593663,0.5243297118041318,0.047778105728396025,-0.08824837595326906,0.07737249547625216,0.09352849604527487,0.1328785384908508
2025-08-24T19:13:54.902000,0.0,0.018296388210728765,0.08705144701525569,28.71864955400303,378.88,49.1,0.48173830050593663,0.5243297118041318,0.047778105728396025,-0.08824837595326906,0.07737249547625216,0.09352849604527487,0.1328785384908508
2025-08-24T19:13:55.902000,0.0,0.018391442950814962,0.0850989141035825,26.43982033967312,378.88,49.1,0.48173830050593663,0.5243297118041318,0.047778105728396025,-0.08824837595326906,0.07737249547625216,0.09352849604527487,0.1328785384908508
2025-08-24T19:13:56.902000,0.0,0.018281351076439023,0.0889876470901072,28.093786966505398,378.88,49.1,0.48173830050593663,0.5243297118041318,0.047778105728396025,-0.08824837595326906,0.07737249547625216,0.09352849604527487,0.1328785384908508
2025-08-24T19:13:57.893000,0.0,0.02005342091433704,0.08865961013361812,28.19773283722163,378.88,49.1,0.48173830050593663,0.5243297118041318,0.047778105728396025,-0.08824837595326906,0.07737249547625216,0.09352849604527487,0.1328785384908508
2025-08-24T19:13:58.893000,0.0,0.019767644116654992,0.08608141099102795,31.946502367237116,378.88,49.1,0.48173830050593663,0.5243297118041318,0.047778105728396025,-0.08824837595326906,0.07737249547625216,0.09352849604527487,0.1328785384908508
2025-08-24T19:13:59.904000,0.0,0.018297240138053894,0.08701276080682874,28.731417976152663,378.88,49.1,0.48173830050593663,0.5243297118041318,0.047778105728396025,-0.08824837595326906,0.07737249547625216,0.09352849604527487,0.1328785384908508
2025-08-24T19:14:00.903000,0.0,0.018551904940977693,0.08432910009287298,29.645756888745424,378.88,49.1,0.48173830050593663,0.5243297118041318,0.047778105728396025,-0.08824837595326906,0.07737249547625216,0.09352849604527487,0.1328785384908508
2025-08-24T19:14:01.914000,0.0,0.018749126931652427,0.08555954182520509,29.219417807395427,378.88,49.1,0.48173830050593663,0.5243297118041318,0.047778105728396025,-0.08824837595326906,0.07737249547625216,0.09352849604527487,0.1328785384908508
2025-08-24T19:14:02.905000,0.0,0.01833855384029448,0.08491924707777798,29.439733464785345,378.88,49.1,0.48173830050593663,0.5243297118041318,0.047778105728396025,-0.08824837595326906,0.07737249547625216,0.09352849604527487,0.1328785384908508
2025-08-24T19:14:03.903000,0.0,0.01842642412520945,0.0832988431211561,30.0124216174749,378.88,49.1,0.48173830050593663,0.5243297118041318,0.047778105728396025,-0.08824837595326906,0.07737249547625216,0.09352849604527487,0.1328785384908508
2025-08-24T19:14:04.914000,0.0,0.019423051038756967,0.08467306196689606,29.525328858160293,378.88,49.1,0.48173830050593663,0.5243297118041318,0.047778105728396025,-0.08824837595326906,0.07737249547625216,0.09352849604527487,0.1328785384908508
2025-08-24T19:14:05.913000,0.0,0.019452681066468358,0.08313645399175584,30.07104440908559,378.88,49.1,0.48173830050593663,0.5243297118041318,0.047778105728396025,-0.08824837595326906,0.07737249547625216,0.09352849604527487,0.1328785384908508
2025-08-24T19:14:06.923000,0.0,0.019060460152104497,0.08394684107042849,29.780751343610678,378.88,49.1,0.48173830050593663,0.5243297118041318,0.047778105728396025,-0.08824837595326906,0.07737249547625216,0.09352849604527487,0.1328785384908508
2025-08-24T19:14:07.924000,0.0,0.019256070954725146,0.08809694298543036,31.21561210648122,378.88,49.1,0.48173830050593663,0.5243297118041318,0.047778105728396025,-0.08824837595326906,0.07737249547625216,0.09352849604527487,0.1328785384908508
2025-08-24T19:14:08.923000,0.0,0.024401707807555795,0.09204002702608705,24.44588591181395,378.88,49.1,0.48173830050593663,0.5243297118041318,0.047778105728396025,-0.08824837595326906,0.07737249547625216,0.09352849604527487,0.1328785384908508
2025-08-24T19:14:09.924000,0.0,0.022424786118790507,0.08318265690468252,27.048907593541166,378.88,49.1,0.48173830050593663,0.5243297118041318,0.047778105728396025,-0.08824837595326906,0.07737249547625216,0.09352849604527487,0.1328785384908508
2025-08-24T19:14:10.925000,0.0,0.01962031004950404,0.08904225612059236,25.268901508433927,378.88,49.1,0.48173830050593663,0.5243297118041318,0.047778105728396025,-0.08824837595326906,0.07737249547625216,0.09352849604527487,0.1328785384908508
2025-08-24T19:14:11.894000,0.0,0.01969593996182084,0.08980962401255965,30.62032638746383,378.88,49.1,0.48173830050593663,0.5243297118041318,0.047778105728396025,-0.08824837595326906,0.07737249547625216,0.09352849604527487,0.1328785384908508
2025-08-24T19:14:12.894000,0.0,0.019788883859291673,0.08877649600617588,28.160606832534533,378.88,49.1,0.48173830050593663,0.5243297118041318,0.047778105728396025,-0.08824837595326906,0.07737249547625216,0.09352849604527487,0.1328785384908508
2025-08-24T19:14:13.895000,0.0,0.01953873597085476,0.09305839519947767,26.864851845349936,378.88,49.1,0.48173830050593663,0.5243297118041318,0.047778105728396025,-0.08824837595326906,0.07737249547625216,0.09352849604527487,0.1328785384908508
2025-08-24T19:14:14.894000,0.0,0.022979672998189926,0.09467707690782845,29.04610165222205,378.88,49.1,0.48173830050593663,0.5243297118041318,0.047778105728396025,-0.08824837595326906,0.07737249547625216,0.09352849604527487,0.1328785384908508
2025-08-24T19:14:15.905000,0.0,0.025000021094456315,0.09313255990855396,26.84345842586819,378.88,49.1,0.48173830050593663,0.5243297118041318,0.047778105728396025,-0.08824837595326906,0.07737249547625216,0.09352849604527487,0.1328785384908508
2025-08-24T19:14:16.906000,0.0,0.024454726139083505,0.09374755900353193,24.00062491136679,378.88,49.1,0.48173830050593663,0.5243297118041318,0.047778105728396025,-0.08824837595326906,0.07737249547625216,0.09352849604527487,0.1328785384908508
2025-08-24T19:14:17.905000,0.0,0.02497779787518084,0.08922358718700707,28.019496624363498,378.88,49.1,0.48173830050593663,0.5243297118041318,0.047778105728396025,-0.08824837595326906,0.07737249547625216,0.09352849604527487,0.1328785384908508
2025-08-24T19:14:18.926000,0.0,0.024828261928632855,0.09430441004224122,29.160884403691018,378.88,49.1,0.48173830050593663,0.5243297118041318,0.047778105728396025,-0.08824837595326906,0.07737249547625216,0.09352849604527487,0.1328785384908508
2025-08-24T19:14:19.896000,0.0,0.024873410118743777,0.09112910111434758,30.176968348994492,378.88,49.1,0.48173830050593663,0.5243297118041318,0.047778105728396025,-0.08824837595326906,0.07737249547625216,0.09352849604527487,0.1328785384908508
2025-08-24T19:14:20.896000,0.0,0.024153207894414663,0.0842475420795381,26.707010607807195,378.88,49.1,0.48173830050593663,0.5243297118041318,0.047778105728396025,-0.08824837595326906,0.07737249547625216,0.09352849604527487,0.1328785384908508
2025-08-24T19:14:21.895000,0.0,0.019112884998321533,0.08658811100758612,31.759556456417602,378.88,49.1,0.48173830050593663,0.5243297118041318,0.047778105728396025,-0.08824837595326906,0.07737249547625216,0.09352849604527487,0.1328785384908508
2025-08-24T19:14:22.895000,0.0,0.019747345941141248,0.08313665515743196,27.06387448159031,378.88,49.1,0.48173830050593663,0.5243297118041318,0.047778105728396025,-0.08824837595326906,0.07737249547625216,0.09352849604527487,0.1328785384908508
2025-08-24T19:14:23.907000,0.0,0.019274051068350673,0.08912529004737735,25.245359637022645,378.88,49.1,0.48173830050593663,0.5243297118041318,0.047778105728396025,-0.08824837595326906,0.07737249547625216,0.09352849604527487,0.1328785384908508
2025-08-24T19:14:24.905000,0.0,0.024910242995247245,0.08947345591150224,27.941247764841947,378.88,49.1,0.48173830050593663,0.5243297118041318,0.047778105728396025,-0.08824837595326906,0.07737249547625216,0.09352849604527487,0.1328785384908508
2025-08-24T19:14:25.926000,0.0,0.024911890970543027,0.08851868007332087,31.066888906637825,378.88,49.1,0.48173830050593663,0.5243297118041318,0.047778105728396025,-0.08824837595326906,0.07737249547625216,0.09352849604527487,0.1328785384908508
2025-08-24T19:14:26.925000,0.0,0.024878854164853692,0.08987506595440209,27.81639126994706,378.88,49.1,0.48173830050593663,0.5243297118041318,0.047778105728396025,-0.08824837595326906,0.07737249547625216,0.09352849604527487,0.1328785384908508
2025-08-24T19:14:27.926000,0.0,0.02495503891259432,0.0881669030059129,28.3553115144849,378.88,49.1,0.48173830050593663,0.5243297118041318,0.047778105728396025,-0.08824837595326906,0.07737249547625216,0.09352849604527487,0.1328785384908508
2025-08-24T19:14:28.936000,0.0,0.024800392100587487,0.09409633418545127,26.568516421403523,378.88,49.1,0.48173830050593663,0.5243297118041318,0.047778105728396025,-0.08824837595326906,0.07737249547625216,0.09352849604527487,0.1328785384908508
2025-08-24T19:15:13.238000,0.0,,0.40982118202373385,7.930287995245104,378.88,49.0,0.5779259305046552,0.42260063905890677,0.09624503569006208,-0.11877946531732983,0.05709983465354353,0.1005970206295805,0.09218354993802343,-0.057439487279103106,0.21462132621198185,0.17293568991732253
2025-08-24T19:15:14.238000,0.0,0.038685914129018784,0.0975774119142443,30.74482035490472,378.88,49.0,0.5779259305046552,0.42260063905890677,0.09624503569006208,-0.11877946531732983,0.05709983465354353,0.1005970206295805,0.09218354993802343,-0.057439487279103106,0.21462132621198185,0.17293568991732253
2025-08-24T19:15:15.237000,0.0,0.02732547582127154,0.09584180498495698,28.693115706988376,378.88,49.0,0.5779259305046552,0.42260063905890677,0.09624503569006208,-0.11877946531732983,0.05709983465354353,0.1005970206295805,0.09218354993802343,-0.057439487279103106,0.21462132621198185,0.17293568991732253
2025-08-24T19:15:16.246000,0.0,0.026838439982384443,0.09595437906682491,31.2648576247964,378.88,49.0,0.5779259305046552,0.42260063905890677,0.09624503569006208,-0.11877946531732983,0.05709983465354353,0.1005970206295805,0.09218354993802343,-0.057439487279103106,0.21462132621198185,0.17293568991732253
2025-08-24T19:15:17.246000,0.0,0.02741493796929717,0.0925822569988668,29.703315615147403,378.88,49.0,0.5779259305046552,0.42260063905890677,0.09624503569006208,-0.11877946531732983,0.05709983465354353,0.1005970206295805,0.09218354993802343,-0.057439487279103106,0.21462132621198185,0.17293568991732253
2025-08-24T19:15:18.247000,0.0,0.026044626953080297,0.09601760003715754,31.244271871397167,378.88,49.0,0.5779259305046552,0.42260063905890677,0.09624503569006208,-0.11877946531732983,0.05709983465354353,0.1005970206295805,0.09218354993802343,-0.057439487279103106,0.21462132621198185,0.17293568991732253
2025-08-24T19:15:19.248000,0.0,0.026966772973537445,0.09753185603767633,33.322445937504845,378.88,49.0,0.5779259305046552,0.42260063905890677,0.09624503569006208,-0.11877946531732983,0.05709983465354353,0.1005970206295805,0.09218354993802343,-0.057439487279103106,0.21462132621198185,0.17293568991732253
2025-08-24T19:15:20.249000,0.0,0.027985529974102974,0.09540999005548656,28.822977535169453,378.88,49.0,0.5779259305046552,0.42260063905890677,0.09624503569006208,-0.11877946531732983,0.05709983465354353,0.1005970206295805,0.09218354993802343,-0.057439487279103106,0.21462132621198185,0.17293568991732253
2025-08-24T19:15:21.247000,0.0,0.026638754876330495,0.09639363596215844,31.12238655649114,378.88,49.0,0.5779259305046552,0.42260063905890677,0.09624503569006208,-0.11877946531732983,0.05709983465354353,0.1005970206295805,0.09218354993802343,-0.057439487279103106,0.21462132621198185,0.17293568991732253
2025-08-24T19:15:22.247000,0.0,0.026955791981890798,0.09636822901666164,31.13059179993168,378.88,49.0,0.5779259305046552,0.42260063905890677,0.09624503569006208,-0.11877946531732983,0.05709983465354353,0.1005970206295805,0.09218354993802343,-0.057439487279103106,0.21462132621198185,0.17293568991732253
2025-08-24T19:15:23.247000,0.0,0.028046901104971766,0.09540573111735284,28.824264200830623,378.88,49.0,0.5779259305046552,0.42260063905890677,0.09624503569006208,-0.11877946531732983,0.05709983465354353,0.1005970206295805,0.09218354993802343,-0.057439487279103106,0.21462132621198185,0.17293568991732253
2025-08-24T19:15:24.248000,0.0,0.027301809983327985,0.09622530289925635,31.176830933344974,378.88,49.0,0.5779259305046552,0.42260063905890677,0.09624503569006208,-0.11877946531732983,0.05709983465354353,0.1005970206295805,0.09218354993802343,-0.057439487279103106,0.21462132621198185,0.17293568991732253
2025-08-24T19:15:25.248000,0.0,0.02703267987817526,0.0977370219770819,28.136727970336832,378.88,49.0,0.5779259305046552,0.42260063905890677,0.09624503569006208,-0.11877946531732983,0.05709983465354353,0.1005970206295805,0.09218354993802343,-0.057439487279103106,0.21462132621198185,0.17293568991732253
2025-08-24T19:15:26.248000,0.0,0.028041529934853315,0.09615948819555342,28.598321929579434,378.88,49.0,0.5779259305046552,0.42260063905890677,0.09624503569006208,-0.11877946531732983,0.05709983465354353,0.1005970206295805,0.09218354993802343,-0.057439487279103106,0.21462132621198185,0.17293568991732253
2025-08-24T19:15:27.248000,0.0,0.027151587884873152,0.09571526711806655,28.73104869056898,378.88,49.0,0.5779259305046552,0.42260063905890677,0.09624503569006208,-0.11877946531732983,0.05709983465354353,0.1005970206295805,0.09218354993802343,-0.057439487279103106,0.21462132621198185,0.17293568991732253
2025-08-24T19:15:28.248000,0.0,0.027563587063923478,0.09595067403279245,31.26606488428304,378.88,49.0,0.5779259305046552,0.42260063905890677,0.09624503569006208,-0.11877946531732983,0.05709983465354353,0.1005970206295805,0.09218354993802343,-0.057439487279103106,0.21462132621198185,0.17293568991732253
2025-08-24T19:15:29.248000,0.0,0.026999403024092317,0.09508978598751128,31.549129791857865,378.88,49.0,0.5779259305046552,0.42260063905890677,0.09624503569006208,-0.11877946531732983,0.05709983465354353,0.1005970206295805,0.09218354993802343,-0.057439487279103106,0.21462132621198185,0.17293568991732253
2025-08-24T19:15:30.248000,0.0,0.026282793143764138,0.09312006784603,29.531765425117513,378.88,49.0,0.5779259305046552,0.42260063905890677,0.09624503569006208,-0.11877946531732983,0.05709983465354353,0.1005970206295805,0.09218354993802343,-0.057439487279103106,0.21462132621198185,0.17293568991732253
2025-08-24T19:15:31.258000,0.0,0.02589883003383875,0.09706204105168581,30.908066299599778,378.88,49.0,0.5779259305046552,0.42260063905890677,0.09624503569006208,-0.11877946531732983,0.05709983465354353,0.1005970206295805,0.09218354993802343,-0.057439487279103106,0.21462132621198185,0.17293568991732253
2025-08-24T19:15:32.249000,0.0,0.02730801305733621,0.09577678400091827,28.712594901637328,378.88,49.0,0.5779259305046552,0.42260063905890677,0.09624503569006208,-0.11877946531732983,0.05709983465354353,0.1005970206295805,0.09218354993802343,-0.057439487279103106,0.21462132621198185,0.17293568991732253
2025-08-24T19:15:33.248000,0.0,0.027631604811176658,0.09677591104991734,30.99944983677364,378.88,49.0,0.5779259305046552,0.42260063905890677,0.09624503569006208,-0.11877946531732983,0.05709983465354353,0.1005970206295805,0.09218354993802343,-0.057439487279103106,0.21462132621198185,0.17293568991732253
2025-08-24T19:15:34.248000,0.0,0.027733511989936233,0.09626189386472106,28.567898361366804,378.88,49.0,0.5779259305046552,0.42260063905890677,0.09624503569006208,-0.11877946531732983,0.05709983465354353,0.1005970206295805,0.09218354993802343,-0.057439487279103106,0.21462132621198185,0.17293568991732253
2025-08-24T19:15:35.249000,0.0,0.027555789100006223,0.09745079907588661,30.784765527308082,378.88,49.0,0.5779259305046552,0.42260063905890677,0.09624503569006208,-0.11877946531732983,0.05709983465354353,0.1005970206295805,0.09218354993802343,-0.057439487279103106,0.21462132621198185,0.17293568991732253
2025-08-24T19:15:36.249000,0.0,0.027366642141714692,0.09674187400378287,28.42616011234698,378.88,49.0,0.5779259305046552,0.42260063905890677,0.09624503569006208,-0.11877946531732983,0.05709983465354353,0.1005970206295805,0.09218354993802343,-0.057439487279103106,0.21462132621198185,0.17293568991732253
2025-08-24T19:15:37.249000,0.0,0.02678169892169535,0.09548817295581102,31.41750341571922,378.88,49.0,0.5779259305046552,0.42260063905890677,0.09624503569006208,-0.11877946531732983,0.05709983465354353,0.1005970206295805,0.09218354993802343,-0.057439487279103106,0.21462132621198185,0.17293568991732253
2025-08-24T19:15:38.250000,0.0,0.025868145981803536,0.09163399692624807,30.010695726973218,378.88,49.0,0.5779259305046552,0.42260063905890677,0.09624503569006208,-0.11877946531732983,0.05709983465354353,0.1005970206295805,0.09218354993802343,-0.057439487279103106,0.21462132621198185,0.17293568991732253
2025-08-24T19:15:39.270000,0.0,0.0272845309227705,0.10586402006447315,28.33823992488637,378.88,49.0,0.5779259305046552,0.42260063905890677,0.09624503569006208,-0.11877946531732983,0.05709983465354353,0.1005970206295805,0.09218354993802343,-0.057439487279103106,0.21462132621198185,0.17293568991732253
2025-08-24T19:15:40.269000,0.0,0.03977163205854595,0.09995218110270798,27.513156488042668,378.88,49.0,0.5779259305046552,0.42260063905890677,0.09624503569006208,-0.11877946531732983,0.05709983465354353,0.1005970206295805,0.09218354993802343,-0.057439487279103106,0.21462132621198185,0.17293568991732253
2025-08-24T19:15:41.269000,0.0,0.03536777198314667,0.09748437185771763,28.209649891510015,378.88,49.0,0.5779259305046552,0.42260063905890677,0.09624503569006208,-0.11877946531732983,0.05709983465354353,0.1005970206295805,0.09218354993802343,-0.057439487279103106,0.21462132621198185,0.17293568991732253
2025-08-24T19:15:42.250000,0.0,0.027233975008130074,0.09697516891174018,28.35777478771744,378.88,49.0,0.5779259305046552,0.42260063905890677,0.09624503569006208,-0.11877946531732983,0.05709983465354353,0.1005970206295805,0.09218354993802343,-0.057439487279103106,0.21462132621198185,0.17293568991732253
2025-08-24T19:15:43.250000,0.0,0.027175863971933722,0.09663907717913389,31.043342792264266,378.88,49.0,0.5779259305046552,0.42260063905890677,0.09624503569006208,-0.11877946531732983,0.05709983465354353,0.1005970206295805,0.09218354993802343,-0.057439487279103106,0.21462132621198185,0.17293568991732253
2025-08-24T19:15:44.250000,0.0,0.02687634597532451,0.09543894999660552,28.814231507134092,378.88,49.0,0.5779259305046552,0.42260063905890677,0.09624503569006208,-0.11877946531732983,0.05709983465354353,0.1005970206295805,0.09218354993802343,-0.057439487279103106,0.21462132621198185,0.17293568991732253
2025-08-24T19:15:45.249000,0.0,0.02727316110394895,0.09599018911831081,28.648761141730095,378.88,49.0,0.5779259305046552,0.42260063905890677,0.09624503569006208,-0.11877946531732983,0.05709983465354353,0.1005970206295805,0.09218354993802343,-0.057439487279103106,0.21462132621198185,0.17293568991732253
2025-08-24T19:15:46.250000,0.0,0.02706240094266832,0.09462895197793841,29.06087346968732,378.88,49.0,0.5779259305046552,0.42260063905890677,0.09624503569006208,-0.11877946531732983,0.05709983465354353,0.1005970206295805,0.09218354993802343,-0.057439487279103106,0.21462132621198185,0.17293568991732253
2025-08-24T19:15:47.260000,0.0,0.026057940907776356,0.0940014161169529,26.595344020025657,378.88,49.0,0.5779259305046552,0.42260063905890677,0.09624503569006208,-0.11877946531732983,0.05709983465354353,0.1005970206295805,0.09218354993802343,-0.057439487279103106,0.21462132621198185,0.17293568991732253
2025-08-24T19:15:48.252000,0.0,0.02604401484131813,0.09441376593895257,29.12710845342321,378.88,49.0,0.5779259305046552,0.42260063905890677,0.09624503569006208,-0.11877946531732983,0.05709983465354353,0.1005970206295805,0.09218354993802343,-0.057439487279103106,0.21462132621198185,0.17293568991732253
2025-08-24T19:15:49.251000,0.0,0.025830200873315334,0.09411158203147352,29.220633004344883,378.88,49.0,0.5779259305046552,0.42260063905890677,0.09624503569006208,-0.11877946531732983,0.05709983465354353,0.1005970206295805,0.09218354993802343,-0.057439487279103106,0.21462132621198185,0.17293568991732253
2025-08-24T19:15:50.252000,0.0,0.025935423094779253,0.09227093798108399,29.803533595418198,378.88,49.0,0.5779259305046552,0.42260063905890677,0.09624503569006208,-0.11877946531732983,0.05709983465354353,0.1005970206295805,0.09218354993802343,-0.057439487279103106,0.21462132621198185,0.17293568991732253
2025-08-24T19:15:51.251000,0.0,0.026016366900876164,0.09218614106066525,27.119043830621482,378.88,49.0,0.5779259305046552,0.42260063905890677,0.09624503569006208,-0.11877946531732983,0.05709983465354353,0.1005970206295805,0.09218354993802343,-0.057439487279103106,0.21462132621198185,0.17293568991732253
2025-08-24T19:15:52.262000,0.0,0.027685603126883507,0.09632178000174463,28.550136842884093,378.88,49.0,0.5779259305046552,0.42260063905890677,0.09624503569006208,-0.11877946531732983,0.05709983465354353,0.1005970206295805,0.09218354993802343,-0.057439487279103106,0.21462132621198185,0.17293568991732253
2025-08-24T19:15:53.242000,0.0,0.027453880989924073,0.09217156702652574,29.83566503983352,378.88,49.0,0.5779259305046552,0.42260063905890677,0.09624503569006208,-0.11877946531732983,0.05709983465354353,0.1005970206295805,0.09218354993802343,-0.057439487279103106,0.21462132621198185,0.17293568991732253
2025-08-24T19:15:54.272000,0.0,0.027733196038752794,0.09788983198814094,30.646696792405017,378.88,49.0,0.5779259305046552,0.42260063905890677,0.09624503569006208,-0.11877946531732983,0.05709983465354353,0.1005970206295805,0.09218354993802343,-0.057439487279103106,0.21462132621198185,0.17293568991732253
2025-08-24T19:15:55.273000,0.0,0.033108887961134315,0.13082968210801482,26.752338946374305,378.88,49.0,0.5779259305046552,0.42260063905890677,0.09624503569006208,-0.11877946531732983,0.05709983465354353,0.1005970206295805,0.09218354993802343,-0.057439487279103106,0.21462132621198185,0.17293568991732253
2025-08-24T19:15:56.243000,0.0,0.042955919867381454,0.13008740614168346,26.904987222114514,378.88,49.0,0.5779259305046552,0.42260063905890677,0.09624503569006208,-0.11877946531732983,0.05709983465354353,0.1005970206295805,0.09218354993802343,-0.057439487279103106,0.21462132621198185,0.17293568991732253
2025-08-24T19:16:45.398000,0.0,,0.4146897098980844,9.042905841385785,389.12,49.3,0.4823893882795191,0.31513884828151245,0.03540405795550897,-0.082603540139342,0.08896052242425513,0.06360448028531701,0.0029792865237105205,0.10500495210567566,0.20010613738565616,0.07140112022943078,-0.027819237356710918,-0.012701956346346674,0.21536237262292074
2025-08-24T19:16:46.398000,0.0,0.04884681082330644,0.11043635196983814,31.692463012142213,389.12,49.3,0.4823893882795191,0.31513884828151245,0.03540405795550897,-0.082603540139342,0.08896052242425513,0.06360448028531701,0.0029792865237105205,0.10500495210567566,0.20010613738565616,0.07140112022943078,-0.027819237356710918,-0.012701956346346674,0.21536237262292074
2025-08-24T19:16:47.399000,0.0,0.04530052305199206,0.1037868489511311,31.31417932854199,389.12,49.4,0.4823893882795191,0.31513884828151245,0.03540405795550897,-0.082603540139342,0.08896052242425513,0.06360448028531701,0.0029792865237105205,0.10500495210567566,0.20010613738565616,0.07140112022943078,-0.027819237356710918,-0.012701956346346674,0.21536237262292074
2025-08-24T19:16:48.409000,0.0,0.039884906029328704,0.09880245197564363,30.363618918481173,389.12,49.4,0.4823893882795191,0.31513884828151245,0.03540405795550897,-0.082603540139342,0.08896052242425513,0.06360448028531701,0.0029792865237105205,0.10500495210567566,0.20010613738565616,0.07140112022943078,-0.027819237356710918,-0.012701956346346674,0.21536237262292074
2025-08-24T19:16:49.402000,0.0,0.0350883798673749,0.10671785892918706,28.11150851508967,389.12,49.4,0.4823893882795191,0.31513884828151245,0.03540405795550897,-0.082603540139342,0.08896052242425513,0.06360448028531701,0.0029792865237105205,0.10500495210567566,0.20010613738565616,0.07140112022943078,-0.027819237356710918,-0.012701956346346674,0.21536237262292074
2025-08-24T19:16:50.402000,0.0,0.04311226890422404,0.14094433397985995,26.60624868067318,389.12,49.4,0.4823893882795191,0.31513884828151245,0.03540405795550897,-0.082603540139342,0.08896052242425513,0.06360448028531701,0.0029792865237105205,0.10500495210567566,0.20010613738565616,0.07140112022943078,-0.027819237356710918,-0.012701956346346674,0.21536237262292074
2025-08-24T19:16:51.372000,0.0,0.054656408028677106,0.12860384490340948,27.215360494305287,389.12,49.4,0.4823893882795191,0.31513884828151245,0.03540405795550897,-0.082603540139342,0.08896052242425513,0.06360448028531701,0.0029792865237105205,0.10500495210567566,0.20010613738565616,0.07140112022943078,-0.027819237356710918,-0.012701956346346674,0.21536237262292074
2025-08-24T19:16:52.381000,0.0,0.04902705084532499,0.10415017977356911,31.204938935926346,389.12,49.4,0.4823893882795191,0.31513884828151245,0.03540405795550897,-0.082603540139342,0.08896052242425513,0.06360448028531701,0.0029792865237105205,0.10500495210567566,0.20010613738565616,0.07140112022943078,-0.027819237356710918,-0.012701956346346674,0.21536237262292074
2025-08-24T19:16:53.372000,0.0,0.03500006487593055,0.11755364807322621,29.773640013449132,389.12,49.4,0.4823893882795191,0.31513884828151245,0.03540405795550897,-0.082603540139342,0.08896052242425513,0.06360448028531701,0.0029792865237105205,0.10500495210567566,0.20010613738565616,0.07140112022943078,-0.027819237356710918,-0.012701956346346674,0.21536237262292074
2025-08-24T19:16:54.392000,0.0,0.05249270983040333,0.132935093017295,26.32863843969824,389.12,49.4,0.4823893882795191,0.31513884828151245,0.03540405795550897,-0.082603540139342,0.08896052242425513,0.06360448028531701,0.0029792865237105205,0.10500495210567566,0.20010613738565616,0.07140112022943078,-0.027819237356710918,-0.012701956346346674,0.21536237262292074
2025-08-24T19:16:55.393000,0.0,0.04925043904222548,0.11356600886210799,28.617717859101433,389.12,49.4,0.4823893882795191,0.31513884828151245,0.03540405795550897,-0.082603540139342,0.08896052242425513,0.06360448028531701,0.0029792865237105205,0.10500495210567566,0.20010613738565616,0.07140112022943078,-0.027819237356710918,-0.012701956346346674,0.21536237262292074
2025-08-24T19:16:56.402000,0.0,0.045202485052868724,0.10783526301383972,30.138564224421337,389.12,49.4,0.4823893882795191,0.31513884828151245,0.03540405795550897,-0.082603540139342,0.08896052242425513,0.06360448028531701,0.0029792865237105205,0.10500495210567566,0.20010613738565616,0.07140112022943078,-0.027819237356710918,-0.012701956346346674,0.21536237262292074
2025-08-24T19:16:57.402000,0.0,0.04487428301945329,0.09992624493315816,30.0221428515273,389.12,49.4,0.4823893882795191,0.31513884828151245,0.03540405795550897,-0.082603540139342,0.08896052242425513,0.06360448028531701,0.0029792865237105205,0.10500495210567566,0.20010613738565616,0.07140112022943078,-0.027819237356710918,-0.012701956346346674,0.21536237262292074
2025-08-24T19:16:58.403000,0.0,0.036734469002112746,0.10374182905070484,31.3277684588687,389.12,49.4,0.4823893882795191,0.31513884828151245,0.03540405795550897,-0.082603540139342,0.08896052242425513,0.06360448028531701,0.0029792865237105205,0.10500495210567566,0.20010613738565616,0.07140112022943078,-0.027819237356710918,-0.012701956346346674,0.21536237262292074
2025-08-24T19:16:59.373000,0.0,0.034563178196549416,0.10093598300591111,29.721808919464248,389.12,49.4,0.4823893882795191,0.31513884828151245,0.03540405795550897,-0.082603540139342,0.08896052242425513,0.06360448028531701,0.0029792865237105205,0.10500495210567566,0.20010613738565616,0.07140112022943078,-0.027819237356710918,-0.012701956346346674,0.21536237262292074
2025-08-24T19:17:00.383000,0.0,0.034177641151472926,0.10237983101978898,29.30264652830063,389.12,49.4,0.4823893882795191,0.31513884828151245,0.03540405795550897,-0.082603540139342,0.08896052242425513,0.06360448028531701,0.0029792865237105205,0.10500495210567566,0.20010613738565616,0.07140112022943078,-0.027819237356710918,-0.012701956346346674,0.21536237262292074
2025-08-24T19:17:01.382000,0.0,0.03526128688827157,0.09992731781676412,27.520002138380594,389.12,49.5,0.4823893882795191,0.31513884828151245,0.03540405795550897,-0.082603540139342,0.08896052242425513,0.06360448028531701,0.0029792865237105205,0.10500495210567566,0.20010613738565616,0.07140112022943078,-0.027819237356710918,-0.012701956346346674,0.21536237262292074
2025-08-24T19:17:02.393000,0.0,0.035268989857286215,0.10032118810340762,32.39594806881704,389.12,49.5,0.4823893882795191,0.31513884828151245,0.03540405795550897,-0.082603540139342,0.08896052242425513,0.06360448028531701,0.0029792865237105205,0.10500495210567566,0.20010613738565616,0.07140112022943078,-0.027819237356710918,-0.012701956346346674,0.21536237262292074
2025-08-24T19:17:03.392000,0.0,0.0346597689203918,0.09945994894951582,30.16289503147372,389.12,49.5,0.4823893882795191,0.31513884828151245,0.03540405795550897,-0.082603540139342,0.08896052242425513,0.06360448028531701,0.0029792865237105205,0.10500495210567566,0.20010613738565616,0.07140112022943078,-0.027819237356710918,-0.012701956346346674,0.21536237262292074
2025-08-24T19:17:04.393000,0.0,0.0343193260487169,0.09778543398715556,30.679415917855827,389.12,49.5,0.4823893882795191,0.31513884828151245,0.03540405795550897,-0.082603540139342,0.08896052242425513,0.06360448028531701,0.0029792865237105205,0.10500495210567566,0.20010613738565616,0.07140112022943078,-0.027819237356710918,-0.012701956346346674,0.21536237262292074
2025-08-24T19:17:05.403000,0.0,0.03418323281221092,0.10341053199954331,31.42813345176846,389.12,49.5,0.4823893882795191,0.31513884828151245,0.03540405795550897,-0.082603540139342,0.08896052242425513,0.06360448028531701,0.0029792865237105205,0.10500495210567566,0.20010613738565616,0.07140112022943078,-0.027819237356710918,-0.012701956346346674,0.21536237262292074
2025-08-24T19:17:06.375000,0.0,0.03445565816946328,0.10332292108796537,29.035183756040826,389.12,49.5,0.4823893882795191,0.31513884828151245,0.03540405795550897,-0.082603540139342,0.08896052242425513,0.06360448028531701,0.0029792865237105205,0.10500495210567566,0.20010613738565616,0.07140112022943078,-0.027819237356710918,-0.012701956346346674,0.21536237262292074
2025-08-24T19:17:07.374000,0.0,0.03533634194172919,0.09800615487620234,30.61032242096949,389.12,49.5,0.4823893882795191,0.31513884828151245,0.03540405795550897,-0.082603540139342,0.08896052242425513,0.06360448028531701,0.0029792865237105205,0.10500495210567566,0.20010613738565616,0.07140112022943078,-0.027819237356710918,-0.012701956346346674,0.21536237262292074
2025-08-24T19:17:08.394000,0.0,0.03428128897212446,0.10374834504909813,28.916123901352808,389.12,49.5,0.4823893882795191,0.31513884828151245,0.03540405795550897,-0.082603540139342,0.08896052242425513,0.06360448028531701,0.0029792865237105205,0.10500495210567566,0.20010613738565616,0.07140112022943078,-0.027819237356710918,-0.012701956346346674,0.21536237262292074
2025-08-24T19:17:09.394000,0.0,0.03946827701292932,0.1026236079633236,31.669126280977032,389.12,49.5,0.4823893882795191,0.31513884828151245,0.03540405795550897,-0.082603540139342,0.08896052242425513,0.06360448028531701,0.0029792865237105205,0.10500495210567566,0.20010613738565616,0.07140112022943078,-0.027819237356710918,-0.012701956346346674,0.21536237262292074
2025-08-24T19:17:10.384000,0.0,0.034832082921639085,0.098974394146353,30.31087005760235,389.12,49.5,0.4823893882795191,0.31513884828151245,0.03540405795550897,-0.082603540139342,0.08896052242425513,0.06360448028531701,0.0029792865237105205,0.10500495210567566,0.20010613738565616,0.07140112022943078,-0.027819237356710918,-0.012701956346346674,0.21536237262292074
2025-08-24T19:17:11.395000,0.0,0.03531189705245197,0.0990023750346154,30.302303343238073,389.12,49.5,0.4823893882795191,0.31513884828151245,0.03540405795550897,-0.082603540139342,0.08896052242425513,0.06360448028531701,0.0029792865237105205,0.10500495210567566,0.20010613738565616,0.07140112022943078,-0.027819237356710918,-0.012701956346346674,0.21536237262292074
2025-08-24T19:17:12.394000,0.0,0.034834380028769374,0.09869650495238602,30.396213132848228,389.12,49.5,0.4823893882795191,0.31513884828151245,0.03540405795550897,-0.082603540139342,0.08896052242425513,0.06360448028531701,0.0029792865237105205,0.10500495210567566,0.20010613738565616,0.07140112022943078,-0.027819237356710918,-0.012701956346346674,0.21536237262292074
2025-08-24T19:17:13.393000,0.0,0.03451267699711025,0.09967950312420726,30.096458208281167,389.12,49.5,0.4823893882795191,0.31513884828151245,0.03540405795550897,-0.082603540139342,0.08896052242425513,0.06360448028531701,0.0029792865237105205,0.10500495210567566,0.20010613738565616,0.07140112022943078,-0.027819237356710918,-0.012701956346346674,0.21536237262292074
2025-08-24T19:17:14.394000,0.0,0.03511586110107601,0.10365827102214098,28.941250615295687,389.12,49.5,0.4823893882795191,0.31513884828151245,0.03540405795550897,-0.082603540139342,0.08896052242425513,0.06360448028531701,0.0029792865237105205,0.10500495210567566,0.20010613738565616,0.07140112022943078,-0.027819237356710918,-0.012701956346346674,0.21536237262292074
2025-08-24T19:17:15.395000,0.0,0.03793474310077727,0.10022181598469615,29.933602484893353,389.12,49.5,0.4823893882795191,0.31513884828151245,0.03540405795550897,-0.082603540139342,0.08896052242425513,0.06360448028531701,0.0029792865237105205,0.10500495210567566,0.20010613738565616,0.07140112022943078,-0.027819237356710918,-0.012701956346346674,0.21536237262292074
2025-08-24T19:17:16.395000,0.0,0.034784064861014485,0.09878119011409581,30.370154444737075,389.12,49.5,0.4823893882795191,0.31513884828151245,0.03540405795550897,-0.082603540139342,0.08896052242425513,0.06360448028531701,0.0029792865237105205,0.10500495210567566,0.20010613738565616,0.07140112022943078,-0.027819237356710918,-0.012701956346346674,0.21536237262292074
2025-08-24T19:17:17.404000,0.0,0.03454715805128217,0.09973785490728915,30.078850229821576,389.12,49.5,0.4823893882795191,0.31513884828151245,0.03540405795550897,-0.082603540139342,0.08896052242425513,0.06360448028531701,0.0029792865237105205,0.10500495210567566,0.20010613738565616,0.07140112022943078,-0.027819237356710918,-0.012701956346346674,0.21536237262292074
2025-08-24T19:17:18.406000,0.0,0.03528969408944249,0.09861091198399663,32.957813031152284,389.12,49.5,0.4823893882795191,0.31513884828151245,0.03540405795550897,-0.082603540139342,0.08896052242425513,0.06360448028531701,0.0029792865237105205,0.10500495210567566,0.20010613738565616,0.07140112022943078,-0.027819237356710918,-0.012701956346346674,0.21536237262292074
2025-08-24T19:17:19.404000,0.0,0.0345101950224489,0.10055287019349635,32.32130513774416,389.12,49.5,0.4823893882795191,0.31513884828151245,0.03540405795550897,-0.082603540139342,0.08896052242425513,0.06360448028531701,0.0029792865237105205,0.10500495210567566,0.20010613738565616,0.07140112022943078,-0.027819237356710918,-0.012701956346346674,0.21536237262292074
2025-08-24T19:17:20.404000,0.0,0.0362497279420495,0.10146318306215107,32.03132310573377,389.12,49.5,0.4823893882795191,0.31513884828151245,0.03540405795550897,-0.082603540139342,0.08896052242425513,0.06360448028531701,0.0029792865237105205,0.10500495210567566,0.20010613738565616,0.07140112022943078,-0.027819237356710918,-0.012701956346346674,0.21536237262292074
2025-08-24T19:17:21.395000,0.0,0.03528713807463646,0.1000521860551089,29.98435234935916,389.12,49.5,0.4823893882795191,0.31513884828151245,0.03540405795550897,-0.082603540139342,0.08896052242425513,0.06360448028531701,0.0029792865237105205,0.10500495210567566,0.20010613738565616,0.07140112022943078,-0.027819237356710918,-0.012701956346346674,0.21536237262292074
2025-08-24T19:17:22.395000,0.0,0.034703195095062256,0.09930198406800628,27.693303671723896,389.12,49.5,0.4823893882795191,0.31513884828151245,0.03540405795550897,-0.082603540139342,0.08896052242425513,0.06360448028531701,0.0029792865237105205,0.10500495210567566,0.20010613738565616,0.07140112022943078,-0.027819237356710918,-0.012701956346346674,0.21536237262292074
2025-08-24T19:17:23.406000,0.0,0.034449027851223946,0.10464824899099767,31.056420258686256,389.12,49.5,0.4823893882795191,0.31513884828151245,0.03540405795550897,-0.082603540139342,0.08896052242425513,0.06360448028531701,0.0029792865237105205,0.10500495210567566,0.20010613738565616,0.07140112022943078,-0.027819237356710918,-0.012701956346346674,0.21536237262292074
2025-08-24T19:17:24.375000,0.0,0.034741305047646165,0.10482797003351152,31.00317595543537,389.12,49.5,0.4823893882795191,0.31513884828151245,0.03540405795550897,-0.082603540139342,0.08896052242425513,0.06360448028531701,0.0029792865237105205,0.10500495210567566,0.20010613738565616,0.07140112022943078,-0.027819237356710918,-0.012701956346346674,0.21536237262292074
2025-08-24T19:17:25.375000,0.0,0.03485313896089792,0.10432015708647668,28.757625408032705,389.12,49.5,0.4823893882795191,0.31513884828151245,0.03540405795550897,-0.082603540139342,0.08896052242425513,0.06360448028531701,0.0029792865237105205,0.10500495210567566,0.20010613738565616,0.07140112022943078,-0.027819237356710918,-0.012701956346346674,0.21536237262292074
2025-08-24T19:17:26.376000,0.0,0.03494391613639891,0.10440628603100777,31.128393926730062,389.12,49.5,0.4823893882795191,0.31513884828151245,0.03540405795550897,-0.082603540139342,0.08896052242425513,0.06360448028531701,0.0029792865237105205,0.10500495210567566,0.20010613738565616,0.07140112022943078,-0.027819237356710918,-0.012701956346346674,0.21536237262292074
2025-08-24T19:17:27.376000,0.0,0.0345721950288862,0.10514448792673647,30.909846669894286,389.12,49.5,0.4823893882795191,0.31513884828151245,0.03540405795550897,-0.082603540139342,0.08896052242425513,0.06360448028531701,0.0029792865237105205,0.10500495210567566,0.20010613738565616,0.07140112022943078,-0.027819237356710918,-0.012701956346346674,0.21536237262292074
2025-08-24T19:17:28.375000,0.0,0.03486832301132381,0.10553746903315187,30.79475024153812,389.12,49.5,0.4823893882795191,0.31513884828151245,0.03540405795550897,-0.082603540139342,0.08896052242425513,0.06360448028531701,0.0029792865237105205,0.10500495210567566,0.20010613738565616,0.07140112022943078,-0.027819237356710918,-0.012701956346346674,0.21536237262292074
2025-08-24T19:18:20.658000,0.0,,0.4293306649196893,9.316828092743492,389.12,49.8,0.4330448133364777,0.3740378910670337,0.10824495277793358,-0.07956768931854721,0.05959661057393911,0.07421782619753396,0.11439124024629979,0.027447403498042425,0.21058815772154454,0.059204095554842316,-0.00514433783751226,0.010847369709375144,0.20357442442511936,0.09206732871752507,0.21145446372307924,0.23136254093394518
2025-08-24T19:18:21.658000,0.0,0.05881959619000554,0.1246652111876756,30.080565093293117,389.12,49.8,0.4330448133364777,0.3740378910670337,0.10824495277793358,-0.07956768931854721,0.05959661057393911,0.07421782619753396,0.11439124024629979,0.027447403498042425,0.21058815772154454,0.059204095554842316,-0.00514433783751226,0.010847369709375144,0.20357442442511936,0.09206732871752507,0.21145446372307924,0.23136254093394518
2025-08-24T19:18:22.658000,0.0,0.05581956612877548,0.12453143298625946,30.112879215111704,389.12,49.8,0.4330448133364777,0.3740378910670337,0.10824495277793358,-0.07956768931854721,0.05959661057393911,0.07421782619753396,0.11439124024629979,0.027447403498042425,0.21058815772154454,0.059204095554842316,-0.00514433783751226,0.010847369709375144,0.20357442442511936,0.09206732871752507,0.21145446372307924,0.23136254093394518
2025-08-24T19:18:23.660000,0.0,0.05549288191832602,0.12317197397351265,28.415554992669573,389.12,49.8,0.4330448133364777,0.3740378910670337,0.10824495277793358,-0.07956768931854721,0.05959661057393911,0.07421782619753396,0.11439124024629979,0.027447403498042425,0.21058815772154454,0.059204095554842316,-0.00514433783751226,0.010847369709375144,0.20357442442511936,0.09206732871752507,0.21145446372307924,0.23136254093394518
2025-08-24T19:18:24.669000,0.0,0.0559131579939276,0.12210097699426115,30.71228496538817,389.12,49.8,0.4330448133364777,0.3740378910670337,0.10824495277793358,-0.07956768931854721,0.05959661057393911,0.07421782619753396,0.11439124024629979,0.027447403498042425,0.21058815772154454,0.059204095554842316,-0.00514433783751226,0.010847369709375144,0.20357442442511936,0.09206732871752507,0.21145446372307924,0.23136254093394518
2025-08-24T19:18:25.679000,0.0,0.05647671199403703,0.12233347585424781,30.653915241220513,389.12,49.8,0.4330448133364777,0.3740378910670337,0.10824495277793358,-0.07956768931854721,0.05959661057393911,0.07421782619753396,0.11439124024629979,0.027447403498042425,0.21058815772154454,0.059204095554842316,-0.00514433783751226,0.010847369709375144,0.20357442442511936,0.09206732871752507,0.21145446372307924,0.23136254093394518
2025-08-24T19:18:26.680000,0.0,0.056342065101489425,0.12251595687121153,28.567707336923963,389.12,49.8,0.4330448133364777,0.3740378910670337,0.10824495277793358,-0.07956768931854721,0.05959661057393911,0.07421782619753396,0.11439124024629979,0.027447403498042425,0.21058815772154454,0.059204095554842316,-0.00514433783751226,0.010847369709375144,0.20357442442511936,0.09206732871752507,0.21145446372307924,0.23136254093394518
2025-08-24T19:18:27.680000,0.0,0.05648445291444659,0.1195316668599844,31.372439609602328,389.12,49.8,0.4330448133364777,0.3740378910670337,0.10824495277793358,-0.07956768931854721,0.05959661057393911,0.07421782619753396,0.11439124024629979,0.027447403498042425,0.21058815772154454,0.059204095554842316,-0.00514433783751226,0.010847369709375144,0.20357442442511936,0.09206732871752507,0.21145446372307924,0.23136254093394518
2025-08-24T19:18:28.679000,0.0,0.05398168205283582,0.10841760295443237,32.28258054617805,389.12,49.8,0.4330448133364777,0.3740378910670337,0.10824495277793358,-0.07956768931854721,0.05959661057393911,0.07421782619753396,0.11439124024629979,0.027447403498042425,0.21058815772154454,0.059204095554842316,-0.00514433783751226,0.010847369709375144,0.20357442442511936,0.09206732871752507,0.21145446372307924,0.23136254093394518
2025-08-24T19:18:29.679000,0.0,0.042711690068244934,0.11002022796310484,31.812331830231578,389.12,49.8,0.4330448133364777,0.3740378910670337,0.10824495277793358,-0.07956768931854721,0.05959661057393911,0.07421782619753396,0.11439124024629979,0.027447403498042425,0.21058815772154454,0.059204095554842316,-0.00514433783751226,0.010847369709375144,0.20357442442511936,0.09206732871752507,0.21145446372307924,0.23136254093394518
2025-08-24T19:18:30.670000,0.0,0.042838745983317494,0.11355307092890143,30.8225922149785,389.12,49.8,0.4330448133364777,0.3740378910670337,0.10824495277793358,-0.07956768931854721,0.05959661057393911,0.07421782619753396,0.11439124024629979,0.027447403498042425,0.21058815772154454,0.059204095554842316,-0.00514433783751226,0.010847369709375144,0.20357442442511936,0.09206732871752507,0.21145446372307924,0.23136254093394518
2025-08-24T19:18:31.670000,0.0,0.04544020304456353,0.12203392013907433,28.68055042410501,389.12,49.8,0.4330448133364777,0.3740378910670337,0.10824495277793358,-0.07956768931854721,0.05959661057393911,0.07421782619753396,0.11439124024629979,0.027447403498042425,0.21058815772154454,0.059204095554842316,-0.00514433783751226,0.010847369709375144,0.20357442442511936,0.09206732871752507,0.21145446372307924,0.23136254093394518
2025-08-24T19:18:32.680000,0.0,0.05624497216194868,0.12563218898139894,29.84903813588083,389.12,49.8,0.4330448133364777,0.3740378910670337,0.10824495277793358,-0.07956768931854721,0.05959661057393911,0.07421782619753396,0.11439124024629979,0.027447403498042425,0.21058815772154454,0.059204095554842316,-0.00514433783751226,0.010847369709375144,0.20357442442511936,0.09206732871752507,0.21145446372307924,0.23136254093394518
2025-08-24T19:18:33.661000,0.0,0.05602325010113418,0.12495906092226505,30.00982859764589,389.12,49.8,0.4330448133364777,0.3740378910670337,0.10824495277793358,-0.07956768931854721,0.05959661057393911,0.07421782619753396,0.11439124024629979,0.027447403498042425,0.21058815772154454,0.059204095554842316,-0.00514433783751226,0.010847369709375144,0.20357442442511936,0.09206732871752507,0.21145446372307924,0.23136254093394518
2025-08-24T19:18:34.660000,0.0,0.055496695917099714,0.12161001400090754,30.83627636102421,389.12,49.8,0.4330448133364777,0.3740378910670337,0.10824495277793358,-0.07956768931854721,0.05959661057393911,0.07421782619753396,0.11439124024629979,0.027447403498042425,0.21058815772154454,0.059204095554842316,-0.00514433783751226,0.010847369709375144,0.20357442442511936,0.09206732871752507,0.21145446372307924,0.23136254093394518
2025-08-24T19:18:35.660000,0.0,0.053131683031097054,0.11164192692376673,31.350229223381188,389.12,49.8,0.4330448133364777,0.3740378910670337,0.10824495277793358,-0.07956768931854721,0.05959661057393911,0.07421782619753396,0.11439124024629979,0.027447403498042425,0.21058815772154454,0.059204095554842316,-0.00514433783751226,0.010847369709375144,0.20357442442511936,0.09206732871752507,0.21145446372307924,0.23136254093394518
2025-08-24T19:18:36.661000,0.0,0.042167691979557276,0.12257615919224918,28.553676531098915,389.12,49.8,0.4330448133364777,0.3740378910670337,0.10824495277793358,-0.07956768931854721,0.05959661057393911,0.07421782619753396,0.11439124024629979,0.027447403498042425,0.21058815772154454,0.059204095554842316,-0.00514433783751226,0.010847369709375144,0.20357442442511936,0.09206732871752507,0.21145446372307924,0.23136254093394518
2025-08-24T19:18:37.660000,0.0,0.05222746287472546,0.12307919492013752,28.43697508966497,389.12,49.8,0.4330448133364777,0.3740378910670337,0.10824495277793358,-0.07956768931854721,0.05959661057393911,0.07421782619753396,0.11439124024629979,0.027447403498042425,0.21058815772154454,0.059204095554842316,-0.00514433783751226,0.010847369709375144,0.20357442442511936,0.09206732871752507,0.21145446372307924,0.23136254093394518
2025-08-24T19:18:38.661000,0.0,0.05257451697252691,0.11088104010559618,31.565360468000954,389.12,49.8,0.4330448133364777,0.3740378910670337,0.10824495277793358,-0.07956768931854721,0.05959661057393911,0.07421782619753396,0.11439124024629979,0.027447403498042425,0.21058815772154454,0.059204095554842316,-0.00514433783751226,0.010847369709375144,0.20357442442511936,0.09206732871752507,0.21145446372307924,0.23136254093394518
2025-08-24T19:18:39.671000,0.0,0.043294966919347644,0.10964387585408986,31.921527515660692,389.12,49.8,0.4330448133364777,0.3740378910670337,0.10824495277793358,-0.07956768931854721,0.05959661057393911,0.07421782619753396,0.11439124024629979,0.027447403498042425,0.21058815772154454,0.059204095554842316,-0.00514433783751226,0.010847369709375144,0.20357442442511936,0.09206732871752507,0.21145446372307924,0.23136254093394518
2025-08-24T19:18:40.673000,0.0,0.04239220987074077,0.11068592895753682,33.879645184516654,389.12,49.8,0.4330448133364777,0.3740378910670337,0.10824495277793358,-0.07956768931854721,0.05959661057393911,0.07421782619753396,0.11439124024629979,0.027447403498042425,0.21058815772154454,0.059204095554842316,-0.00514433783751226,0.010847369709375144,0.20357442442511936,0.09206732871752507,0.21145446372307924,0.23136254093394518
2025-08-24T19:18:41.672000,0.0,0.04252639506012201,0.11008676281198859,29.522168851040515,389.12,49.8,0.4330448133364777,0.3740378910670337,0.10824495277793358,-0.07956768931854721,0.05959661057393911,0.07421782619753396,0.11439124024629979,0.027447403498042425,0.21058815772154454,0.059204095554842316,-0.00514433783751226,0.010847369709375144,0.20357442442511936,0.09206732871752507,0.21145446372307924,0.23136254093394518
2025-08-24T19:18:42.672000,0.0,0.042735504917800426,0.11087005794979632,31.568487152634738,389.12,49.8,0.4330448133364777,0.3740378910670337,0.10824495277793358,-0.07956768931854721,0.05959661057393911,0.07421782619753396,0.11439124024629979,0.027447403498042425,0.21058815772154454,0.059204095554842316,-0.00514433783751226,0.010847369709375144,0.20357442442511936,0.09206732871752507,0.21145446372307924,0.23136254093394518
2025-08-24T19:18:43.673000,0.0,0.042644301196560264,0.11354201403446496,30.82559376600112,389.12,49.8,0.4330448133364777,0.3740378910670337,0.10824495277793358,-0.07956768931854721,0.05959661057393911,0.07421782619753396,0.11439124024629979,0.027447403498042425,0.21058815772154454,0.059204095554842316,-0.00514433783751226,0.010847369709375144,0.20357442442511936,0.09206732871752507,0.21145446372307924,0.23136254093394518
2025-08-24T19:18:44.673000,0.0,0.04517694306559861,0.12079695798456669,33.113416651692944,389.12,49.8,0.4330448133364777,0.3740378910670337,0.10824495277793358,-0.07956768931854721,0.05959661057393911,0.07421782619753396,0.11439124024629979,0.027447403498042425,0.21058815772154454,0.059204095554842316,-0.00514433783751226,0.010847369709375144,0.20357442442511936,0.09206732871752507,0.21145446372307924,0.23136254093394518
2025-08-24T19:18:45.671000,0.0,0.05319534917362034,0.1087315259501338,29.89013509743699,389.12,49.8,0.4330448133364777,0.3740378910670337,0.10824495277793358,-0.07956768931854721,0.05959661057393911,0.07421782619753396,0.11439124024629979,0.027447403498042425,0.21058815772154454,0.059204095554842316,-0.00514433783751226,0.010847369709375144,0.20357442442511936,0.09206732871752507,0.21145446372307924,0.23136254093394518
2025-08-24T19:18:46.671000,0.0,0.04250298603437841,0.1089588578324765,32.12221630829905,389.12,49.8,0.4330448133364777,0.3740378910670337,0.10824495277793358,-0.07956768931854721,0.05959661057393911,0.07421782619753396,0.11439124024629979,0.027447403498042425,0.21058815772154454,0.059204095554842316,-0.00514433783751226,0.010847369709375144,0.20357442442511936,0.09206732871752507,0.21145446372307924,0.23136254093394518
2025-08-24T19:18:47.673000,0.0,0.042474061017856,0.11346329189836979,30.84698091727322,389.12,49.8,0.4330448133364777,0.3740378910670337,0.10824495277793358,-0.07956768931854721,0.05959661057393911,0.07421782619753396,0.11439124024629979,0.027447403498042425,0.21058815772154454,0.059204095554842316,-0.00514433783751226,0.010847369709375144,0.20357442442511936,0.09206732871752507,0.21145446372307924,0.23136254093394518
2025-08-24T19:18:48.673000,0.0,0.045547313056886196,0.11731659597717226,29.833801184284724,389.12,49.8,0.4330448133364777,0.3740378910670337,0.10824495277793358,-0.07956768931854721,0.05959661057393911,0.07421782619753396,0.11439124024629979,0.027447403498042425,0.21058815772154454,0.059204095554842316,-0.00514433783751226,0.010847369709375144,0.20357442442511936,0.09206732871752507,0.21145446372307924,0.23136254093394518
2025-08-24T19:18:49.666000,0.0,0.04969644988887012,0.11152944411151111,31.38184743842622,389.12,49.8,0.4330448133364777,0.3740378910670337,0.10824495277793358,-0.07956768931854721,0.05959661057393911,0.07421782619753396,0.11439124024629979,0.027447403498042425,0.21058815772154454,0.059204095554842316,-0.00514433783751226,0.010847369709375144,0.20357442442511936,0.09206732871752507,0.21145446372307924,0.23136254093394518
2025-08-24T19:18:50.667000,0.0,0.042992189060896635,0.11065148399211466,31.63084554970301,389.12,49.8,0.4330448133364777,0.3740378910670337,0.10824495277793358,-0.07956768931854721,0.05959661057393911,0.07421782619753396,0.11439124024629979,0.027447403498042425,0.21058815772154454,0.059204095554842316,-0.00514433783751226,0.010847369709375144,0.20357442442511936,0.09206732871752507,0.21145446372307924,0.23136254093394518
2025-08-24T19:18:51.667000,0.0,0.042615283047780395,0.10754358302801847,30.22030611676057,389.12,49.8,0.4330448133364777,0.3740378910670337,0.10824495277793358,-0.07956768931854721,0.05959661057393911,0.07421782619753396,0.11439124024629979,0.027447403498042425,0.21058815772154454,0.059204095554842316,-0.00514433783751226,0.010847369709375144,0.20357442442511936,0.09206732871752507,0.21145446372307924,0.23136254093394518
2025-08-24T19:18:52.687000,0.0,0.04326959582976997,0.10797332297079265,30.100027586250327,389.12,49.8,0.4330448133364777,0.3740378910670337,0.10824495277793358,-0.07956768931854721,0.05959661057393911,0.07421782619753396,0.11439124024629979,0.027447403498042425,0.21058815772154454,0.059204095554842316,-0.00514433783751226,0.010847369709375144,0.20357442442511936,0.09206732871752507,0.21145446372307924,0.23136254093394518
2025-08-24T19:18:53.688000,0.0,0.04331122594885528,0.10749436216428876,30.234143768701514,389.12,49.8,0.4330448133364777,0.3740378910670337,0.10824495277793358,-0.07956768931854721,0.05959661057393911,0.07421782619753396,0.11439124024629979,0.027447403498042425,0.21058815772154454,0.059204095554842316,-0.00514433783751226,0.010847369709375144,0.20357442442511936,0.09206732871752507,0.21145446372307924,0.23136254093394518
2025-08-24T19:18:54.687000,0.0,0.042869022814556956,0.1074839720968157,32.56299457232009,389.12,49.8,0.4330448133364777,0.3740378910670337,0.10824495277793358,-0.07956768931854721,0.05959661057393911,0.07421782619753396,0.11439124024629979,0.027447403498042425,0.21058815772154454,0.059204095554842316,-0.00514433783751226,0.010847369709375144,0.20357442442511936,0.09206732871752507,0.21145446372307924,0.23136254093394518
2025-08-24T19:18:55.687000,0.0,0.04270807886496186,0.1078354709316045,32.45685273837055,389.12,49.8,0.4330448133364777,0.3740378910670337,0.10824495277793358,-0.07956768931854721,0.05959661057393911,0.07421782619753396,0.11439124024629979,0.027447403498042425,0.21058815772154454,0.059204095554842316,-0.00514433783751226,0.010847369709375144,0.20357442442511936,0.09206732871752507,0.21145446372307924,0.23136254093394518
2025-08-24T19:18:56.688000,0.0,0.043124356074258685,0.10748630505986512,32.5622878007629,389.12,49.8,0.4330448133364777,0.3740378910670337,0.10824495277793358,-0.07956768931854721,0.05959661057393911,0.07421782619753396,0.11439124024629979,0.027447403498042425,0.21058815772154454,0.059204095554842316,-0.00514433783751226,0.010847369709375144,0.20357442442511936,0.09206732871752507,0.21145446372307924,0.23136254093394518
2025-08-24T19:18:57.688000,0.0,0.04274331987835467,0.10669451090507209,35.14707521679809,389.12,49.8,0.4330448133364777,0.3740378910670337,0.10824495277793358,-0.07956768931854721,0.05959661057393911,0.07421782619753396,0.11439124024629979,0.027447403498042425,0.21058815772154454,0.059204095554842316,-0.00514433783751226,0.010847369709375144,0.20357442442511936,0.09206732871752507,0.21145446372307924,0.23136254093394518
2025-08-24T19:18:58.688000,0.0,0.04256054200232029,0.106910842936486,32.7375587346113,389.12,49.8,0.4330448133364777,0.3740378910670337,0.10824495277793358,-0.07956768931854721,0.05959661057393911,0.07421782619753396,0.11439124024629979,0.027447403498042425,0.21058815772154454,0.059204095554842316,-0.00514433783751226,0.010847369709375144,0.20357442442511936,0.09206732871752507,0.21145446372307924,0.23136254093394518
2025-08-24T19:18:59.688000,0.0,0.042889652075245976,0.10777385998517275,30.15573535593048,389.12,49.8,0.4330448133364777,0.3740378910670337,0.10824495277793358,-0.07956768931854721,0.05959661057393911,0.07421782619753396,0.11439124024629979,0.027447403498042425,0.21058815772154454,0.059204095554842316,-0.00514433783751226,0.010847369709375144,0.20357442442511936,0.09206732871752507,0.21145446372307924,0.23136254093394518
2025-08-24T19:19:00.687000,0.0,0.04260524595156312,0.10798463691025972,30.09687389791269,389.12,49.8,0.4330448133364777,0.3740378910670337,0.10824495277793358,-0.07956768931854721,0.05959661057393911,0.07421782619753396,0.11439124024629979,0.027447403498042425,0.21058815772154454,0.059204095554842316,-0.00514433783751226,0.010847369709375144,0.20357442442511936,0.09206732871752507,0.21145446372307924,0.23136254093394518
2025-08-24T19:19:01.688000,0.0,0.04269033786840737,0.10732708312571049,32.6105946241036,389.12,49.8,0.4330448133364777,0.3740378910670337,0.10824495277793358,-0.07956768931854721,0.05959661057393911,0.07421782619753396,0.11439124024629979,0.027447403498042425,0.21058815772154454,0.059204095554842316,-0.00514433783751226,0.010847369709375144,0.20357442442511936,0.09206732871752507,0.21145446372307924,0.23136254093394518
2025-08-24T19:19:02.688000,0.0,0.042855059960857034,0.10768324905075133,32.50273399858476,389.12,49.8,0.4330448133364777,0.3740378910670337,0.10824495277793358,-0.07956768931854721,0.05959661057393911,0.07421782619753396,0.11439124024629979,0.027447403498042425,0.21058815772154454,0.059204095554842316,-0.00514433783751226,0.010847369709375144,0.20357442442511936,0.09206732871752507,0.21145446372307924,0.23136254093394518
2025-08-24T19:19:03.689000,0.0,0.04278528201393783,0.10799708100967109,32.40828332838543,389.12,49.8,0.4330448133364777,0.3740378910670337,0.10824495277793358,-0.07956768931854721,0.05959661057393911,0.07421782619753396,0.11439124024629979,0.027447403498042425,0.21058815772154454,0.059204095554842316,-0.00514433783751226,0.010847369709375144,0.20357442442511936,0.09206732871752507,0.21145446372307924,0.23136254093394518
